jstime,valence,arousal,video
0,5.0,5.0,10
50,5.0,5.0,10
100,5.0,5.0,10
150,5.0,5.0,10
200,5.0,5.0,10
250,5.0,5.0,10
300,5.0,5.0,10
350,5.0,5.0,10
400,5.0,5.0,10
450,5.0,5.0,10
500,5.0,5.0,10
550,5.0,5.0,10
600,5.0,5.0,10
650,5.0,5.0,10
700,5.0,5.0,10
750,5.0,5.0,10
800,5.0,5.0,10
850,5.0,5.0,10
900,5.0,5.0,10
950,5.0,5.0,10
1000,5.0,5.0,10
1050,5.0,5.0,10
1100,5.0,5.0,10
1150,5.0,5.0,10
1200,5.0,5.0,10
1250,5.0,5.0,10
1300,5.0,5.0,10
1350,5.0,5.0,10
1400,5.0,5.0,10
1450,5.0,5.0,10
1500,5.0,5.0,10
1550,5.0,5.0,10
1600,5.0,5.0,10
1650,5.0,5.0,10
1700,5.0,5.0,10
1750,5.0,5.0,10
1800,5.0,5.0,10
1850,5.0,5.0,10
1900,5.0,5.0,10
1950,5.0,5.0,10
2000,5.0,5.0,10
2050,5.0,5.0,10
2100,5.0,5.0,10
2150,5.0,5.0,10
2200,5.0,5.0,10
2250,5.0,5.0,10
2300,5.0,5.0,10
2350,5.0,5.0,10
2400,5.0,5.0,10
2450,5.0,5.0,10
2500,5.0,5.0,10
2550,5.0,5.0,10
2600,5.0,5.0,10
2650,5.0,5.0,10
2700,5.0,5.0,10
2750,5.0,5.0,10
2800,5.0,5.0,10
2850,5.0,5.0,10
2900,5.0,5.0,10
2950,5.0,5.0,10
3000,5.0,5.0,10
3050,5.0,5.0,10
3100,5.0,5.0,10
3150,5.0,5.0,10
3200,5.0,5.0,10
3250,5.0,5.0,10
3300,5.0,5.0,10
3350,5.0,5.0,10
3400,5.0,5.0,10
3450,5.0,5.0,10
3500,5.0,5.0,10
3550,5.0,5.0,10
3600,5.0,5.0,10
3650,5.0,5.0,10
3700,5.0,5.0,10
3750,5.0,5.0,10
3800,5.0,5.0,10
3850,5.0,5.0,10
3900,5.0,5.0,10
3950,5.0,5.0,10
4000,5.0,5.0,10
4050,5.0,5.0,10
4100,5.0,5.0,10
4150,5.0,5.0,10
4200,5.0,5.0,10
4250,5.0,5.0,10
4300,5.0,5.0,10
4350,5.0,5.0,10
4400,5.0,5.0,10
4450,5.0,5.0,10
4500,5.0,5.0,10
4550,5.0,5.0,10
4600,5.0,5.0,10
4650,5.0,5.0,10
4700,5.0,5.0,10
4750,5.0,5.0,10
4800,5.0,5.0,10
4850,5.0,5.0,10
4900,5.0,5.0,10
4950,5.0,5.0,10
5000,5.0,5.0,10
5050,5.0,5.0,10
5100,5.0,5.0,10
5150,5.0,5.0,10
5200,5.0,5.0,10
5250,5.0,5.0,10
5300,5.0,5.0,10
5350,5.0,5.0,10
5400,5.0,5.0,10
5450,5.0,5.0,10
5500,5.0,5.0,10
5550,5.0,5.0,10
5600,5.0,5.0,10
5650,5.0,5.0,10
5700,5.0,5.0,10
5750,5.0,5.0,10
5800,5.0,5.0,10
5850,5.0,5.0,10
5900,5.0,5.0,10
5950,5.0,5.0,10
6000,5.0,5.0,10
6050,5.0,5.0,10
6100,5.0,5.0,10
6150,5.0,5.0,10
6200,5.0,5.0,10
6250,5.0,5.0,10
6300,5.0,5.0,10
6350,5.0,5.0,10
6400,5.0,5.0,10
6450,5.014,5.0,10
6500,5.038,5.0,10
6550,5.065,5.0,10
6600,5.102,5.006,10
6650,5.139,5.02,10
6700,5.196,5.037,10
6750,5.274,5.107,10
6800,5.356,5.192,10
6850,5.41,5.211,10
6900,5.443,5.22,10
6950,5.484,5.226,10
7000,5.525,5.24,10
7050,5.563,5.26,10
7100,5.617,5.287,10
7150,5.681,5.318,10
7200,5.725,5.338,10
7250,5.765,5.357,10
7300,5.809,5.38,10
7350,5.86,5.406,10
7400,5.908,5.435,10
7450,5.945,5.465,10
7500,5.979,5.493,10
7550,6.019,5.523,10
7600,6.053,5.554,10
7650,6.079,5.584,10
7700,6.108,5.606,10
7750,6.148,5.624,10
7800,6.193,5.64,10
7850,6.239,5.65,10
7900,6.282,5.658,10
7950,6.337,5.67,10
8000,6.395,5.691,10
8050,6.444,5.719,10
8100,6.471,5.748,10
8150,6.489,5.77,10
8200,6.523,5.798,10
8250,6.59,5.851,10
8300,6.677,5.915,10
8350,6.747,5.979,10
8400,6.791,6.034,10
8450,6.809,6.071,10
8500,6.812,6.085,10
8550,6.82,6.094,10
8600,6.849,6.105,10
8650,6.897,6.126,10
8700,6.942,6.146,10
8750,6.966,6.158,10
8800,6.968,6.167,10
8850,6.971,6.172,10
8900,6.971,6.172,10
8950,6.971,6.172,10
9000,6.971,6.174,10
9050,6.971,6.175,10
9100,6.971,6.175,10
9150,6.971,6.176,10
9200,6.971,6.177,10
9250,6.975,6.177,10
9300,6.979,6.177,10
9350,6.98,6.177,10
9400,6.982,6.177,10
9450,6.984,6.177,10
9500,6.985,6.177,10
9550,6.985,6.177,10
9600,6.985,6.177,10
9650,6.988,6.177,10
9700,6.992,6.18,10
9750,6.992,6.184,10
9800,6.993,6.189,10
9850,7.008,6.204,10
9900,7.055,6.228,10
9950,7.124,6.247,10
10000,7.187,6.265,10
10050,7.215,6.28,10
10100,7.218,6.282,10
10150,7.22,6.283,10
10200,7.22,6.289,10
10250,7.22,6.308,10
10300,7.22,6.331,10
10350,7.22,6.352,10
10400,7.22,6.367,10
10450,7.22,6.371,10
10500,7.22,6.371,10
10550,7.22,6.371,10
10600,7.22,6.373,10
10650,7.22,6.375,10
10700,7.22,6.377,10
10750,7.22,6.382,10
10800,7.22,6.388,10
10850,7.22,6.397,10
10900,7.21,6.412,10
10950,7.19,6.432,10
11000,7.175,6.457,10
11050,7.163,6.482,10
11100,7.16,6.49,10
11150,7.158,6.492,10
11200,7.158,6.492,10
11250,7.158,6.492,10
11300,7.158,6.492,10
11350,7.158,6.492,10
11400,7.158,6.492,10
11450,7.158,6.492,10
11500,7.158,6.492,10
11550,7.158,6.492,10
11600,7.158,6.492,10
11650,7.158,6.492,10
11700,7.158,6.492,10
11750,7.158,6.492,10
11800,7.158,6.492,10
11850,7.158,6.492,10
11900,7.158,6.492,10
11950,7.158,6.492,10
12000,7.158,6.492,10
12050,7.158,6.492,10
12100,7.158,6.492,10
12150,7.158,6.492,10
12200,7.158,6.492,10
12250,7.158,6.492,10
12300,7.158,6.492,10
12350,7.158,6.492,10
12400,7.158,6.492,10
12450,7.158,6.492,10
12500,7.158,6.492,10
12550,7.158,6.492,10
12600,7.158,6.492,10
12650,7.158,6.492,10
12700,7.158,6.492,10
12750,7.158,6.492,10
12800,7.158,6.492,10
12850,7.158,6.492,10
12900,7.158,6.492,10
12950,7.158,6.492,10
13000,7.158,6.492,10
13050,7.158,6.492,10
13100,7.158,6.492,10
13150,7.158,6.492,10
13200,7.158,6.492,10
13250,7.158,6.492,10
13300,7.158,6.492,10
13350,7.158,6.492,10
13400,7.158,6.492,10
13450,7.158,6.492,10
13500,7.158,6.492,10
13550,7.158,6.492,10
13600,7.158,6.492,10
13650,7.158,6.492,10
13700,7.158,6.492,10
13750,7.158,6.492,10
13800,7.158,6.492,10
13850,7.158,6.492,10
13900,7.158,6.492,10
13950,7.158,6.492,10
14000,7.158,6.492,10
14050,7.158,6.492,10
14100,7.158,6.492,10
14150,7.158,6.492,10
14200,7.158,6.492,10
14250,7.158,6.492,10
14300,7.158,6.492,10
14350,7.158,6.492,10
14400,7.158,6.492,10
14450,7.158,6.492,10
14500,7.158,6.492,10
14550,7.158,6.492,10
14600,7.158,6.492,10
14650,7.158,6.492,10
14700,7.158,6.492,10
14750,7.158,6.492,10
14800,7.158,6.492,10
14850,7.158,6.492,10
14900,7.158,6.492,10
14950,7.158,6.492,10
15000,7.158,6.492,10
15050,7.158,6.492,10
15100,7.158,6.492,10
15150,7.158,6.492,10
15200,7.158,6.492,10
15250,7.158,6.492,10
15300,7.158,6.492,10
15350,7.158,6.492,10
15400,7.158,6.492,10
15450,7.158,6.492,10
15500,7.158,6.492,10
15550,7.158,6.492,10
15600,7.158,6.492,10
15650,7.158,6.492,10
15700,7.158,6.492,10
15750,7.158,6.492,10
15800,7.158,6.492,10
15850,7.158,6.492,10
15900,7.158,6.492,10
15950,7.158,6.492,10
16000,7.158,6.492,10
16050,7.158,6.492,10
16100,7.158,6.492,10
16150,7.158,6.492,10
16200,7.158,6.492,10
16250,7.158,6.492,10
16300,7.158,6.492,10
16350,7.158,6.492,10
16400,7.158,6.492,10
16450,7.158,6.492,10
16500,7.158,6.492,10
16550,7.158,6.492,10
16600,7.158,6.492,10
16650,7.158,6.492,10
16700,7.158,6.492,10
16750,7.158,6.492,10
16800,7.158,6.492,10
16850,7.158,6.492,10
16900,7.158,6.492,10
16950,7.158,6.492,10
17000,7.158,6.492,10
17050,7.157,6.492,10
17100,7.153,6.493,10
17150,7.148,6.501,10
17200,7.141,6.515,10
17250,7.127,6.534,10
17300,7.116,6.556,10
17350,7.11,6.568,10
17400,7.105,6.576,10
17450,7.099,6.595,10
17500,7.088,6.62,10
17550,7.08,6.646,10
17600,7.071,6.679,10
17650,7.062,6.707,10
17700,7.056,6.728,10
17750,7.055,6.745,10
17800,7.053,6.764,10
17850,7.05,6.777,10
17900,7.047,6.782,10
17950,7.046,6.782,10
18000,7.046,6.782,10
18050,7.046,6.782,10
18100,7.046,6.782,10
18150,7.046,6.782,10
18200,7.046,6.782,10
18250,7.046,6.782,10
18300,7.046,6.782,10
18350,7.046,6.782,10
18400,7.046,6.785,10
18450,7.046,6.788,10
18500,7.046,6.789,10
18550,7.046,6.789,10
18600,7.046,6.789,10
18650,7.046,6.789,10
18700,7.046,6.789,10
18750,7.046,6.79,10
18800,7.046,6.792,10
18850,7.046,6.793,10
18900,7.046,6.793,10
18950,7.046,6.793,10
19000,7.046,6.793,10
19050,7.046,6.793,10
19100,7.046,6.793,10
19150,7.046,6.793,10
19200,7.046,6.793,10
19250,7.046,6.793,10
19300,7.046,6.793,10
19350,7.046,6.793,10
19400,7.046,6.793,10
19450,7.046,6.793,10
19500,7.046,6.793,10
19550,7.046,6.793,10
19600,7.046,6.793,10
19650,7.046,6.793,10
19700,7.046,6.793,10
19750,7.046,6.793,10
19800,7.046,6.793,10
19850,7.046,6.793,10
19900,7.046,6.793,10
19950,7.046,6.793,10
20000,7.046,6.793,10
20050,7.046,6.793,10
20100,7.046,6.793,10
20150,7.046,6.793,10
20200,7.046,6.793,10
20250,7.046,6.793,10
20300,7.046,6.793,10
20350,7.046,6.793,10
20400,7.046,6.793,10
20450,7.046,6.793,10
20500,7.046,6.793,10
20550,7.046,6.793,10
20600,7.046,6.793,10
20650,7.046,6.793,10
20700,7.046,6.793,10
20750,7.046,6.793,10
20800,7.046,6.793,10
20850,7.046,6.793,10
20900,7.046,6.793,10
20950,7.046,6.793,10
21000,7.046,6.793,10
21050,7.046,6.793,10
21100,7.046,6.793,10
21150,7.046,6.793,10
21200,7.046,6.793,10
21250,7.046,6.793,10
21300,7.046,6.793,10
21350,7.046,6.793,10
21400,7.046,6.793,10
21450,7.046,6.793,10
21500,7.046,6.793,10
21550,7.046,6.793,10
21600,7.046,6.793,10
21650,7.046,6.793,10
21700,7.046,6.793,10
21750,7.046,6.793,10
21800,7.046,6.793,10
21850,7.046,6.793,10
21900,7.046,6.793,10
21950,7.046,6.793,10
22000,7.046,6.793,10
22050,7.046,6.793,10
22100,7.046,6.793,10
22150,7.046,6.793,10
22200,7.046,6.793,10
22250,7.046,6.793,10
22300,7.046,6.793,10
22350,7.046,6.793,10
22400,7.046,6.793,10
22450,7.046,6.793,10
22500,7.046,6.793,10
22550,7.046,6.793,10
22600,7.046,6.793,10
22650,7.046,6.793,10
22700,7.046,6.792,10
22750,7.046,6.792,10
22800,7.046,6.791,10
22850,7.046,6.789,10
22900,7.046,6.789,10
22950,7.046,6.789,10
23000,7.046,6.789,10
23050,7.046,6.789,10
23100,7.046,6.789,10
23150,7.046,6.789,10
23200,7.046,6.788,10
23250,7.046,6.787,10
23300,7.046,6.786,10
23350,7.046,6.785,10
23400,7.046,6.782,10
23450,7.046,6.781,10
23500,7.046,6.778,10
23550,7.046,6.776,10
23600,7.046,6.774,10
23650,7.046,6.772,10
23700,7.046,6.772,10
23750,7.046,6.772,10
23800,7.046,6.772,10
23850,7.046,6.771,10
23900,7.046,6.77,10
23950,7.046,6.77,10
24000,7.046,6.77,10
24050,7.046,6.77,10
24100,7.046,6.77,10
24150,7.046,6.77,10
24200,7.046,6.77,10
24250,7.046,6.77,10
24300,7.046,6.77,10
24350,7.046,6.77,10
24400,7.046,6.77,10
24450,7.046,6.77,10
24500,7.046,6.77,10
24550,7.046,6.77,10
24600,7.046,6.77,10
24650,7.046,6.767,10
24700,7.046,6.763,10
24750,7.046,6.763,10
24800,7.046,6.763,10
24850,7.046,6.763,10
24900,7.046,6.763,10
24950,7.046,6.763,10
25000,7.046,6.763,10
25050,7.046,6.763,10
25100,7.046,6.763,10
25150,7.046,6.763,10
25200,7.046,6.763,10
25250,7.046,6.763,10
25300,7.046,6.763,10
25350,7.046,6.762,10
25400,7.046,6.762,10
25450,7.046,6.762,10
25500,7.046,6.762,10
25550,7.046,6.762,10
25600,7.046,6.762,10
25650,7.046,6.762,10
25700,7.046,6.762,10
25750,7.046,6.762,10
25800,7.046,6.762,10
25850,7.046,6.762,10
25900,7.046,6.762,10
25950,7.046,6.762,10
26000,7.046,6.762,10
26050,7.046,6.762,10
26100,7.046,6.762,10
26150,7.046,6.762,10
26200,7.046,6.762,10
26250,7.046,6.762,10
26300,7.046,6.762,10
26350,7.046,6.762,10
26400,7.046,6.762,10
26450,7.046,6.762,10
26500,7.046,6.762,10
26550,7.046,6.762,10
26600,7.046,6.762,10
26650,7.046,6.762,10
26700,7.046,6.762,10
26750,7.046,6.762,10
26800,7.046,6.762,10
26850,7.046,6.762,10
26900,7.046,6.762,10
26950,7.046,6.762,10
27000,7.046,6.762,10
27050,7.046,6.762,10
27100,7.046,6.762,10
27150,7.046,6.762,10
27200,7.046,6.762,10
27250,7.046,6.762,10
27300,7.046,6.762,10
27350,7.046,6.762,10
27400,7.046,6.762,10
27450,7.046,6.762,10
27500,7.046,6.762,10
27550,7.046,6.762,10
27600,7.046,6.762,10
27650,7.046,6.762,10
27700,7.046,6.762,10
27750,7.046,6.762,10
27800,7.046,6.762,10
27850,7.046,6.762,10
27900,7.046,6.762,10
27950,7.046,6.762,10
28000,7.046,6.762,10
28050,7.046,6.762,10
28100,7.046,6.762,10
28150,7.046,6.762,10
28200,7.046,6.762,10
28250,7.046,6.762,10
28300,7.046,6.762,10
28350,7.046,6.762,10
28400,7.046,6.762,10
28450,7.046,6.762,10
28500,7.046,6.762,10
28550,7.046,6.762,10
28600,7.046,6.762,10
28650,7.046,6.762,10
28700,7.046,6.762,10
28750,7.046,6.762,10
28800,7.046,6.762,10
28850,7.046,6.762,10
28900,7.046,6.762,10
28950,7.046,6.762,10
29000,7.046,6.762,10
29050,7.046,6.762,10
29100,7.046,6.762,10
29150,7.046,6.762,10
29200,7.046,6.762,10
29250,7.046,6.762,10
29300,7.046,6.762,10
29350,7.046,6.762,10
29400,7.046,6.762,10
29450,7.046,6.762,10
29500,7.046,6.762,10
29550,7.046,6.762,10
29600,7.046,6.762,10
29650,7.046,6.762,10
29700,7.046,6.762,10
29750,7.046,6.762,10
29800,7.046,6.762,10
29850,7.046,6.761,10
29900,7.046,6.761,10
29950,7.046,6.761,10
30000,7.046,6.758,10
30050,7.046,6.756,10
30100,7.046,6.756,10
30150,7.046,6.756,10
30200,7.046,6.756,10
30250,7.046,6.756,10
30300,7.046,6.756,10
30350,7.046,6.756,10
30400,7.046,6.756,10
30450,7.046,6.756,10
30500,7.046,6.756,10
30550,7.046,6.756,10
30600,7.046,6.756,10
30650,7.046,6.756,10
30700,7.046,6.756,10
30750,7.046,6.756,10
30800,7.046,6.756,10
30850,7.046,6.756,10
30900,7.046,6.756,10
30950,7.046,6.756,10
31000,7.046,6.756,10
31050,7.046,6.756,10
31100,7.046,6.756,10
31150,7.046,6.756,10
31200,7.046,6.756,10
31250,7.046,6.756,10
31300,7.046,6.756,10
31350,7.046,6.756,10
31400,7.046,6.756,10
31450,7.046,6.756,10
31500,7.046,6.756,10
31550,7.046,6.756,10
31600,7.046,6.756,10
31650,7.046,6.756,10
31700,7.046,6.756,10
31750,7.046,6.756,10
31800,7.046,6.756,10
31850,7.046,6.756,10
31900,7.046,6.756,10
31950,7.046,6.756,10
32000,7.046,6.756,10
32050,7.046,6.756,10
32100,7.046,6.756,10
32150,7.046,6.756,10
32200,7.046,6.756,10
32250,7.046,6.756,10
32300,7.046,6.756,10
32350,7.046,6.756,10
32400,7.046,6.756,10
32450,7.046,6.756,10
32500,7.046,6.756,10
32550,7.046,6.756,10
32600,7.046,6.756,10
32650,7.046,6.756,10
32700,7.046,6.756,10
32750,7.046,6.756,10
32800,7.046,6.756,10
32850,7.046,6.756,10
32900,7.046,6.756,10
32950,7.046,6.756,10
33000,7.046,6.756,10
33050,7.046,6.756,10
33100,7.046,6.756,10
33150,7.046,6.756,10
33200,7.046,6.756,10
33250,7.046,6.756,10
33300,7.046,6.756,10
33350,7.046,6.756,10
33400,7.046,6.756,10
33450,7.046,6.756,10
33500,7.046,6.756,10
33550,7.046,6.756,10
33600,7.046,6.756,10
33650,7.046,6.756,10
33700,7.046,6.756,10
33750,7.046,6.756,10
33800,7.046,6.756,10
33850,7.046,6.756,10
33900,7.046,6.756,10
33950,7.046,6.756,10
34000,7.046,6.756,10
34050,7.046,6.756,10
34100,7.046,6.756,10
34150,7.046,6.756,10
34200,7.046,6.756,10
34250,7.046,6.756,10
34300,7.046,6.756,10
34350,7.046,6.756,10
34400,7.046,6.756,10
34450,7.046,6.756,10
34500,7.046,6.756,10
34550,7.046,6.756,10
34600,7.046,6.756,10
34650,7.046,6.756,10
34700,7.046,6.756,10
34750,7.046,6.756,10
34800,7.046,6.756,10
34850,7.046,6.756,10
34900,7.046,6.756,10
34950,7.046,6.756,10
35000,7.046,6.756,10
35050,7.046,6.756,10
35100,7.046,6.756,10
35150,7.046,6.756,10
35200,7.046,6.756,10
35250,7.046,6.756,10
35300,7.046,6.756,10
35350,7.046,6.756,10
35400,7.046,6.756,10
35450,7.046,6.756,10
35500,7.046,6.756,10
35550,7.046,6.756,10
35600,7.046,6.756,10
35650,7.046,6.756,10
35700,7.046,6.756,10
35750,7.046,6.756,10
35800,7.046,6.756,10
35850,7.046,6.756,10
35900,7.046,6.756,10
35950,7.046,6.756,10
36000,7.046,6.756,10
36050,7.046,6.756,10
36100,7.046,6.756,10
36150,7.046,6.756,10
36200,7.046,6.756,10
36250,7.046,6.756,10
36300,7.046,6.756,10
36350,7.046,6.756,10
36400,7.046,6.756,10
36450,7.046,6.756,10
36500,7.046,6.756,10
36550,7.046,6.756,10
36600,7.046,6.756,10
36650,7.046,6.756,10
36700,7.046,6.756,10
36750,7.046,6.756,10
36800,7.046,6.756,10
36850,7.046,6.756,10
36900,7.046,6.756,10
36950,7.046,6.756,10
37000,7.046,6.756,10
37050,7.046,6.756,10
37100,7.046,6.756,10
37150,7.046,6.756,10
37200,7.046,6.756,10
37250,7.046,6.756,10
37300,7.046,6.756,10
37350,7.046,6.756,10
37400,7.046,6.756,10
37450,7.046,6.756,10
37500,7.046,6.756,10
37550,7.046,6.756,10
37600,7.046,6.756,10
37650,7.046,6.756,10
37700,7.046,6.756,10
37750,7.046,6.756,10
37800,7.046,6.756,10
37850,7.046,6.756,10
37900,7.046,6.756,10
37950,7.046,6.756,10
38000,7.046,6.756,10
38050,7.046,6.756,10
38100,7.046,6.756,10
38150,7.046,6.756,10
38200,7.046,6.756,10
38250,7.046,6.756,10
38300,7.046,6.756,10
38350,7.046,6.756,10
38400,7.046,6.756,10
38450,7.046,6.756,10
38500,7.046,6.756,10
38550,7.046,6.756,10
38600,7.046,6.756,10
38650,7.046,6.756,10
38700,7.046,6.756,10
38750,7.046,6.756,10
38800,7.046,6.756,10
38850,7.046,6.756,10
38900,7.046,6.756,10
38950,7.046,6.756,10
39000,7.046,6.756,10
39050,7.046,6.756,10
39100,7.046,6.756,10
39150,7.046,6.756,10
39200,7.046,6.756,10
39250,7.046,6.756,10
39300,7.046,6.756,10
39350,7.046,6.756,10
39400,7.046,6.756,10
39450,7.046,6.756,10
39500,7.046,6.756,10
39550,7.046,6.756,10
39600,7.046,6.756,10
39650,7.046,6.756,10
39700,7.046,6.756,10
39750,7.046,6.756,10
39800,7.046,6.756,10
39850,7.046,6.756,10
39900,7.046,6.756,10
39950,7.046,6.756,10
40000,7.046,6.756,10
40050,7.046,6.756,10
40100,7.046,6.756,10
40150,7.046,6.756,10
40200,7.046,6.756,10
40250,7.046,6.756,10
40300,7.046,6.756,10
40350,7.046,6.756,10
40400,7.046,6.756,10
40450,7.046,6.756,10
40500,7.046,6.756,10
40550,7.046,6.756,10
40600,7.046,6.756,10
40650,7.046,6.756,10
40700,7.046,6.756,10
40750,7.046,6.756,10
40800,7.046,6.756,10
40850,7.046,6.756,10
40900,7.046,6.756,10
40950,7.046,6.756,10
41000,7.046,6.756,10
41050,7.046,6.756,10
41100,7.046,6.756,10
41150,7.046,6.756,10
41200,7.046,6.756,10
41250,7.046,6.756,10
41300,7.046,6.756,10
41350,7.046,6.756,10
41400,7.046,6.756,10
41450,7.046,6.756,10
41500,7.046,6.756,10
41550,7.046,6.756,10
41600,7.046,6.756,10
41650,7.046,6.756,10
41700,7.046,6.756,10
41750,7.046,6.756,10
41800,7.046,6.756,10
41850,7.046,6.756,10
41900,7.046,6.756,10
41950,7.046,6.756,10
42000,7.046,6.756,10
42050,7.046,6.756,10
42100,7.046,6.756,10
42150,7.046,6.756,10
42200,7.046,6.756,10
42250,7.046,6.756,10
42300,7.046,6.756,10
42350,7.046,6.756,10
42400,7.046,6.756,10
42450,7.046,6.756,10
42500,7.046,6.756,10
42550,7.046,6.756,10
42600,7.046,6.756,10
42650,7.046,6.756,10
42700,7.046,6.756,10
42750,7.046,6.756,10
42800,7.046,6.756,10
42850,7.046,6.756,10
42900,7.046,6.756,10
42950,7.046,6.756,10
43000,7.046,6.756,10
43050,7.046,6.756,10
43100,7.046,6.756,10
43150,7.046,6.756,10
43200,7.046,6.756,10
43250,7.046,6.756,10
43300,7.046,6.756,10
43350,7.046,6.756,10
43400,7.046,6.756,10
43450,7.046,6.756,10
43500,7.046,6.756,10
43550,7.046,6.756,10
43600,7.046,6.756,10
43650,7.046,6.756,10
43700,7.046,6.756,10
43750,7.046,6.756,10
43800,7.046,6.756,10
43850,7.046,6.756,10
43900,7.046,6.756,10
43950,7.046,6.756,10
44000,7.046,6.756,10
44050,7.046,6.756,10
44100,7.046,6.756,10
44150,7.046,6.756,10
44200,7.046,6.756,10
44250,7.046,6.756,10
44300,7.046,6.756,10
44350,7.046,6.756,10
44400,7.046,6.756,10
44450,7.046,6.756,10
44500,7.046,6.756,10
44550,7.046,6.756,10
44600,7.046,6.756,10
44650,7.046,6.756,10
44700,7.046,6.756,10
44750,7.046,6.756,10
44800,7.046,6.756,10
44850,7.046,6.756,10
44900,7.046,6.756,10
44950,7.046,6.756,10
45000,7.046,6.756,10
45050,7.046,6.756,10
45100,7.046,6.756,10
45150,7.046,6.756,10
45200,7.046,6.756,10
45250,7.046,6.756,10
45300,7.046,6.756,10
45350,7.046,6.756,10
45400,7.046,6.756,10
45450,7.046,6.756,10
45500,7.046,6.756,10
45550,7.046,6.756,10
45600,7.046,6.752,10
45650,7.046,6.745,10
45700,7.046,6.741,10
45750,7.046,6.74,10
45800,7.046,6.74,10
45850,7.046,6.74,10
45900,7.046,6.74,10
45950,7.046,6.74,10
46000,7.046,6.74,10
46050,7.046,6.74,10
46100,7.046,6.74,10
46150,7.046,6.74,10
46200,7.046,6.74,10
46250,7.046,6.742,10
46300,7.046,6.75,10
46350,7.046,6.76,10
46400,7.046,6.764,10
46450,7.046,6.764,10
46500,7.046,6.764,10
46550,7.046,6.764,10
46600,7.046,6.764,10
46650,7.046,6.764,10
46700,7.046,6.764,10
46750,7.046,6.764,10
46800,7.046,6.764,10
46850,7.046,6.764,10
46900,7.046,6.764,10
46950,7.046,6.764,10
47000,7.046,6.764,10
47050,7.046,6.764,10
47100,7.046,6.764,10
47150,7.046,6.764,10
47200,7.046,6.764,10
47250,7.046,6.764,10
47300,7.046,6.764,10
47350,7.046,6.764,10
47400,7.046,6.764,10
47450,7.046,6.764,10
47500,7.046,6.764,10
47550,7.046,6.764,10
47600,7.046,6.764,10
47650,7.046,6.764,10
47700,7.046,6.764,10
47750,7.046,6.764,10
47800,7.046,6.764,10
47850,7.046,6.764,10
47900,7.046,6.764,10
47950,7.046,6.764,10
48000,7.046,6.764,10
48050,7.046,6.764,10
48100,7.046,6.764,10
48150,7.046,6.764,10
48200,7.046,6.764,10
48250,7.046,6.764,10
48300,7.046,6.764,10
48350,7.046,6.764,10
48400,7.046,6.764,10
48450,7.046,6.764,10
48500,7.046,6.764,10
48550,7.046,6.764,10
48600,7.046,6.764,10
48650,7.046,6.764,10
48700,7.046,6.764,10
48750,7.046,6.764,10
48800,7.046,6.764,10
48850,7.046,6.764,10
48900,7.046,6.764,10
48950,7.046,6.764,10
49000,7.046,6.764,10
49050,7.046,6.764,10
49100,7.046,6.764,10
49150,7.046,6.764,10
49200,7.046,6.764,10
49250,7.046,6.764,10
49300,7.046,6.764,10
49350,7.046,6.764,10
49400,7.046,6.764,10
49450,7.046,6.764,10
49500,7.046,6.764,10
49550,7.046,6.764,10
49600,7.046,6.764,10
49650,7.046,6.764,10
49700,7.046,6.764,10
49750,7.046,6.764,10
49800,7.046,6.764,10
49850,7.046,6.764,10
49900,7.046,6.764,10
49950,7.046,6.764,10
50000,7.046,6.764,10
50050,7.046,6.764,10
50100,7.046,6.764,10
50150,7.046,6.764,10
50200,7.046,6.764,10
50250,7.046,6.764,10
50300,7.046,6.764,10
50350,7.046,6.764,10
50400,7.046,6.764,10
50450,7.046,6.764,10
50500,7.046,6.764,10
50550,7.046,6.764,10
50600,7.046,6.764,10
50650,7.046,6.764,10
50700,7.046,6.764,10
50750,7.046,6.764,10
50800,7.046,6.764,10
50850,7.046,6.764,10
50900,7.046,6.764,10
50950,7.046,6.764,10
51000,7.046,6.764,10
51050,7.046,6.764,10
51100,7.046,6.764,10
51150,7.046,6.764,10
51200,7.046,6.764,10
51250,7.046,6.764,10
51300,7.046,6.764,10
51350,7.046,6.764,10
51400,7.046,6.764,10
51450,7.046,6.764,10
51500,7.046,6.764,10
51550,7.046,6.764,10
51600,7.046,6.764,10
51650,7.046,6.766,10
51700,7.046,6.771,10
51750,7.046,6.774,10
51800,7.046,6.774,10
51850,7.046,6.776,10
51900,7.046,6.778,10
51950,7.046,6.778,10
52000,7.046,6.78,10
52050,7.046,6.78,10
52100,7.046,6.78,10
52150,7.046,6.78,10
52200,7.046,6.78,10
52250,7.046,6.78,10
52300,7.046,6.78,10
52350,7.046,6.78,10
52400,7.046,6.78,10
52450,7.046,6.78,10
52500,7.046,6.78,10
52550,7.046,6.78,10
52600,7.046,6.78,10
52650,7.046,6.78,10
52700,7.046,6.78,10
52750,7.046,6.78,10
52800,7.046,6.78,10
52850,7.046,6.78,10
52900,7.046,6.78,10
52950,7.046,6.78,10
53000,7.046,6.78,10
53050,7.046,6.78,10
53100,7.046,6.78,10
53150,7.046,6.78,10
53200,7.046,6.78,10
53250,7.046,6.78,10
53300,7.046,6.78,10
53350,7.046,6.78,10
53400,7.046,6.78,10
53450,7.046,6.78,10
53500,7.046,6.78,10
53550,7.046,6.78,10
53600,7.046,6.78,10
53650,7.046,6.78,10
53700,7.046,6.78,10
53750,7.046,6.78,10
53800,7.046,6.78,10
53850,7.046,6.78,10
53900,7.046,6.78,10
53950,7.046,6.78,10
54000,7.046,6.78,10
54050,7.046,6.78,10
54100,7.046,6.78,10
54150,7.046,6.78,10
54200,7.046,6.78,10
54250,7.046,6.78,10
54300,7.046,6.78,10
54350,7.046,6.78,10
54400,7.046,6.78,10
54450,7.046,6.78,10
54500,7.046,6.78,10
54550,7.046,6.78,10
54600,7.046,6.78,10
54650,7.046,6.78,10
54700,7.046,6.78,10
54750,7.046,6.78,10
54800,7.046,6.78,10
54850,7.046,6.78,10
54900,7.046,6.781,10
54950,7.046,6.781,10
55000,7.046,6.781,10
55050,7.046,6.781,10
55100,7.046,6.781,10
55150,7.046,6.781,10
55200,7.046,6.781,10
55250,7.046,6.781,10
55300,7.046,6.781,10
55350,7.046,6.781,10
55400,7.046,6.781,10
55450,7.046,6.781,10
55500,7.046,6.781,10
55550,7.046,6.781,10
55600,7.046,6.781,10
55650,7.046,6.781,10
55700,7.046,6.781,10
55750,7.046,6.781,10
55800,7.046,6.781,10
55850,7.046,6.781,10
55900,7.046,6.781,10
55950,7.046,6.781,10
56000,7.046,6.781,10
56050,7.046,6.781,10
56100,7.046,6.781,10
56150,7.046,6.781,10
56200,7.046,6.781,10
56250,7.046,6.781,10
56300,7.046,6.781,10
56350,7.046,6.781,10
56400,7.046,6.781,10
56450,7.046,6.781,10
56500,7.046,6.781,10
56550,7.046,6.781,10
56600,7.046,6.781,10
56650,7.046,6.781,10
56700,7.046,6.781,10
56750,7.046,6.781,10
56800,7.046,6.781,10
56850,7.046,6.781,10
56900,7.046,6.781,10
56950,7.046,6.781,10
57000,7.046,6.781,10
57050,7.046,6.781,10
57100,7.046,6.781,10
57150,7.046,6.781,10
57200,7.046,6.781,10
57250,7.046,6.781,10
57300,7.046,6.781,10
57350,7.046,6.781,10
57400,7.046,6.781,10
57450,7.046,6.781,10
57500,7.046,6.781,10
57550,7.046,6.781,10
57600,7.046,6.781,10
57650,7.046,6.781,10
57700,7.046,6.781,10
57750,7.046,6.781,10
57800,7.046,6.781,10
57850,7.046,6.781,10
57900,7.046,6.781,10
57950,7.046,6.781,10
58000,7.046,6.781,10
58050,7.046,6.781,10
58100,7.046,6.781,10
58150,7.046,6.781,10
58200,7.046,6.781,10
58250,7.046,6.781,10
58300,7.046,6.781,10
58350,7.046,6.781,10
58400,7.046,6.781,10
58450,7.046,6.781,10
58500,7.046,6.781,10
58550,7.046,6.781,10
58600,7.046,6.781,10
58650,7.046,6.781,10
58700,7.046,6.781,10
58750,7.046,6.781,10
58800,7.046,6.781,10
58850,7.046,6.781,10
58900,7.046,6.781,10
58950,7.046,6.781,10
59000,7.046,6.781,10
59050,7.046,6.781,10
59100,7.046,6.781,10
59150,7.046,6.781,10
59200,7.046,6.781,10
59250,7.046,6.781,10
59300,7.046,6.781,10
59350,7.046,6.781,10
59400,7.046,6.781,10
59450,7.046,6.781,10
59500,7.046,6.781,10
59550,7.046,6.781,10
59600,7.046,6.781,10
59650,7.046,6.781,10
59700,7.046,6.781,10
59750,7.046,6.781,10
59800,7.046,6.781,10
59850,7.046,6.781,10
59900,7.046,6.781,10
59950,7.046,6.781,10
60000,7.046,6.781,10
60050,7.046,6.781,10
60100,7.046,6.781,10
60150,7.046,6.781,10
60200,7.046,6.781,10
60250,7.046,6.781,10
60300,7.046,6.781,10
60350,7.046,6.781,10
60400,7.046,6.781,10
60450,7.046,6.781,10
60500,7.046,6.781,10
60550,7.046,6.781,10
60600,7.046,6.781,10
60650,7.046,6.781,10
60700,7.046,6.781,10
60750,7.046,6.781,10
60800,7.046,6.781,10
60850,7.046,6.781,10
60900,7.046,6.781,10
60950,7.046,6.781,10
61000,7.046,6.781,10
61050,7.046,6.781,10
61100,7.046,6.781,10
61150,7.046,6.781,10
61200,7.046,6.781,10
61250,7.046,6.781,10
61300,7.046,6.781,10
61350,7.046,6.781,10
61400,7.046,6.781,10
61450,7.046,6.781,10
61500,7.046,6.781,10
61550,7.046,6.781,10
61600,7.046,6.781,10
61650,7.046,6.781,10
61700,7.046,6.781,10
61750,7.046,6.781,10
61800,7.046,6.781,10
61850,7.046,6.781,10
61900,7.046,6.781,10
61950,7.046,6.781,10
62000,7.046,6.781,10
62050,7.046,6.781,10
62100,7.046,6.781,10
62150,7.046,6.781,10
62200,7.046,6.781,10
62250,7.046,6.781,10
62300,7.046,6.781,10
62350,7.046,6.781,10
62400,7.046,6.781,10
62450,7.046,6.781,10
62500,7.046,6.781,10
62550,7.046,6.781,10
62600,7.046,6.781,10
62650,7.046,6.781,10
62700,7.046,6.781,10
62750,7.046,6.781,10
62800,7.046,6.781,10
62850,7.046,6.781,10
62900,7.046,6.781,10
62950,7.046,6.781,10
63000,7.046,6.781,10
63050,7.046,6.781,10
63100,7.046,6.781,10
63150,7.046,6.781,10
63200,7.046,6.781,10
63250,7.046,6.781,10
63300,7.046,6.781,10
63350,7.046,6.781,10
63400,7.046,6.781,10
63450,7.046,6.781,10
63500,7.046,6.781,10
63550,7.046,6.781,10
63600,7.046,6.781,10
63650,7.046,6.781,10
63700,7.046,6.781,10
63750,7.046,6.781,10
63800,7.046,6.781,10
63850,7.046,6.781,10
63900,7.046,6.781,10
63950,7.046,6.781,10
64000,7.046,6.781,10
64050,7.046,6.781,10
64100,7.046,6.781,10
64150,7.046,6.781,10
64200,7.046,6.781,10
64250,7.046,6.781,10
64300,7.046,6.781,10
64350,7.046,6.781,10
64400,7.046,6.781,10
64450,7.046,6.781,10
64500,7.046,6.781,10
64550,7.046,6.781,10
64600,7.046,6.781,10
64650,7.046,6.781,10
64700,7.046,6.781,10
64750,7.046,6.781,10
64800,7.046,6.781,10
64850,7.046,6.781,10
64900,7.046,6.781,10
64950,7.046,6.781,10
65000,7.046,6.781,10
65050,7.046,6.781,10
65100,7.046,6.783,10
65150,7.046,6.789,10
65200,7.046,6.792,10
65250,7.046,6.793,10
65300,7.046,6.793,10
65350,7.046,6.793,10
65400,7.046,6.793,10
65450,7.046,6.793,10
65500,7.046,6.793,10
65550,7.046,6.793,10
65600,7.046,6.793,10
65650,7.046,6.793,10
65700,7.046,6.793,10
65750,7.046,6.793,10
65800,7.046,6.793,10
65850,7.046,6.793,10
65900,7.046,6.793,10
65950,7.046,6.793,10
66000,7.046,6.793,10
66050,7.046,6.793,10
66100,7.046,6.793,10
66150,7.046,6.793,10
66200,7.046,6.793,10
66250,7.046,6.793,10
66300,7.046,6.793,10
66350,7.046,6.793,10
66400,7.046,6.793,10
66450,7.046,6.793,10
66500,7.046,6.793,10
66550,7.046,6.793,10
66600,7.046,6.793,10
66650,7.046,6.793,10
66700,7.046,6.793,10
66750,7.046,6.793,10
66800,7.046,6.793,10
66850,7.046,6.793,10
66900,7.046,6.793,10
66950,7.046,6.793,10
67000,7.046,6.793,10
67050,7.046,6.793,10
67100,7.046,6.793,10
67150,7.046,6.793,10
67200,7.046,6.793,10
67250,7.046,6.793,10
67300,7.046,6.793,10
67350,7.046,6.793,10
67400,7.046,6.793,10
67450,7.046,6.793,10
67500,7.046,6.793,10
67550,7.046,6.793,10
67600,7.046,6.793,10
67650,7.046,6.793,10
67700,7.046,6.793,10
67750,7.046,6.793,10
67800,7.046,6.793,10
67850,7.046,6.793,10
67900,7.046,6.793,10
67950,7.046,6.793,10
68000,7.046,6.793,10
68050,7.046,6.793,10
68100,7.046,6.793,10
68150,7.046,6.793,10
68200,7.046,6.793,10
68250,7.046,6.793,10
68300,7.046,6.793,10
68350,7.046,6.793,10
68400,7.046,6.793,10
68450,7.046,6.793,10
68500,7.046,6.793,10
68550,7.046,6.793,10
68600,7.046,6.793,10
68650,7.046,6.793,10
68700,7.046,6.793,10
68750,7.046,6.793,10
68800,7.046,6.793,10
68850,7.046,6.793,10
68900,7.046,6.793,10
68950,7.046,6.793,10
69000,7.046,6.793,10
69050,7.046,6.793,10
69100,7.046,6.793,10
69150,7.046,6.793,10
69200,7.046,6.793,10
69250,7.046,6.793,10
69300,7.046,6.793,10
69350,7.046,6.793,10
69400,7.046,6.793,10
69450,7.046,6.793,10
69500,7.046,6.793,10
69550,7.046,6.793,10
69600,7.046,6.793,10
69650,7.046,6.793,10
69700,7.046,6.793,10
69750,7.046,6.793,10
69800,7.046,6.793,10
69850,7.046,6.793,10
69900,7.046,6.793,10
69950,7.046,6.793,10
70000,7.046,6.793,10
70050,7.046,6.793,10
70100,7.046,6.793,10
70150,7.046,6.793,10
70200,7.046,6.793,10
70250,7.046,6.793,10
70300,7.046,6.793,10
70350,7.046,6.793,10
70400,7.046,6.793,10
70450,7.046,6.793,10
70500,7.046,6.793,10
70550,7.046,6.793,10
70600,7.046,6.793,10
70650,7.046,6.793,10
70700,7.046,6.793,10
70750,7.046,6.793,10
70800,7.046,6.793,10
70850,7.046,6.793,10
70900,7.046,6.793,10
70950,7.046,6.793,10
71000,7.046,6.793,10
71050,7.046,6.793,10
71100,7.046,6.793,10
71150,7.046,6.793,10
71200,7.046,6.793,10
71250,7.046,6.793,10
71300,7.046,6.793,10
71350,7.046,6.793,10
71400,7.046,6.793,10
71450,7.046,6.793,10
71500,7.046,6.793,10
71550,7.046,6.793,10
71600,7.046,6.793,10
71650,7.046,6.793,10
71700,7.046,6.793,10
71750,7.046,6.793,10
71800,7.046,6.793,10
71850,7.046,6.793,10
71900,7.046,6.793,10
71950,7.046,6.793,10
72000,7.046,6.793,10
72050,7.046,6.793,10
72100,7.046,6.793,10
72150,7.046,6.793,10
72200,7.046,6.793,10
72250,7.046,6.793,10
72300,7.046,6.793,10
72350,7.046,6.793,10
72400,7.046,6.793,10
72450,7.046,6.793,10
72500,7.046,6.793,10
72550,7.046,6.793,10
72600,7.046,6.793,10
72650,7.046,6.793,10
72700,7.046,6.793,10
72750,7.046,6.793,10
72800,7.046,6.793,10
72850,7.046,6.793,10
72900,7.046,6.793,10
72950,7.046,6.793,10
73000,7.046,6.793,10
73050,7.046,6.793,10
73100,7.046,6.793,10
73150,7.046,6.793,10
73200,7.046,6.793,10
73250,7.046,6.793,10
73300,7.046,6.793,10
73350,7.046,6.793,10
73400,7.046,6.793,10
73450,7.046,6.793,10
73500,7.046,6.793,10
73550,7.046,6.793,10
73600,7.046,6.793,10
73650,7.046,6.793,10
73700,7.046,6.793,10
73750,7.046,6.793,10
73800,7.046,6.793,10
73850,7.046,6.793,10
73900,7.046,6.793,10
73950,7.046,6.793,10
74000,7.046,6.793,10
74050,7.046,6.793,10
74100,7.046,6.793,10
74150,7.046,6.793,10
74200,7.046,6.793,10
74250,7.046,6.793,10
74300,7.046,6.793,10
74350,7.046,6.793,10
74400,7.046,6.793,10
74450,7.046,6.793,10
74500,7.046,6.793,10
74550,7.046,6.793,10
74600,7.046,6.793,10
74650,7.046,6.793,10
74700,7.046,6.793,10
74750,7.046,6.793,10
74800,7.046,6.793,10
74850,7.046,6.793,10
74900,7.046,6.793,10
74950,7.046,6.793,10
75000,7.046,6.793,10
75050,7.046,6.793,10
75100,7.046,6.793,10
75150,7.046,6.793,10
75200,7.046,6.793,10
75250,7.046,6.793,10
75300,7.046,6.793,10
75350,7.046,6.793,10
75400,7.046,6.793,10
75450,7.046,6.793,10
75500,7.046,6.793,10
75550,7.046,6.793,10
75600,7.046,6.793,10
75650,7.046,6.793,10
75700,7.046,6.793,10
75750,7.046,6.793,10
75800,7.046,6.793,10
75850,7.046,6.793,10
75900,7.046,6.793,10
75950,7.046,6.793,10
76000,7.046,6.793,10
76050,7.046,6.793,10
76100,7.046,6.793,10
76150,7.046,6.793,10
76200,7.046,6.793,10
76250,7.046,6.793,10
76300,7.046,6.793,10
76350,7.046,6.793,10
76400,7.046,6.793,10
76450,7.046,6.793,10
76500,7.046,6.793,10
76550,7.046,6.793,10
76600,7.046,6.793,10
76650,7.046,6.793,10
76700,7.046,6.793,10
76750,7.046,6.793,10
76800,7.046,6.793,10
76850,7.046,6.793,10
76900,7.046,6.793,10
76950,7.046,6.793,10
77000,7.046,6.793,10
77050,7.046,6.793,10
77100,7.046,6.793,10
77150,7.046,6.793,10
77200,7.046,6.793,10
77250,7.046,6.793,10
77300,7.046,6.793,10
77350,7.046,6.793,10
77400,7.046,6.793,10
77450,7.046,6.793,10
77500,7.046,6.793,10
77550,7.046,6.793,10
77600,7.046,6.793,10
77650,7.046,6.793,10
77700,7.046,6.793,10
77750,7.046,6.793,10
77800,7.046,6.793,10
77850,7.046,6.793,10
77900,7.046,6.793,10
77950,7.046,6.793,10
78000,7.046,6.793,10
78050,7.046,6.793,10
78100,7.046,6.793,10
78150,7.046,6.793,10
78200,7.046,6.793,10
78250,7.046,6.793,10
78300,7.046,6.793,10
78350,7.046,6.793,10
78400,7.046,6.793,10
78450,7.046,6.793,10
78500,7.046,6.793,10
78550,7.046,6.793,10
78600,7.046,6.793,10
78650,7.046,6.793,10
78700,7.046,6.793,10
78750,7.046,6.793,10
78800,7.046,6.793,10
78850,7.046,6.793,10
78900,7.046,6.793,10
78950,7.046,6.793,10
79000,7.046,6.793,10
79050,7.046,6.793,10
79100,7.046,6.793,10
79150,7.046,6.793,10
79200,7.046,6.793,10
79250,7.046,6.793,10
79300,7.046,6.793,10
79350,7.046,6.793,10
79400,7.046,6.793,10
79450,7.046,6.793,10
79500,7.046,6.793,10
79550,7.046,6.793,10
79600,7.046,6.793,10
79650,7.046,6.793,10
79700,7.046,6.793,10
79750,7.046,6.793,10
79800,7.046,6.793,10
79850,7.046,6.793,10
79900,7.046,6.793,10
79950,7.046,6.793,10
80000,7.046,6.793,10
80050,7.046,6.793,10
80100,7.046,6.793,10
80150,7.046,6.793,10
80200,7.046,6.793,10
80250,7.046,6.793,10
80300,7.046,6.793,10
80350,7.046,6.793,10
80400,7.046,6.792,10
80450,7.046,6.791,10
80500,7.046,6.791,10
80550,7.046,6.791,10
80600,7.046,6.79,10
80650,7.046,6.787,10
80700,7.046,6.787,10
80750,7.046,6.787,10
80800,7.046,6.787,10
80850,7.046,6.786,10
80900,7.046,6.782,10
80950,7.046,6.777,10
81000,7.046,6.777,10
81050,7.046,6.777,10
81100,7.046,6.777,10
81150,7.046,6.777,10
81200,7.046,6.777,10
81250,7.046,6.777,10
81300,7.046,6.777,10
81350,7.046,6.776,10
81400,7.046,6.775,10
81450,7.046,6.774,10
81500,7.046,6.774,10
81550,7.046,6.773,10
81600,7.046,6.772,10
81650,7.046,6.771,10
81700,7.046,6.769,10
81750,7.046,6.767,10
81800,7.046,6.766,10
81850,7.046,6.765,10
81900,7.046,6.764,10
81950,7.046,6.764,10
82000,7.046,6.764,10
82050,7.046,6.764,10
82100,7.046,6.764,10
82150,7.046,6.764,10
82200,7.046,6.764,10
82250,7.046,6.764,10
82300,7.046,6.763,10
82350,7.046,6.763,10
82400,7.046,6.763,10
82450,7.046,6.761,10
82500,7.046,6.759,10
82550,7.046,6.759,10
82600,7.046,6.758,10
82650,7.046,6.756,10
82700,7.046,6.751,10
82750,7.046,6.744,10
82800,7.046,6.744,10
82850,7.046,6.744,10
82900,7.046,6.744,10
82950,7.046,6.744,10
83000,7.046,6.744,10
83050,7.046,6.744,10
83100,7.046,6.744,10
83150,7.046,6.744,10
83200,7.046,6.744,10
83250,7.046,6.744,10
83300,7.046,6.744,10
83350,7.046,6.744,10
83400,7.046,6.744,10
83450,7.046,6.744,10
83500,7.046,6.744,10
83550,7.046,6.744,10
83600,7.046,6.744,10
83650,7.046,6.744,10
83700,7.046,6.744,10
83750,7.046,6.744,10
83800,7.046,6.744,10
83850,7.046,6.744,10
83900,7.046,6.744,10
83950,7.046,6.744,10
84000,7.046,6.744,10
84050,7.046,6.744,10
84100,7.046,6.744,10
84150,7.046,6.744,10
84200,7.046,6.744,10
84250,7.046,6.744,10
84300,7.046,6.744,10
84350,7.046,6.744,10
84400,7.046,6.744,10
84450,7.046,6.744,10
84500,7.046,6.744,10
84550,7.046,6.744,10
84600,7.046,6.744,10
84650,7.046,6.744,10
84700,7.046,6.744,10
84750,7.046,6.744,10
84800,7.046,6.744,10
84850,7.046,6.744,10
84900,7.046,6.744,10
84950,7.046,6.743,10
85000,7.046,6.742,10
85050,7.046,6.742,10
85100,7.046,6.742,10
85150,7.046,6.742,10
85200,7.046,6.742,10
85250,7.046,6.742,10
85300,7.046,6.742,10
85350,7.046,6.742,10
85400,7.046,6.742,10
85450,7.046,6.742,10
85500,7.046,6.741,10
85550,7.046,6.741,10
85600,7.046,6.741,10
85650,7.046,6.741,10
85700,7.046,6.741,10
85750,7.046,6.741,10
85800,7.046,6.741,10
85850,7.046,6.741,10
85900,7.046,6.741,10
85950,7.046,6.741,10
86000,7.046,6.741,10
86050,7.046,6.741,10
86100,7.046,6.741,10
86150,7.046,6.741,10
86200,7.046,6.741,10
86250,7.046,6.741,10
86300,7.046,6.741,10
86350,7.046,6.741,10
86400,7.046,6.741,10
86450,7.046,6.741,10
86500,7.046,6.741,10
86550,7.046,6.741,10
86600,7.046,6.741,10
86650,7.046,6.741,10
86700,7.046,6.741,10
86750,7.046,6.741,10
86800,7.046,6.741,10
86850,7.046,6.741,10
86900,7.046,6.741,10
86950,7.046,6.741,10
87000,7.046,6.741,10
87050,7.046,6.741,10
87100,7.046,6.741,10
87150,7.046,6.741,10
87200,7.046,6.741,10
87250,7.046,6.741,10
87300,7.046,6.741,10
87350,7.046,6.741,10
87400,7.046,6.741,10
87450,7.046,6.741,10
87500,7.046,6.741,10
87550,7.046,6.741,10
87600,7.046,6.741,10
87650,7.046,6.741,10
87700,7.046,6.741,10
87750,7.046,6.741,10
87800,7.046,6.741,10
87850,7.046,6.741,10
87900,7.046,6.741,10
87950,7.046,6.741,10
88000,7.046,6.741,10
88050,7.046,6.741,10
88100,7.046,6.741,10
88150,7.046,6.741,10
88200,7.046,6.741,10
88250,7.046,6.741,10
88300,7.046,6.741,10
88350,7.046,6.741,10
88400,7.046,6.741,10
88450,7.046,6.741,10
88500,7.046,6.741,10
88550,7.046,6.741,10
88600,7.046,6.741,10
88650,7.046,6.741,10
88700,7.046,6.741,10
88750,7.046,6.74,10
88800,7.046,6.739,10
88850,7.046,6.739,10
88900,7.046,6.739,10
88950,7.046,6.736,10
89000,7.046,6.731,10
89050,7.046,6.731,10
89100,7.046,6.731,10
89150,7.046,6.731,10
89200,7.046,6.731,10
89250,7.046,6.731,10
89300,7.046,6.731,10
89350,7.046,6.731,10
89400,7.046,6.73,10
89450,7.046,6.728,10
89500,7.046,6.725,10
89550,7.046,6.722,10
89600,7.046,6.718,10
89650,7.046,6.717,10
89700,7.046,6.715,10
89750,7.046,6.714,10
89800,7.046,6.71,10
89850,7.046,6.71,10
89900,7.046,6.71,10
89950,7.046,6.708,10
90000,7.046,6.705,10
90050,7.046,6.704,10
90100,7.047,6.699,10
90150,7.048,6.693,10
90200,7.051,6.685,10
90250,7.056,6.67,10
90300,7.059,6.656,10
90350,7.061,6.643,10
90400,7.062,6.626,10
90450,7.064,6.607,10
90500,7.065,6.591,10
90550,7.067,6.577,10
90600,7.07,6.57,10
90650,7.072,6.566,10
90700,7.072,6.56,10
90750,7.075,6.549,10
90800,7.078,6.534,10
90850,7.078,6.52,10
90900,7.078,6.492,10
90950,7.078,6.461,10
91000,7.078,6.45,10
91050,7.078,6.435,10
91100,7.078,6.432,10
91150,7.078,6.425,10
91200,7.078,6.417,10
91250,7.078,6.403,10
91300,7.078,6.391,10
91350,7.078,6.391,10
91400,7.078,6.387,10
91450,7.078,6.382,10
91500,7.073,6.373,10
91550,7.055,6.36,10
91600,7.031,6.343,10
91650,7.013,6.327,10
91700,7.013,6.325,10
91750,7.013,6.325,10
91800,7.013,6.325,10
91850,7.013,6.325,10
91900,7.013,6.325,10
91950,7.013,6.324,10
92000,7.013,6.323,10
92050,7.013,6.323,10
92100,7.013,6.323,10
92150,7.013,6.321,10
92200,7.013,6.318,10
92250,7.013,6.313,10
92300,7.013,6.308,10
92350,7.013,6.302,10
92400,7.013,6.291,10
92450,7.013,6.281,10
92500,7.013,6.279,10
92550,7.013,6.274,10
92600,7.013,6.271,10
92650,7.013,6.265,10
92700,7.013,6.258,10
92750,7.013,6.251,10
92800,7.013,6.248,10
92850,7.013,6.246,10
92900,7.013,6.242,10
92950,7.013,6.238,10
93000,7.013,6.233,10
93050,7.013,6.231,10
93100,7.013,6.23,10
93150,7.013,6.229,10
93200,7.013,6.227,10
93250,7.013,6.226,10
93300,7.013,6.224,10
93350,7.013,6.224,10
93400,7.013,6.223,10
93450,7.013,6.219,10
93500,7.013,6.217,10
93550,7.013,6.215,10
93600,7.013,6.214,10
93650,7.013,6.214,10
93700,7.013,6.213,10
93750,7.013,6.211,10
93800,7.013,6.211,10
93850,7.013,6.21,10
93900,7.013,6.208,10
93950,7.013,6.206,10
94000,7.013,6.202,10
94050,7.013,6.202,10
94100,7.013,6.202,10
94150,7.013,6.202,10
94200,7.013,6.2,10
94250,7.013,6.197,10
94300,7.013,6.197,10
94350,7.013,6.197,10
94400,7.013,6.197,10
94450,7.013,6.196,10
94500,7.013,6.196,10
94550,7.013,6.195,10
94600,7.013,6.193,10
94650,7.013,6.19,10
94700,7.013,6.19,10
94750,7.013,6.188,10
94800,7.013,6.183,10
94850,7.013,6.182,10
94900,7.013,6.179,10
94950,7.013,6.175,10
95000,7.013,6.175,10
95050,7.013,6.174,10
95100,7.013,6.174,10
95150,7.013,6.174,10
95200,7.013,6.172,10
95250,7.013,6.172,10
95300,7.013,6.171,10
95350,7.013,6.171,10
95400,7.013,6.17,10
95450,7.013,6.168,10
95500,7.013,6.165,10
95550,7.013,6.164,10
95600,7.013,6.161,10
95650,7.013,6.161,10
95700,7.013,6.161,10
95750,7.013,6.161,10
95800,7.013,6.159,10
95850,7.013,6.157,10
95900,7.013,6.157,10
95950,7.013,6.156,10
96000,7.013,6.154,10
96050,7.013,6.153,10
96100,7.013,6.153,10
96150,7.013,6.153,10
96200,7.013,6.151,10
96250,7.013,6.149,10
96300,7.013,6.147,10
96350,7.013,6.144,10
96400,7.013,6.144,10
96450,7.013,6.144,10
96500,7.013,6.144,10
96550,7.013,6.144,10
96600,7.013,6.141,10
96650,7.013,6.135,10
96700,7.013,6.135,10
96750,7.013,6.135,10
96800,7.013,6.135,10
96850,7.013,6.135,10
96900,7.013,6.135,10
96950,7.013,6.135,10
97000,7.013,6.135,10
97050,7.013,6.135,10
97100,7.013,6.134,10
97150,7.013,6.132,10
97200,7.013,6.132,10
97250,7.013,6.132,10
97300,7.013,6.132,10
97350,7.013,6.131,10
97400,7.013,6.131,10
97450,7.013,6.129,10
97500,7.013,6.125,10
97550,7.013,6.122,10
97600,7.013,6.122,10
97650,7.013,6.122,10
97700,7.013,6.122,10
97750,7.013,6.122,10
97800,7.013,6.121,10
97850,7.013,6.117,10
97900,7.013,6.112,10
97950,7.013,6.111,10
98000,7.013,6.111,10
98050,7.013,6.111,10
98100,7.013,6.109,10
98150,7.013,6.107,10
98200,7.013,6.107,10
98250,7.013,6.105,10
98300,7.012,6.102,10
98350,7.01,6.102,10
98400,7.008,6.102,10
98450,7.007,6.102,10
98500,7.007,6.102,10
98550,7.007,6.101,10
98600,7.007,6.1,10
98650,7.006,6.098,10
98700,7.003,6.097,10
98750,7.002,6.095,10
98800,7.002,6.095,10
98850,7.001,6.095,10
98900,7.001,6.095,10
98950,6.999,6.095,10
99000,6.999,6.093,10
99050,6.999,6.092,10
99100,6.998,6.091,10
99150,6.998,6.09,10
99200,6.998,6.088,10
99250,6.998,6.088,10
99300,6.998,6.088,10
99350,6.998,6.087,10
99400,6.998,6.086,10
99450,6.998,6.082,10
99500,6.998,6.08,10
99550,6.998,6.079,10
99600,6.997,6.076,10
99650,6.996,6.076,10
99700,6.996,6.076,10
99750,6.996,6.076,10
99800,6.996,6.076,10
99850,6.995,6.076,10
99900,6.994,6.076,10
99950,6.993,6.076,10
100000,6.993,6.076,10
100050,6.992,6.076,10
100100,6.991,6.076,10
100150,6.99,6.076,10
100200,6.99,6.076,10
100250,6.99,6.076,10
100300,6.99,6.076,10
100350,6.99,6.076,10
100400,6.99,6.076,10
100450,6.99,6.075,10
100500,6.99,6.075,10
100550,6.99,6.075,10
100600,6.99,6.075,10
100650,6.99,6.075,10
100700,6.99,6.075,10
100750,6.99,6.074,10
100800,6.99,6.073,10
100850,6.99,6.073,10
100900,6.99,6.073,10
100950,6.99,6.073,10
101000,6.99,6.073,10
101050,6.99,6.073,10
101100,6.99,6.073,10
101150,6.99,6.073,10
101200,6.99,6.073,10
101250,6.99,6.071,10
101300,6.99,6.07,10
101350,6.99,6.069,10
101400,6.99,6.068,10
101450,6.99,6.068,10
101500,6.99,6.068,10
101550,6.99,6.068,11
101600,6.99,6.068,11
101650,6.99,6.068,11
101700,6.99,6.068,11
101750,6.988,6.067,11
101800,6.983,6.062,11
101850,6.981,6.06,11
101900,6.973,6.06,11
101950,6.962,6.06,11
102000,6.944,6.054,11
102050,6.872,6.017,11
102100,6.663,5.903,11
102150,6.268,5.698,11
102200,5.764,5.456,11
102250,5.307,5.208,11
102300,5.0,5.0,11
102350,5.0,5.0,11
102400,5.0,5.0,11
102450,5.0,5.0,11
102500,5.0,5.0,11
102550,5.0,5.0,11
102600,5.0,5.0,11
102650,5.0,5.0,11
102700,5.0,5.0,11
102750,5.0,5.0,11
102800,5.0,5.0,11
102850,5.0,5.0,11
102900,5.0,5.0,11
102950,5.0,5.0,11
103000,5.0,5.0,11
103050,5.0,5.0,11
103100,5.0,5.0,11
103150,5.0,5.0,11
103200,5.0,5.0,11
103250,5.0,5.0,11
103300,5.0,5.0,11
103350,5.0,5.0,11
103400,5.0,5.0,11
103450,5.0,5.0,11
103500,5.0,5.0,11
103550,5.0,5.0,11
103600,5.0,5.0,11
103650,5.0,5.0,11
103700,5.0,5.0,11
103750,5.0,5.0,11
103800,5.0,5.0,11
103850,5.0,5.0,11
103900,5.0,5.0,11
103950,5.0,5.0,11
104000,5.0,5.0,11
104050,5.0,5.0,11
104100,5.0,5.0,11
104150,5.0,5.0,11
104200,5.0,5.0,11
104250,5.0,5.0,11
104300,5.0,5.0,11
104350,5.0,5.0,11
104400,5.0,5.0,11
104450,5.0,5.0,11
104500,5.0,5.0,11
104550,5.0,5.0,11
104600,5.0,5.0,11
104650,5.0,5.0,11
104700,5.0,5.0,11
104750,5.0,5.0,11
104800,5.0,5.0,11
104850,5.0,5.0,11
104900,5.0,5.0,11
104950,5.0,5.0,11
105000,5.0,5.0,11
105050,5.0,5.0,11
105100,5.0,5.0,11
105150,5.0,5.0,11
105200,5.0,5.0,11
105250,5.0,5.0,11
105300,5.0,5.0,11
105350,5.0,5.0,11
105400,5.0,5.0,11
105450,5.0,5.0,11
105500,5.0,5.0,11
105550,5.0,5.0,11
105600,5.0,5.0,11
105650,5.0,5.0,11
105700,5.0,5.0,11
105750,5.0,5.0,11
105800,5.0,5.0,11
105850,5.0,5.0,11
105900,5.0,5.0,11
105950,5.0,5.0,11
106000,5.0,5.0,11
106050,5.0,5.0,11
106100,5.0,5.0,11
106150,5.0,5.0,11
106200,5.0,5.0,11
106250,5.0,5.0,11
106300,5.0,5.0,11
106350,5.0,5.0,11
106400,5.0,5.0,11
106450,5.0,5.0,11
106500,5.0,5.0,11
106550,5.0,5.0,11
106600,5.0,5.0,11
106650,5.0,5.0,11
106700,5.0,5.0,11
106750,5.0,5.0,11
106800,5.0,5.0,11
106850,5.0,5.0,11
106900,5.0,5.0,11
106950,5.0,5.0,11
107000,5.0,5.0,11
107050,5.0,5.0,11
107100,5.0,5.0,11
107150,5.0,5.0,11
107200,5.0,5.0,11
107250,5.0,5.0,11
107300,5.0,5.0,11
107350,5.0,5.0,11
107400,5.0,5.0,11
107450,5.0,5.0,11
107500,5.0,5.0,11
107550,5.0,5.0,11
107600,5.0,5.0,11
107650,5.0,5.0,11
107700,5.0,5.0,11
107750,5.0,5.0,11
107800,5.0,5.0,11
107850,5.0,5.0,11
107900,5.0,5.0,11
107950,5.0,5.0,11
108000,5.0,5.0,11
108050,5.0,5.0,11
108100,5.0,5.0,11
108150,5.0,5.0,11
108200,5.0,5.0,11
108250,5.0,5.0,11
108300,5.0,5.0,11
108350,5.0,5.0,11
108400,5.0,5.0,11
108450,5.0,5.0,11
108500,5.0,5.0,11
108550,5.0,5.0,11
108600,5.0,5.0,11
108650,5.0,5.0,11
108700,5.0,5.0,11
108750,5.0,5.0,11
108800,5.0,5.0,11
108850,5.0,5.0,11
108900,5.0,5.0,11
108950,5.0,5.0,11
109000,5.0,5.0,11
109050,5.0,5.0,11
109100,5.0,5.0,11
109150,5.0,5.0,11
109200,5.0,5.0,11
109250,5.0,5.0,11
109300,5.0,5.0,11
109350,5.0,5.0,11
109400,5.0,5.0,11
109450,5.0,5.0,11
109500,5.0,5.0,11
109550,5.0,5.0,11
109600,5.0,5.0,11
109650,5.0,5.0,11
109700,5.0,5.0,11
109750,5.0,5.0,11
109800,5.0,5.0,11
109850,5.0,5.0,11
109900,5.0,5.0,11
109950,5.0,5.0,11
110000,5.0,5.0,11
110050,5.0,5.0,11
110100,5.0,5.0,11
110150,5.0,5.0,11
110200,5.0,5.0,11
110250,5.0,5.0,11
110300,5.0,5.0,11
110350,5.0,5.0,11
110400,5.0,5.0,11
110450,5.0,5.0,11
110500,5.0,5.0,11
110550,5.0,5.0,11
110600,5.0,5.0,11
110650,5.0,5.0,11
110700,5.0,5.0,11
110750,5.0,5.0,11
110800,5.0,5.0,11
110850,5.0,5.0,11
110900,5.0,5.0,11
110950,5.0,5.0,11
111000,5.0,5.0,11
111050,5.0,5.0,11
111100,5.0,5.0,11
111150,5.0,5.0,11
111200,5.0,5.0,11
111250,5.0,5.0,11
111300,5.0,5.0,11
111350,5.0,5.0,11
111400,5.0,5.0,11
111450,5.0,5.0,11
111500,5.0,5.0,11
111550,5.0,5.0,11
111600,5.0,5.0,11
111650,5.0,5.0,11
111700,5.0,5.0,11
111750,5.0,5.0,11
111800,5.0,5.0,11
111850,5.0,5.0,11
111900,5.0,5.0,11
111950,5.0,5.0,11
112000,5.0,5.0,11
112050,5.0,5.0,11
112100,5.0,5.0,11
112150,5.0,5.0,11
112200,5.0,5.0,11
112250,5.0,5.0,11
112300,5.0,5.0,11
112350,5.0,5.0,11
112400,5.0,5.0,11
112450,5.0,5.0,11
112500,5.0,5.0,11
112550,5.0,5.0,11
112600,5.0,5.0,11
112650,5.0,5.0,11
112700,5.0,5.0,11
112750,5.0,5.0,11
112800,5.0,5.0,11
112850,5.0,5.0,11
112900,5.0,5.0,11
112950,5.0,5.0,11
113000,5.0,5.0,11
113050,5.0,5.0,11
113100,5.0,5.0,11
113150,5.0,5.0,11
113200,5.0,5.0,11
113250,5.0,5.0,11
113300,5.0,5.0,11
113350,5.0,5.0,11
113400,5.0,5.0,11
113450,5.0,5.0,11
113500,5.0,5.0,11
113550,5.0,5.0,11
113600,5.0,5.0,11
113650,5.0,5.0,11
113700,5.0,5.0,11
113750,5.0,5.0,11
113800,5.0,5.0,11
113850,5.0,5.0,11
113900,5.0,5.0,11
113950,5.0,5.0,11
114000,5.0,5.0,11
114050,5.0,5.0,11
114100,5.0,5.0,11
114150,5.0,5.0,11
114200,5.0,5.0,11
114250,5.0,5.0,11
114300,5.0,5.0,11
114350,5.0,5.0,11
114400,5.0,5.0,11
114450,5.0,5.0,11
114500,5.0,5.0,11
114550,5.0,5.0,11
114600,5.0,5.0,11
114650,5.0,5.0,11
114700,5.0,5.0,11
114750,5.0,5.0,11
114800,5.0,5.0,11
114850,5.0,5.0,11
114900,5.0,5.0,11
114950,5.0,5.0,11
115000,5.0,5.0,11
115050,5.0,5.0,11
115100,5.0,5.0,11
115150,5.0,5.0,11
115200,5.0,5.0,11
115250,5.0,5.0,11
115300,5.0,5.0,11
115350,5.0,5.0,11
115400,5.0,5.0,11
115450,5.0,5.0,11
115500,5.0,5.0,11
115550,5.0,5.0,11
115600,5.0,5.0,11
115650,5.0,5.0,11
115700,5.0,5.0,11
115750,5.0,5.0,11
115800,5.0,5.0,11
115850,5.0,5.0,11
115900,5.0,5.0,11
115950,5.0,5.0,11
116000,5.0,5.0,11
116050,5.0,5.0,11
116100,5.0,5.0,11
116150,5.0,5.0,11
116200,5.0,5.0,11
116250,5.0,5.0,11
116300,5.0,5.0,11
116350,5.0,5.0,11
116400,5.0,5.0,11
116450,5.0,5.0,11
116500,5.0,5.0,11
116550,5.0,5.0,11
116600,5.0,5.0,11
116650,5.0,5.0,11
116700,5.0,5.0,11
116750,5.0,5.0,11
116800,5.0,5.0,11
116850,5.0,5.0,11
116900,5.0,5.0,11
116950,5.0,5.0,11
117000,5.0,5.0,11
117050,5.0,5.0,11
117100,5.0,5.0,11
117150,5.0,5.0,11
117200,5.0,5.0,11
117250,5.0,5.0,11
117300,5.0,5.0,11
117350,5.0,5.0,11
117400,5.0,5.0,11
117450,5.0,5.0,11
117500,5.0,5.0,11
117550,5.0,5.0,11
117600,5.0,5.0,11
117650,5.0,5.0,11
117700,5.0,5.0,11
117750,5.0,5.0,11
117800,5.0,5.0,11
117850,5.0,5.0,11
117900,5.0,5.0,11
117950,5.0,5.0,11
118000,5.0,5.0,11
118050,5.0,5.0,11
118100,5.0,5.0,11
118150,5.0,5.0,11
118200,5.0,5.0,11
118250,5.0,5.0,11
118300,5.0,5.0,11
118350,5.0,5.0,11
118400,5.0,5.0,11
118450,5.0,5.0,11
118500,5.0,5.0,11
118550,5.0,5.0,11
118600,5.0,5.0,11
118650,5.0,5.0,11
118700,5.0,5.0,11
118750,5.0,5.0,11
118800,5.0,5.0,11
118850,5.0,5.0,11
118900,5.0,5.0,11
118950,5.0,5.0,11
119000,5.0,5.0,11
119050,5.0,5.0,11
119100,5.0,5.0,11
119150,5.0,5.0,11
119200,5.0,5.0,11
119250,5.0,5.0,11
119300,5.0,5.0,11
119350,5.0,5.0,11
119400,5.0,5.0,11
119450,5.0,5.0,11
119500,5.0,5.0,11
119550,5.0,5.0,11
119600,5.0,5.0,11
119650,5.0,5.0,11
119700,5.0,5.0,11
119750,5.0,5.0,11
119800,5.0,5.0,11
119850,5.0,5.0,11
119900,5.0,5.0,11
119950,5.0,5.0,11
120000,5.0,5.0,11
120050,5.0,5.0,11
120100,5.0,5.0,11
120150,5.0,5.0,11
120200,5.0,5.0,11
120250,5.0,5.0,11
120300,5.0,5.0,11
120350,5.0,5.0,11
120400,5.0,5.0,11
120450,5.0,5.0,11
120500,5.0,5.0,11
120550,5.0,5.0,11
120600,5.0,5.0,11
120650,5.0,5.0,11
120700,5.0,5.0,11
120750,5.0,5.0,11
120800,5.0,5.0,11
120850,5.0,5.0,11
120900,5.0,5.0,11
120950,5.0,5.0,11
121000,5.0,5.0,11
121050,5.0,5.0,11
121100,5.0,5.0,11
121150,5.0,5.0,11
121200,5.0,5.0,11
121250,5.0,5.0,11
121300,5.0,5.0,11
121350,5.0,5.0,11
121400,5.0,5.0,11
121450,5.0,5.0,11
121500,5.0,5.0,11
121550,5.0,5.0,11
121600,5.0,5.0,11
121650,5.0,5.0,11
121700,5.0,5.0,11
121750,5.0,5.0,11
121800,5.0,5.0,11
121850,5.0,5.0,11
121900,5.0,5.0,11
121950,5.0,5.0,11
122000,5.0,5.0,11
122050,5.0,5.0,11
122100,5.0,5.0,11
122150,5.0,5.0,11
122200,5.0,5.0,11
122250,5.0,5.0,11
122300,5.0,5.0,11
122350,5.0,5.0,11
122400,5.0,5.0,11
122450,5.0,5.0,11
122500,5.0,5.0,11
122550,5.0,5.0,11
122600,5.0,5.0,11
122650,5.0,5.0,11
122700,5.0,5.0,11
122750,5.0,5.0,11
122800,5.0,5.0,11
122850,5.0,5.0,11
122900,5.0,5.0,11
122950,5.0,5.0,11
123000,5.0,5.0,11
123050,5.0,5.0,11
123100,5.0,5.0,11
123150,5.0,5.0,11
123200,5.0,5.0,11
123250,5.0,5.0,11
123300,5.0,5.0,11
123350,5.0,5.0,11
123400,5.0,5.0,11
123450,5.0,5.0,11
123500,5.0,5.0,11
123550,5.0,5.0,11
123600,5.0,5.0,11
123650,5.0,5.0,11
123700,5.0,5.0,11
123750,5.0,5.0,11
123800,5.0,5.0,11
123850,5.0,5.0,11
123900,5.0,5.0,11
123950,5.0,5.0,11
124000,5.0,5.0,11
124050,5.0,5.0,11
124100,5.0,5.0,11
124150,5.0,5.0,11
124200,5.0,5.0,11
124250,5.0,5.0,11
124300,5.0,5.0,11
124350,5.0,5.0,11
124400,5.0,5.0,11
124450,5.0,5.0,11
124500,5.0,5.0,11
124550,5.0,5.0,11
124600,5.0,5.0,11
124650,5.0,5.0,11
124700,5.0,5.0,11
124750,5.0,5.0,11
124800,5.0,5.0,11
124850,5.0,5.0,11
124900,5.0,5.0,11
124950,5.0,5.0,11
125000,5.0,5.0,11
125050,5.0,5.0,11
125100,5.0,5.0,11
125150,5.0,5.0,11
125200,5.0,5.0,11
125250,5.0,5.0,11
125300,5.0,5.0,11
125350,5.0,5.0,11
125400,5.0,5.0,11
125450,5.0,5.0,11
125500,5.0,5.0,11
125550,5.0,5.0,11
125600,5.0,5.0,11
125650,5.0,5.0,11
125700,5.0,5.0,11
125750,5.0,5.0,11
125800,5.0,5.0,11
125850,5.0,5.0,11
125900,5.0,5.0,11
125950,5.0,5.0,11
126000,5.0,5.0,11
126050,5.0,5.0,11
126100,5.0,5.0,11
126150,5.0,5.0,11
126200,5.0,5.0,11
126250,5.0,5.0,11
126300,5.0,5.0,11
126350,5.0,5.0,11
126400,5.0,5.0,11
126450,5.0,5.0,11
126500,5.0,5.0,11
126550,5.0,5.0,11
126600,5.0,5.0,11
126650,5.0,5.0,11
126700,5.0,5.0,11
126750,5.0,5.0,11
126800,5.0,5.0,11
126850,5.0,5.0,11
126900,5.0,5.0,11
126950,5.0,5.0,11
127000,5.0,5.0,11
127050,5.0,5.0,11
127100,5.0,5.0,11
127150,5.0,5.0,11
127200,5.0,5.0,11
127250,5.0,5.0,11
127300,5.0,5.0,11
127350,5.0,5.0,11
127400,5.0,5.0,11
127450,5.0,5.0,11
127500,5.0,5.0,11
127550,5.0,5.0,11
127600,5.0,5.0,11
127650,5.0,5.0,11
127700,5.0,5.0,11
127750,5.0,5.0,11
127800,5.0,5.0,11
127850,5.0,5.0,11
127900,5.0,5.0,11
127950,5.0,5.0,11
128000,5.0,5.0,11
128050,5.0,5.0,11
128100,5.0,5.0,11
128150,5.0,5.0,11
128200,5.0,5.0,11
128250,5.0,5.0,11
128300,5.0,5.0,11
128350,5.0,5.0,11
128400,5.0,5.0,11
128450,5.0,5.0,11
128500,5.0,5.0,11
128550,5.0,5.0,11
128600,5.0,5.0,11
128650,5.0,5.0,11
128700,5.0,5.0,11
128750,5.0,5.0,11
128800,5.0,5.0,11
128850,5.0,5.0,11
128900,5.0,5.0,11
128950,5.0,5.0,11
129000,5.0,5.0,11
129050,5.0,5.0,11
129100,5.0,5.0,11
129150,5.0,5.0,11
129200,5.0,5.0,11
129250,5.0,5.0,11
129300,5.0,5.0,11
129350,5.0,5.0,11
129400,5.0,5.0,11
129450,5.0,5.0,11
129500,5.0,5.0,11
129550,5.0,5.0,11
129600,5.0,5.0,11
129650,5.0,5.0,11
129700,5.0,5.0,11
129750,5.0,5.0,11
129800,5.0,5.0,11
129850,5.0,5.0,11
129900,5.0,5.0,11
129950,5.0,5.0,11
130000,5.0,5.0,11
130050,5.0,5.0,11
130100,5.0,5.0,11
130150,5.0,5.0,11
130200,5.0,5.0,11
130250,5.0,5.0,11
130300,5.0,5.0,11
130350,5.0,5.0,11
130400,5.0,5.0,11
130450,5.0,5.0,11
130500,5.0,5.0,11
130550,5.0,5.0,11
130600,5.0,5.0,11
130650,5.0,5.0,11
130700,5.0,5.0,11
130750,5.0,5.0,11
130800,5.0,5.0,11
130850,5.0,5.0,11
130900,5.0,5.0,11
130950,5.0,5.0,11
131000,5.0,5.0,11
131050,5.0,5.0,11
131100,5.0,5.0,11
131150,5.0,5.0,11
131200,5.0,5.0,11
131250,5.0,5.0,11
131300,5.0,5.0,11
131350,5.0,5.0,11
131400,5.0,5.0,11
131450,5.0,5.0,11
131500,5.0,5.0,11
131550,5.0,5.0,11
131600,5.0,5.0,11
131650,5.0,5.0,11
131700,5.0,5.0,11
131750,5.0,5.0,11
131800,5.0,5.0,11
131850,5.0,5.0,11
131900,5.0,5.0,11
131950,5.0,5.0,11
132000,5.0,5.0,11
132050,5.0,5.0,11
132100,5.0,5.0,11
132150,5.0,5.0,11
132200,5.0,5.0,11
132250,5.0,5.0,11
132300,5.0,5.0,11
132350,5.0,5.0,11
132400,5.0,5.0,11
132450,5.0,5.0,11
132500,5.0,5.0,11
132550,5.0,5.0,11
132600,5.0,5.0,11
132650,5.0,5.0,11
132700,5.0,5.0,11
132750,5.0,5.0,11
132800,5.0,5.0,11
132850,5.0,5.0,11
132900,5.0,5.0,11
132950,5.0,5.0,11
133000,5.0,5.0,11
133050,5.0,5.0,11
133100,5.0,5.0,11
133150,5.0,5.0,11
133200,5.0,5.0,11
133250,5.0,5.0,11
133300,5.0,5.0,11
133350,5.0,5.0,11
133400,5.0,5.0,11
133450,5.0,5.0,11
133500,5.0,5.0,11
133550,5.0,5.0,11
133600,5.0,5.0,11
133650,5.0,5.0,11
133700,5.0,5.0,11
133750,5.0,5.0,11
133800,5.0,5.0,11
133850,5.0,5.0,11
133900,5.0,5.0,11
133950,5.0,5.0,11
134000,5.0,5.0,11
134050,5.0,5.0,11
134100,5.0,5.0,11
134150,5.0,5.0,11
134200,5.0,5.0,11
134250,5.0,5.0,11
134300,5.0,5.0,11
134350,5.0,5.0,11
134400,5.0,5.0,11
134450,5.0,5.0,11
134500,5.0,5.0,11
134550,5.0,5.0,11
134600,5.0,5.0,11
134650,5.0,5.0,11
134700,5.0,5.0,11
134750,5.0,5.0,11
134800,5.0,5.0,11
134850,5.0,5.0,11
134900,5.0,5.0,11
134950,5.0,5.0,11
135000,5.0,5.0,11
135050,5.0,5.0,11
135100,5.0,5.0,11
135150,5.0,5.0,11
135200,5.0,5.0,11
135250,5.0,5.0,11
135300,5.0,5.0,11
135350,5.0,5.0,11
135400,5.0,5.0,11
135450,5.0,5.0,11
135500,5.0,5.0,11
135550,5.0,5.0,11
135600,5.0,5.0,11
135650,5.0,5.0,11
135700,5.0,5.0,11
135750,5.0,5.0,11
135800,5.0,5.0,11
135850,5.0,5.0,11
135900,5.0,5.0,11
135950,5.0,5.0,11
136000,5.0,5.0,11
136050,5.0,5.0,11
136100,5.0,5.0,11
136150,5.0,5.0,11
136200,5.0,5.0,11
136250,5.0,5.0,11
136300,5.0,5.0,11
136350,5.0,5.0,11
136400,5.0,5.0,11
136450,5.0,5.0,11
136500,5.0,5.0,11
136550,5.0,5.0,11
136600,5.0,5.0,11
136650,5.0,5.0,11
136700,5.0,5.0,11
136750,5.0,5.0,11
136800,5.0,5.0,11
136850,5.0,5.0,11
136900,5.0,5.0,11
136950,5.0,5.0,11
137000,5.0,5.0,11
137050,5.0,5.0,11
137100,5.0,5.0,11
137150,5.0,5.0,11
137200,5.0,5.0,11
137250,5.0,5.0,11
137300,5.0,5.0,11
137350,5.0,5.0,11
137400,5.0,5.0,11
137450,5.0,5.0,11
137500,5.0,5.0,11
137550,5.0,5.0,11
137600,5.0,5.0,11
137650,5.0,5.0,11
137700,5.0,5.0,11
137750,5.0,5.0,11
137800,5.0,5.0,11
137850,5.0,5.0,11
137900,5.0,5.0,11
137950,5.0,5.0,11
138000,5.0,5.0,11
138050,5.0,5.0,11
138100,5.0,5.0,11
138150,5.0,5.0,11
138200,5.0,5.0,11
138250,5.0,5.0,11
138300,5.0,5.0,11
138350,5.0,5.0,11
138400,5.0,5.0,11
138450,5.0,5.0,11
138500,5.0,5.0,11
138550,5.0,5.0,11
138600,5.0,5.0,11
138650,5.0,5.0,11
138700,5.0,5.0,11
138750,5.0,5.0,11
138800,5.0,5.0,11
138850,5.0,5.0,11
138900,5.0,5.0,11
138950,5.0,5.0,11
139000,5.0,5.0,11
139050,5.0,5.0,11
139100,5.0,5.0,11
139150,5.0,5.0,11
139200,5.0,5.0,11
139250,5.0,5.0,11
139300,5.0,5.0,11
139350,5.0,5.0,11
139400,5.0,5.0,11
139450,5.0,5.0,11
139500,5.0,5.0,11
139550,5.0,5.0,11
139600,5.0,5.0,11
139650,5.0,5.0,11
139700,5.0,5.0,11
139750,5.0,5.0,11
139800,5.0,5.0,11
139850,5.0,5.0,11
139900,5.0,5.0,11
139950,5.0,5.0,11
140000,5.0,5.0,11
140050,5.0,5.0,11
140100,5.0,5.0,11
140150,5.0,5.0,11
140200,5.0,5.0,11
140250,5.0,5.0,11
140300,5.0,5.0,11
140350,5.0,5.0,11
140400,5.0,5.0,11
140450,5.0,5.0,11
140500,5.0,5.0,11
140550,5.0,5.0,11
140600,5.0,5.0,11
140650,5.0,5.0,11
140700,5.0,5.0,11
140750,5.0,5.0,11
140800,5.0,5.0,11
140850,5.0,5.0,11
140900,5.0,5.0,11
140950,5.0,5.0,11
141000,5.0,5.0,11
141050,5.0,5.0,11
141100,5.0,5.0,11
141150,5.0,5.0,11
141200,5.0,5.0,11
141250,5.0,5.0,11
141300,5.0,5.0,11
141350,5.0,5.0,11
141400,5.0,5.0,11
141450,5.0,5.0,11
141500,5.0,5.0,11
141550,5.0,5.0,11
141600,5.0,5.0,11
141650,5.0,5.0,11
141700,5.0,5.0,11
141750,5.0,5.0,11
141800,5.0,5.0,11
141850,5.0,5.0,11
141900,5.0,5.0,11
141950,5.0,5.0,11
142000,5.0,5.0,11
142050,5.0,5.0,11
142100,5.0,5.0,11
142150,5.0,5.0,11
142200,5.0,5.0,11
142250,5.0,5.0,11
142300,5.0,5.0,11
142350,5.0,5.0,11
142400,5.0,5.0,11
142450,5.0,5.0,11
142500,5.0,5.0,11
142550,5.0,5.0,11
142600,5.0,5.0,11
142650,5.0,5.0,11
142700,5.0,5.0,11
142750,5.0,5.0,11
142800,5.0,5.0,11
142850,5.0,5.0,11
142900,5.0,5.0,11
142950,5.0,5.0,11
143000,5.0,5.0,11
143050,5.0,5.0,11
143100,5.0,5.0,11
143150,5.0,5.0,11
143200,5.0,5.0,11
143250,5.0,5.0,11
143300,5.0,5.0,11
143350,5.0,5.0,11
143400,5.0,5.0,11
143450,5.0,5.0,11
143500,5.0,5.0,11
143550,5.0,5.0,11
143600,5.0,5.0,11
143650,5.0,5.0,11
143700,5.0,5.0,11
143750,5.0,5.0,11
143800,5.0,5.0,11
143850,5.0,5.0,11
143900,5.0,5.0,11
143950,5.0,5.0,11
144000,5.0,5.0,11
144050,5.0,5.0,11
144100,5.0,5.0,11
144150,5.0,5.0,11
144200,5.0,5.0,11
144250,5.0,5.0,11
144300,5.0,5.0,11
144350,5.0,5.0,11
144400,5.0,5.0,11
144450,5.0,5.0,11
144500,5.0,5.0,11
144550,5.0,5.0,11
144600,5.0,5.0,11
144650,5.0,5.0,11
144700,5.0,5.0,11
144750,5.0,5.0,11
144800,5.0,5.0,11
144850,5.0,5.0,11
144900,5.0,5.0,11
144950,5.0,5.0,11
145000,5.0,5.0,11
145050,5.0,5.0,11
145100,5.0,5.0,11
145150,5.0,5.0,11
145200,5.0,5.0,11
145250,5.0,5.0,11
145300,5.0,5.0,11
145350,5.0,5.0,11
145400,5.0,5.0,11
145450,5.0,5.0,11
145500,5.0,5.0,11
145550,5.0,5.0,11
145600,5.0,5.0,11
145650,5.0,5.0,11
145700,5.0,5.0,11
145750,5.0,5.0,11
145800,5.0,5.0,11
145850,5.0,5.0,11
145900,5.0,5.0,11
145950,5.0,5.0,11
146000,5.0,5.0,11
146050,5.0,5.0,11
146100,5.0,5.0,11
146150,5.0,5.0,11
146200,5.0,5.0,11
146250,5.0,5.0,11
146300,5.0,5.0,11
146350,5.0,5.0,11
146400,5.0,5.0,11
146450,5.0,5.0,11
146500,5.0,5.0,11
146550,5.0,5.0,11
146600,5.0,5.0,11
146650,5.0,5.0,11
146700,5.0,5.0,11
146750,5.0,5.0,11
146800,5.0,5.0,11
146850,5.0,5.0,11
146900,5.0,5.0,11
146950,5.0,5.0,11
147000,5.0,5.0,11
147050,5.0,5.0,11
147100,5.0,5.0,11
147150,5.0,5.0,11
147200,5.0,5.0,11
147250,5.0,5.0,11
147300,5.0,5.0,11
147350,5.0,5.0,11
147400,5.0,5.0,11
147450,5.0,5.0,11
147500,5.0,5.0,11
147550,5.0,5.0,11
147600,5.0,5.0,11
147650,5.0,5.0,11
147700,5.0,5.0,11
147750,5.0,5.0,11
147800,5.0,5.0,11
147850,5.0,5.0,11
147900,5.0,5.0,11
147950,5.0,5.0,11
148000,5.0,5.0,11
148050,5.0,5.0,11
148100,5.0,5.0,11
148150,5.0,5.0,11
148200,5.0,5.0,11
148250,5.0,5.0,11
148300,5.0,5.0,11
148350,5.0,5.0,11
148400,5.0,5.0,11
148450,5.0,5.0,11
148500,5.0,5.0,11
148550,5.0,5.0,11
148600,5.0,5.0,11
148650,5.0,5.0,11
148700,5.0,5.0,11
148750,5.0,5.0,11
148800,5.0,5.0,11
148850,5.0,5.0,11
148900,5.0,5.0,11
148950,5.0,5.0,11
149000,5.0,5.0,11
149050,5.0,5.0,11
149100,5.0,5.0,11
149150,5.0,5.0,11
149200,5.0,5.0,11
149250,5.0,5.0,11
149300,5.0,5.0,11
149350,5.0,5.0,11
149400,5.0,5.0,11
149450,5.0,5.0,11
149500,5.0,5.0,11
149550,5.0,5.0,11
149600,5.0,5.0,11
149650,5.0,5.0,11
149700,5.0,5.0,11
149750,5.0,5.0,11
149800,5.0,5.0,11
149850,5.0,5.0,11
149900,5.0,5.0,11
149950,5.0,5.0,11
150000,5.0,5.0,11
150050,5.0,5.0,11
150100,5.0,5.0,11
150150,5.0,5.0,11
150200,5.0,5.0,11
150250,5.0,5.0,11
150300,5.0,5.0,11
150350,5.0,5.0,11
150400,5.0,5.0,11
150450,5.0,5.0,11
150500,5.0,5.0,11
150550,5.0,5.0,11
150600,5.0,5.0,11
150650,5.0,5.0,11
150700,5.0,5.0,11
150750,5.0,5.0,11
150800,5.0,5.0,11
150850,5.0,5.0,11
150900,5.0,5.0,11
150950,5.0,5.0,11
151000,5.0,5.0,11
151050,5.0,5.0,11
151100,5.0,5.0,11
151150,5.0,5.0,11
151200,5.0,5.0,11
151250,5.0,5.0,11
151300,5.0,5.0,11
151350,5.0,5.0,11
151400,5.0,5.0,11
151450,5.0,5.0,11
151500,5.0,5.0,11
151550,5.0,5.0,11
151600,5.0,5.0,11
151650,5.0,5.0,11
151700,5.0,5.0,11
151750,5.0,5.0,11
151800,5.0,5.0,11
151850,5.0,5.0,11
151900,5.0,5.0,11
151950,5.0,5.0,11
152000,5.0,5.0,11
152050,5.0,5.0,11
152100,5.0,5.0,11
152150,5.0,5.0,11
152200,5.0,5.0,11
152250,5.0,5.0,11
152300,5.0,5.0,11
152350,5.0,5.0,11
152400,5.0,5.0,11
152450,5.0,5.0,11
152500,5.0,5.0,11
152550,5.0,5.0,11
152600,5.0,5.0,11
152650,5.0,5.0,11
152700,5.0,5.0,11
152750,5.0,5.0,11
152800,5.0,5.0,11
152850,5.0,5.0,11
152900,5.0,5.0,11
152950,5.0,5.0,11
153000,5.0,5.0,11
153050,5.0,5.0,11
153100,5.0,5.0,11
153150,5.0,5.0,11
153200,5.0,5.0,11
153250,5.0,5.0,11
153300,5.0,5.0,11
153350,5.0,5.0,11
153400,5.0,5.0,11
153450,5.0,5.0,11
153500,5.0,5.0,11
153550,5.0,5.0,11
153600,5.0,5.0,11
153650,5.0,5.0,11
153700,5.0,5.0,11
153750,5.0,5.0,11
153800,5.0,5.0,11
153850,5.0,5.0,11
153900,5.0,5.0,11
153950,5.0,5.0,11
154000,5.0,5.0,11
154050,5.0,5.0,11
154100,5.0,5.0,11
154150,5.0,5.0,11
154200,5.0,5.0,11
154250,5.0,5.0,11
154300,5.0,5.0,11
154350,5.0,5.0,11
154400,5.0,5.0,11
154450,5.0,5.0,11
154500,5.0,5.0,11
154550,5.0,5.0,11
154600,5.0,5.0,11
154650,5.0,5.0,11
154700,5.0,5.0,11
154750,5.0,5.0,11
154800,5.0,5.0,11
154850,5.0,5.0,11
154900,5.0,5.0,11
154950,5.0,5.0,11
155000,5.0,5.0,11
155050,5.0,5.0,11
155100,5.0,5.0,11
155150,5.0,5.0,11
155200,5.0,5.0,11
155250,5.0,5.0,11
155300,5.0,5.0,11
155350,5.0,5.0,11
155400,5.0,5.0,11
155450,5.0,5.0,11
155500,5.0,5.0,11
155550,5.0,5.0,11
155600,5.0,5.0,11
155650,5.0,5.0,11
155700,5.0,5.0,11
155750,5.0,5.0,11
155800,5.0,5.0,11
155850,5.0,5.0,11
155900,5.0,5.0,11
155950,5.0,5.0,11
156000,5.0,5.0,11
156050,5.0,5.0,11
156100,5.0,5.0,11
156150,5.0,5.0,11
156200,5.0,5.0,11
156250,5.0,5.0,11
156300,5.0,5.0,11
156350,5.0,5.0,11
156400,5.0,5.0,11
156450,5.0,5.0,11
156500,5.0,5.0,11
156550,5.0,5.0,11
156600,5.0,5.0,11
156650,5.0,5.0,11
156700,5.0,5.0,11
156750,5.0,5.0,11
156800,5.0,5.0,11
156850,5.0,5.0,11
156900,5.0,5.0,11
156950,5.0,5.0,11
157000,5.0,5.0,11
157050,5.0,5.0,11
157100,5.0,5.0,11
157150,5.0,5.0,11
157200,5.0,5.0,11
157250,5.0,5.0,11
157300,5.0,5.0,11
157350,5.0,5.0,11
157400,5.0,5.0,11
157450,5.0,5.0,11
157500,5.0,5.0,11
157550,5.0,5.0,11
157600,5.0,5.0,11
157650,5.0,5.0,11
157700,5.0,5.0,11
157750,5.0,5.0,11
157800,5.0,5.0,11
157850,5.0,5.0,11
157900,5.0,5.0,11
157950,5.0,5.0,11
158000,5.0,5.0,11
158050,5.0,5.0,11
158100,5.0,5.0,11
158150,5.0,5.0,11
158200,5.0,5.0,11
158250,5.0,5.0,11
158300,5.0,5.0,11
158350,5.0,5.0,11
158400,5.0,5.0,11
158450,5.0,5.0,11
158500,5.0,5.0,11
158550,5.0,5.0,11
158600,5.0,5.0,11
158650,5.0,5.0,11
158700,5.0,5.0,11
158750,5.0,5.0,11
158800,5.0,5.0,11
158850,5.0,5.0,11
158900,5.0,5.0,11
158950,5.0,5.0,11
159000,5.0,5.0,11
159050,5.0,5.0,11
159100,5.0,5.0,11
159150,5.0,5.0,11
159200,5.0,5.0,11
159250,5.0,5.0,11
159300,5.0,5.0,11
159350,5.0,5.0,11
159400,5.0,5.0,11
159450,5.0,5.0,11
159500,5.0,5.0,11
159550,5.0,5.0,11
159600,5.0,5.0,11
159650,5.0,5.0,11
159700,5.0,5.0,11
159750,5.0,5.0,11
159800,5.0,5.0,11
159850,5.0,5.0,11
159900,5.0,5.0,11
159950,5.0,5.0,11
160000,5.0,5.0,11
160050,5.0,5.0,11
160100,5.0,5.0,11
160150,5.0,5.0,11
160200,5.0,5.0,11
160250,5.0,5.0,11
160300,5.0,5.0,11
160350,5.0,5.0,11
160400,5.0,5.0,11
160450,5.0,5.0,11
160500,5.0,5.0,11
160550,5.0,5.0,11
160600,5.0,5.0,11
160650,5.0,5.0,11
160700,5.0,5.0,11
160750,5.0,5.0,11
160800,5.0,5.0,11
160850,5.0,5.0,11
160900,5.0,5.0,11
160950,5.0,5.0,11
161000,5.0,5.0,11
161050,5.0,5.0,11
161100,5.0,5.0,11
161150,5.0,5.0,11
161200,5.0,5.0,11
161250,5.0,5.0,11
161300,5.0,5.0,11
161350,5.0,5.0,11
161400,5.0,5.0,11
161450,5.0,5.0,11
161500,5.0,5.0,11
161550,5.0,5.0,11
161600,5.0,5.0,11
161650,5.0,5.0,11
161700,5.0,5.0,11
161750,5.0,5.0,11
161800,5.0,5.0,11
161850,5.0,5.0,11
161900,5.0,5.0,11
161950,5.0,5.0,11
162000,5.0,5.0,11
162050,5.0,5.0,11
162100,5.0,5.0,11
162150,5.0,5.0,11
162200,5.0,5.0,11
162250,5.0,5.0,11
162300,5.0,5.0,11
162350,5.0,5.0,11
162400,5.0,5.0,11
162450,5.0,5.0,11
162500,5.0,5.0,11
162550,5.0,5.0,11
162600,5.0,5.0,11
162650,5.0,5.0,11
162700,5.0,5.0,11
162750,5.0,5.0,11
162800,5.0,5.0,11
162850,5.0,5.0,11
162900,5.0,5.0,11
162950,5.0,5.0,11
163000,5.0,5.0,11
163050,5.0,5.0,11
163100,5.0,5.0,11
163150,5.0,5.0,11
163200,5.0,5.0,11
163250,5.0,5.0,11
163300,5.0,5.0,11
163350,5.0,5.0,11
163400,5.0,5.0,11
163450,5.0,5.0,11
163500,5.0,5.0,11
163550,5.0,5.0,11
163600,5.0,5.0,11
163650,5.0,5.0,11
163700,5.0,5.0,11
163750,5.0,5.0,11
163800,5.0,5.0,11
163850,5.0,5.0,11
163900,5.0,5.0,11
163950,5.0,5.0,11
164000,5.0,5.0,11
164050,5.0,5.0,11
164100,5.0,5.0,11
164150,5.0,5.0,11
164200,5.0,5.0,11
164250,5.0,5.0,11
164300,5.0,5.0,11
164350,5.0,5.0,11
164400,5.0,5.0,11
164450,5.0,5.0,11
164500,5.0,5.0,11
164550,5.0,5.0,11
164600,5.0,5.0,11
164650,5.0,5.0,11
164700,5.0,5.0,11
164750,5.0,5.0,11
164800,5.0,5.0,11
164850,5.0,5.0,11
164900,5.0,5.0,11
164950,5.0,5.0,11
165000,5.0,5.0,11
165050,5.0,5.0,11
165100,5.0,5.0,11
165150,5.0,5.0,11
165200,5.0,5.0,11
165250,5.0,5.0,11
165300,5.0,5.0,11
165350,5.0,5.0,11
165400,5.0,5.0,11
165450,5.0,5.0,11
165500,5.0,5.0,11
165550,5.0,5.0,11
165600,5.0,5.0,11
165650,5.0,5.0,11
165700,5.0,5.0,11
165750,5.0,5.0,11
165800,5.0,5.0,11
165850,5.0,5.0,11
165900,5.0,5.0,11
165950,5.0,5.0,11
166000,5.0,5.0,11
166050,5.0,5.0,11
166100,5.0,5.0,11
166150,5.0,5.0,11
166200,5.0,5.0,11
166250,5.0,5.0,11
166300,5.0,5.0,11
166350,5.0,5.0,11
166400,5.0,5.0,11
166450,5.0,5.0,11
166500,5.0,5.0,11
166550,5.0,5.0,11
166600,5.0,5.0,11
166650,5.0,5.0,11
166700,5.0,5.0,11
166750,5.0,5.0,11
166800,5.0,5.0,11
166850,5.0,5.0,11
166900,5.0,5.0,11
166950,5.0,5.0,11
167000,5.0,5.0,11
167050,5.0,5.0,11
167100,5.0,5.0,11
167150,5.0,5.0,11
167200,5.0,5.0,11
167250,5.0,5.0,11
167300,5.0,5.0,11
167350,5.0,5.0,11
167400,5.0,5.0,11
167450,5.0,5.0,11
167500,5.0,5.0,11
167550,5.0,5.0,11
167600,5.0,5.0,11
167650,5.0,5.0,11
167700,5.0,5.0,11
167750,5.0,5.0,11
167800,5.0,5.0,11
167850,5.0,5.0,11
167900,5.0,5.0,11
167950,5.0,5.0,11
168000,5.0,5.0,11
168050,5.0,5.0,11
168100,5.0,5.0,11
168150,5.0,5.0,11
168200,5.0,5.0,11
168250,5.0,5.0,11
168300,5.0,5.0,11
168350,5.0,5.0,11
168400,5.0,5.0,11
168450,5.0,5.0,11
168500,5.0,5.0,11
168550,5.0,5.0,11
168600,5.0,5.0,11
168650,5.0,5.0,11
168700,5.0,5.0,11
168750,5.0,5.0,11
168800,5.0,5.0,11
168850,5.0,5.0,11
168900,5.0,5.0,11
168950,5.0,5.0,11
169000,5.0,5.0,11
169050,5.0,5.0,11
169100,5.0,5.0,11
169150,5.0,5.0,11
169200,5.0,5.0,11
169250,5.0,5.0,11
169300,5.0,5.0,11
169350,5.0,5.0,11
169400,5.0,5.0,11
169450,5.0,5.0,11
169500,5.0,5.0,11
169550,5.0,5.0,11
169600,5.0,5.0,11
169650,5.0,5.0,11
169700,5.0,5.0,11
169750,5.0,5.0,11
169800,5.0,5.0,11
169850,5.0,5.0,11
169900,5.0,5.0,11
169950,5.0,5.0,11
170000,5.0,5.0,11
170050,5.0,5.0,11
170100,5.0,5.0,11
170150,5.0,5.0,11
170200,5.0,5.0,11
170250,5.0,5.0,11
170300,5.0,5.0,11
170350,5.0,5.0,11
170400,5.0,5.0,11
170450,5.0,5.0,11
170500,5.0,5.0,11
170550,5.0,5.0,11
170600,5.0,5.0,11
170650,5.0,5.0,11
170700,5.0,5.0,11
170750,5.0,5.0,11
170800,5.0,5.0,11
170850,5.0,5.0,11
170900,5.0,5.0,11
170950,5.0,5.0,11
171000,5.0,5.0,11
171050,5.0,5.0,11
171100,5.0,5.0,11
171150,5.0,5.0,11
171200,5.0,5.0,11
171250,5.0,5.0,11
171300,5.0,5.0,11
171350,5.0,5.0,11
171400,5.0,5.0,11
171450,5.0,5.0,11
171500,5.0,5.0,11
171550,5.0,5.0,11
171600,5.0,5.0,11
171650,5.0,5.0,11
171700,5.0,5.0,11
171750,5.0,5.0,11
171800,5.0,5.0,11
171850,5.0,5.0,11
171900,5.0,5.0,11
171950,5.0,5.0,11
172000,5.0,5.0,11
172050,5.0,5.0,11
172100,5.0,5.0,11
172150,5.0,5.0,11
172200,5.0,5.0,11
172250,5.0,5.0,11
172300,5.0,5.0,11
172350,5.0,5.0,11
172400,5.0,5.0,11
172450,5.0,5.0,11
172500,5.0,5.0,11
172550,5.0,5.0,11
172600,5.0,5.0,11
172650,5.0,5.0,11
172700,5.0,5.0,11
172750,5.0,5.0,11
172800,5.0,5.0,11
172850,5.0,5.0,11
172900,5.0,5.0,11
172950,5.0,5.0,11
173000,5.0,5.0,11
173050,5.0,5.0,11
173100,5.0,5.0,11
173150,5.0,5.0,11
173200,5.0,5.0,11
173250,5.0,5.0,11
173300,5.0,5.0,11
173350,5.0,5.0,11
173400,5.0,5.0,11
173450,5.0,5.0,11
173500,5.0,5.0,11
173550,5.0,5.0,11
173600,5.0,5.0,11
173650,5.0,5.0,11
173700,5.0,5.0,11
173750,5.0,5.0,11
173800,5.0,5.0,11
173850,5.0,5.0,11
173900,5.0,5.0,11
173950,5.0,5.0,11
174000,5.0,5.0,11
174050,5.0,5.0,11
174100,5.0,5.0,11
174150,5.0,5.0,11
174200,5.0,5.0,11
174250,5.0,5.0,11
174300,5.0,5.0,11
174350,5.0,5.0,11
174400,5.0,5.0,11
174450,5.0,5.0,11
174500,5.0,5.0,11
174550,5.0,5.0,11
174600,5.0,5.0,11
174650,5.0,5.0,11
174700,5.0,5.0,11
174750,5.0,5.0,11
174800,5.0,5.0,11
174850,5.0,5.0,11
174900,5.0,5.0,11
174950,5.0,5.0,11
175000,5.0,5.0,11
175050,5.0,5.0,11
175100,5.0,5.0,11
175150,5.0,5.0,11
175200,5.0,5.0,11
175250,5.0,5.0,11
175300,5.0,5.0,11
175350,5.0,5.0,11
175400,5.0,5.0,11
175450,5.0,5.0,11
175500,5.0,5.0,11
175550,5.0,5.0,11
175600,5.0,5.0,11
175650,5.0,5.0,11
175700,5.0,5.0,11
175750,5.0,5.0,11
175800,5.0,5.0,11
175850,5.0,5.0,11
175900,5.0,5.0,11
175950,5.0,5.0,11
176000,5.0,5.0,11
176050,5.0,5.0,11
176100,5.0,5.0,11
176150,5.0,5.0,11
176200,5.0,5.0,11
176250,5.0,5.0,11
176300,5.0,5.0,11
176350,5.0,5.0,11
176400,5.0,5.0,11
176450,5.0,5.0,11
176500,5.0,5.0,11
176550,5.0,5.0,11
176600,5.0,5.0,11
176650,5.0,5.0,11
176700,5.0,5.0,11
176750,5.0,5.0,11
176800,5.0,5.0,11
176850,5.0,5.0,11
176900,5.0,5.0,11
176950,5.0,5.0,11
177000,5.0,5.0,11
177050,5.0,5.0,11
177100,5.0,5.0,11
177150,5.0,5.0,11
177200,5.0,5.0,11
177250,5.0,5.0,11
177300,5.0,5.0,11
177350,5.0,5.0,11
177400,5.0,5.0,11
177450,5.0,5.0,11
177500,5.0,5.0,11
177550,5.0,5.0,11
177600,5.0,5.0,11
177650,5.0,5.0,11
177700,5.0,5.0,11
177750,5.0,5.0,11
177800,5.0,5.0,11
177850,5.0,5.0,11
177900,5.0,5.0,11
177950,5.0,5.0,11
178000,5.0,5.0,11
178050,5.0,5.0,11
178100,5.0,5.0,11
178150,5.0,5.0,11
178200,5.0,5.0,11
178250,5.0,5.0,11
178300,5.0,5.0,11
178350,5.0,5.0,11
178400,5.0,5.0,11
178450,5.0,5.0,11
178500,5.0,5.0,11
178550,5.0,5.0,11
178600,5.0,5.0,11
178650,5.0,5.0,11
178700,5.0,5.0,11
178750,5.0,5.0,11
178800,5.0,5.0,11
178850,5.0,5.0,11
178900,5.0,5.0,11
178950,5.0,5.0,11
179000,5.0,5.0,11
179050,5.0,5.0,11
179100,5.0,5.0,11
179150,5.0,5.0,11
179200,5.0,5.0,11
179250,5.0,5.0,11
179300,5.0,5.0,11
179350,5.0,5.0,11
179400,5.0,5.0,11
179450,5.0,5.0,11
179500,5.0,5.0,11
179550,5.0,5.0,11
179600,5.0,5.0,11
179650,5.0,5.0,11
179700,5.0,5.0,11
179750,5.0,5.0,11
179800,5.0,5.0,11
179850,5.0,5.0,11
179900,5.0,5.0,11
179950,5.0,5.0,11
180000,5.0,5.0,11
180050,5.0,5.0,11
180100,5.0,5.0,11
180150,5.0,5.0,11
180200,5.0,5.0,11
180250,5.0,5.0,11
180300,5.0,5.0,11
180350,5.0,5.0,11
180400,5.0,5.0,11
180450,5.0,5.0,11
180500,5.0,5.0,11
180550,5.0,5.0,11
180600,5.0,5.0,11
180650,5.0,5.0,11
180700,5.0,5.0,11
180750,5.0,5.0,11
180800,5.0,5.0,11
180850,5.0,5.0,11
180900,5.0,5.0,11
180950,5.0,5.0,11
181000,5.0,5.0,11
181050,5.0,5.0,11
181100,5.0,5.0,11
181150,5.0,5.0,11
181200,5.0,5.0,11
181250,5.0,5.0,11
181300,5.0,5.0,11
181350,5.0,5.0,11
181400,5.0,5.0,11
181450,5.0,5.0,11
181500,5.0,5.0,11
181550,5.0,5.0,11
181600,5.0,5.0,11
181650,5.0,5.0,11
181700,5.0,5.0,11
181750,5.0,5.0,11
181800,5.0,5.0,11
181850,5.0,5.0,11
181900,5.0,5.0,11
181950,5.0,5.0,11
182000,5.0,5.0,11
182050,5.0,5.0,11
182100,5.0,5.0,11
182150,5.0,5.0,11
182200,5.0,5.0,11
182250,5.0,5.0,11
182300,5.0,5.0,11
182350,5.0,5.0,11
182400,5.0,5.0,11
182450,5.0,5.0,11
182500,5.0,5.0,11
182550,5.0,5.0,11
182600,5.0,5.0,11
182650,5.0,5.0,11
182700,5.0,5.0,11
182750,5.0,5.0,11
182800,5.0,5.0,11
182850,5.0,5.0,11
182900,5.0,5.0,11
182950,5.0,5.0,11
183000,5.0,5.0,11
183050,5.0,5.0,11
183100,5.0,5.0,11
183150,5.0,5.0,11
183200,5.0,5.0,11
183250,5.0,5.0,11
183300,5.0,5.0,11
183350,5.0,5.0,11
183400,5.0,5.0,11
183450,5.0,5.0,11
183500,5.0,5.0,11
183550,5.0,5.0,11
183600,5.0,5.0,11
183650,5.0,5.0,11
183700,5.0,5.0,11
183750,5.0,5.0,11
183800,5.0,5.0,11
183850,5.0,5.0,11
183900,5.0,5.0,11
183950,5.0,5.0,11
184000,5.0,5.0,11
184050,5.0,5.0,11
184100,5.0,5.0,11
184150,5.0,5.0,11
184200,5.0,5.0,11
184250,5.0,5.0,11
184300,5.0,5.0,11
184350,5.0,5.0,11
184400,5.0,5.0,11
184450,5.0,5.0,11
184500,5.0,5.0,11
184550,5.0,5.0,11
184600,5.0,5.0,11
184650,5.0,5.0,11
184700,5.0,5.0,11
184750,5.0,5.0,11
184800,5.0,5.0,11
184850,5.0,5.0,11
184900,5.0,5.0,11
184950,5.0,5.0,11
185000,5.0,5.0,11
185050,5.0,5.0,11
185100,5.0,5.0,11
185150,5.0,5.0,11
185200,5.0,5.0,11
185250,5.0,5.0,11
185300,5.0,5.0,11
185350,5.0,5.0,11
185400,5.0,5.0,11
185450,5.0,5.0,11
185500,5.0,5.0,11
185550,5.0,5.0,11
185600,5.0,5.0,11
185650,5.0,5.0,11
185700,5.0,5.0,11
185750,5.0,5.0,11
185800,5.0,5.0,11
185850,5.0,5.0,11
185900,5.0,5.0,11
185950,5.0,5.0,11
186000,5.0,5.0,11
186050,5.0,5.0,11
186100,5.0,5.0,11
186150,5.0,5.0,11
186200,5.0,5.0,11
186250,5.0,5.0,11
186300,5.0,5.0,11
186350,5.0,5.0,11
186400,5.0,5.0,11
186450,5.0,5.0,11
186500,5.0,5.0,11
186550,5.0,5.0,11
186600,5.0,5.0,11
186650,5.0,5.0,11
186700,5.0,5.0,11
186750,5.0,5.0,11
186800,5.0,5.0,11
186850,5.0,5.0,11
186900,5.0,5.0,11
186950,5.0,5.0,11
187000,5.0,5.0,11
187050,5.0,5.0,11
187100,5.0,5.0,11
187150,5.0,5.0,11
187200,5.0,5.0,11
187250,5.0,5.0,11
187300,5.0,5.0,11
187350,5.0,5.0,11
187400,5.0,5.0,11
187450,5.0,5.0,11
187500,5.0,5.0,11
187550,5.0,5.0,11
187600,5.0,5.0,11
187650,5.0,5.0,11
187700,5.0,5.0,11
187750,5.0,5.0,11
187800,5.0,5.0,11
187850,5.0,5.0,11
187900,5.0,5.0,11
187950,5.0,5.0,11
188000,5.0,5.0,11
188050,5.0,5.0,11
188100,5.0,5.0,11
188150,5.0,5.0,11
188200,5.0,5.0,11
188250,5.0,5.0,11
188300,5.0,5.0,11
188350,5.0,5.0,11
188400,5.0,5.0,11
188450,5.0,5.0,11
188500,5.0,5.0,11
188550,5.0,5.0,11
188600,5.0,5.0,11
188650,5.0,5.0,11
188700,5.0,5.0,11
188750,5.0,5.0,11
188800,5.0,5.0,11
188850,5.0,5.0,11
188900,5.0,5.0,11
188950,5.0,5.0,11
189000,5.0,5.0,11
189050,5.0,5.0,11
189100,5.0,5.0,11
189150,5.0,5.0,11
189200,5.0,5.0,11
189250,5.0,5.0,11
189300,5.0,5.0,11
189350,5.0,5.0,11
189400,5.0,5.0,11
189450,5.0,5.0,11
189500,5.0,5.0,11
189550,5.0,5.0,11
189600,5.0,5.0,11
189650,5.0,5.0,11
189700,5.0,5.0,11
189750,5.0,5.0,11
189800,5.0,5.0,11
189850,5.0,5.0,11
189900,5.0,5.0,11
189950,5.0,5.0,11
190000,5.0,5.0,11
190050,5.0,5.0,11
190100,5.0,5.0,11
190150,5.0,5.0,11
190200,5.0,5.0,11
190250,5.0,5.0,11
190300,5.0,5.0,11
190350,5.0,5.0,11
190400,5.0,5.0,11
190450,5.0,5.0,11
190500,5.0,5.0,11
190550,5.0,5.0,11
190600,5.0,5.0,11
190650,5.0,5.0,11
190700,5.0,5.0,11
190750,5.0,5.0,11
190800,5.0,5.0,11
190850,5.0,5.0,11
190900,5.0,5.0,11
190950,5.0,5.0,11
191000,5.0,5.0,11
191050,5.0,5.0,11
191100,5.0,5.0,11
191150,5.0,5.0,11
191200,5.0,5.0,11
191250,5.0,5.0,11
191300,5.0,5.0,11
191350,5.0,5.0,11
191400,5.0,5.0,11
191450,5.0,5.0,11
191500,5.0,5.0,11
191550,5.0,5.0,11
191600,5.0,5.0,11
191650,5.0,5.0,11
191700,5.0,5.0,11
191750,5.0,5.0,11
191800,5.0,5.0,11
191850,5.0,5.0,11
191900,5.0,5.0,11
191950,5.0,5.0,11
192000,5.0,5.0,11
192050,5.0,5.0,11
192100,5.0,5.0,11
192150,5.0,5.0,11
192200,5.0,5.0,11
192250,5.0,5.0,11
192300,5.0,5.0,11
192350,5.0,5.0,11
192400,5.0,5.0,11
192450,5.0,5.0,11
192500,5.0,5.0,11
192550,5.0,5.0,11
192600,5.0,5.0,11
192650,5.0,5.0,11
192700,5.0,5.0,11
192750,5.0,5.0,11
192800,5.0,5.0,11
192850,5.0,5.0,11
192900,5.0,5.0,11
192950,5.0,5.0,11
193000,5.0,5.0,11
193050,5.0,5.0,11
193100,5.0,5.0,11
193150,5.0,5.0,11
193200,5.0,5.0,11
193250,5.0,5.0,11
193300,5.0,5.0,11
193350,5.0,5.0,11
193400,5.0,5.0,11
193450,5.0,5.0,11
193500,5.0,5.0,11
193550,5.0,5.0,11
193600,5.0,5.0,11
193650,5.0,5.0,11
193700,5.0,5.0,11
193750,5.0,5.0,11
193800,5.0,5.0,11
193850,5.0,5.0,11
193900,5.0,5.0,11
193950,5.0,5.0,11
194000,5.0,5.0,11
194050,5.0,5.0,11
194100,5.0,5.0,11
194150,5.0,5.0,11
194200,5.0,5.0,11
194250,5.0,5.0,11
194300,5.0,5.0,11
194350,5.0,5.0,11
194400,5.0,5.0,11
194450,5.0,5.0,11
194500,5.0,5.0,11
194550,5.0,5.0,11
194600,5.0,5.0,11
194650,5.0,5.0,11
194700,5.0,5.0,11
194750,5.0,5.0,11
194800,5.0,5.0,11
194850,5.0,5.0,11
194900,5.0,5.0,11
194950,5.0,5.0,11
195000,5.0,5.0,11
195050,5.0,5.0,11
195100,5.0,5.0,11
195150,5.0,5.0,11
195200,5.0,5.0,11
195250,5.0,5.0,11
195300,5.0,5.0,11
195350,5.0,5.0,11
195400,5.0,5.0,11
195450,5.0,5.0,11
195500,5.0,5.0,11
195550,5.0,5.0,11
195600,5.0,5.0,11
195650,5.0,5.0,11
195700,5.0,5.0,11
195750,5.0,5.0,11
195800,5.0,5.0,11
195850,5.0,5.0,11
195900,5.0,5.0,11
195950,5.0,5.0,11
196000,5.0,5.0,11
196050,5.0,5.0,11
196100,5.0,5.0,11
196150,5.0,5.0,11
196200,5.0,5.0,11
196250,5.0,5.0,11
196300,5.0,5.0,11
196350,5.0,5.0,11
196400,5.0,5.0,11
196450,5.0,5.0,11
196500,5.0,5.0,11
196550,5.0,5.0,11
196600,5.0,5.0,11
196650,5.0,5.0,11
196700,5.0,5.0,11
196750,5.0,5.0,11
196800,5.0,5.0,11
196850,5.0,5.0,11
196900,5.0,5.0,11
196950,5.0,5.0,11
197000,5.0,5.0,11
197050,5.0,5.0,11
197100,5.0,5.0,11
197150,5.0,5.0,11
197200,5.0,5.0,11
197250,5.0,5.0,11
197300,5.0,5.0,11
197350,5.0,5.0,11
197400,5.0,5.0,11
197450,5.0,5.0,11
197500,5.0,5.0,11
197550,5.0,5.0,11
197600,5.0,5.0,11
197650,5.0,5.0,11
197700,5.0,5.0,11
197750,5.0,5.0,11
197800,5.0,5.0,11
197850,5.0,5.0,11
197900,5.0,5.0,11
197950,5.0,5.0,11
198000,5.0,5.0,11
198050,5.0,5.0,11
198100,5.0,5.0,11
198150,5.0,5.0,11
198200,5.0,5.0,11
198250,5.0,5.0,11
198300,5.0,5.0,11
198350,5.0,5.0,11
198400,5.0,5.0,11
198450,5.0,5.0,11
198500,5.0,5.0,11
198550,5.0,5.0,11
198600,5.0,5.0,11
198650,5.0,5.0,11
198700,5.0,5.0,11
198750,5.0,5.0,11
198800,5.0,5.0,11
198850,5.0,5.0,11
198900,5.0,5.0,11
198950,5.0,5.0,11
199000,5.0,5.0,11
199050,5.0,5.0,11
199100,5.0,5.0,11
199150,5.0,5.0,11
199200,5.0,5.0,11
199250,5.0,5.0,11
199300,5.0,5.0,11
199350,5.0,5.0,11
199400,5.0,5.0,11
199450,5.0,5.0,11
199500,5.0,5.0,11
199550,5.0,5.0,11
199600,5.0,5.0,11
199650,5.0,5.0,11
199700,5.0,5.0,11
199750,5.0,5.0,11
199800,5.0,5.0,11
199850,5.0,5.0,11
199900,5.0,5.0,11
199950,5.0,5.0,11
200000,5.0,5.0,11
200050,5.0,5.0,11
200100,5.0,5.0,11
200150,5.0,5.0,11
200200,5.0,5.0,11
200250,5.0,5.0,11
200300,5.0,5.0,11
200350,5.0,5.0,11
200400,5.0,5.0,11
200450,5.0,5.0,11
200500,5.0,5.0,11
200550,5.0,5.0,11
200600,5.0,5.0,11
200650,5.0,5.0,11
200700,5.0,5.0,11
200750,5.0,5.0,11
200800,5.0,5.0,11
200850,5.0,5.0,11
200900,5.0,5.0,11
200950,5.0,5.0,11
201000,5.0,5.0,11
201050,5.0,5.0,11
201100,5.0,5.0,11
201150,5.0,5.0,11
201200,5.0,5.0,11
201250,5.0,5.0,11
201300,5.0,5.0,11
201350,5.0,5.0,11
201400,5.0,5.0,11
201450,5.0,5.0,11
201500,5.0,5.0,11
201550,5.0,5.0,11
201600,5.0,5.0,11
201650,5.0,5.0,11
201700,5.0,5.0,11
201750,5.0,5.0,11
201800,5.0,5.0,11
201850,5.0,5.0,11
201900,5.0,5.0,11
201950,5.0,5.0,11
202000,5.0,5.0,11
202050,5.0,5.0,11
202100,5.0,5.0,11
202150,5.0,5.0,11
202200,5.0,5.0,11
202250,5.0,5.0,11
202300,5.0,5.0,11
202350,5.0,5.0,11
202400,5.0,5.0,11
202450,5.0,5.0,11
202500,5.0,5.0,11
202550,5.0,5.0,11
202600,5.0,5.0,11
202650,5.0,5.0,11
202700,5.0,5.0,11
202750,5.0,5.0,11
202800,5.0,5.0,11
202850,5.0,5.0,11
202900,5.0,5.0,11
202950,5.0,5.0,11
203000,5.0,5.0,11
203050,5.0,5.0,11
203100,5.0,5.0,11
203150,5.0,5.0,11
203200,5.0,5.0,11
203250,5.0,5.0,11
203300,5.0,5.0,11
203350,5.0,5.0,11
203400,5.0,5.0,11
203450,5.0,5.0,11
203500,5.0,5.0,11
203550,5.0,5.0,11
203600,5.0,5.0,11
203650,5.0,5.0,11
203700,5.0,5.0,11
203750,5.0,5.0,11
203800,5.0,5.0,11
203850,5.0,5.0,11
203900,5.0,5.0,11
203950,5.0,5.0,11
204000,5.0,5.0,11
204050,5.0,5.0,11
204100,5.0,5.0,11
204150,5.0,5.0,11
204200,5.0,5.0,11
204250,5.0,5.0,11
204300,5.0,5.0,11
204350,5.0,5.0,11
204400,5.0,5.0,11
204450,5.0,5.0,11
204500,5.0,5.0,11
204550,5.0,5.0,11
204600,5.0,5.0,11
204650,5.0,5.0,11
204700,5.0,5.0,11
204750,5.0,5.0,11
204800,5.0,5.0,11
204850,5.0,5.0,11
204900,5.0,5.0,11
204950,5.0,5.0,11
205000,5.0,5.0,11
205050,5.0,5.0,11
205100,5.0,5.0,11
205150,5.0,5.0,11
205200,5.0,5.0,11
205250,5.0,5.0,11
205300,5.0,5.0,11
205350,5.0,5.0,11
205400,5.0,5.0,11
205450,5.0,5.0,11
205500,5.0,5.0,11
205550,5.0,5.0,11
205600,5.0,5.0,11
205650,5.0,5.0,11
205700,5.0,5.0,11
205750,5.0,5.0,11
205800,5.0,5.0,11
205850,5.0,5.0,11
205900,5.0,5.0,11
205950,5.0,5.0,11
206000,5.0,5.0,11
206050,5.0,5.0,11
206100,5.0,5.0,11
206150,5.0,5.0,11
206200,5.0,5.0,11
206250,5.0,5.0,11
206300,5.0,5.0,11
206350,5.0,5.0,11
206400,5.0,5.0,11
206450,5.0,5.0,11
206500,5.0,5.0,11
206550,5.0,5.0,11
206600,5.0,5.0,11
206650,5.0,5.0,11
206700,5.0,5.0,11
206750,5.0,5.0,11
206800,5.0,5.0,11
206850,5.0,5.0,11
206900,5.0,5.0,11
206950,5.0,5.0,11
207000,5.0,5.0,11
207050,5.0,5.0,11
207100,5.0,5.0,11
207150,5.0,5.0,11
207200,5.0,5.0,11
207250,5.0,5.0,11
207300,5.0,5.0,11
207350,5.0,5.0,11
207400,5.0,5.0,11
207450,5.0,5.0,11
207500,5.0,5.0,11
207550,5.0,5.0,11
207600,5.0,5.0,11
207650,5.0,5.0,11
207700,5.0,5.0,11
207750,5.0,5.0,11
207800,5.0,5.0,11
207850,5.0,5.0,11
207900,5.0,5.0,11
207950,5.0,5.0,11
208000,5.0,5.0,11
208050,5.0,5.0,11
208100,5.0,5.0,11
208150,5.0,5.0,11
208200,5.0,5.0,11
208250,5.0,5.0,11
208300,5.0,5.0,11
208350,5.0,5.0,11
208400,5.0,5.0,11
208450,5.0,5.0,11
208500,5.0,5.0,11
208550,5.0,5.0,11
208600,5.0,5.0,11
208650,5.0,5.0,11
208700,5.0,5.0,11
208750,5.0,5.0,11
208800,5.0,5.0,11
208850,5.0,5.0,11
208900,5.0,5.0,11
208950,5.0,5.0,11
209000,5.0,5.0,11
209050,5.0,5.0,11
209100,5.0,5.0,11
209150,5.0,5.0,11
209200,5.0,5.0,11
209250,5.0,5.0,11
209300,5.0,5.0,11
209350,5.0,5.0,11
209400,5.0,5.0,11
209450,5.0,5.0,11
209500,5.0,5.0,11
209550,5.0,5.0,11
209600,5.0,5.0,11
209650,5.0,5.0,11
209700,5.0,5.0,11
209750,5.0,5.0,11
209800,5.0,5.0,11
209850,5.0,5.0,11
209900,5.0,5.0,11
209950,5.0,5.0,11
210000,5.0,5.0,11
210050,5.0,5.0,11
210100,5.0,5.0,11
210150,5.0,5.0,11
210200,5.0,5.0,11
210250,5.0,5.0,11
210300,5.0,5.0,11
210350,5.0,5.0,11
210400,5.0,5.0,11
210450,5.0,5.0,11
210500,5.0,5.0,11
210550,5.0,5.0,11
210600,5.0,5.0,11
210650,5.0,5.0,11
210700,5.0,5.0,11
210750,5.0,5.0,11
210800,5.0,5.0,11
210850,5.0,5.0,11
210900,5.0,5.0,11
210950,5.0,5.0,11
211000,5.0,5.0,11
211050,5.0,5.0,11
211100,5.0,5.0,11
211150,5.0,5.0,11
211200,5.0,5.0,11
211250,5.0,5.0,11
211300,5.0,5.0,11
211350,5.0,5.0,11
211400,5.0,5.0,11
211450,5.0,5.0,11
211500,5.0,5.0,11
211550,5.0,5.0,11
211600,5.0,5.0,11
211650,5.0,5.0,11
211700,5.0,5.0,11
211750,5.0,5.0,11
211800,5.0,5.0,11
211850,5.0,5.0,11
211900,5.0,5.0,11
211950,5.0,5.0,11
212000,5.0,5.0,11
212050,5.0,5.0,11
212100,5.0,5.0,11
212150,5.0,5.0,11
212200,5.0,5.0,11
212250,5.0,5.0,11
212300,5.0,5.0,11
212350,5.0,5.0,11
212400,5.0,5.0,11
212450,5.0,5.0,11
212500,5.0,5.0,11
212550,5.0,5.0,11
212600,5.0,5.0,11
212650,5.0,5.0,11
212700,5.0,5.0,11
212750,5.0,5.0,11
212800,5.0,5.0,11
212850,5.0,5.0,11
212900,5.0,5.0,11
212950,5.0,5.0,11
213000,5.0,5.0,11
213050,5.0,5.0,11
213100,5.0,5.0,11
213150,5.0,5.0,11
213200,5.0,5.0,11
213250,5.0,5.0,11
213300,5.0,5.0,11
213350,5.0,5.0,11
213400,5.0,5.0,11
213450,5.0,5.0,11
213500,5.0,5.0,11
213550,5.0,5.0,11
213600,5.0,5.0,11
213650,5.0,5.0,11
213700,5.0,5.0,11
213750,5.0,5.0,11
213800,5.0,5.0,11
213850,5.0,5.0,11
213900,5.0,5.0,11
213950,5.0,5.0,11
214000,5.0,5.0,11
214050,5.0,5.0,11
214100,5.0,5.0,11
214150,5.0,5.0,11
214200,5.0,5.0,11
214250,5.0,5.0,11
214300,5.0,5.0,11
214350,5.0,5.0,11
214400,5.0,5.0,11
214450,5.0,5.0,11
214500,5.0,5.0,11
214550,5.0,5.0,11
214600,5.0,5.0,11
214650,5.0,5.0,11
214700,5.0,5.0,11
214750,5.0,5.0,11
214800,5.0,5.0,11
214850,5.0,5.0,11
214900,5.0,5.0,11
214950,5.0,5.0,11
215000,5.0,5.0,11
215050,5.0,5.0,11
215100,5.0,5.0,11
215150,5.0,5.0,11
215200,5.0,5.0,11
215250,5.0,5.0,11
215300,5.0,5.0,11
215350,5.0,5.0,11
215400,5.0,5.0,11
215450,5.0,5.0,11
215500,5.0,5.0,11
215550,5.0,5.0,11
215600,5.0,5.0,11
215650,5.0,5.0,11
215700,5.0,5.0,11
215750,5.0,5.0,11
215800,5.0,5.0,11
215850,5.0,5.0,11
215900,5.0,5.0,11
215950,5.0,5.0,11
216000,5.0,5.0,11
216050,5.0,5.0,11
216100,5.0,5.0,11
216150,5.0,5.0,11
216200,5.0,5.0,11
216250,5.0,5.0,11
216300,5.0,5.0,11
216350,5.0,5.0,11
216400,5.0,5.0,11
216450,5.0,5.0,11
216500,5.0,5.0,11
216550,5.0,5.0,11
216600,5.0,5.0,11
216650,5.0,5.0,11
216700,5.0,5.0,11
216750,5.0,5.0,11
216800,5.0,5.0,11
216850,5.0,5.0,11
216900,5.0,5.0,11
216950,5.0,5.0,11
217000,5.0,5.0,11
217050,5.0,5.0,11
217100,5.0,5.0,11
217150,5.0,5.0,11
217200,5.0,5.0,11
217250,5.0,5.0,11
217300,5.0,5.0,11
217350,5.0,5.0,11
217400,5.0,5.0,11
217450,5.0,5.0,11
217500,5.0,5.0,11
217550,5.0,5.0,11
217600,5.0,5.0,11
217650,5.0,5.0,11
217700,5.0,5.0,11
217750,5.0,5.0,11
217800,5.0,5.0,11
217850,5.0,5.0,11
217900,5.0,5.0,11
217950,5.0,5.0,11
218000,5.0,5.0,11
218050,5.0,5.0,11
218100,5.0,5.0,11
218150,5.0,5.0,11
218200,5.0,5.0,11
218250,5.0,5.0,11
218300,5.0,5.0,11
218350,5.0,5.0,11
218400,5.0,5.0,11
218450,5.0,5.0,11
218500,5.0,5.0,11
218550,5.0,5.0,11
218600,5.0,5.0,11
218650,5.0,5.0,11
218700,5.0,5.0,11
218750,5.0,5.0,11
218800,5.0,5.0,11
218850,5.0,5.0,11
218900,5.0,5.0,11
218950,5.0,5.0,11
219000,5.0,5.0,11
219050,5.0,5.0,11
219100,5.0,5.0,11
219150,5.0,5.0,11
219200,5.0,5.0,11
219250,5.0,5.0,11
219300,5.0,5.0,11
219350,5.0,5.0,11
219400,5.0,5.0,11
219450,5.0,5.0,11
219500,5.0,5.0,11
219550,5.0,5.0,11
219600,5.0,5.0,11
219650,5.0,5.0,11
219700,5.0,5.0,11
219750,5.0,5.0,11
219800,5.0,5.0,11
219850,5.0,5.0,11
219900,5.0,5.0,11
219950,5.0,5.0,11
220000,5.0,5.0,11
220050,5.0,5.0,11
220100,5.0,5.0,11
220150,5.0,5.0,11
220200,5.0,5.0,11
220250,5.0,5.0,11
220300,5.0,5.0,11
220350,5.0,5.0,11
220400,5.0,5.0,11
220450,5.0,5.0,11
220500,5.0,5.0,11
220550,5.0,5.0,11
220600,5.0,5.0,11
220650,5.0,5.0,11
220700,5.0,5.0,11
220750,5.0,5.0,11
220800,5.0,5.0,11
220850,5.0,5.0,11
220900,5.0,5.0,11
220950,5.0,5.0,11
221000,5.0,5.0,11
221050,5.0,5.0,11
221100,5.0,5.0,11
221150,5.0,5.0,11
221200,5.0,5.0,11
221250,5.0,5.0,11
221300,5.0,5.0,11
221350,5.0,5.0,11
221400,5.0,5.0,11
221450,5.0,5.0,11
221500,5.0,5.0,11
221550,5.0,5.0,3
221600,5.0,5.0,3
221650,5.0,5.0,3
221700,5.0,5.0,3
221750,5.0,5.0,3
221800,5.0,5.0,3
221850,5.0,5.0,3
221900,5.0,5.0,3
221950,5.0,5.0,3
222000,5.0,5.0,3
222050,5.0,5.0,3
222100,5.0,5.0,3
222150,5.0,5.0,3
222200,5.0,5.0,3
222250,5.0,5.0,3
222300,5.0,5.0,3
222350,5.0,5.0,3
222400,5.0,5.0,3
222450,5.0,5.0,3
222500,5.0,5.0,3
222550,5.0,5.0,3
222600,5.0,5.0,3
222650,5.0,5.0,3
222700,5.0,5.0,3
222750,5.0,5.0,3
222800,5.0,5.0,3
222850,5.0,5.0,3
222900,5.0,5.0,3
222950,5.0,5.0,3
223000,5.0,5.0,3
223050,5.0,5.0,3
223100,5.0,5.0,3
223150,5.0,5.0,3
223200,5.0,5.0,3
223250,5.0,5.0,3
223300,5.0,5.0,3
223350,5.0,5.0,3
223400,5.0,5.0,3
223450,5.0,5.0,3
223500,5.0,5.0,3
223550,5.0,5.0,3
223600,5.0,5.0,3
223650,5.0,5.0,3
223700,5.0,5.0,3
223750,5.0,5.0,3
223800,5.0,5.0,3
223850,5.0,5.0,3
223900,5.0,5.0,3
223950,5.0,5.0,3
224000,5.0,5.0,3
224050,5.0,5.0,3
224100,5.0,5.0,3
224150,5.0,5.0,3
224200,5.0,5.0,3
224250,5.0,5.0,3
224300,5.0,5.0,3
224350,5.0,5.0,3
224400,5.0,5.0,3
224450,5.0,5.0,3
224500,5.0,5.0,3
224550,5.0,5.0,3
224600,5.0,5.0,3
224650,5.0,5.0,3
224700,5.0,5.0,3
224750,5.0,5.0,3
224800,5.0,5.0,3
224850,5.0,5.0,3
224900,5.0,5.0,3
224950,5.0,5.0,3
225000,5.0,5.0,3
225050,5.0,5.0,3
225100,5.0,5.0,3
225150,5.0,5.0,3
225200,5.0,5.0,3
225250,5.0,5.0,3
225300,5.0,5.0,3
225350,5.0,5.0,3
225400,5.0,5.0,3
225450,5.0,5.0,3
225500,5.0,5.0,3
225550,5.0,5.0,3
225600,5.0,5.0,3
225650,5.0,5.0,3
225700,5.0,5.0,3
225750,5.0,5.0,3
225800,5.0,5.0,3
225850,5.0,5.0,3
225900,5.0,5.0,3
225950,5.0,5.0,3
226000,5.0,5.0,3
226050,5.0,5.0,3
226100,5.0,5.0,3
226150,5.0,5.0,3
226200,5.0,5.0,3
226250,5.0,5.0,3
226300,5.0,5.0,3
226350,5.0,5.0,3
226400,5.0,5.0,3
226450,5.0,5.0,3
226500,5.0,5.0,3
226550,5.0,5.0,3
226600,5.0,5.0,3
226650,5.0,5.0,3
226700,5.0,5.0,3
226750,5.0,5.0,3
226800,5.0,5.0,3
226850,5.0,5.0,3
226900,5.0,5.0,3
226950,5.0,5.0,3
227000,5.0,5.0,3
227050,5.0,5.0,3
227100,5.0,5.0,3
227150,5.0,5.0,3
227200,5.0,5.0,3
227250,5.0,5.0,3
227300,5.0,5.0,3
227350,5.0,5.0,3
227400,5.0,5.0,3
227450,5.0,5.0,3
227500,5.0,5.0,3
227550,5.0,5.0,3
227600,5.0,5.0,3
227650,5.0,5.0,3
227700,5.0,5.0,3
227750,5.0,5.0,3
227800,5.0,5.0,3
227850,5.0,5.0,3
227900,5.0,5.0,3
227950,5.0,5.0,3
228000,5.0,5.0,3
228050,5.0,5.0,3
228100,5.0,5.0,3
228150,5.0,5.0,3
228200,5.0,5.0,3
228250,5.0,5.0,3
228300,5.0,5.0,3
228350,5.0,5.0,3
228400,5.0,5.0,3
228450,5.0,5.0,3
228500,5.0,5.0,3
228550,5.0,5.0,3
228600,5.0,5.0,3
228650,5.0,5.0,3
228700,5.0,5.0,3
228750,5.0,5.0,3
228800,5.0,5.0,3
228850,5.0,5.0,3
228900,5.0,5.0,3
228950,5.0,5.0,3
229000,5.0,5.0,3
229050,5.0,5.0,3
229100,5.0,5.0,3
229150,5.0,5.0,3
229200,5.0,5.0,3
229250,5.0,5.0,3
229300,5.0,5.0,3
229350,5.0,5.0,3
229400,5.0,5.0,3
229450,5.0,5.0,3
229500,5.0,5.0,3
229550,5.0,5.0,3
229600,5.0,5.0,3
229650,5.0,5.0,3
229700,5.0,5.0,3
229750,5.0,5.0,3
229800,5.0,5.0,3
229850,5.0,5.0,3
229900,5.0,5.0,3
229950,5.0,5.0,3
230000,5.0,5.0,3
230050,5.0,5.0,3
230100,5.0,5.0,3
230150,5.0,5.0,3
230200,5.0,5.0,3
230250,5.0,5.0,3
230300,5.0,5.0,3
230350,5.0,5.0,3
230400,5.0,5.0,3
230450,5.0,5.0,3
230500,5.0,5.0,3
230550,5.0,5.0,3
230600,5.0,5.0,3
230650,5.0,5.0,3
230700,5.0,5.0,3
230750,5.0,5.0,3
230800,5.0,5.0,3
230850,5.0,5.0,3
230900,5.0,5.0,3
230950,5.0,5.0,3
231000,5.0,5.0,3
231050,5.0,5.0,3
231100,5.0,5.0,3
231150,5.0,5.0,3
231200,5.0,5.0,3
231250,5.0,5.0,3
231300,5.0,5.0,3
231350,5.0,5.0,3
231400,5.0,5.0,3
231450,5.0,5.0,3
231500,5.0,5.0,3
231550,5.0,5.0,3
231600,5.0,5.0,3
231650,5.0,5.0,3
231700,5.0,5.0,3
231750,5.0,5.0,3
231800,5.0,5.0,3
231850,5.0,5.0,3
231900,5.0,5.0,3
231950,5.0,5.0,3
232000,5.0,5.0,3
232050,5.0,5.0,3
232100,5.0,5.0,3
232150,5.0,5.0,3
232200,5.0,5.0,3
232250,5.0,5.0,3
232300,5.0,5.0,3
232350,5.0,5.0,3
232400,5.0,5.0,3
232450,5.0,5.0,3
232500,5.0,5.0,3
232550,5.0,5.0,3
232600,5.0,5.0,3
232650,5.0,5.0,3
232700,5.0,5.0,3
232750,5.0,5.0,3
232800,5.0,5.0,3
232850,5.0,5.0,3
232900,5.0,5.0,3
232950,5.0,5.0,3
233000,5.0,5.0,3
233050,5.0,5.0,3
233100,5.0,5.0,3
233150,5.0,5.0,3
233200,5.0,5.0,3
233250,5.0,5.0,3
233300,5.0,5.0,3
233350,5.0,5.0,3
233400,5.0,5.0,3
233450,5.0,5.0,3
233500,5.0,5.0,3
233550,5.0,5.0,3
233600,5.0,5.0,3
233650,5.0,5.0,3
233700,5.0,5.0,3
233750,5.0,5.0,3
233800,5.0,5.0,3
233850,5.0,5.0,3
233900,5.0,5.0,3
233950,5.0,5.0,3
234000,5.0,5.0,3
234050,5.0,5.0,3
234100,5.0,5.0,3
234150,5.0,5.0,3
234200,5.0,5.0,3
234250,5.0,5.0,3
234300,5.0,5.0,3
234350,5.0,5.0,3
234400,5.0,5.0,3
234450,5.0,5.0,3
234500,5.0,5.0,3
234550,5.0,5.0,3
234600,5.0,5.0,3
234650,5.0,5.0,3
234700,5.0,5.0,3
234750,5.0,5.0,3
234800,5.0,5.0,3
234850,5.0,5.0,3
234900,5.0,5.0,3
234950,5.0,5.0,3
235000,5.0,5.0,3
235050,5.0,5.0,3
235100,5.0,5.0,3
235150,5.0,5.0,3
235200,5.0,5.0,3
235250,5.0,5.0,3
235300,5.0,5.0,3
235350,5.0,5.0,3
235400,5.0,5.0,3
235450,5.0,5.0,3
235500,5.0,5.0,3
235550,5.0,5.0,3
235600,5.0,5.0,3
235650,5.0,5.0,3
235700,5.0,5.0,3
235750,5.0,5.0,3
235800,5.0,5.0,3
235850,5.0,5.0,3
235900,5.0,5.0,3
235950,5.0,5.0,3
236000,5.0,5.0,3
236050,5.0,5.0,3
236100,5.0,5.0,3
236150,5.0,5.0,3
236200,5.0,5.0,3
236250,5.0,5.0,3
236300,5.0,5.0,3
236350,5.0,5.0,3
236400,5.0,5.0,3
236450,5.0,5.0,3
236500,5.0,5.0,3
236550,5.0,5.0,3
236600,5.0,5.0,3
236650,5.0,5.0,3
236700,5.0,5.0,3
236750,5.0,5.0,3
236800,5.0,5.0,3
236850,5.0,5.0,3
236900,5.0,5.0,3
236950,5.0,5.0,3
237000,5.0,5.0,3
237050,5.0,5.0,3
237100,5.0,5.0,3
237150,5.0,5.0,3
237200,5.0,5.0,3
237250,5.0,5.0,3
237300,5.0,5.0,3
237350,5.0,5.0,3
237400,5.0,5.0,3
237450,5.0,5.0,3
237500,5.0,5.0,3
237550,5.0,5.0,3
237600,5.0,5.0,3
237650,5.0,5.0,3
237700,5.0,5.0,3
237750,5.0,5.0,3
237800,5.0,5.0,3
237850,5.0,5.0,3
237900,5.0,5.0,3
237950,5.0,5.0,3
238000,5.0,5.0,3
238050,5.0,5.0,3
238100,5.0,5.0,3
238150,5.0,5.0,3
238200,5.0,5.0,3
238250,5.0,5.0,3
238300,5.0,5.0,3
238350,5.0,5.0,3
238400,5.0,5.0,3
238450,5.0,5.0,3
238500,5.0,5.0,3
238550,5.0,5.0,3
238600,5.0,5.0,3
238650,5.0,5.0,3
238700,5.0,5.0,3
238750,5.0,5.0,3
238800,5.0,5.0,3
238850,5.0,5.0,3
238900,5.0,5.0,3
238950,5.0,5.0,3
239000,5.0,5.0,3
239050,5.0,5.0,3
239100,5.0,5.0,3
239150,5.0,5.0,3
239200,5.0,5.0,3
239250,5.0,5.0,3
239300,5.0,5.0,3
239350,5.0,5.0,3
239400,5.0,5.0,3
239450,5.0,5.0,3
239500,5.0,5.0,3
239550,5.0,5.0,3
239600,5.0,5.0,3
239650,5.0,5.0,3
239700,5.0,5.0,3
239750,5.0,5.0,3
239800,5.0,5.0,3
239850,5.0,5.0,3
239900,5.0,5.0,3
239950,5.0,5.0,3
240000,5.0,5.0,3
240050,5.0,5.0,3
240100,5.0,5.0,3
240150,5.0,5.0,3
240200,5.0,5.0,3
240250,5.0,5.0,3
240300,5.0,5.0,3
240350,5.0,5.0,3
240400,5.0,5.0,3
240450,5.0,5.0,3
240500,5.0,5.0,3
240550,5.0,5.0,3
240600,5.0,5.0,3
240650,5.0,5.0,3
240700,5.0,5.0,3
240750,5.0,5.0,3
240800,5.0,5.0,3
240850,5.0,5.0,3
240900,5.0,5.0,3
240950,5.0,5.0,3
241000,5.0,5.0,3
241050,5.0,5.0,3
241100,5.0,5.0,3
241150,5.0,5.0,3
241200,5.0,5.0,3
241250,5.0,5.0,3
241300,5.0,5.0,3
241350,5.0,5.0,3
241400,5.0,5.0,3
241450,5.0,5.0,3
241500,5.0,5.0,3
241550,5.0,5.0,3
241600,5.0,5.0,3
241650,5.0,5.0,3
241700,5.0,5.0,3
241750,5.0,5.0,3
241800,5.0,5.0,3
241850,5.0,5.0,3
241900,5.0,5.0,3
241950,5.0,5.0,3
242000,5.0,5.0,3
242050,5.0,5.0,3
242100,5.0,5.0,3
242150,5.0,5.0,3
242200,5.0,5.0,3
242250,5.0,5.0,3
242300,5.0,5.0,3
242350,5.0,5.0,3
242400,5.0,5.0,3
242450,5.0,5.0,3
242500,5.0,5.0,3
242550,5.0,5.0,3
242600,5.0,5.0,3
242650,5.0,5.0,3
242700,5.0,5.0,3
242750,5.0,5.0,3
242800,5.0,5.0,3
242850,5.0,5.0,3
242900,5.0,5.0,3
242950,5.0,5.0,3
243000,5.0,5.0,3
243050,5.0,5.0,3
243100,5.0,5.0,3
243150,5.0,5.0,3
243200,5.0,5.0,3
243250,5.0,5.0,3
243300,5.0,5.0,3
243350,5.0,5.0,3
243400,5.0,5.0,3
243450,5.0,5.0,3
243500,5.0,5.0,3
243550,5.0,5.0,3
243600,5.0,5.0,3
243650,5.0,5.0,3
243700,5.0,5.0,3
243750,5.0,5.0,3
243800,5.0,5.0,3
243850,5.0,5.0,3
243900,5.0,5.0,3
243950,5.0,5.0,3
244000,5.0,5.0,3
244050,5.0,5.0,3
244100,5.0,5.0,3
244150,5.0,5.0,3
244200,5.0,5.0,3
244250,5.0,5.0,3
244300,5.0,5.0,3
244350,5.0,5.0,3
244400,5.0,5.0,3
244450,5.0,5.0,3
244500,5.0,5.0,3
244550,5.0,5.0,3
244600,5.0,5.0,3
244650,5.0,5.0,3
244700,5.0,5.0,3
244750,5.0,5.0,3
244800,5.0,5.0,3
244850,5.0,5.0,3
244900,5.0,5.0,3
244950,5.0,5.0,3
245000,5.0,5.0,3
245050,5.0,5.0,3
245100,5.0,5.0,3
245150,5.0,5.0,3
245200,5.0,5.0,3
245250,5.0,5.0,3
245300,5.0,5.0,3
245350,5.0,5.0,3
245400,5.0,5.0,3
245450,5.0,5.0,3
245500,5.0,5.0,3
245550,5.0,5.0,3
245600,5.0,5.0,3
245650,5.0,5.0,3
245700,5.0,5.0,3
245750,5.0,5.0,3
245800,5.0,5.0,3
245850,5.0,5.0,3
245900,5.0,5.0,3
245950,5.0,5.0,3
246000,5.0,5.0,3
246050,5.0,5.0,3
246100,5.0,5.0,3
246150,5.0,5.0,3
246200,5.0,5.0,3
246250,5.0,5.0,3
246300,5.0,5.0,3
246350,5.0,5.0,3
246400,5.0,5.0,3
246450,5.0,5.0,3
246500,5.0,5.0,3
246550,5.0,5.0,3
246600,5.0,5.0,3
246650,5.0,5.0,3
246700,5.0,5.0,3
246750,5.0,5.0,3
246800,5.0,5.0,3
246850,5.0,5.0,3
246900,5.0,5.0,3
246950,5.0,5.0,3
247000,5.0,5.0,3
247050,5.0,5.0,3
247100,5.0,5.0,3
247150,5.0,5.0,3
247200,5.0,5.0,3
247250,5.0,5.0,3
247300,5.0,5.0,3
247350,5.0,5.0,3
247400,5.0,5.0,3
247450,5.0,5.0,3
247500,5.0,5.0,3
247550,5.0,5.0,3
247600,5.0,5.0,3
247650,5.0,5.0,3
247700,5.0,5.0,3
247750,5.0,5.0,3
247800,5.0,5.0,3
247850,5.0,5.0,3
247900,5.0,5.0,3
247950,5.0,5.0,3
248000,5.0,5.0,3
248050,5.0,5.0,3
248100,5.0,5.0,3
248150,5.0,5.0,3
248200,5.0,5.0,3
248250,5.0,5.0,3
248300,5.0,5.0,3
248350,5.0,5.0,3
248400,5.0,5.0,3
248450,5.0,5.0,3
248500,5.0,5.0,3
248550,5.0,5.0,3
248600,5.0,5.0,3
248650,5.0,5.0,3
248700,5.0,5.0,3
248750,5.0,5.0,3
248800,5.0,5.0,3
248850,5.0,5.0,3
248900,5.0,5.0,3
248950,5.0,5.0,3
249000,5.0,5.0,3
249050,5.0,5.0,3
249100,5.0,5.0,3
249150,5.0,5.0,3
249200,5.0,5.0,3
249250,5.0,5.0,3
249300,5.0,5.0,3
249350,5.0,5.0,3
249400,5.0,5.0,3
249450,5.0,5.0,3
249500,5.0,5.0,3
249550,5.0,5.0,3
249600,5.0,5.0,3
249650,5.0,5.0,3
249700,5.0,5.0,3
249750,5.0,5.0,3
249800,5.0,5.0,3
249850,5.0,5.0,3
249900,5.0,5.0,3
249950,5.0,5.0,3
250000,5.0,5.0,3
250050,5.0,5.0,3
250100,5.0,5.0,3
250150,5.0,5.0,3
250200,5.0,5.0,3
250250,5.0,5.0,3
250300,5.0,5.0,3
250350,5.0,5.0,3
250400,5.0,5.0,3
250450,5.0,5.0,3
250500,5.0,5.0,3
250550,5.0,5.0,3
250600,5.0,5.0,3
250650,5.0,5.0,3
250700,5.0,5.0,3
250750,5.0,5.0,3
250800,5.0,5.0,3
250850,5.0,5.0,3
250900,5.0,5.0,3
250950,5.0,5.0,3
251000,5.0,5.0,3
251050,5.0,5.0,3
251100,5.0,5.0,3
251150,5.0,5.0,3
251200,5.0,5.0,3
251250,5.0,5.0,3
251300,5.0,5.0,3
251350,5.0,5.0,3
251400,5.0,5.0,3
251450,5.0,5.0,3
251500,5.0,5.0,3
251550,5.0,5.0,3
251600,5.0,5.0,3
251650,5.0,5.0,3
251700,5.0,5.0,3
251750,5.0,5.0,3
251800,5.0,5.0,3
251850,5.0,5.0,3
251900,5.0,5.0,3
251950,5.0,5.0,3
252000,5.0,5.0,3
252050,5.0,5.0,3
252100,5.0,5.0,3
252150,5.0,5.0,3
252200,5.0,5.0,3
252250,5.0,5.0,3
252300,5.0,5.0,3
252350,5.0,5.0,3
252400,5.0,5.0,3
252450,5.0,5.0,3
252500,5.0,5.0,3
252550,5.0,5.0,3
252600,5.0,5.0,3
252650,5.0,5.0,3
252700,5.0,5.0,3
252750,5.0,5.0,3
252800,5.0,5.0,3
252850,5.0,5.0,3
252900,5.0,5.0,3
252950,5.0,5.0,3
253000,5.0,5.0,3
253050,5.0,5.0,3
253100,5.0,5.0,3
253150,5.0,5.0,3
253200,5.0,5.0,3
253250,5.0,5.0,3
253300,5.0,5.0,3
253350,5.0,5.0,3
253400,5.0,5.0,3
253450,5.0,5.0,3
253500,5.0,5.0,3
253550,5.0,5.0,3
253600,5.0,5.0,3
253650,5.0,5.0,3
253700,5.0,5.0,3
253750,5.0,5.0,3
253800,5.0,5.0,3
253850,5.0,5.0,3
253900,5.0,5.0,3
253950,5.0,5.0,3
254000,5.0,5.0,3
254050,5.0,5.0,3
254100,5.0,5.0,3
254150,5.0,5.0,3
254200,5.0,5.0,3
254250,5.0,5.0,3
254300,5.0,5.0,3
254350,5.0,5.0,3
254400,5.0,5.0,3
254450,5.0,5.0,3
254500,5.0,5.0,3
254550,5.0,5.0,3
254600,5.0,5.0,3
254650,5.0,5.0,3
254700,5.0,5.0,3
254750,5.0,5.0,3
254800,5.0,5.0,3
254850,5.0,5.0,3
254900,5.0,5.0,3
254950,5.0,5.0,3
255000,5.0,5.0,3
255050,5.0,5.0,3
255100,5.0,5.0,3
255150,5.0,5.0,3
255200,5.0,5.0,3
255250,5.0,5.0,3
255300,5.0,5.0,3
255350,5.0,5.0,3
255400,5.0,5.0,3
255450,5.0,5.0,3
255500,5.0,5.0,3
255550,5.0,5.0,3
255600,5.0,5.0,3
255650,5.0,5.0,3
255700,5.0,5.0,3
255750,5.0,5.0,3
255800,5.0,5.0,3
255850,5.0,5.0,3
255900,5.0,5.0,3
255950,5.0,5.0,3
256000,5.0,5.0,3
256050,5.0,5.0,3
256100,5.0,5.0,3
256150,5.0,5.0,3
256200,5.0,5.0,3
256250,5.0,5.0,3
256300,5.0,5.0,3
256350,5.0,5.0,3
256400,5.0,5.0,3
256450,5.0,5.0,3
256500,5.0,5.0,3
256550,5.0,5.0,3
256600,5.0,5.0,3
256650,5.0,5.0,3
256700,5.0,5.0,3
256750,5.0,5.0,3
256800,5.0,5.0,3
256850,5.0,5.0,3
256900,5.0,5.0,3
256950,5.0,5.0,3
257000,5.0,5.0,3
257050,5.0,5.003,3
257100,5.0,5.019,3
257150,5.0,5.044,3
257200,5.0,5.061,3
257250,5.0,5.073,3
257300,5.0,5.084,3
257350,5.0,5.084,3
257400,5.0,5.084,3
257450,5.0,5.084,3
257500,5.0,5.084,3
257550,5.0,5.084,3
257600,5.0,5.084,3
257650,5.0,5.084,3
257700,5.0,5.084,3
257750,5.0,5.084,3
257800,5.0,5.084,3
257850,5.0,5.084,3
257900,5.0,5.084,3
257950,5.0,5.084,3
258000,5.0,5.084,3
258050,5.0,5.084,3
258100,5.0,5.084,3
258150,5.0,5.084,3
258200,5.0,5.084,3
258250,5.0,5.084,3
258300,5.0,5.084,3
258350,5.0,5.084,3
258400,5.0,5.084,3
258450,5.0,5.084,3
258500,5.0,5.084,3
258550,5.0,5.084,3
258600,5.0,5.084,3
258650,5.0,5.084,3
258700,5.0,5.084,3
258750,5.0,5.084,3
258800,5.0,5.084,3
258850,5.0,5.084,3
258900,5.0,5.084,3
258950,5.0,5.086,3
259000,5.0,5.094,3
259050,5.0,5.097,3
259100,5.0,5.102,3
259150,5.0,5.105,3
259200,5.0,5.105,3
259250,5.0,5.106,3
259300,5.0,5.106,3
259350,5.0,5.106,3
259400,5.0,5.106,3
259450,5.0,5.106,3
259500,5.0,5.106,3
259550,5.0,5.106,3
259600,5.0,5.106,3
259650,5.0,5.106,3
259700,5.0,5.106,3
259750,5.0,5.106,3
259800,5.0,5.106,3
259850,5.0,5.106,3
259900,5.0,5.106,3
259950,5.0,5.106,3
260000,5.0,5.106,3
260050,5.0,5.106,3
260100,5.0,5.106,3
260150,5.0,5.106,3
260200,5.0,5.106,3
260250,5.0,5.106,3
260300,5.0,5.106,3
260350,5.0,5.106,3
260400,5.0,5.106,3
260450,5.0,5.106,3
260500,5.0,5.106,3
260550,5.0,5.106,3
260600,5.0,5.106,3
260650,5.0,5.106,3
260700,5.0,5.106,3
260750,5.0,5.106,3
260800,5.0,5.106,3
260850,5.0,5.106,3
260900,5.0,5.109,3
260950,5.0,5.12,3
261000,5.0,5.126,3
261050,5.0,5.126,3
261100,5.0,5.126,3
261150,5.0,5.126,3
261200,5.0,5.126,3
261250,5.0,5.127,3
261300,5.0,5.13,3
261350,5.0,5.135,3
261400,5.0,5.136,3
261450,5.0,5.136,3
261500,5.0,5.136,3
261550,5.0,5.136,3
261600,5.0,5.136,3
261650,5.0,5.136,3
261700,5.0,5.136,3
261750,5.0,5.14,3
261800,5.0,5.147,3
261850,5.0,5.152,3
261900,5.0,5.165,3
261950,5.0,5.165,3
262000,5.0,5.165,3
262050,5.0,5.165,3
262100,5.0,5.165,3
262150,5.0,5.165,3
262200,5.0,5.165,3
262250,5.0,5.165,3
262300,5.0,5.165,3
262350,5.0,5.165,3
262400,5.0,5.165,3
262450,5.0,5.165,3
262500,5.0,5.165,3
262550,5.0,5.165,3
262600,5.0,5.165,3
262650,5.0,5.165,3
262700,5.0,5.165,3
262750,5.0,5.165,3
262800,5.0,5.165,3
262850,5.0,5.165,3
262900,5.0,5.165,3
262950,5.0,5.165,3
263000,5.0,5.165,3
263050,5.0,5.165,3
263100,5.0,5.165,3
263150,5.0,5.165,3
263200,5.0,5.165,3
263250,5.0,5.165,3
263300,5.0,5.165,3
263350,5.0,5.166,3
263400,5.0,5.17,3
263450,5.0,5.173,3
263500,5.0,5.175,3
263550,5.0,5.177,3
263600,5.0,5.184,3
263650,5.0,5.189,3
263700,5.0,5.189,3
263750,5.0,5.189,3
263800,5.0,5.189,3
263850,5.0,5.189,3
263900,5.0,5.189,3
263950,5.0,5.189,3
264000,5.0,5.189,3
264050,5.0,5.189,3
264100,5.0,5.189,3
264150,5.0,5.189,3
264200,5.0,5.19,3
264250,5.0,5.193,3
264300,5.0,5.2,3
264350,5.0,5.208,3
264400,5.0,5.209,3
264450,5.0,5.209,3
264500,5.0,5.209,3
264550,5.0,5.209,3
264600,5.0,5.209,3
264650,5.0,5.209,3
264700,5.0,5.209,3
264750,5.0,5.209,3
264800,5.0,5.209,3
264850,5.0,5.209,3
264900,5.0,5.209,3
264950,5.0,5.209,3
265000,5.0,5.209,3
265050,5.0,5.209,3
265100,5.0,5.209,3
265150,5.0,5.209,3
265200,5.0,5.209,3
265250,5.0,5.209,3
265300,5.0,5.209,3
265350,5.0,5.209,3
265400,5.0,5.209,3
265450,5.0,5.209,3
265500,5.0,5.209,3
265550,5.0,5.209,3
265600,5.0,5.209,3
265650,5.0,5.209,3
265700,5.0,5.209,3
265750,5.0,5.209,3
265800,5.0,5.209,3
265850,5.0,5.209,3
265900,5.0,5.209,3
265950,5.0,5.209,3
266000,5.0,5.209,3
266050,5.0,5.209,3
266100,5.0,5.209,3
266150,5.0,5.209,3
266200,5.0,5.209,3
266250,5.0,5.209,3
266300,5.0,5.209,3
266350,5.0,5.209,3
266400,5.0,5.209,3
266450,5.0,5.209,3
266500,5.0,5.209,3
266550,5.0,5.209,3
266600,5.0,5.209,3
266650,5.0,5.209,3
266700,5.0,5.209,3
266750,5.0,5.209,3
266800,5.0,5.209,3
266850,5.0,5.209,3
266900,5.0,5.209,3
266950,5.0,5.209,3
267000,5.0,5.209,3
267050,5.0,5.209,3
267100,5.0,5.209,3
267150,5.0,5.209,3
267200,5.0,5.209,3
267250,5.0,5.209,3
267300,5.0,5.209,3
267350,5.0,5.209,3
267400,5.0,5.209,3
267450,5.0,5.209,3
267500,5.0,5.209,3
267550,5.0,5.209,3
267600,5.0,5.209,3
267650,5.0,5.209,3
267700,5.0,5.209,3
267750,5.0,5.209,3
267800,5.0,5.209,3
267850,5.0,5.209,3
267900,5.0,5.209,3
267950,5.0,5.209,3
268000,5.0,5.209,3
268050,5.0,5.209,3
268100,5.0,5.209,3
268150,5.0,5.209,3
268200,5.0,5.209,3
268250,5.0,5.209,3
268300,5.0,5.209,3
268350,5.0,5.209,3
268400,5.0,5.209,3
268450,5.0,5.209,3
268500,5.0,5.209,3
268550,5.0,5.209,3
268600,5.0,5.209,3
268650,5.0,5.209,3
268700,5.0,5.209,3
268750,5.0,5.209,3
268800,5.0,5.209,3
268850,5.0,5.209,3
268900,5.0,5.209,3
268950,5.0,5.209,3
269000,5.0,5.209,3
269050,5.0,5.209,3
269100,5.0,5.209,3
269150,5.0,5.209,3
269200,5.0,5.209,3
269250,5.0,5.209,3
269300,5.0,5.209,3
269350,5.0,5.209,3
269400,5.0,5.209,3
269450,5.0,5.209,3
269500,5.0,5.209,3
269550,5.0,5.209,3
269600,5.0,5.209,3
269650,5.0,5.209,3
269700,5.0,5.209,3
269750,5.0,5.209,3
269800,5.0,5.209,3
269850,5.0,5.209,3
269900,5.0,5.209,3
269950,5.0,5.209,3
270000,5.0,5.209,3
270050,5.0,5.209,3
270100,5.0,5.209,3
270150,5.0,5.209,3
270200,5.0,5.209,3
270250,5.0,5.209,3
270300,5.0,5.209,3
270350,5.0,5.209,3
270400,5.0,5.209,3
270450,5.0,5.209,3
270500,5.0,5.209,3
270550,5.0,5.209,3
270600,5.0,5.209,3
270650,5.0,5.209,3
270700,5.0,5.209,3
270750,5.0,5.209,3
270800,5.0,5.209,3
270850,5.0,5.209,3
270900,5.0,5.209,3
270950,5.0,5.209,3
271000,5.0,5.209,3
271050,5.0,5.209,3
271100,5.0,5.209,3
271150,5.0,5.209,3
271200,5.0,5.209,3
271250,5.0,5.209,3
271300,5.0,5.209,3
271350,5.0,5.209,3
271400,5.0,5.209,3
271450,5.0,5.209,3
271500,5.0,5.209,3
271550,5.0,5.209,3
271600,5.0,5.209,3
271650,5.0,5.209,3
271700,5.0,5.209,3
271750,5.0,5.209,3
271800,5.0,5.209,3
271850,5.0,5.209,3
271900,5.0,5.209,3
271950,5.0,5.209,3
272000,5.0,5.209,3
272050,5.0,5.209,3
272100,5.0,5.209,3
272150,5.0,5.209,3
272200,5.0,5.209,3
272250,5.0,5.209,3
272300,5.0,5.209,3
272350,5.0,5.209,3
272400,5.0,5.209,3
272450,5.0,5.209,3
272500,5.0,5.209,3
272550,5.0,5.209,3
272600,5.0,5.209,3
272650,5.0,5.209,3
272700,5.0,5.209,3
272750,5.0,5.209,3
272800,5.0,5.209,3
272850,5.0,5.209,3
272900,5.0,5.209,3
272950,5.0,5.209,3
273000,5.0,5.209,3
273050,5.0,5.209,3
273100,5.0,5.209,3
273150,5.0,5.209,3
273200,5.0,5.209,3
273250,5.0,5.209,3
273300,5.0,5.209,3
273350,5.0,5.209,3
273400,5.0,5.209,3
273450,5.0,5.209,3
273500,5.0,5.209,3
273550,5.0,5.209,3
273600,5.0,5.209,3
273650,5.0,5.209,3
273700,5.0,5.209,3
273750,5.0,5.209,3
273800,5.0,5.209,3
273850,5.0,5.209,3
273900,5.0,5.209,3
273950,5.0,5.209,3
274000,5.0,5.209,3
274050,5.0,5.209,3
274100,5.0,5.209,3
274150,5.0,5.209,3
274200,5.0,5.209,3
274250,5.0,5.209,3
274300,5.0,5.209,3
274350,5.0,5.209,3
274400,5.0,5.209,3
274450,5.0,5.209,3
274500,5.0,5.209,3
274550,5.0,5.209,3
274600,5.0,5.209,3
274650,5.0,5.209,3
274700,5.0,5.209,3
274750,5.0,5.209,3
274800,5.0,5.209,3
274850,5.0,5.209,3
274900,5.0,5.209,3
274950,5.0,5.209,3
275000,5.0,5.209,3
275050,5.0,5.209,3
275100,5.0,5.209,3
275150,5.0,5.209,3
275200,5.0,5.209,3
275250,5.0,5.209,3
275300,5.0,5.209,3
275350,5.0,5.209,3
275400,5.0,5.209,3
275450,5.0,5.209,3
275500,5.0,5.209,3
275550,5.0,5.209,3
275600,5.0,5.209,3
275650,5.0,5.209,3
275700,5.0,5.209,3
275750,5.0,5.209,3
275800,5.0,5.209,3
275850,5.0,5.209,3
275900,5.0,5.209,3
275950,5.0,5.209,3
276000,5.0,5.209,3
276050,5.0,5.209,3
276100,5.0,5.209,3
276150,5.0,5.209,3
276200,5.0,5.209,3
276250,5.0,5.209,3
276300,5.0,5.209,3
276350,5.0,5.209,3
276400,5.0,5.209,3
276450,5.0,5.209,3
276500,5.0,5.209,3
276550,5.0,5.209,3
276600,5.0,5.209,3
276650,5.0,5.209,3
276700,5.0,5.209,3
276750,5.0,5.209,3
276800,5.0,5.209,3
276850,5.0,5.209,3
276900,5.0,5.209,3
276950,5.0,5.209,3
277000,5.0,5.209,3
277050,5.0,5.209,3
277100,5.0,5.209,3
277150,5.0,5.209,3
277200,5.0,5.209,3
277250,5.0,5.209,3
277300,5.0,5.209,3
277350,5.0,5.209,3
277400,5.0,5.209,3
277450,5.0,5.209,3
277500,5.0,5.209,3
277550,5.0,5.209,3
277600,5.0,5.209,3
277650,5.0,5.209,3
277700,5.0,5.209,3
277750,5.0,5.209,3
277800,5.0,5.209,3
277850,5.0,5.209,3
277900,5.0,5.209,3
277950,5.0,5.209,3
278000,5.0,5.209,3
278050,5.0,5.209,3
278100,5.0,5.209,3
278150,5.0,5.209,3
278200,5.0,5.209,3
278250,5.0,5.209,3
278300,5.0,5.209,3
278350,5.0,5.209,3
278400,5.0,5.209,3
278450,5.0,5.209,3
278500,5.0,5.209,3
278550,5.0,5.209,3
278600,5.0,5.209,3
278650,5.0,5.209,3
278700,5.0,5.209,3
278750,5.0,5.209,3
278800,5.0,5.209,3
278850,5.0,5.209,3
278900,5.0,5.209,3
278950,5.0,5.209,3
279000,5.0,5.209,3
279050,5.0,5.209,3
279100,5.0,5.209,3
279150,5.0,5.209,3
279200,5.0,5.209,3
279250,5.0,5.209,3
279300,5.0,5.209,3
279350,5.0,5.209,3
279400,5.0,5.209,3
279450,5.0,5.209,3
279500,5.0,5.209,3
279550,5.0,5.209,3
279600,5.0,5.209,3
279650,5.0,5.209,3
279700,5.0,5.209,3
279750,5.0,5.209,3
279800,5.0,5.209,3
279850,5.0,5.209,3
279900,5.0,5.209,3
279950,5.0,5.209,3
280000,5.0,5.209,3
280050,5.0,5.209,3
280100,5.0,5.209,3
280150,5.0,5.209,3
280200,5.0,5.209,3
280250,5.0,5.209,3
280300,5.0,5.209,3
280350,5.0,5.209,3
280400,5.0,5.209,3
280450,5.0,5.209,3
280500,5.0,5.209,3
280550,5.0,5.209,3
280600,5.0,5.209,3
280650,5.0,5.209,3
280700,5.0,5.209,3
280750,5.0,5.209,3
280800,5.0,5.209,3
280850,5.0,5.209,3
280900,5.0,5.209,3
280950,5.0,5.209,3
281000,5.0,5.209,3
281050,5.0,5.209,3
281100,5.0,5.209,3
281150,5.0,5.209,3
281200,5.0,5.209,3
281250,5.0,5.209,3
281300,5.0,5.209,3
281350,5.0,5.209,3
281400,5.0,5.209,3
281450,5.0,5.209,3
281500,5.0,5.209,3
281550,5.0,5.209,3
281600,5.0,5.209,3
281650,5.0,5.209,3
281700,5.0,5.209,3
281750,5.0,5.209,3
281800,5.0,5.209,3
281850,5.0,5.209,3
281900,5.0,5.209,3
281950,5.0,5.209,3
282000,5.0,5.209,3
282050,5.0,5.209,3
282100,5.0,5.209,3
282150,5.0,5.209,3
282200,5.0,5.209,3
282250,5.0,5.209,3
282300,5.0,5.209,3
282350,5.0,5.209,3
282400,5.0,5.209,3
282450,5.0,5.209,3
282500,5.0,5.209,3
282550,5.0,5.209,3
282600,5.0,5.209,3
282650,5.0,5.209,3
282700,5.0,5.209,3
282750,5.0,5.209,3
282800,5.0,5.209,3
282850,5.0,5.209,3
282900,5.0,5.209,3
282950,5.0,5.209,3
283000,5.0,5.209,3
283050,5.0,5.209,3
283100,5.0,5.209,3
283150,5.0,5.209,3
283200,5.0,5.209,3
283250,5.0,5.209,3
283300,5.0,5.209,3
283350,5.0,5.209,3
283400,5.0,5.209,3
283450,5.0,5.209,3
283500,5.0,5.209,3
283550,5.0,5.209,3
283600,5.0,5.209,3
283650,5.0,5.209,3
283700,5.0,5.209,3
283750,5.0,5.209,3
283800,5.0,5.209,3
283850,5.0,5.209,3
283900,5.0,5.209,3
283950,5.0,5.209,3
284000,5.0,5.209,3
284050,5.0,5.209,3
284100,5.0,5.209,3
284150,5.0,5.209,3
284200,5.0,5.209,3
284250,5.0,5.209,3
284300,5.0,5.209,3
284350,5.0,5.209,3
284400,5.0,5.209,3
284450,5.0,5.209,3
284500,5.0,5.209,3
284550,5.0,5.209,3
284600,5.0,5.209,3
284650,5.0,5.209,3
284700,5.0,5.209,3
284750,5.0,5.209,3
284800,5.0,5.209,3
284850,5.0,5.209,3
284900,5.0,5.209,3
284950,5.0,5.209,3
285000,5.0,5.209,3
285050,5.0,5.209,3
285100,5.0,5.209,3
285150,5.0,5.209,3
285200,5.0,5.209,3
285250,5.0,5.209,3
285300,5.0,5.209,3
285350,5.0,5.209,3
285400,5.0,5.209,3
285450,5.0,5.209,3
285500,5.0,5.209,3
285550,5.0,5.209,3
285600,5.0,5.209,3
285650,5.0,5.209,3
285700,5.0,5.209,3
285750,5.0,5.209,3
285800,5.0,5.209,3
285850,5.0,5.209,3
285900,5.0,5.209,3
285950,5.0,5.209,3
286000,5.0,5.209,3
286050,5.0,5.209,3
286100,5.0,5.209,3
286150,5.0,5.209,3
286200,5.0,5.209,3
286250,5.0,5.209,3
286300,5.0,5.209,3
286350,5.0,5.209,3
286400,5.0,5.209,3
286450,5.0,5.209,3
286500,5.0,5.209,3
286550,5.0,5.209,3
286600,5.0,5.209,3
286650,5.0,5.209,3
286700,5.0,5.209,3
286750,5.0,5.209,3
286800,5.0,5.209,3
286850,5.0,5.209,3
286900,5.0,5.209,3
286950,5.0,5.209,3
287000,5.0,5.209,3
287050,5.0,5.209,3
287100,5.0,5.209,3
287150,5.0,5.209,3
287200,5.0,5.209,3
287250,5.0,5.209,3
287300,5.0,5.209,3
287350,5.0,5.209,3
287400,5.0,5.209,3
287450,5.0,5.209,3
287500,5.0,5.209,3
287550,5.0,5.209,3
287600,5.0,5.209,3
287650,5.0,5.209,3
287700,5.0,5.209,3
287750,5.0,5.209,3
287800,5.0,5.209,3
287850,5.0,5.209,3
287900,5.0,5.209,3
287950,5.0,5.209,3
288000,5.0,5.209,3
288050,5.0,5.209,3
288100,5.0,5.209,3
288150,5.0,5.209,3
288200,5.0,5.209,3
288250,5.0,5.209,3
288300,5.0,5.209,3
288350,5.0,5.209,3
288400,5.0,5.209,3
288450,5.0,5.209,3
288500,5.0,5.209,3
288550,5.0,5.209,3
288600,5.0,5.209,3
288650,5.0,5.209,3
288700,5.0,5.209,3
288750,5.0,5.209,3
288800,5.0,5.209,3
288850,5.0,5.209,3
288900,5.0,5.209,3
288950,5.0,5.209,3
289000,5.0,5.209,3
289050,5.0,5.209,3
289100,5.0,5.209,3
289150,5.0,5.209,3
289200,5.0,5.209,3
289250,5.0,5.209,3
289300,5.0,5.209,3
289350,5.0,5.209,3
289400,5.0,5.209,3
289450,5.0,5.209,3
289500,5.0,5.209,3
289550,5.0,5.209,3
289600,5.0,5.209,3
289650,5.0,5.209,3
289700,5.0,5.209,3
289750,5.0,5.209,3
289800,5.0,5.209,3
289850,5.0,5.209,3
289900,5.0,5.209,3
289950,5.0,5.209,3
290000,5.0,5.209,3
290050,5.0,5.209,3
290100,5.0,5.209,3
290150,5.0,5.209,3
290200,5.0,5.209,3
290250,5.0,5.209,3
290300,5.0,5.209,3
290350,5.0,5.209,3
290400,5.0,5.209,3
290450,5.0,5.209,3
290500,5.0,5.209,3
290550,5.0,5.209,3
290600,5.0,5.209,3
290650,5.0,5.209,3
290700,5.0,5.209,3
290750,5.0,5.209,3
290800,5.0,5.209,3
290850,5.0,5.209,3
290900,5.0,5.209,3
290950,5.0,5.209,3
291000,5.0,5.209,3
291050,5.0,5.209,3
291100,5.0,5.209,3
291150,5.0,5.209,3
291200,5.0,5.209,3
291250,5.0,5.209,3
291300,5.0,5.209,3
291350,5.0,5.209,3
291400,5.0,5.209,3
291450,5.0,5.209,3
291500,5.0,5.209,3
291550,5.0,5.209,3
291600,5.0,5.209,3
291650,5.0,5.209,3
291700,5.0,5.209,3
291750,5.0,5.209,3
291800,5.0,5.209,3
291850,5.0,5.209,3
291900,5.0,5.209,3
291950,5.0,5.209,3
292000,5.0,5.209,3
292050,5.0,5.209,3
292100,5.0,5.209,3
292150,5.0,5.209,3
292200,5.0,5.209,3
292250,5.0,5.209,3
292300,5.0,5.209,3
292350,5.0,5.209,3
292400,5.0,5.209,3
292450,5.0,5.209,3
292500,5.0,5.209,3
292550,5.0,5.209,3
292600,5.0,5.209,3
292650,5.0,5.209,3
292700,5.0,5.209,3
292750,5.0,5.209,3
292800,5.0,5.209,3
292850,5.0,5.209,3
292900,5.0,5.209,3
292950,5.0,5.209,3
293000,5.0,5.209,3
293050,5.0,5.209,3
293100,5.0,5.209,3
293150,5.0,5.209,3
293200,5.0,5.209,3
293250,5.0,5.209,3
293300,5.0,5.209,3
293350,5.0,5.209,3
293400,5.0,5.209,3
293450,5.0,5.209,3
293500,5.0,5.209,3
293550,5.0,5.209,3
293600,5.0,5.209,3
293650,5.0,5.209,3
293700,5.0,5.209,3
293750,5.0,5.209,3
293800,5.0,5.209,3
293850,5.0,5.209,3
293900,5.0,5.209,3
293950,5.0,5.209,3
294000,5.0,5.209,3
294050,5.0,5.209,3
294100,5.0,5.209,3
294150,5.0,5.209,3
294200,5.0,5.209,3
294250,5.0,5.209,3
294300,5.0,5.209,3
294350,5.0,5.209,3
294400,5.0,5.209,3
294450,5.0,5.209,3
294500,5.0,5.209,3
294550,5.0,5.209,3
294600,5.0,5.209,3
294650,5.0,5.209,3
294700,5.0,5.209,3
294750,5.0,5.209,3
294800,5.0,5.209,3
294850,5.0,5.209,3
294900,5.0,5.209,3
294950,5.0,5.209,3
295000,5.0,5.209,3
295050,5.0,5.209,3
295100,5.0,5.209,3
295150,5.0,5.209,3
295200,5.0,5.209,3
295250,5.0,5.209,3
295300,5.0,5.209,3
295350,5.0,5.209,3
295400,5.0,5.209,3
295450,5.0,5.209,3
295500,5.0,5.209,3
295550,5.0,5.209,3
295600,5.0,5.209,3
295650,5.0,5.209,3
295700,5.0,5.209,3
295750,5.0,5.209,3
295800,5.0,5.209,3
295850,5.0,5.209,3
295900,5.0,5.209,3
295950,5.0,5.209,3
296000,5.0,5.209,3
296050,5.0,5.209,3
296100,5.0,5.209,3
296150,5.0,5.209,3
296200,5.0,5.209,3
296250,5.0,5.209,3
296300,5.0,5.209,3
296350,5.0,5.209,3
296400,5.0,5.209,3
296450,5.0,5.209,3
296500,5.0,5.209,3
296550,5.0,5.209,3
296600,5.0,5.209,3
296650,5.0,5.209,3
296700,5.0,5.209,3
296750,5.0,5.209,3
296800,5.0,5.209,3
296850,5.0,5.209,3
296900,5.0,5.209,3
296950,5.0,5.209,3
297000,5.0,5.209,3
297050,5.0,5.209,3
297100,5.0,5.209,3
297150,5.0,5.209,3
297200,5.0,5.209,3
297250,5.0,5.209,3
297300,5.0,5.209,3
297350,5.0,5.209,3
297400,5.0,5.209,3
297450,5.0,5.209,3
297500,5.0,5.209,3
297550,5.0,5.209,3
297600,5.0,5.209,3
297650,5.0,5.209,3
297700,5.0,5.209,3
297750,5.0,5.209,3
297800,5.0,5.209,3
297850,5.0,5.209,3
297900,5.0,5.209,3
297950,5.0,5.209,3
298000,5.0,5.209,3
298050,5.0,5.209,3
298100,5.0,5.209,3
298150,5.0,5.209,3
298200,5.0,5.209,3
298250,5.0,5.209,3
298300,5.0,5.209,3
298350,5.0,5.209,3
298400,5.0,5.209,3
298450,5.0,5.209,3
298500,5.0,5.209,3
298550,5.0,5.209,3
298600,5.0,5.208,3
298650,5.0,5.206,3
298700,5.0,5.205,3
298750,5.0,5.198,3
298800,5.0,5.194,3
298850,5.0,5.188,3
298900,5.0,5.186,3
298950,5.0,5.179,3
299000,5.0,5.173,3
299050,5.0,5.171,3
299100,5.0,5.167,3
299150,5.0,5.166,3
299200,5.0,5.164,3
299250,5.0,5.164,3
299300,5.0,5.164,3
299350,5.0,5.161,3
299400,5.0,5.161,3
299450,5.0,5.161,3
299500,5.0,5.161,3
299550,5.0,5.159,3
299600,5.0,5.158,3
299650,5.0,5.156,3
299700,5.0,5.156,3
299750,5.0,5.156,3
299800,5.0,5.156,3
299850,5.0,5.156,3
299900,5.0,5.156,3
299950,5.0,5.155,3
300000,5.0,5.151,3
300050,5.0,5.148,3
300100,5.0,5.148,3
300150,5.0,5.146,3
300200,5.0,5.143,3
300250,5.0,5.138,3
300300,5.0,5.137,3
300350,5.0,5.137,3
300400,5.0,5.137,3
300450,5.0,5.137,3
300500,5.0,5.136,3
300550,5.0,5.136,3
300600,5.0,5.136,3
300650,5.0,5.136,3
300700,5.0,5.135,3
300750,5.0,5.129,3
300800,5.0,5.129,3
300850,5.0,5.129,3
300900,5.0,5.129,3
300950,5.0,5.129,3
301000,5.0,5.128,3
301050,5.0,5.128,3
301100,5.0,5.128,3
301150,5.0,5.128,3
301200,5.0,5.128,3
301250,5.0,5.127,3
301300,5.0,5.126,3
301350,5.0,5.126,3
301400,5.0,5.126,3
301450,5.0,5.126,3
301500,5.0,5.126,3
301550,5.0,5.126,3
301600,5.0,5.126,3
301650,5.0,5.126,3
301700,5.0,5.126,3
301750,5.0,5.125,3
301800,5.0,5.125,3
301850,5.0,5.125,3
301900,5.0,5.125,3
301950,5.0,5.125,3
302000,5.0,5.125,3
302050,5.0,5.125,3
302100,5.0,5.125,3
302150,5.0,5.125,3
302200,5.0,5.125,3
302250,5.0,5.125,3
302300,5.0,5.125,3
302350,5.0,5.125,3
302400,5.0,5.125,3
302450,5.0,5.125,3
302500,5.0,5.124,3
302550,5.0,5.123,3
302600,5.0,5.121,3
302650,5.0,5.12,3
302700,5.0,5.117,3
302750,5.0,5.111,3
302800,5.0,5.106,3
302850,5.0,5.106,3
302900,5.0,5.106,3
302950,5.0,5.106,3
303000,5.0,5.106,3
303050,5.0,5.105,3
303100,5.0,5.104,3
303150,5.0,5.104,3
303200,5.0,5.104,3
303250,5.0,5.104,3
303300,5.0,5.104,3
303350,5.0,5.104,3
303400,5.0,5.104,3
303450,5.0,5.104,3
303500,5.0,5.104,3
303550,5.0,5.104,3
303600,5.0,5.104,3
303650,5.0,5.104,3
303700,5.0,5.104,3
303750,5.0,5.104,3
303800,5.0,5.104,3
303850,5.0,5.104,3
303900,5.0,5.104,3
303950,5.0,5.104,3
304000,5.0,5.104,3
304050,5.0,5.104,3
304100,5.0,5.103,3
304150,5.0,5.098,3
304200,5.0,5.098,3
304250,5.0,5.098,3
304300,5.0,5.098,3
304350,5.0,5.098,3
304400,5.0,5.098,3
304450,5.0,5.098,3
304500,5.0,5.098,3
304550,5.0,5.098,3
304600,5.0,5.098,3
304650,5.0,5.098,3
304700,5.0,5.098,3
304750,5.0,5.098,3
304800,5.0,5.098,3
304850,5.0,5.098,3
304900,5.0,5.098,3
304950,5.0,5.098,3
305000,5.0,5.098,3
305050,5.0,5.098,3
305100,5.0,5.098,3
305150,5.0,5.098,3
305200,5.0,5.098,3
305250,5.0,5.098,3
305300,5.0,5.098,3
305350,5.0,5.098,3
305400,5.0,5.098,3
305450,5.0,5.098,3
305500,5.0,5.098,3
305550,5.0,5.098,3
305600,5.0,5.098,3
305650,5.0,5.098,3
305700,5.0,5.098,3
305750,5.0,5.098,3
305800,5.0,5.098,3
305850,5.0,5.098,3
305900,5.0,5.098,3
305950,5.0,5.098,3
306000,5.0,5.098,3
306050,5.0,5.098,3
306100,5.0,5.098,3
306150,5.0,5.098,3
306200,5.0,5.098,3
306250,5.0,5.098,3
306300,5.0,5.098,3
306350,5.0,5.098,3
306400,5.0,5.098,3
306450,5.0,5.098,3
306500,5.0,5.098,3
306550,5.0,5.098,3
306600,5.0,5.098,3
306650,5.0,5.098,3
306700,5.0,5.098,3
306750,5.0,5.098,3
306800,5.0,5.098,3
306850,5.0,5.098,3
306900,5.0,5.098,3
306950,5.0,5.098,3
307000,5.0,5.098,3
307050,5.0,5.098,3
307100,5.0,5.098,3
307150,5.0,5.098,3
307200,5.0,5.098,3
307250,5.0,5.098,3
307300,5.0,5.098,3
307350,5.0,5.098,3
307400,5.0,5.098,3
307450,5.0,5.098,3
307500,5.0,5.098,3
307550,5.0,5.098,3
307600,5.0,5.098,3
307650,5.0,5.1,3
307700,5.0,5.115,3
307750,5.0,5.139,3
307800,5.0,5.158,3
307850,5.0,5.169,3
307900,5.0,5.173,3
307950,5.0,5.181,3
308000,5.0,5.188,3
308050,5.0,5.188,3
308100,5.0,5.188,3
308150,5.0,5.188,3
308200,5.0,5.188,3
308250,5.0,5.188,3
308300,5.0,5.188,3
308350,5.0,5.188,3
308400,5.0,5.188,3
308450,5.0,5.188,3
308500,5.0,5.188,3
308550,4.999,5.188,3
308600,4.991,5.188,3
308650,4.955,5.188,3
308700,4.903,5.188,3
308750,4.866,5.188,3
308800,4.85,5.188,3
308850,4.821,5.188,3
308900,4.812,5.188,3
308950,4.789,5.188,3
309000,4.78,5.188,3
309050,4.758,5.188,3
309100,4.748,5.188,3
309150,4.724,5.194,3
309200,4.716,5.228,3
309250,4.707,5.228,3
309300,4.706,5.228,3
309350,4.704,5.228,3
309400,4.704,5.228,3
309450,4.704,5.228,3
309500,4.704,5.228,3
309550,4.704,5.228,3
309600,4.701,5.228,3
309650,4.7,5.228,3
309700,4.7,5.228,3
309750,4.7,5.228,3
309800,4.7,5.228,3
309850,4.7,5.228,3
309900,4.7,5.228,3
309950,4.7,5.228,3
310000,4.7,5.227,3
310050,4.7,5.223,3
310100,4.7,5.223,3
310150,4.7,5.221,3
310200,4.7,5.218,3
310250,4.7,5.217,3
310300,4.7,5.216,3
310350,4.7,5.212,3
310400,4.7,5.202,3
310450,4.7,5.19,3
310500,4.698,5.176,3
310550,4.688,5.157,3
310600,4.675,5.144,3
310650,4.665,5.137,3
310700,4.626,5.137,3
310750,4.585,5.137,3
310800,4.523,5.137,3
310850,4.46,5.137,3
310900,4.415,5.137,3
310950,4.412,5.137,3
311000,4.412,5.137,3
311050,4.412,5.138,3
311100,4.412,5.146,3
311150,4.412,5.153,3
311200,4.412,5.155,3
311250,4.412,5.16,3
311300,4.412,5.16,3
311350,4.412,5.161,3
311400,4.412,5.162,3
311450,4.412,5.165,3
311500,4.412,5.166,3
311550,4.412,5.168,3
311600,4.412,5.169,3
311650,4.412,5.169,3
311700,4.412,5.17,3
311750,4.412,5.176,3
311800,4.412,5.177,3
311850,4.412,5.177,3
311900,4.412,5.177,3
311950,4.412,5.177,3
312000,4.412,5.177,3
312050,4.412,5.177,3
312100,4.412,5.18,3
312150,4.412,5.18,3
312200,4.412,5.181,3
312250,4.412,5.183,3
312300,4.412,5.185,3
312350,4.412,5.185,3
312400,4.412,5.185,3
312450,4.412,5.185,3
312500,4.412,5.185,3
312550,4.412,5.185,3
312600,4.412,5.185,3
312650,4.412,5.185,3
312700,4.412,5.185,3
312750,4.412,5.185,3
312800,4.412,5.185,3
312850,4.412,5.185,3
312900,4.412,5.185,3
312950,4.412,5.185,3
313000,4.412,5.185,3
313050,4.412,5.185,3
313100,4.412,5.185,3
313150,4.412,5.185,3
313200,4.412,5.185,3
313250,4.412,5.185,3
313300,4.412,5.185,3
313350,4.412,5.185,3
313400,4.412,5.185,3
313450,4.412,5.185,3
313500,4.412,5.185,3
313550,4.412,5.185,3
313600,4.412,5.185,3
313650,4.412,5.185,3
313700,4.412,5.185,3
313750,4.412,5.185,3
313800,4.412,5.185,3
313850,4.412,5.185,3
313900,4.412,5.185,3
313950,4.412,5.185,3
314000,4.412,5.185,3
314050,4.412,5.185,3
314100,4.412,5.185,3
314150,4.412,5.185,3
314200,4.412,5.185,3
314250,4.412,5.185,3
314300,4.412,5.185,3
314350,4.412,5.185,3
314400,4.412,5.185,3
314450,4.412,5.185,3
314500,4.412,5.185,3
314550,4.412,5.185,3
314600,4.412,5.185,3
314650,4.412,5.185,3
314700,4.412,5.185,3
314750,4.412,5.185,3
314800,4.412,5.185,3
314850,4.412,5.185,3
314900,4.412,5.185,3
314950,4.412,5.185,3
315000,4.412,5.185,3
315050,4.412,5.185,3
315100,4.412,5.185,3
315150,4.412,5.185,3
315200,4.412,5.185,3
315250,4.412,5.185,3
315300,4.412,5.185,3
315350,4.412,5.185,3
315400,4.412,5.185,3
315450,4.412,5.185,3
315500,4.412,5.185,3
315550,4.412,5.185,3
315600,4.412,5.185,3
315650,4.412,5.185,3
315700,4.412,5.185,3
315750,4.412,5.185,3
315800,4.412,5.185,3
315850,4.412,5.185,3
315900,4.412,5.185,3
315950,4.412,5.185,3
316000,4.412,5.185,3
316050,4.412,5.185,3
316100,4.412,5.185,3
316150,4.412,5.185,3
316200,4.412,5.185,3
316250,4.412,5.185,3
316300,4.412,5.185,3
316350,4.412,5.185,3
316400,4.412,5.185,3
316450,4.412,5.185,3
316500,4.412,5.185,3
316550,4.412,5.185,3
316600,4.412,5.185,3
316650,4.412,5.185,3
316700,4.412,5.185,3
316750,4.412,5.185,3
316800,4.412,5.185,3
316850,4.412,5.185,3
316900,4.412,5.185,3
316950,4.412,5.185,3
317000,4.412,5.185,3
317050,4.412,5.185,3
317100,4.412,5.185,3
317150,4.412,5.185,3
317200,4.412,5.185,3
317250,4.412,5.185,3
317300,4.412,5.185,3
317350,4.412,5.185,3
317400,4.412,5.185,3
317450,4.412,5.184,3
317500,4.412,5.183,3
317550,4.412,5.183,3
317600,4.412,5.181,3
317650,4.412,5.18,3
317700,4.412,5.179,3
317750,4.412,5.176,3
317800,4.412,5.176,3
317850,4.412,5.175,3
317900,4.412,5.172,3
317950,4.412,5.172,3
318000,4.412,5.172,3
318050,4.412,5.171,3
318100,4.412,5.17,3
318150,4.412,5.17,3
318200,4.412,5.17,3
318250,4.412,5.17,3
318300,4.412,5.17,3
318350,4.412,5.17,3
318400,4.412,5.17,3
318450,4.412,5.17,3
318500,4.412,5.17,3
318550,4.412,5.17,3
318600,4.412,5.17,3
318650,4.412,5.17,3
318700,4.412,5.17,3
318750,4.412,5.17,3
318800,4.412,5.17,3
318850,4.412,5.17,3
318900,4.412,5.17,3
318950,4.412,5.17,3
319000,4.412,5.17,3
319050,4.412,5.17,3
319100,4.412,5.17,3
319150,4.412,5.17,3
319200,4.412,5.17,3
319250,4.412,5.17,3
319300,4.412,5.17,3
319350,4.412,5.17,3
319400,4.412,5.17,3
319450,4.412,5.17,3
319500,4.412,5.17,3
319550,4.412,5.17,3
319600,4.412,5.17,3
319650,4.412,5.169,3
319700,4.412,5.169,3
319750,4.412,5.167,3
319800,4.412,5.167,3
319850,4.412,5.167,3
319900,4.412,5.167,3
319950,4.412,5.165,3
320000,4.412,5.165,3
320050,4.412,5.165,3
320100,4.412,5.165,3
320150,4.412,5.165,3
320200,4.412,5.165,3
320250,4.412,5.165,3
320300,4.412,5.165,3
320350,4.412,5.165,3
320400,4.412,5.165,3
320450,4.412,5.165,3
320500,4.412,5.165,3
320550,4.412,5.165,3
320600,4.412,5.165,3
320650,4.412,5.165,3
320700,4.412,5.165,3
320750,4.412,5.165,3
320800,4.412,5.165,3
320850,4.412,5.165,3
320900,4.412,5.165,3
320950,4.412,5.165,3
321000,4.412,5.163,3
321050,4.412,5.163,3
321100,4.412,5.163,3
321150,4.412,5.163,3
321200,4.412,5.163,3
321250,4.412,5.162,3
321300,4.412,5.161,3
321350,4.412,5.161,3
321400,4.412,5.16,3
321450,4.412,5.16,3
321500,4.412,5.16,3
321550,4.412,5.16,3
321600,4.412,5.159,3
321650,4.412,5.158,3
321700,4.412,5.158,3
321750,4.412,5.158,3
321800,4.412,5.158,3
321850,4.412,5.158,3
321900,4.412,5.158,3
321950,4.412,5.158,3
322000,4.412,5.158,3
322050,4.412,5.158,3
322100,4.412,5.158,3
322150,4.412,5.158,3
322200,4.412,5.158,3
322250,4.412,5.158,3
322300,4.412,5.158,3
322350,4.412,5.158,3
322400,4.412,5.158,3
322450,4.412,5.158,3
322500,4.412,5.158,3
322550,4.412,5.157,3
322600,4.412,5.156,3
322650,4.412,5.154,3
322700,4.412,5.154,3
322750,4.412,5.154,3
322800,4.412,5.154,3
322850,4.412,5.154,3
322900,4.412,5.154,3
322950,4.412,5.154,3
323000,4.412,5.154,3
323050,4.412,5.154,3
323100,4.412,5.153,3
323150,4.412,5.152,3
323200,4.412,5.152,3
323250,4.412,5.151,3
323300,4.412,5.151,3
323350,4.412,5.151,3
323400,4.412,5.151,3
323450,4.412,5.151,3
323500,4.412,5.149,3
323550,4.412,5.148,3
323600,4.412,5.148,3
323650,4.412,5.148,3
323700,4.412,5.148,3
323750,4.412,5.148,3
323800,4.412,5.148,3
323850,4.412,5.148,3
323900,4.412,5.147,3
323950,4.412,5.146,3
324000,4.412,5.146,3
324050,4.412,5.146,3
324100,4.412,5.146,3
324150,4.412,5.145,3
324200,4.412,5.145,3
324250,4.412,5.145,3
324300,4.412,5.145,3
324350,4.412,5.145,3
324400,4.412,5.145,3
324450,4.412,5.145,3
324500,4.412,5.143,3
324550,4.412,5.143,3
324600,4.412,5.143,3
324650,4.412,5.143,3
324700,4.412,5.143,3
324750,4.412,5.143,3
324800,4.412,5.143,3
324850,4.412,5.143,3
324900,4.412,5.143,3
324950,4.412,5.143,3
325000,4.412,5.143,3
325050,4.412,5.143,3
325100,4.412,5.143,3
325150,4.412,5.143,3
325200,4.412,5.143,3
325250,4.412,5.143,3
325300,4.412,5.143,3
325350,4.412,5.143,3
325400,4.412,5.143,3
325450,4.412,5.143,3
325500,4.412,5.143,3
325550,4.412,5.143,3
325600,4.412,5.143,3
325650,4.412,5.143,3
325700,4.412,5.143,3
325750,4.412,5.143,3
325800,4.412,5.143,3
325850,4.412,5.143,3
325900,4.412,5.143,3
325950,4.412,5.143,3
326000,4.412,5.143,3
326050,4.412,5.143,3
326100,4.412,5.141,3
326150,4.412,5.128,3
326200,4.412,5.128,3
326250,4.412,5.128,3
326300,4.412,5.128,3
326350,4.412,5.128,3
326400,4.412,5.128,3
326450,4.412,5.128,3
326500,4.412,5.128,3
326550,4.412,5.127,3
326600,4.412,5.126,3
326650,4.412,5.126,3
326700,4.412,5.126,3
326750,4.412,5.126,3
326800,4.412,5.126,3
326850,4.412,5.126,3
326900,4.412,5.126,3
326950,4.412,5.126,3
327000,4.412,5.126,3
327050,4.412,5.126,3
327100,4.412,5.126,3
327150,4.412,5.126,3
327200,4.412,5.126,3
327250,4.412,5.126,3
327300,4.412,5.126,3
327350,4.412,5.126,3
327400,4.412,5.126,3
327450,4.412,5.126,3
327500,4.412,5.126,3
327550,4.412,5.126,3
327600,4.412,5.126,3
327650,4.412,5.126,3
327700,4.412,5.126,3
327750,4.412,5.126,3
327800,4.412,5.126,3
327850,4.412,5.126,3
327900,4.412,5.126,3
327950,4.412,5.126,3
328000,4.412,5.126,3
328050,4.412,5.126,3
328100,4.412,5.126,3
328150,4.412,5.126,3
328200,4.412,5.125,3
328250,4.412,5.125,3
328300,4.412,5.125,3
328350,4.412,5.125,3
328400,4.412,5.124,3
328450,4.412,5.123,3
328500,4.412,5.122,3
328550,4.412,5.122,3
328600,4.412,5.122,3
328650,4.412,5.122,3
328700,4.412,5.122,3
328750,4.412,5.122,3
328800,4.412,5.121,3
328850,4.412,5.115,3
328900,4.412,5.115,3
328950,4.412,5.115,3
329000,4.412,5.115,3
329050,4.412,5.115,3
329100,4.412,5.115,3
329150,4.412,5.115,3
329200,4.412,5.115,3
329250,4.412,5.115,3
329300,4.412,5.115,3
329350,4.412,5.114,3
329400,4.412,5.113,3
329450,4.412,5.113,3
329500,4.412,5.113,3
329550,4.412,5.113,3
329600,4.412,5.112,3
329650,4.412,5.11,3
329700,4.412,5.109,3
329750,4.412,5.106,3
329800,4.412,5.106,3
329850,4.412,5.106,3
329900,4.412,5.106,3
329950,4.412,5.106,3
330000,4.412,5.106,3
330050,4.412,5.106,3
330100,4.412,5.106,3
330150,4.412,5.106,3
330200,4.412,5.106,3
330250,4.412,5.106,3
330300,4.412,5.106,3
330350,4.412,5.106,3
330400,4.412,5.106,3
330450,4.412,5.106,3
330500,4.412,5.106,3
330550,4.412,5.106,3
330600,4.412,5.106,3
330650,4.412,5.106,3
330700,4.412,5.106,3
330750,4.412,5.106,3
330800,4.412,5.106,3
330850,4.412,5.106,3
330900,4.412,5.106,3
330950,4.412,5.106,3
331000,4.412,5.106,3
331050,4.412,5.106,3
331100,4.412,5.106,3
331150,4.412,5.106,3
331200,4.412,5.106,3
331250,4.412,5.106,3
331300,4.412,5.106,3
331350,4.412,5.106,3
331400,4.412,5.106,3
331450,4.412,5.106,3
331500,4.412,5.106,3
331550,4.412,5.106,3
331600,4.412,5.106,3
331650,4.412,5.106,3
331700,4.412,5.106,3
331750,4.412,5.106,3
331800,4.412,5.106,3
331850,4.412,5.106,3
331900,4.412,5.106,3
331950,4.412,5.106,3
332000,4.412,5.106,3
332050,4.412,5.106,3
332100,4.412,5.106,3
332150,4.412,5.106,3
332200,4.412,5.106,3
332250,4.412,5.106,3
332300,4.412,5.106,3
332350,4.412,5.106,3
332400,4.412,5.106,3
332450,4.412,5.106,3
332500,4.412,5.106,3
332550,4.412,5.106,3
332600,4.412,5.106,3
332650,4.412,5.106,3
332700,4.412,5.106,3
332750,4.412,5.106,3
332800,4.412,5.106,3
332850,4.412,5.106,3
332900,4.412,5.106,3
332950,4.412,5.106,3
333000,4.412,5.106,3
333050,4.412,5.106,3
333100,4.412,5.106,3
333150,4.412,5.106,3
333200,4.412,5.106,3
333250,4.412,5.106,3
333300,4.412,5.106,3
333350,4.412,5.106,3
333400,4.412,5.106,3
333450,4.412,5.106,3
333500,4.412,5.106,3
333550,4.412,5.106,3
333600,4.412,5.106,3
333650,4.412,5.106,3
333700,4.412,5.106,3
333750,4.412,5.106,3
333800,4.412,5.106,3
333850,4.412,5.106,3
333900,4.412,5.106,3
333950,4.412,5.106,3
334000,4.412,5.106,3
334050,4.412,5.106,3
334100,4.412,5.106,3
334150,4.412,5.106,3
334200,4.412,5.106,3
334250,4.412,5.106,3
334300,4.412,5.106,3
334350,4.412,5.106,3
334400,4.412,5.106,3
334450,4.412,5.106,3
334500,4.412,5.106,3
334550,4.412,5.106,3
334600,4.412,5.106,3
334650,4.412,5.106,3
334700,4.412,5.106,3
334750,4.412,5.106,3
334800,4.412,5.106,3
334850,4.412,5.106,3
334900,4.412,5.106,3
334950,4.412,5.106,3
335000,4.412,5.106,3
335050,4.412,5.106,3
335100,4.412,5.106,3
335150,4.412,5.106,3
335200,4.412,5.106,3
335250,4.412,5.106,3
335300,4.412,5.106,3
335350,4.412,5.106,3
335400,4.412,5.106,3
335450,4.412,5.106,3
335500,4.412,5.106,3
335550,4.412,5.106,3
335600,4.412,5.106,3
335650,4.412,5.106,3
335700,4.412,5.106,3
335750,4.412,5.106,3
335800,4.412,5.106,3
335850,4.412,5.106,3
335900,4.412,5.106,3
335950,4.412,5.106,3
336000,4.412,5.106,3
336050,4.412,5.106,3
336100,4.412,5.106,3
336150,4.412,5.106,3
336200,4.412,5.106,3
336250,4.412,5.106,3
336300,4.412,5.106,3
336350,4.412,5.106,3
336400,4.412,5.106,3
336450,4.412,5.106,3
336500,4.412,5.106,3
336550,4.412,5.106,3
336600,4.412,5.106,3
336650,4.412,5.106,3
336700,4.412,5.106,3
336750,4.412,5.106,3
336800,4.412,5.106,3
336850,4.412,5.106,3
336900,4.412,5.106,3
336950,4.412,5.106,3
337000,4.412,5.106,3
337050,4.412,5.106,3
337100,4.412,5.106,3
337150,4.412,5.106,3
337200,4.412,5.106,3
337250,4.412,5.106,3
337300,4.412,5.106,3
337350,4.412,5.106,3
337400,4.412,5.106,3
337450,4.412,5.106,3
337500,4.412,5.106,3
337550,4.412,5.106,3
337600,4.412,5.106,3
337650,4.412,5.106,3
337700,4.412,5.106,3
337750,4.412,5.106,3
337800,4.412,5.106,3
337850,4.412,5.106,3
337900,4.412,5.106,3
337950,4.412,5.106,3
338000,4.412,5.106,3
338050,4.412,5.106,3
338100,4.412,5.106,3
338150,4.412,5.106,3
338200,4.412,5.106,3
338250,4.412,5.106,3
338300,4.412,5.106,3
338350,4.412,5.106,3
338400,4.412,5.106,3
338450,4.412,5.106,3
338500,4.412,5.106,3
338550,4.412,5.106,3
338600,4.412,5.106,3
338650,4.412,5.106,3
338700,4.412,5.106,3
338750,4.412,5.106,3
338800,4.412,5.106,3
338850,4.412,5.106,3
338900,4.412,5.106,3
338950,4.412,5.106,3
339000,4.412,5.106,3
339050,4.412,5.106,3
339100,4.412,5.106,3
339150,4.412,5.106,3
339200,4.412,5.106,3
339250,4.412,5.106,3
339300,4.412,5.106,3
339350,4.412,5.106,3
339400,4.412,5.106,3
339450,4.412,5.106,3
339500,4.412,5.106,3
339550,4.412,5.106,3
339600,4.412,5.106,3
339650,4.412,5.106,3
339700,4.412,5.106,3
339750,4.412,5.106,3
339800,4.412,5.106,3
339850,4.412,5.106,3
339900,4.412,5.106,3
339950,4.412,5.106,3
340000,4.412,5.106,3
340050,4.412,5.106,3
340100,4.412,5.106,3
340150,4.412,5.106,3
340200,4.412,5.106,11
340250,4.412,5.106,11
340300,4.412,5.106,11
340350,4.412,5.106,11
340400,4.412,5.106,11
340450,4.412,5.106,11
340500,4.412,5.106,11
340550,4.412,5.106,11
340600,4.412,5.106,11
340650,4.412,5.106,11
340700,4.416,5.106,11
340750,4.51,5.094,11
340800,4.962,5.0,11
340850,5.0,5.0,11
340900,5.0,5.0,11
340950,5.0,5.0,11
341000,5.0,5.0,11
341050,5.0,5.0,11
341100,5.0,5.0,11
341150,5.0,5.0,11
341200,5.0,5.0,11
341250,5.0,5.0,11
341300,5.0,5.0,11
341350,5.0,5.0,11
341400,5.0,5.0,11
341450,5.0,5.0,11
341500,5.0,5.0,11
341550,5.0,5.0,11
341600,5.0,5.0,11
341650,5.0,5.0,11
341700,5.0,5.0,11
341750,5.0,5.0,11
341800,5.0,5.0,11
341850,5.0,5.0,11
341900,5.0,5.0,11
341950,5.0,5.0,11
342000,5.0,5.0,11
342050,5.0,5.0,11
342100,5.0,5.0,11
342150,5.0,5.0,11
342200,5.0,5.0,11
342250,5.0,5.0,11
342300,5.0,5.0,11
342350,5.0,5.0,11
342400,5.0,5.0,11
342450,5.0,5.0,11
342500,5.0,5.0,11
342550,5.0,5.0,11
342600,5.0,5.0,11
342650,5.0,5.0,11
342700,5.0,5.0,11
342750,5.0,5.0,11
342800,5.0,5.0,11
342850,5.0,5.0,11
342900,5.0,5.0,11
342950,5.0,5.0,11
343000,5.0,5.0,11
343050,5.0,5.0,11
343100,5.0,5.0,11
343150,5.0,5.0,11
343200,5.0,5.0,11
343250,5.0,5.0,11
343300,5.0,5.0,11
343350,5.0,5.0,11
343400,5.0,5.0,11
343450,5.0,5.0,11
343500,5.0,5.0,11
343550,5.0,5.0,11
343600,5.0,5.0,11
343650,5.0,5.0,11
343700,5.0,5.0,11
343750,5.0,5.0,11
343800,5.0,5.0,11
343850,5.0,5.0,11
343900,5.0,5.0,11
343950,5.0,5.0,11
344000,5.0,5.0,11
344050,5.0,5.0,11
344100,5.0,5.0,11
344150,5.0,5.0,11
344200,5.0,5.0,11
344250,5.0,5.0,11
344300,5.0,5.0,11
344350,5.0,5.0,11
344400,5.0,5.0,11
344450,5.0,5.0,11
344500,5.0,5.0,11
344550,5.0,5.0,11
344600,5.0,5.0,11
344650,5.0,5.0,11
344700,5.0,5.0,11
344750,5.0,5.0,11
344800,5.0,5.0,11
344850,5.0,5.0,11
344900,5.0,5.0,11
344950,5.0,5.0,11
345000,5.0,5.0,11
345050,5.0,5.0,11
345100,5.0,5.0,11
345150,5.0,5.0,11
345200,5.0,5.0,11
345250,5.0,5.0,11
345300,5.0,5.0,11
345350,5.0,5.0,11
345400,5.0,5.0,11
345450,5.0,5.0,11
345500,5.0,5.0,11
345550,5.0,5.0,11
345600,5.0,5.0,11
345650,5.0,5.0,11
345700,5.0,5.0,11
345750,5.0,5.0,11
345800,5.0,5.0,11
345850,5.0,5.0,11
345900,5.0,5.0,11
345950,5.0,5.0,11
346000,5.0,5.0,11
346050,5.0,5.0,11
346100,5.0,5.0,11
346150,5.0,5.0,11
346200,5.0,5.0,11
346250,5.0,5.0,11
346300,5.0,5.0,11
346350,5.0,5.0,11
346400,5.0,5.0,11
346450,5.0,5.0,11
346500,5.0,5.0,11
346550,5.0,5.0,11
346600,5.0,5.0,11
346650,5.0,5.0,11
346700,5.0,5.0,11
346750,5.0,5.0,11
346800,5.0,5.0,11
346850,5.0,5.0,11
346900,5.0,5.0,11
346950,5.0,5.0,11
347000,5.0,5.0,11
347050,5.0,5.0,11
347100,5.0,5.0,11
347150,5.0,5.0,11
347200,5.0,5.0,11
347250,5.0,5.0,11
347300,5.0,5.0,11
347350,5.0,5.0,11
347400,5.0,5.0,11
347450,5.0,5.0,11
347500,5.0,5.0,11
347550,5.0,5.0,11
347600,5.0,5.0,11
347650,5.0,5.0,11
347700,5.0,5.0,11
347750,5.0,5.0,11
347800,5.0,5.0,11
347850,5.0,5.0,11
347900,5.0,5.0,11
347950,5.0,5.0,11
348000,5.0,5.0,11
348050,5.0,5.0,11
348100,5.0,5.0,11
348150,5.0,5.0,11
348200,5.0,5.0,11
348250,5.0,5.0,11
348300,5.0,5.0,11
348350,5.0,5.0,11
348400,5.0,5.0,11
348450,5.0,5.0,11
348500,5.0,5.0,11
348550,5.0,5.0,11
348600,5.0,5.0,11
348650,5.0,5.0,11
348700,5.0,5.0,11
348750,5.0,5.0,11
348800,5.0,5.0,11
348850,5.0,5.0,11
348900,5.0,5.0,11
348950,5.0,5.0,11
349000,5.0,5.0,11
349050,5.0,5.0,11
349100,5.0,5.0,11
349150,5.0,5.0,11
349200,5.0,5.0,11
349250,5.0,5.0,11
349300,5.0,5.0,11
349350,5.0,5.0,11
349400,5.0,5.0,11
349450,5.0,5.0,11
349500,5.0,5.0,11
349550,5.0,5.0,11
349600,5.0,5.0,11
349650,5.0,5.0,11
349700,5.0,5.0,11
349750,5.0,5.0,11
349800,5.0,5.0,11
349850,5.0,5.0,11
349900,5.0,5.0,11
349950,5.0,5.0,11
350000,5.0,5.0,11
350050,5.0,5.0,11
350100,5.0,5.0,11
350150,5.0,5.0,11
350200,5.0,5.0,11
350250,5.0,5.0,11
350300,5.0,5.0,11
350350,5.0,5.0,11
350400,5.0,5.0,11
350450,5.0,5.0,11
350500,5.0,5.0,11
350550,5.0,5.0,11
350600,5.0,5.0,11
350650,5.0,5.0,11
350700,5.0,5.0,11
350750,5.0,5.0,11
350800,5.0,5.0,11
350850,5.0,5.0,11
350900,5.0,5.0,11
350950,5.0,5.0,11
351000,5.0,5.0,11
351050,5.0,5.0,11
351100,5.0,5.0,11
351150,5.0,5.0,11
351200,5.0,5.0,11
351250,5.0,5.0,11
351300,5.0,5.0,11
351350,5.0,5.0,11
351400,5.0,5.0,11
351450,5.0,5.0,11
351500,5.0,5.0,11
351550,5.0,5.0,11
351600,5.0,5.0,11
351650,5.0,5.0,11
351700,5.0,5.0,11
351750,5.0,5.0,11
351800,5.0,5.0,11
351850,5.0,5.0,11
351900,5.0,5.0,11
351950,5.0,5.0,11
352000,5.0,5.0,11
352050,5.0,5.0,11
352100,5.0,5.0,11
352150,5.0,5.0,11
352200,5.0,5.0,11
352250,5.0,5.0,11
352300,5.0,5.0,11
352350,5.0,5.0,11
352400,5.0,5.0,11
352450,5.0,5.0,11
352500,5.0,5.0,11
352550,5.0,5.0,11
352600,5.0,5.0,11
352650,5.0,5.0,11
352700,5.0,5.0,11
352750,5.0,5.0,11
352800,5.0,5.0,11
352850,5.0,5.0,11
352900,5.0,5.0,11
352950,5.0,5.0,11
353000,5.0,5.0,11
353050,5.0,5.0,11
353100,5.0,5.0,11
353150,5.0,5.0,11
353200,5.0,5.0,11
353250,5.0,5.0,11
353300,5.0,5.0,11
353350,5.0,5.0,11
353400,5.0,5.0,11
353450,5.0,5.0,11
353500,5.0,5.0,11
353550,5.0,5.0,11
353600,5.0,5.0,11
353650,5.0,5.0,11
353700,5.0,5.0,11
353750,5.0,5.0,11
353800,5.0,5.0,11
353850,5.0,5.0,11
353900,5.0,5.0,11
353950,5.0,5.0,11
354000,5.0,5.0,11
354050,5.0,5.0,11
354100,5.0,5.0,11
354150,5.0,5.0,11
354200,5.0,5.0,11
354250,5.0,5.0,11
354300,5.0,5.0,11
354350,5.0,5.0,11
354400,5.0,5.0,11
354450,5.0,5.0,11
354500,5.0,5.0,11
354550,5.0,5.0,11
354600,5.0,5.0,11
354650,5.0,5.0,11
354700,5.0,5.0,11
354750,5.0,5.0,11
354800,5.0,5.0,11
354850,5.0,5.0,11
354900,5.0,5.0,11
354950,5.0,5.0,11
355000,5.0,5.0,11
355050,5.0,5.0,11
355100,5.0,5.0,11
355150,5.0,5.0,11
355200,5.0,5.0,11
355250,5.0,5.0,11
355300,5.0,5.0,11
355350,5.0,5.0,11
355400,5.0,5.0,11
355450,5.0,5.0,11
355500,5.0,5.0,11
355550,5.0,5.0,11
355600,5.0,5.0,11
355650,5.0,5.0,11
355700,5.0,5.0,11
355750,5.0,5.0,11
355800,5.0,5.0,11
355850,5.0,5.0,11
355900,5.0,5.0,11
355950,5.0,5.0,11
356000,5.0,5.0,11
356050,5.0,5.0,11
356100,5.0,5.0,11
356150,5.0,5.0,11
356200,5.0,5.0,11
356250,5.0,5.0,11
356300,5.0,5.0,11
356350,5.0,5.0,11
356400,5.0,5.0,11
356450,5.0,5.0,11
356500,5.0,5.0,11
356550,5.0,5.0,11
356600,5.0,5.0,11
356650,5.0,5.0,11
356700,5.0,5.0,11
356750,5.0,5.0,11
356800,5.0,5.0,11
356850,5.0,5.0,11
356900,5.0,5.0,11
356950,5.0,5.0,11
357000,5.0,5.0,11
357050,5.0,5.0,11
357100,5.0,5.0,11
357150,5.0,5.0,11
357200,5.0,5.0,11
357250,5.0,5.0,11
357300,5.0,5.0,11
357350,5.0,5.0,11
357400,5.0,5.0,11
357450,5.0,5.0,11
357500,5.0,5.0,11
357550,5.0,5.0,11
357600,5.0,5.0,11
357650,5.0,5.0,11
357700,5.0,5.0,11
357750,5.0,5.0,11
357800,5.0,5.0,11
357850,5.0,5.0,11
357900,5.0,5.0,11
357950,5.0,5.0,11
358000,5.0,5.0,11
358050,5.0,5.0,11
358100,5.0,5.0,11
358150,5.0,5.0,11
358200,5.0,5.0,11
358250,5.0,5.0,11
358300,5.0,5.0,11
358350,5.0,5.0,11
358400,5.0,5.0,11
358450,5.0,5.0,11
358500,5.0,5.0,11
358550,5.0,5.0,11
358600,5.0,5.0,11
358650,5.0,5.0,11
358700,5.0,5.0,11
358750,5.0,5.0,11
358800,5.0,5.0,11
358850,5.0,5.0,11
358900,5.0,5.0,11
358950,5.0,5.0,11
359000,5.0,5.0,11
359050,5.0,5.0,11
359100,5.0,5.0,11
359150,5.0,5.0,11
359200,5.0,5.0,11
359250,5.0,5.0,11
359300,5.0,5.0,11
359350,5.0,5.0,11
359400,5.0,5.0,11
359450,5.0,5.0,11
359500,5.0,5.0,11
359550,5.0,5.0,11
359600,5.0,5.0,11
359650,5.0,5.0,11
359700,5.0,5.0,11
359750,5.0,5.0,11
359800,5.0,5.0,11
359850,5.0,5.0,11
359900,5.0,5.0,11
359950,5.0,5.0,11
360000,5.0,5.0,11
360050,5.0,5.0,11
360100,5.0,5.0,11
360150,5.0,5.0,11
360200,5.0,5.0,11
360250,5.0,5.0,11
360300,5.0,5.0,11
360350,5.0,5.0,11
360400,5.0,5.0,11
360450,5.0,5.0,11
360500,5.0,5.0,11
360550,5.0,5.0,11
360600,5.0,5.0,11
360650,5.0,5.0,11
360700,5.0,5.0,11
360750,5.0,5.0,11
360800,5.0,5.0,11
360850,5.0,5.0,11
360900,5.0,5.0,11
360950,5.0,5.0,11
361000,5.0,5.0,11
361050,5.0,5.0,11
361100,5.0,5.0,11
361150,5.0,5.0,11
361200,5.0,5.0,11
361250,5.0,5.0,11
361300,5.0,5.0,11
361350,5.0,5.0,11
361400,5.0,5.0,11
361450,5.0,5.0,11
361500,5.0,5.0,11
361550,5.0,5.0,11
361600,5.0,5.0,11
361650,5.0,5.0,11
361700,5.0,5.0,11
361750,5.0,5.0,11
361800,5.0,5.0,11
361850,5.0,5.0,11
361900,5.0,5.0,11
361950,5.0,5.0,11
362000,5.0,5.0,11
362050,5.0,5.0,11
362100,5.0,5.0,11
362150,5.0,5.0,11
362200,5.0,5.0,11
362250,5.0,5.0,11
362300,5.0,5.0,11
362350,5.0,5.0,11
362400,5.0,5.0,11
362450,5.0,5.0,11
362500,5.0,5.0,11
362550,5.0,5.0,11
362600,5.0,5.0,11
362650,5.0,5.0,11
362700,5.0,5.0,11
362750,5.0,5.0,11
362800,5.0,5.0,11
362850,5.0,5.0,11
362900,5.0,5.0,11
362950,5.0,5.0,11
363000,5.0,5.0,11
363050,5.0,5.0,11
363100,5.0,5.0,11
363150,5.0,5.0,11
363200,5.0,5.0,11
363250,5.0,5.0,11
363300,5.0,5.0,11
363350,5.0,5.0,11
363400,5.0,5.0,11
363450,5.0,5.0,11
363500,5.0,5.0,11
363550,5.0,5.0,11
363600,5.0,5.0,11
363650,5.0,5.0,11
363700,5.0,5.0,11
363750,5.0,5.0,11
363800,5.0,5.0,11
363850,5.0,5.0,11
363900,5.0,5.0,11
363950,5.0,5.0,11
364000,5.0,5.0,11
364050,5.0,5.0,11
364100,5.0,5.0,11
364150,5.0,5.0,11
364200,5.0,5.0,11
364250,5.0,5.0,11
364300,5.0,5.0,11
364350,5.0,5.0,11
364400,5.0,5.0,11
364450,5.0,5.0,11
364500,5.0,5.0,11
364550,5.0,5.0,11
364600,5.0,5.0,11
364650,5.0,5.0,11
364700,5.0,5.0,11
364750,5.0,5.0,11
364800,5.0,5.0,11
364850,5.0,5.0,11
364900,5.0,5.0,11
364950,5.0,5.0,11
365000,5.0,5.0,11
365050,5.0,5.0,11
365100,5.0,5.0,11
365150,5.0,5.0,11
365200,5.0,5.0,11
365250,5.0,5.0,11
365300,5.0,5.0,11
365350,5.0,5.0,11
365400,5.0,5.0,11
365450,5.0,5.0,11
365500,5.0,5.0,11
365550,5.0,5.0,11
365600,5.0,5.0,11
365650,5.0,5.0,11
365700,5.0,5.0,11
365750,5.0,5.0,11
365800,5.0,5.0,11
365850,5.0,5.0,11
365900,5.0,5.0,11
365950,5.0,5.0,11
366000,5.0,5.0,11
366050,5.0,5.0,11
366100,5.0,5.0,11
366150,5.0,5.0,11
366200,5.0,5.0,11
366250,5.0,5.0,11
366300,5.0,5.0,11
366350,5.0,5.0,11
366400,5.0,5.0,11
366450,5.0,5.0,11
366500,5.0,5.0,11
366550,5.0,5.0,11
366600,5.0,5.0,11
366650,5.0,5.0,11
366700,5.0,5.0,11
366750,5.0,5.0,11
366800,5.0,5.0,11
366850,5.0,5.0,11
366900,5.0,5.0,11
366950,5.0,5.0,11
367000,5.0,5.0,11
367050,5.0,5.0,11
367100,5.0,5.0,11
367150,5.0,5.0,11
367200,5.0,5.0,11
367250,5.0,5.0,11
367300,5.0,5.0,11
367350,5.0,5.0,11
367400,5.0,5.0,11
367450,5.0,5.0,11
367500,5.0,5.0,11
367550,5.0,5.0,11
367600,5.0,5.0,11
367650,5.0,5.0,11
367700,5.0,5.0,11
367750,5.0,5.0,11
367800,5.0,5.0,11
367850,5.0,5.0,11
367900,5.0,5.0,11
367950,5.0,5.0,11
368000,5.0,5.0,11
368050,5.0,5.0,11
368100,5.0,5.0,11
368150,5.0,5.0,11
368200,5.0,5.0,11
368250,5.0,5.0,11
368300,5.0,5.0,11
368350,5.0,5.0,11
368400,5.0,5.0,11
368450,5.0,5.0,11
368500,5.0,5.0,11
368550,5.0,5.0,11
368600,5.0,5.0,11
368650,5.0,5.0,11
368700,5.0,5.0,11
368750,5.0,5.0,11
368800,5.0,5.0,11
368850,5.0,5.0,11
368900,5.0,5.0,11
368950,5.0,5.0,11
369000,5.0,5.0,11
369050,5.0,5.0,11
369100,5.0,5.0,11
369150,5.0,5.0,11
369200,5.0,5.0,11
369250,5.0,5.0,11
369300,5.0,5.0,11
369350,5.0,5.0,11
369400,5.0,5.0,11
369450,5.0,5.0,11
369500,5.0,5.0,11
369550,5.0,5.0,11
369600,5.0,5.0,11
369650,5.0,5.0,11
369700,5.0,5.0,11
369750,5.0,5.0,11
369800,5.0,5.0,11
369850,5.0,5.0,11
369900,5.0,5.0,11
369950,5.0,5.0,11
370000,5.0,5.0,11
370050,5.0,5.0,11
370100,5.0,5.0,11
370150,5.0,5.0,11
370200,5.0,5.0,11
370250,5.0,5.0,11
370300,5.0,5.0,11
370350,5.0,5.0,11
370400,5.0,5.0,11
370450,5.0,5.0,11
370500,5.0,5.0,11
370550,5.0,5.0,11
370600,5.0,5.0,11
370650,5.0,5.0,11
370700,5.0,5.0,11
370750,5.0,5.0,11
370800,5.0,5.0,11
370850,5.0,5.0,11
370900,5.0,5.0,11
370950,5.0,5.0,11
371000,5.0,5.0,11
371050,5.0,5.0,11
371100,5.0,5.0,11
371150,5.0,5.0,11
371200,5.0,5.0,11
371250,5.0,5.0,11
371300,5.0,5.0,11
371350,5.0,5.0,11
371400,5.0,5.0,11
371450,5.0,5.0,11
371500,5.0,5.0,11
371550,5.0,5.0,11
371600,5.0,5.0,11
371650,5.0,5.0,11
371700,5.0,5.0,11
371750,5.0,5.0,11
371800,5.0,5.0,11
371850,5.0,5.0,11
371900,5.0,5.0,11
371950,5.0,5.0,11
372000,5.0,5.0,11
372050,5.0,5.0,11
372100,5.0,5.0,11
372150,5.0,5.0,11
372200,5.0,5.0,11
372250,5.0,5.0,11
372300,5.0,5.0,11
372350,5.0,5.0,11
372400,5.0,5.0,11
372450,5.0,5.0,11
372500,5.0,5.0,11
372550,5.0,5.0,11
372600,5.0,5.0,11
372650,5.0,5.0,11
372700,5.0,5.0,11
372750,5.0,5.0,11
372800,5.0,5.0,11
372850,5.0,5.0,11
372900,5.0,5.0,11
372950,5.0,5.0,11
373000,5.0,5.0,11
373050,5.0,5.0,11
373100,5.0,5.0,11
373150,5.0,5.0,11
373200,5.0,5.0,11
373250,5.0,5.0,11
373300,5.0,5.0,11
373350,5.0,5.0,11
373400,5.0,5.0,11
373450,5.0,5.0,11
373500,5.0,5.0,11
373550,5.0,5.0,11
373600,5.0,5.0,11
373650,5.0,5.0,11
373700,5.0,5.0,11
373750,5.0,5.0,11
373800,5.0,5.0,11
373850,5.0,5.0,11
373900,5.0,5.0,11
373950,5.0,5.0,11
374000,5.0,5.0,11
374050,5.0,5.0,11
374100,5.0,5.0,11
374150,5.0,5.0,11
374200,5.0,5.0,11
374250,5.0,5.0,11
374300,5.0,5.0,11
374350,5.0,5.0,11
374400,5.0,5.0,11
374450,5.0,5.0,11
374500,5.0,5.0,11
374550,5.0,5.0,11
374600,5.0,5.0,11
374650,5.0,5.0,11
374700,5.0,5.0,11
374750,5.0,5.0,11
374800,5.0,5.0,11
374850,5.0,5.0,11
374900,5.0,5.0,11
374950,5.0,5.0,11
375000,5.0,5.0,11
375050,5.0,5.0,11
375100,5.0,5.0,11
375150,5.0,5.0,11
375200,5.0,5.0,11
375250,5.0,5.0,11
375300,5.0,5.0,11
375350,5.0,5.0,11
375400,5.0,5.0,11
375450,5.0,5.0,11
375500,5.0,5.0,11
375550,5.0,5.0,11
375600,5.0,5.0,11
375650,5.0,5.0,11
375700,5.0,5.0,11
375750,5.0,5.0,11
375800,5.0,5.0,11
375850,5.0,5.0,11
375900,5.0,5.0,11
375950,5.0,5.0,11
376000,5.0,5.0,11
376050,5.0,5.0,11
376100,5.0,5.0,11
376150,5.0,5.0,11
376200,5.0,5.0,11
376250,5.0,5.0,11
376300,5.0,5.0,11
376350,5.0,5.0,11
376400,5.0,5.0,11
376450,5.0,5.0,11
376500,5.0,5.0,11
376550,5.0,5.0,11
376600,5.0,5.0,11
376650,5.0,5.0,11
376700,5.0,5.0,11
376750,5.0,5.0,11
376800,5.0,5.0,11
376850,5.0,5.0,11
376900,5.0,5.0,11
376950,5.0,5.0,11
377000,5.0,5.0,11
377050,5.0,5.0,11
377100,5.0,5.0,11
377150,5.0,5.0,11
377200,5.0,5.0,11
377250,5.0,5.0,11
377300,5.0,5.0,11
377350,5.0,5.0,11
377400,5.0,5.0,11
377450,5.0,5.0,11
377500,5.0,5.0,11
377550,5.0,5.0,11
377600,5.0,5.0,11
377650,5.0,5.0,11
377700,5.0,5.0,11
377750,5.0,5.0,11
377800,5.0,5.0,11
377850,5.0,5.0,11
377900,5.0,5.0,11
377950,5.0,5.0,11
378000,5.0,5.0,11
378050,5.0,5.0,11
378100,5.0,5.0,11
378150,5.0,5.0,11
378200,5.0,5.0,11
378250,5.0,5.0,11
378300,5.0,5.0,11
378350,5.0,5.0,11
378400,5.0,5.0,11
378450,5.0,5.0,11
378500,5.0,5.0,11
378550,5.0,5.0,11
378600,5.0,5.0,11
378650,5.0,5.0,11
378700,5.0,5.0,11
378750,5.0,5.0,11
378800,5.0,5.0,11
378850,5.0,5.0,11
378900,5.0,5.0,11
378950,5.0,5.0,11
379000,5.0,5.0,11
379050,5.0,5.0,11
379100,5.0,5.0,11
379150,5.0,5.0,11
379200,5.0,5.0,11
379250,5.0,5.0,11
379300,5.0,5.0,11
379350,5.0,5.0,11
379400,5.0,5.0,11
379450,5.0,5.0,11
379500,5.0,5.0,11
379550,5.0,5.0,11
379600,5.0,5.0,11
379650,5.0,5.0,11
379700,5.0,5.0,11
379750,5.0,5.0,11
379800,5.0,5.0,11
379850,5.0,5.0,11
379900,5.0,5.0,11
379950,5.0,5.0,11
380000,5.0,5.0,11
380050,5.0,5.0,11
380100,5.0,5.0,11
380150,5.0,5.0,11
380200,5.0,5.0,11
380250,5.0,5.0,11
380300,5.0,5.0,11
380350,5.0,5.0,11
380400,5.0,5.0,11
380450,5.0,5.0,11
380500,5.0,5.0,11
380550,5.0,5.0,11
380600,5.0,5.0,11
380650,5.0,5.0,11
380700,5.0,5.0,11
380750,5.0,5.0,11
380800,5.0,5.0,11
380850,5.0,5.0,11
380900,5.0,5.0,11
380950,5.0,5.0,11
381000,5.0,5.0,11
381050,5.0,5.0,11
381100,5.0,5.0,11
381150,5.0,5.0,11
381200,5.0,5.0,11
381250,5.0,5.0,11
381300,5.0,5.0,11
381350,5.0,5.0,11
381400,5.0,5.0,11
381450,5.0,5.0,11
381500,5.0,5.0,11
381550,5.0,5.0,11
381600,5.0,5.0,11
381650,5.0,5.0,11
381700,5.0,5.0,11
381750,5.0,5.001,11
381800,5.0,5.01,11
381850,5.0,5.011,11
381900,5.0,5.011,11
381950,5.0,5.011,11
382000,5.0,5.011,11
382050,5.0,5.011,11
382100,5.0,5.011,11
382150,5.0,5.011,11
382200,5.0,5.011,11
382250,5.0,5.011,11
382300,5.0,5.011,11
382350,5.0,5.011,11
382400,5.0,5.011,11
382450,5.0,5.011,11
382500,5.0,5.011,11
382550,5.0,5.011,11
382600,5.0,5.011,11
382650,5.0,5.008,11
382700,5.0,5.003,11
382750,5.0,5.003,11
382800,5.0,5.003,11
382850,5.0,5.003,11
382900,5.0,5.0,11
382950,5.0,5.0,11
383000,5.0,5.0,11
383050,5.0,5.0,11
383100,5.0,5.0,11
383150,5.0,5.0,11
383200,5.0,5.0,11
383250,5.0,5.0,11
383300,5.0,5.0,11
383350,5.0,5.0,11
383400,5.0,5.0,11
383450,5.0,5.0,11
383500,5.0,5.0,11
383550,5.0,5.0,11
383600,5.0,5.0,11
383650,5.0,5.0,11
383700,5.0,5.0,11
383750,5.0,5.0,11
383800,5.0,5.0,11
383850,5.0,5.0,11
383900,5.0,5.0,11
383950,5.0,5.0,11
384000,5.0,5.0,11
384050,5.0,5.0,11
384100,5.0,5.0,11
384150,5.0,5.0,11
384200,5.0,5.0,11
384250,5.0,5.0,11
384300,5.0,5.0,11
384350,5.0,5.0,11
384400,5.0,5.0,11
384450,5.0,5.0,11
384500,5.0,5.0,11
384550,5.0,5.0,11
384600,5.0,5.0,11
384650,5.0,5.0,11
384700,5.0,5.0,11
384750,5.0,5.0,11
384800,5.0,5.0,11
384850,5.0,5.0,11
384900,5.0,5.0,11
384950,5.0,5.0,11
385000,5.0,5.0,11
385050,5.0,5.0,11
385100,5.0,5.0,11
385150,5.0,5.0,11
385200,5.0,5.0,11
385250,5.0,5.0,11
385300,5.0,5.0,11
385350,5.0,5.0,11
385400,5.0,5.0,11
385450,5.0,5.0,11
385500,5.0,5.0,11
385550,5.0,5.0,11
385600,5.0,5.0,11
385650,5.0,5.0,11
385700,5.0,5.0,11
385750,5.0,5.0,11
385800,5.0,5.0,11
385850,5.0,5.0,11
385900,5.0,5.0,11
385950,5.0,5.0,11
386000,5.0,5.0,11
386050,5.0,5.0,11
386100,5.0,5.0,11
386150,5.0,5.0,11
386200,5.0,5.0,11
386250,5.0,5.0,11
386300,5.0,5.0,11
386350,5.0,5.0,11
386400,5.0,5.0,11
386450,5.0,5.0,11
386500,5.0,5.0,11
386550,5.0,5.0,11
386600,5.0,5.0,11
386650,5.0,5.0,11
386700,5.0,5.0,11
386750,5.0,5.0,11
386800,5.0,5.0,11
386850,5.0,5.0,11
386900,5.0,5.0,11
386950,5.0,5.0,11
387000,5.0,5.0,11
387050,5.0,5.0,11
387100,5.0,5.0,11
387150,5.0,5.0,11
387200,5.0,5.0,11
387250,5.0,5.0,11
387300,5.0,5.0,11
387350,5.0,5.0,11
387400,5.0,5.0,11
387450,5.0,5.0,11
387500,5.0,5.0,11
387550,5.0,5.0,11
387600,5.0,5.0,11
387650,5.0,5.0,11
387700,5.0,5.0,11
387750,5.0,5.0,11
387800,5.0,5.0,11
387850,5.0,5.0,11
387900,5.0,5.0,11
387950,5.0,5.0,11
388000,5.0,5.0,11
388050,5.0,5.0,11
388100,5.0,5.0,11
388150,5.0,5.0,11
388200,5.0,5.0,11
388250,5.0,5.0,11
388300,5.0,5.0,11
388350,5.0,5.0,11
388400,5.0,5.0,11
388450,5.0,5.0,11
388500,5.0,5.0,11
388550,5.0,5.0,11
388600,5.0,5.0,11
388650,5.0,5.0,11
388700,5.0,5.0,11
388750,5.0,5.0,11
388800,5.0,5.0,11
388850,5.0,5.0,11
388900,5.0,5.0,11
388950,5.0,5.0,11
389000,5.0,5.0,11
389050,5.0,5.0,11
389100,5.0,5.0,11
389150,5.0,5.0,11
389200,5.0,5.0,11
389250,5.0,5.0,11
389300,5.0,5.0,11
389350,5.0,5.0,11
389400,5.0,5.0,11
389450,5.0,5.0,11
389500,5.0,5.0,11
389550,5.0,5.0,11
389600,5.0,5.0,11
389650,5.0,5.0,11
389700,5.0,5.0,11
389750,5.0,5.0,11
389800,5.0,5.0,11
389850,5.0,5.0,11
389900,5.0,5.0,11
389950,5.0,5.0,11
390000,5.0,5.0,11
390050,5.0,5.0,11
390100,5.0,5.0,11
390150,5.0,5.0,11
390200,5.0,5.0,11
390250,5.0,5.0,11
390300,5.0,5.0,11
390350,5.0,5.0,11
390400,5.0,5.0,11
390450,5.0,5.0,11
390500,5.0,5.0,11
390550,5.0,5.0,11
390600,5.0,5.0,11
390650,5.0,5.0,11
390700,5.0,5.0,11
390750,5.0,5.0,11
390800,5.0,5.0,11
390850,5.0,5.0,11
390900,5.0,5.0,11
390950,5.0,5.0,11
391000,5.0,5.0,11
391050,5.0,5.0,11
391100,5.0,5.0,11
391150,5.0,5.0,11
391200,5.0,5.0,11
391250,5.0,5.0,11
391300,5.0,5.0,11
391350,5.0,5.0,11
391400,5.0,5.0,11
391450,5.0,5.0,11
391500,5.0,5.0,11
391550,5.0,5.0,11
391600,5.0,5.0,11
391650,5.0,5.0,11
391700,5.0,5.0,11
391750,5.0,5.0,11
391800,5.0,5.0,11
391850,5.0,5.0,11
391900,5.0,5.0,11
391950,5.0,5.0,11
392000,5.0,5.0,11
392050,5.0,5.0,11
392100,5.0,5.0,11
392150,5.0,5.0,11
392200,5.0,5.0,11
392250,5.0,5.0,11
392300,5.0,5.0,11
392350,5.0,5.0,11
392400,5.0,5.0,11
392450,5.0,5.0,11
392500,5.0,5.0,11
392550,5.0,5.0,11
392600,5.0,5.0,11
392650,5.0,5.0,11
392700,5.0,5.0,11
392750,5.0,5.0,11
392800,5.0,5.0,11
392850,5.0,5.0,11
392900,5.0,5.0,11
392950,5.0,5.0,11
393000,5.0,5.0,11
393050,5.0,5.0,11
393100,5.0,5.0,11
393150,5.0,5.0,11
393200,5.0,5.0,11
393250,5.0,5.0,11
393300,5.0,5.0,11
393350,5.0,5.0,11
393400,5.0,5.0,11
393450,5.0,5.0,11
393500,5.0,5.0,11
393550,5.0,5.0,11
393600,5.0,5.0,11
393650,5.0,5.0,11
393700,5.0,5.0,11
393750,5.0,5.0,11
393800,5.0,5.0,11
393850,5.0,5.0,11
393900,5.0,5.0,11
393950,5.0,5.0,11
394000,5.0,5.0,11
394050,5.0,5.0,11
394100,5.0,5.0,11
394150,5.0,5.0,11
394200,5.0,5.0,11
394250,5.0,5.0,11
394300,5.0,5.0,11
394350,5.0,5.0,11
394400,5.0,5.0,11
394450,5.0,5.0,11
394500,5.0,5.0,11
394550,5.0,5.0,11
394600,5.0,5.0,11
394650,5.0,5.0,11
394700,5.0,5.0,11
394750,5.0,5.0,11
394800,5.0,5.0,11
394850,5.0,5.0,11
394900,5.0,5.0,11
394950,5.0,5.0,11
395000,5.0,5.0,11
395050,5.0,5.0,11
395100,5.0,5.0,11
395150,5.0,5.0,11
395200,5.0,5.0,11
395250,5.0,5.0,11
395300,5.0,5.0,11
395350,5.0,5.0,11
395400,5.0,5.0,11
395450,5.0,5.0,11
395500,5.0,5.0,11
395550,5.0,5.0,11
395600,5.0,5.0,11
395650,5.0,5.0,11
395700,5.0,5.0,11
395750,5.0,5.0,11
395800,5.0,5.0,11
395850,5.0,5.0,11
395900,5.0,5.0,11
395950,5.0,5.0,11
396000,5.0,5.0,11
396050,5.0,5.0,11
396100,5.0,5.0,11
396150,5.0,5.0,11
396200,5.0,5.0,11
396250,5.0,5.0,11
396300,5.0,5.0,11
396350,5.0,5.0,11
396400,5.0,5.0,11
396450,5.0,5.0,11
396500,5.0,5.0,11
396550,5.0,5.0,11
396600,5.0,5.0,11
396650,5.0,5.0,11
396700,5.0,5.0,11
396750,5.0,5.0,11
396800,5.0,5.0,11
396850,5.0,5.0,11
396900,5.0,5.0,11
396950,5.0,5.0,11
397000,5.0,5.0,11
397050,5.0,5.0,11
397100,5.0,5.0,11
397150,5.0,5.0,11
397200,5.0,5.0,11
397250,5.0,5.0,11
397300,5.0,5.0,11
397350,5.0,5.0,11
397400,5.0,5.0,11
397450,5.0,5.0,11
397500,5.0,5.0,11
397550,5.0,5.0,11
397600,5.0,5.0,11
397650,5.0,5.0,11
397700,5.0,5.0,11
397750,5.0,5.0,11
397800,5.0,5.0,11
397850,5.0,5.0,11
397900,5.0,5.0,11
397950,5.0,5.0,11
398000,5.0,5.0,11
398050,5.0,5.0,11
398100,5.0,5.0,11
398150,5.0,5.0,11
398200,5.0,5.0,11
398250,5.0,5.0,11
398300,5.0,5.0,11
398350,5.0,5.0,11
398400,5.0,5.0,11
398450,5.0,5.0,11
398500,5.0,5.0,11
398550,5.0,5.0,11
398600,5.0,5.0,11
398650,5.0,5.0,11
398700,5.0,5.0,11
398750,5.0,5.0,11
398800,5.0,5.0,11
398850,5.0,5.0,11
398900,5.0,5.0,11
398950,5.0,5.0,11
399000,5.0,5.0,11
399050,5.0,5.0,11
399100,5.0,5.0,11
399150,5.0,5.0,11
399200,5.0,5.0,11
399250,5.0,5.0,11
399300,5.0,5.0,11
399350,5.0,5.0,11
399400,5.0,5.0,11
399450,5.0,5.0,11
399500,5.0,5.0,11
399550,5.0,5.0,11
399600,5.0,5.0,11
399650,5.0,5.0,11
399700,5.0,5.0,11
399750,5.0,5.0,11
399800,5.0,5.0,11
399850,5.0,5.0,11
399900,5.0,5.0,11
399950,5.0,5.0,11
400000,5.0,5.0,11
400050,5.0,5.0,11
400100,5.0,5.0,11
400150,5.0,5.0,11
400200,5.0,5.0,11
400250,5.0,5.0,11
400300,5.0,5.0,11
400350,5.0,5.0,11
400400,5.0,5.0,11
400450,5.0,5.0,11
400500,5.0,5.0,11
400550,5.0,5.0,11
400600,5.0,5.0,11
400650,5.0,5.0,11
400700,5.0,5.0,11
400750,5.0,5.0,11
400800,5.0,5.0,11
400850,5.0,5.0,11
400900,5.0,5.0,11
400950,5.0,5.0,11
401000,5.0,5.0,11
401050,5.0,5.0,11
401100,5.0,5.0,11
401150,5.0,5.0,11
401200,5.0,5.0,11
401250,5.0,5.0,11
401300,5.0,5.0,11
401350,5.0,5.0,11
401400,5.0,5.0,11
401450,5.0,5.0,11
401500,5.0,5.0,11
401550,5.0,5.0,11
401600,5.0,5.0,11
401650,5.0,5.0,11
401700,5.0,5.0,11
401750,5.0,5.0,11
401800,5.0,5.0,11
401850,5.0,5.0,11
401900,5.0,5.0,11
401950,5.0,5.0,11
402000,5.0,5.0,11
402050,5.0,5.0,11
402100,5.0,5.0,11
402150,5.0,5.0,11
402200,5.0,5.0,11
402250,5.0,5.0,11
402300,5.0,5.0,11
402350,5.0,5.0,11
402400,5.0,5.0,11
402450,5.0,5.0,11
402500,5.0,5.0,11
402550,5.0,5.0,11
402600,5.0,5.0,11
402650,5.0,5.0,11
402700,5.0,5.0,11
402750,5.0,5.0,11
402800,5.0,5.0,11
402850,5.0,5.0,11
402900,5.0,5.0,11
402950,5.0,5.0,11
403000,5.0,5.0,11
403050,5.0,5.0,11
403100,5.0,5.0,11
403150,5.0,5.0,11
403200,5.0,5.0,11
403250,5.0,5.0,11
403300,5.0,5.0,11
403350,5.0,5.0,11
403400,5.0,5.0,11
403450,5.0,5.0,11
403500,5.0,5.0,11
403550,5.0,5.0,11
403600,5.0,5.0,11
403650,5.0,5.0,11
403700,5.0,5.0,11
403750,5.0,5.0,11
403800,5.0,5.0,11
403850,5.0,5.0,11
403900,5.0,5.0,11
403950,5.0,5.0,11
404000,5.0,5.0,11
404050,5.0,5.0,11
404100,5.0,5.0,11
404150,5.0,5.0,11
404200,5.0,5.0,11
404250,5.0,5.0,11
404300,5.0,5.0,11
404350,5.0,5.0,11
404400,5.0,5.0,11
404450,5.0,5.0,11
404500,5.0,5.0,11
404550,5.0,5.0,11
404600,5.0,5.0,11
404650,5.0,5.0,11
404700,5.0,5.0,11
404750,5.0,5.0,11
404800,5.0,5.0,11
404850,5.0,5.0,11
404900,5.0,5.0,11
404950,5.0,5.0,11
405000,5.0,5.0,11
405050,5.0,5.0,11
405100,5.0,5.0,11
405150,5.0,5.0,11
405200,5.0,5.0,11
405250,5.0,5.0,11
405300,5.0,5.0,11
405350,5.0,5.0,11
405400,5.0,5.0,11
405450,5.0,5.0,11
405500,5.0,5.0,11
405550,5.0,5.0,11
405600,5.0,5.0,11
405650,5.0,5.0,11
405700,5.0,5.0,11
405750,5.0,5.0,11
405800,5.0,5.0,11
405850,5.0,5.0,11
405900,5.0,5.0,11
405950,5.0,5.0,11
406000,5.0,5.0,11
406050,5.0,5.0,11
406100,5.0,5.0,11
406150,5.0,5.0,11
406200,5.0,5.0,11
406250,5.0,5.0,11
406300,5.0,5.0,11
406350,5.0,5.0,11
406400,5.0,5.0,11
406450,5.0,5.0,11
406500,5.0,5.0,11
406550,5.0,5.0,11
406600,5.0,5.0,11
406650,5.0,5.0,11
406700,5.0,5.0,11
406750,5.0,5.0,11
406800,5.0,5.0,11
406850,5.0,5.0,11
406900,5.0,5.0,11
406950,5.0,5.0,11
407000,5.0,5.0,11
407050,5.0,5.0,11
407100,5.0,5.0,11
407150,5.0,5.0,11
407200,5.0,5.0,11
407250,5.0,5.0,11
407300,5.0,5.0,11
407350,5.0,5.0,11
407400,5.0,5.0,11
407450,5.0,5.0,11
407500,5.0,5.0,11
407550,5.0,5.0,11
407600,5.0,5.0,11
407650,5.0,5.0,11
407700,5.0,5.0,11
407750,5.0,5.0,11
407800,5.0,5.0,11
407850,5.0,5.0,11
407900,5.0,5.0,11
407950,5.0,5.0,11
408000,5.0,5.0,11
408050,5.0,5.0,11
408100,5.0,5.0,11
408150,5.0,5.0,11
408200,5.0,5.0,11
408250,5.0,5.0,11
408300,5.0,5.0,11
408350,5.0,5.0,11
408400,5.0,5.0,11
408450,5.0,5.0,11
408500,5.0,5.0,11
408550,5.0,5.0,11
408600,5.0,5.0,11
408650,5.0,5.0,11
408700,5.0,5.0,11
408750,5.0,5.0,11
408800,5.0,5.0,11
408850,5.0,5.0,11
408900,5.0,5.0,11
408950,5.0,5.0,11
409000,5.0,5.0,11
409050,5.0,5.0,11
409100,5.0,5.0,11
409150,5.0,5.0,11
409200,5.0,5.0,11
409250,5.0,5.0,11
409300,5.0,5.0,11
409350,5.0,5.0,11
409400,5.0,5.0,11
409450,5.0,5.0,11
409500,5.0,5.0,11
409550,5.0,5.0,11
409600,5.0,5.0,11
409650,5.0,5.0,11
409700,5.0,5.0,11
409750,5.0,5.0,11
409800,5.0,5.0,11
409850,5.0,5.0,11
409900,5.0,5.0,11
409950,5.0,5.0,11
410000,5.0,5.0,11
410050,5.0,5.0,11
410100,5.0,5.0,11
410150,5.0,5.0,11
410200,5.0,5.0,11
410250,5.0,5.0,11
410300,5.0,5.0,11
410350,5.0,5.0,11
410400,5.0,5.0,11
410450,5.0,5.0,11
410500,5.0,5.0,11
410550,5.0,5.0,11
410600,5.0,5.0,11
410650,5.0,5.0,11
410700,5.0,5.0,11
410750,5.0,5.0,11
410800,5.0,5.0,11
410850,5.0,5.0,11
410900,5.0,5.0,11
410950,5.0,5.0,11
411000,5.0,5.0,11
411050,5.0,5.0,11
411100,5.0,5.0,11
411150,5.0,5.0,11
411200,5.0,5.0,11
411250,5.0,5.0,11
411300,5.0,5.0,11
411350,5.0,5.0,11
411400,5.0,5.0,11
411450,5.0,5.0,11
411500,5.0,5.0,11
411550,5.0,5.0,11
411600,5.0,5.0,11
411650,5.0,5.0,11
411700,5.0,5.0,11
411750,5.0,5.0,11
411800,5.0,5.0,11
411850,5.0,5.0,11
411900,5.0,5.0,11
411950,5.0,5.0,11
412000,5.0,5.0,11
412050,5.0,5.0,11
412100,5.0,5.0,11
412150,5.0,5.0,11
412200,5.0,5.0,11
412250,5.0,5.0,11
412300,5.0,5.0,11
412350,5.0,5.0,11
412400,5.0,5.0,11
412450,5.0,5.0,11
412500,5.0,5.0,11
412550,5.0,5.0,11
412600,5.0,5.0,11
412650,5.0,5.0,11
412700,5.0,5.0,11
412750,5.0,5.0,11
412800,5.0,5.0,11
412850,5.0,5.0,11
412900,5.0,5.0,11
412950,5.0,5.0,11
413000,5.0,5.0,11
413050,5.0,5.0,11
413100,5.0,5.0,11
413150,5.0,5.0,11
413200,5.0,5.0,11
413250,5.0,5.0,11
413300,5.0,5.0,11
413350,5.0,5.0,11
413400,5.0,5.0,11
413450,5.0,5.0,11
413500,5.0,5.0,11
413550,5.0,5.0,11
413600,5.0,5.0,11
413650,5.0,5.0,11
413700,5.0,5.0,11
413750,5.0,5.0,11
413800,5.0,5.0,11
413850,5.0,5.0,11
413900,5.0,5.0,11
413950,5.0,5.0,11
414000,5.0,5.0,11
414050,5.0,5.0,11
414100,5.0,5.0,11
414150,5.0,5.0,11
414200,5.0,5.0,11
414250,5.0,5.0,11
414300,5.0,5.0,11
414350,5.0,5.0,11
414400,5.0,5.0,11
414450,5.0,5.0,11
414500,5.0,5.0,11
414550,5.0,5.0,11
414600,5.0,5.0,11
414650,5.0,5.0,11
414700,5.0,5.0,11
414750,5.0,5.0,11
414800,5.0,5.0,11
414850,5.0,5.0,11
414900,5.0,5.0,11
414950,5.0,5.0,11
415000,5.0,5.0,11
415050,5.0,5.0,11
415100,5.0,5.0,11
415150,5.0,5.0,11
415200,5.0,5.0,11
415250,5.0,5.0,11
415300,5.0,5.0,11
415350,5.0,5.0,11
415400,5.0,5.0,11
415450,5.0,5.0,11
415500,5.0,5.0,11
415550,5.0,5.0,11
415600,5.0,5.0,11
415650,5.0,5.0,11
415700,5.0,5.0,11
415750,5.0,5.0,11
415800,5.0,5.0,11
415850,5.0,5.0,11
415900,5.0,5.0,11
415950,5.0,5.0,11
416000,5.0,5.0,11
416050,5.0,5.0,11
416100,5.0,5.0,11
416150,5.0,5.0,11
416200,5.0,5.0,11
416250,5.0,5.0,11
416300,5.0,5.0,11
416350,5.0,5.0,11
416400,5.0,5.0,11
416450,5.0,5.0,11
416500,5.0,5.0,11
416550,5.0,5.0,11
416600,5.0,5.0,11
416650,5.0,5.0,11
416700,5.0,5.0,11
416750,5.0,5.0,11
416800,5.0,5.0,11
416850,5.0,5.0,11
416900,5.0,5.0,11
416950,5.0,5.0,11
417000,5.0,5.0,11
417050,5.0,5.0,11
417100,5.0,5.0,11
417150,5.0,5.0,11
417200,5.0,5.0,11
417250,5.0,5.0,11
417300,5.0,5.0,11
417350,5.0,5.0,11
417400,5.0,5.0,11
417450,5.0,5.0,11
417500,5.0,5.0,11
417550,5.0,5.0,11
417600,5.0,5.0,11
417650,5.0,5.0,11
417700,5.0,5.0,11
417750,5.0,5.0,11
417800,5.0,5.0,11
417850,5.0,5.0,11
417900,5.0,5.0,11
417950,5.0,5.0,11
418000,5.0,5.0,11
418050,5.0,5.0,11
418100,5.0,5.0,11
418150,5.0,5.0,11
418200,5.0,5.0,11
418250,5.0,5.0,11
418300,5.0,5.0,11
418350,5.0,5.0,11
418400,5.0,5.0,11
418450,5.0,5.0,11
418500,5.0,5.0,11
418550,5.0,5.0,11
418600,5.0,5.0,11
418650,5.0,5.0,11
418700,5.0,5.0,11
418750,5.0,5.0,11
418800,5.0,5.0,11
418850,5.0,5.0,11
418900,5.0,5.0,11
418950,5.0,5.0,11
419000,5.0,5.0,11
419050,5.0,5.0,11
419100,5.0,5.0,11
419150,5.0,5.0,11
419200,5.0,5.0,11
419250,5.0,5.0,11
419300,5.0,5.0,11
419350,5.0,5.0,11
419400,5.0,5.0,11
419450,5.0,5.0,11
419500,5.0,5.0,11
419550,5.0,5.0,11
419600,5.0,5.0,11
419650,5.0,5.0,11
419700,5.0,5.0,11
419750,5.0,5.0,11
419800,5.0,5.0,11
419850,5.0,5.0,11
419900,5.0,5.0,11
419950,5.0,5.0,11
420000,5.0,5.0,11
420050,5.0,5.0,11
420100,5.0,5.0,11
420150,5.0,5.0,11
420200,5.0,5.0,11
420250,5.0,5.0,11
420300,5.0,5.0,11
420350,5.0,5.0,11
420400,5.0,5.0,11
420450,5.0,5.0,11
420500,5.0,5.0,11
420550,5.0,5.0,11
420600,5.0,5.0,11
420650,5.0,5.0,11
420700,5.0,5.0,11
420750,5.0,5.0,11
420800,5.0,5.0,11
420850,5.0,5.0,11
420900,5.0,5.0,11
420950,5.0,5.0,11
421000,5.0,5.0,11
421050,5.0,5.0,11
421100,5.0,5.0,11
421150,5.0,5.0,11
421200,5.0,5.0,11
421250,5.0,5.0,11
421300,5.0,5.0,11
421350,5.0,5.0,11
421400,5.0,5.0,11
421450,5.0,5.0,11
421500,5.0,5.0,11
421550,5.0,5.0,11
421600,5.0,5.0,11
421650,5.0,5.0,11
421700,5.0,5.0,11
421750,5.0,5.0,11
421800,5.0,5.0,11
421850,5.0,5.0,11
421900,5.0,5.0,11
421950,5.0,5.0,11
422000,5.0,5.0,11
422050,5.0,5.0,11
422100,5.0,5.0,11
422150,5.0,5.0,11
422200,5.0,5.0,11
422250,5.0,5.0,11
422300,5.0,5.0,11
422350,5.0,5.0,11
422400,5.0,5.0,11
422450,5.0,5.0,11
422500,5.0,5.0,11
422550,5.0,5.0,11
422600,5.0,5.0,11
422650,5.0,5.0,11
422700,5.0,5.0,11
422750,5.0,5.0,11
422800,5.0,5.0,11
422850,5.0,5.0,11
422900,5.0,5.0,11
422950,5.0,5.0,11
423000,5.0,5.0,11
423050,5.0,5.0,11
423100,5.0,5.0,11
423150,5.0,5.0,11
423200,5.0,5.0,11
423250,5.0,5.0,11
423300,5.0,5.0,11
423350,5.0,5.0,11
423400,5.0,5.0,11
423450,5.0,5.0,11
423500,5.0,5.0,11
423550,5.0,5.0,11
423600,5.0,5.0,11
423650,5.0,5.0,11
423700,5.0,5.0,11
423750,5.0,5.0,11
423800,5.0,5.0,11
423850,5.0,5.0,11
423900,5.0,5.0,11
423950,5.0,5.0,11
424000,5.0,5.0,11
424050,5.0,5.0,11
424100,5.0,5.0,11
424150,5.0,5.0,11
424200,5.0,5.0,11
424250,5.0,5.0,11
424300,5.0,5.0,11
424350,5.0,5.0,11
424400,5.0,5.0,11
424450,5.0,5.0,11
424500,5.0,5.0,11
424550,5.0,5.0,11
424600,5.0,5.0,11
424650,5.0,5.0,11
424700,5.0,5.0,11
424750,5.0,5.0,11
424800,5.0,5.0,11
424850,5.0,5.0,11
424900,5.0,5.0,11
424950,5.0,5.0,11
425000,5.0,5.0,11
425050,5.0,5.0,11
425100,5.0,5.0,11
425150,5.0,5.0,11
425200,5.0,5.0,11
425250,5.0,5.0,11
425300,5.0,5.0,11
425350,5.0,5.0,11
425400,5.0,5.0,11
425450,5.0,5.0,11
425500,5.0,5.0,11
425550,5.0,5.0,11
425600,5.0,5.0,11
425650,5.0,5.0,11
425700,5.0,5.0,11
425750,5.0,5.0,11
425800,5.0,5.0,11
425850,5.0,5.0,11
425900,5.0,5.0,11
425950,5.0,5.0,11
426000,5.0,5.0,11
426050,5.0,5.0,11
426100,5.0,5.0,11
426150,5.0,5.0,11
426200,5.0,5.0,11
426250,5.0,5.0,11
426300,5.0,5.0,11
426350,5.0,5.0,11
426400,5.0,5.0,11
426450,5.0,5.0,11
426500,5.0,5.0,11
426550,5.0,5.0,11
426600,5.0,5.0,11
426650,5.0,5.0,11
426700,5.0,5.0,11
426750,5.0,5.0,11
426800,5.0,5.0,11
426850,5.0,5.0,11
426900,5.0,5.0,11
426950,5.0,5.0,11
427000,5.0,5.0,11
427050,5.0,5.0,11
427100,5.0,5.0,11
427150,5.0,5.0,11
427200,5.0,5.0,11
427250,5.0,5.0,11
427300,5.0,5.0,11
427350,5.0,5.0,11
427400,5.0,5.0,11
427450,5.0,5.0,11
427500,5.0,5.0,11
427550,5.0,5.0,11
427600,5.0,5.0,11
427650,5.0,5.0,11
427700,5.0,5.0,11
427750,5.0,5.0,11
427800,5.0,5.0,11
427850,5.0,5.0,11
427900,5.0,5.0,11
427950,5.0,5.0,11
428000,5.0,5.0,11
428050,5.0,5.0,11
428100,5.0,5.0,11
428150,5.0,5.0,11
428200,5.0,5.0,11
428250,5.0,5.0,11
428300,5.0,5.0,11
428350,5.0,5.0,11
428400,5.0,5.0,11
428450,5.0,5.0,11
428500,5.0,5.0,11
428550,5.0,5.0,11
428600,5.0,5.0,11
428650,5.0,5.0,11
428700,5.0,5.0,11
428750,5.0,5.0,11
428800,5.0,5.0,11
428850,5.0,5.0,11
428900,5.0,5.0,11
428950,5.0,5.0,11
429000,5.0,5.0,11
429050,5.0,5.0,11
429100,5.0,5.0,11
429150,5.0,5.0,11
429200,5.0,5.0,11
429250,5.0,5.0,11
429300,5.0,5.0,11
429350,5.0,5.0,11
429400,5.0,5.0,11
429450,5.0,5.0,11
429500,5.0,5.0,11
429550,5.0,5.0,11
429600,5.0,5.0,11
429650,5.0,5.0,11
429700,5.0,5.0,11
429750,5.0,5.0,11
429800,5.0,5.0,11
429850,5.0,5.0,11
429900,5.0,5.0,11
429950,5.0,5.0,11
430000,5.0,5.0,11
430050,5.0,5.0,11
430100,5.0,5.0,11
430150,5.0,5.0,11
430200,5.0,5.0,11
430250,5.0,5.0,11
430300,5.0,5.0,11
430350,5.0,5.0,11
430400,5.0,5.0,11
430450,5.0,5.0,11
430500,5.0,5.0,11
430550,5.0,5.0,11
430600,5.0,5.0,11
430650,5.0,5.0,11
430700,5.0,5.0,11
430750,5.0,5.0,11
430800,5.0,5.0,11
430850,5.0,5.0,11
430900,5.0,5.0,11
430950,5.0,5.0,11
431000,5.0,5.0,11
431050,5.0,5.0,11
431100,5.0,5.0,11
431150,5.0,5.0,11
431200,5.0,5.0,11
431250,5.0,5.0,11
431300,5.0,5.0,11
431350,5.0,5.0,11
431400,5.0,5.0,11
431450,5.0,5.0,11
431500,5.0,5.0,11
431550,5.0,5.0,11
431600,5.0,5.0,11
431650,5.0,5.0,11
431700,5.0,5.0,11
431750,5.0,5.0,11
431800,5.0,5.0,11
431850,5.0,5.0,11
431900,5.0,5.0,11
431950,5.0,5.0,11
432000,5.0,5.0,11
432050,5.0,5.0,11
432100,5.0,5.0,11
432150,5.0,5.0,11
432200,5.0,5.0,11
432250,5.0,5.0,11
432300,5.0,5.0,11
432350,5.0,5.0,11
432400,5.0,5.0,11
432450,5.0,5.0,11
432500,5.0,5.0,11
432550,5.0,5.0,11
432600,5.0,5.0,11
432650,5.0,5.0,11
432700,5.0,5.0,11
432750,5.0,5.0,11
432800,5.0,5.0,11
432850,5.0,5.0,11
432900,5.0,5.0,11
432950,5.0,5.0,11
433000,5.0,5.0,11
433050,5.0,5.0,11
433100,5.0,5.0,11
433150,5.0,5.0,11
433200,5.0,5.0,11
433250,5.0,5.0,11
433300,5.0,5.0,11
433350,5.0,5.0,11
433400,5.0,5.0,11
433450,5.0,5.0,11
433500,5.0,5.0,11
433550,5.0,5.0,11
433600,5.0,5.0,11
433650,5.0,5.0,11
433700,5.0,5.0,11
433750,5.0,5.0,11
433800,5.0,5.0,11
433850,5.0,5.0,11
433900,5.0,5.0,11
433950,5.0,5.0,11
434000,5.0,5.0,11
434050,5.0,5.0,11
434100,5.0,5.0,11
434150,5.0,5.0,11
434200,5.0,5.0,11
434250,5.0,5.0,11
434300,5.0,5.0,11
434350,5.0,5.0,11
434400,5.0,5.0,11
434450,5.0,5.0,11
434500,5.0,5.0,11
434550,5.0,5.0,11
434600,5.0,5.0,11
434650,5.0,5.0,11
434700,5.0,5.0,11
434750,5.0,5.0,11
434800,5.0,5.0,11
434850,5.0,5.0,11
434900,5.0,5.0,11
434950,5.0,5.0,11
435000,5.0,5.0,11
435050,5.0,5.0,11
435100,5.0,5.0,11
435150,5.0,5.0,11
435200,5.0,5.0,11
435250,5.0,5.0,11
435300,5.0,5.0,11
435350,5.0,5.0,11
435400,5.0,5.0,11
435450,5.0,5.0,11
435500,5.0,5.0,11
435550,5.0,5.0,11
435600,5.0,5.0,11
435650,5.0,5.0,11
435700,5.0,5.0,11
435750,5.0,5.0,11
435800,5.0,5.0,11
435850,5.0,5.0,11
435900,5.0,5.0,11
435950,5.0,5.0,11
436000,5.0,5.0,11
436050,5.0,5.0,11
436100,5.0,5.0,11
436150,5.0,5.0,11
436200,5.0,5.0,11
436250,5.0,5.0,11
436300,5.0,5.0,11
436350,5.0,5.0,11
436400,5.0,5.0,11
436450,5.0,5.0,11
436500,5.0,5.0,11
436550,5.0,5.0,11
436600,5.0,5.0,11
436650,5.0,5.0,11
436700,5.0,5.0,11
436750,5.0,5.0,11
436800,5.0,5.0,11
436850,5.0,5.0,11
436900,5.0,5.0,11
436950,5.0,5.0,11
437000,5.0,5.0,11
437050,5.0,5.0,11
437100,5.0,5.0,11
437150,5.0,5.0,11
437200,5.0,5.0,11
437250,5.0,5.0,11
437300,5.0,5.0,11
437350,5.0,5.0,11
437400,5.0,5.0,11
437450,5.0,5.0,11
437500,5.0,5.0,11
437550,5.0,5.0,11
437600,5.0,5.0,11
437650,5.0,5.0,11
437700,5.0,5.0,11
437750,5.0,5.0,11
437800,5.0,5.0,11
437850,5.0,5.0,11
437900,5.0,5.0,11
437950,5.0,5.0,11
438000,5.0,5.0,11
438050,5.0,5.0,11
438100,5.0,5.0,11
438150,5.0,5.0,11
438200,5.0,5.0,11
438250,5.0,5.0,11
438300,5.0,5.0,11
438350,5.0,5.0,11
438400,5.0,5.0,11
438450,5.0,5.0,11
438500,5.0,5.0,11
438550,5.0,5.0,11
438600,5.0,5.0,11
438650,5.0,5.0,11
438700,5.0,5.0,11
438750,5.0,5.0,11
438800,5.0,5.0,11
438850,5.0,5.0,11
438900,5.0,5.0,11
438950,5.0,5.0,11
439000,5.0,5.0,11
439050,5.0,5.0,11
439100,5.0,5.0,11
439150,5.0,5.0,11
439200,5.0,5.0,11
439250,5.0,5.0,11
439300,5.0,5.0,11
439350,5.0,5.0,11
439400,5.0,5.0,11
439450,5.0,5.0,11
439500,5.0,5.0,11
439550,5.0,5.0,11
439600,5.0,5.0,11
439650,5.0,5.0,11
439700,5.0,5.0,11
439750,5.0,5.0,11
439800,5.0,5.0,11
439850,5.0,5.0,11
439900,5.0,5.0,11
439950,5.0,5.0,11
440000,5.0,5.0,11
440050,5.0,5.0,11
440100,5.0,5.0,11
440150,5.0,5.0,11
440200,5.0,5.0,11
440250,5.0,5.0,11
440300,5.0,5.0,11
440350,5.0,5.0,11
440400,5.0,5.0,11
440450,5.0,5.0,11
440500,5.0,5.0,11
440550,5.0,5.0,11
440600,5.0,5.0,11
440650,5.0,5.0,11
440700,5.0,5.0,11
440750,5.0,5.0,11
440800,5.0,5.0,11
440850,5.0,5.0,11
440900,5.0,5.0,11
440950,5.0,5.0,11
441000,5.0,5.0,11
441050,5.0,5.0,11
441100,5.0,5.0,11
441150,5.0,5.0,11
441200,5.0,5.0,11
441250,5.0,5.0,11
441300,5.0,5.0,11
441350,5.0,5.0,11
441400,5.0,5.0,11
441450,5.0,5.0,11
441500,5.0,5.0,11
441550,5.0,5.0,11
441600,5.0,5.0,11
441650,5.0,5.0,11
441700,5.0,5.0,11
441750,5.0,5.0,11
441800,5.0,5.0,11
441850,5.0,5.0,11
441900,5.0,5.0,11
441950,5.0,5.0,11
442000,5.0,5.0,11
442050,5.0,5.0,11
442100,5.0,5.0,11
442150,5.0,5.0,11
442200,5.0,5.0,11
442250,5.0,5.0,11
442300,5.0,5.0,11
442350,5.0,5.0,11
442400,5.0,5.0,11
442450,5.0,5.0,11
442500,5.0,5.0,11
442550,5.0,5.0,11
442600,5.0,5.0,11
442650,5.0,5.0,11
442700,5.0,5.0,11
442750,5.0,5.0,11
442800,5.0,5.0,11
442850,5.0,5.0,11
442900,5.0,5.0,11
442950,5.0,5.0,11
443000,5.0,5.0,11
443050,5.0,5.0,11
443100,5.0,5.0,11
443150,5.0,5.0,11
443200,5.0,5.0,11
443250,5.0,5.0,11
443300,5.0,5.0,11
443350,5.0,5.0,11
443400,5.0,5.0,11
443450,5.0,5.0,11
443500,5.0,5.0,11
443550,5.0,5.0,11
443600,5.0,5.0,11
443650,5.0,5.0,11
443700,5.0,5.0,11
443750,5.0,5.0,11
443800,5.0,5.0,11
443850,5.0,5.0,11
443900,5.0,5.0,11
443950,5.0,5.0,11
444000,5.0,5.0,11
444050,5.0,5.0,11
444100,5.0,5.0,11
444150,5.0,5.0,11
444200,5.0,5.0,11
444250,5.0,5.0,11
444300,5.0,5.0,11
444350,5.0,5.0,11
444400,5.0,5.0,11
444450,5.0,5.0,11
444500,5.0,5.0,11
444550,5.0,5.0,11
444600,5.0,5.0,11
444650,5.0,5.0,11
444700,5.0,5.0,11
444750,5.0,5.0,11
444800,5.0,5.0,11
444850,5.0,5.0,11
444900,5.0,5.0,11
444950,5.0,5.0,11
445000,5.0,5.0,11
445050,5.0,5.0,11
445100,5.0,5.0,11
445150,5.0,5.0,11
445200,5.0,5.0,11
445250,5.0,5.0,11
445300,5.0,5.0,11
445350,5.0,5.0,11
445400,5.0,5.0,11
445450,5.0,5.0,11
445500,5.0,5.0,11
445550,5.0,5.0,11
445600,5.0,5.0,11
445650,5.0,5.0,11
445700,5.0,5.0,11
445750,5.0,5.0,11
445800,5.0,5.0,11
445850,5.0,5.0,11
445900,5.0,5.0,11
445950,5.0,5.0,11
446000,5.0,5.0,11
446050,5.0,5.0,11
446100,5.0,5.0,11
446150,5.0,5.0,11
446200,5.0,5.0,11
446250,5.0,5.0,11
446300,5.0,5.0,11
446350,5.0,5.0,11
446400,5.0,5.0,11
446450,5.0,5.0,11
446500,5.0,5.0,11
446550,5.0,5.0,11
446600,5.0,5.0,11
446650,5.0,5.0,11
446700,5.0,5.0,11
446750,5.0,5.0,11
446800,5.0,5.0,11
446850,5.0,5.0,11
446900,5.0,5.0,11
446950,5.0,5.0,11
447000,5.0,5.0,11
447050,5.0,5.0,11
447100,5.0,5.0,11
447150,5.0,5.0,11
447200,5.0,5.0,11
447250,5.0,5.0,11
447300,5.0,5.0,11
447350,5.0,5.0,11
447400,5.0,5.0,11
447450,5.0,5.0,11
447500,5.0,5.0,11
447550,5.0,5.0,11
447600,5.0,5.0,11
447650,5.0,5.0,11
447700,5.0,5.0,11
447750,5.0,5.0,11
447800,5.0,5.0,11
447850,5.0,5.0,11
447900,5.0,5.0,11
447950,5.0,5.0,11
448000,5.0,5.0,11
448050,5.0,5.0,11
448100,5.0,5.0,11
448150,5.0,5.0,11
448200,5.0,5.0,11
448250,5.0,5.0,11
448300,5.0,5.0,11
448350,5.0,5.0,11
448400,5.0,5.0,11
448450,5.0,5.0,11
448500,5.0,5.0,11
448550,5.0,5.0,11
448600,5.0,5.0,11
448650,5.0,5.0,11
448700,5.0,5.0,11
448750,5.0,5.0,11
448800,5.0,5.0,11
448850,5.0,5.0,11
448900,5.0,5.0,11
448950,5.0,5.0,11
449000,5.0,5.0,11
449050,5.0,5.0,11
449100,5.0,5.0,11
449150,5.0,5.0,11
449200,5.0,5.0,11
449250,5.0,5.0,11
449300,5.0,5.0,11
449350,5.0,5.0,11
449400,5.0,5.0,11
449450,5.0,5.0,11
449500,5.0,5.0,11
449550,5.0,5.0,11
449600,5.0,5.0,11
449650,5.0,5.0,11
449700,5.0,5.0,11
449750,5.0,5.0,11
449800,5.0,5.0,11
449850,5.0,5.0,11
449900,5.0,5.0,11
449950,5.0,5.0,11
450000,5.0,5.0,11
450050,5.0,5.0,11
450100,5.0,5.0,11
450150,5.0,5.0,11
450200,5.0,5.0,11
450250,5.0,5.0,11
450300,5.0,5.0,11
450350,5.0,5.0,11
450400,5.0,5.0,11
450450,5.0,5.0,11
450500,5.0,5.0,11
450550,5.0,5.0,11
450600,5.0,5.0,11
450650,5.0,5.0,11
450700,5.0,5.0,11
450750,5.0,5.0,11
450800,5.0,5.0,11
450850,5.0,5.0,11
450900,5.0,5.0,11
450950,5.0,5.0,11
451000,5.0,5.0,11
451050,5.0,5.0,11
451100,5.0,5.0,11
451150,5.0,5.0,11
451200,5.0,5.0,11
451250,5.0,5.0,11
451300,5.0,5.0,11
451350,5.0,5.0,11
451400,5.0,5.0,11
451450,5.0,5.0,11
451500,5.0,5.0,11
451550,5.0,5.0,11
451600,5.0,5.0,11
451650,5.0,5.0,11
451700,5.0,5.0,11
451750,5.0,5.0,11
451800,5.0,5.0,11
451850,5.0,5.0,11
451900,5.0,5.0,11
451950,5.0,5.0,11
452000,5.0,5.0,11
452050,5.0,5.0,11
452100,5.0,5.0,11
452150,5.0,5.0,11
452200,5.0,5.0,11
452250,5.0,5.0,11
452300,5.0,5.0,11
452350,5.0,5.0,11
452400,5.0,5.0,11
452450,5.0,5.0,11
452500,5.0,5.0,11
452550,5.0,5.0,11
452600,5.0,5.0,11
452650,5.0,5.0,11
452700,5.0,5.0,11
452750,5.0,5.0,11
452800,5.0,5.0,11
452850,5.0,5.0,11
452900,5.0,5.0,11
452950,5.0,5.0,11
453000,5.0,5.0,11
453050,5.0,5.0,11
453100,5.0,5.0,11
453150,5.0,5.0,11
453200,5.0,5.0,11
453250,5.0,5.0,11
453300,5.0,5.0,11
453350,5.0,5.0,11
453400,5.0,5.0,11
453450,5.0,5.0,11
453500,5.0,5.0,11
453550,5.0,5.0,11
453600,5.0,5.0,11
453650,5.0,5.0,11
453700,5.0,5.0,11
453750,5.0,5.0,11
453800,5.0,5.0,11
453850,5.0,5.0,11
453900,5.0,5.0,11
453950,5.0,5.0,11
454000,5.0,5.0,11
454050,5.0,5.0,11
454100,5.0,5.0,11
454150,5.0,5.0,11
454200,5.0,5.0,11
454250,5.0,5.0,11
454300,5.0,5.0,11
454350,5.0,5.0,11
454400,5.0,5.0,11
454450,5.0,5.0,11
454500,5.0,5.0,11
454550,5.0,5.0,11
454600,5.0,5.0,11
454650,5.0,5.0,11
454700,5.0,5.0,11
454750,5.0,5.0,11
454800,5.0,5.0,11
454850,5.0,5.0,11
454900,5.0,5.0,11
454950,5.0,5.0,11
455000,5.0,5.0,11
455050,5.0,5.0,11
455100,5.0,5.0,11
455150,5.0,5.0,11
455200,5.0,5.0,11
455250,5.0,5.0,11
455300,5.0,5.0,11
455350,5.0,5.0,11
455400,5.0,5.0,11
455450,5.0,5.0,11
455500,5.0,5.0,11
455550,5.0,5.0,11
455600,5.0,5.0,11
455650,5.0,5.0,11
455700,5.0,5.0,11
455750,5.0,5.0,11
455800,5.0,5.0,11
455850,5.0,5.0,11
455900,5.0,5.0,11
455950,5.0,5.0,11
456000,5.0,5.0,11
456050,5.0,5.0,11
456100,5.0,5.0,11
456150,5.0,5.0,11
456200,5.0,5.0,11
456250,5.0,5.0,11
456300,5.0,5.0,11
456350,5.0,5.0,11
456400,5.0,5.0,11
456450,5.0,5.0,11
456500,5.0,5.0,11
456550,5.0,5.0,11
456600,5.0,5.0,11
456650,5.0,5.0,11
456700,5.0,5.0,11
456750,5.0,5.0,11
456800,5.0,5.0,11
456850,5.0,5.0,11
456900,5.0,5.0,11
456950,5.0,5.0,11
457000,5.0,5.0,11
457050,5.0,5.0,11
457100,5.0,5.0,11
457150,5.0,5.0,11
457200,5.0,5.0,11
457250,5.0,5.0,11
457300,5.0,5.0,11
457350,5.0,5.0,11
457400,5.0,5.0,11
457450,5.0,5.0,11
457500,5.0,5.0,11
457550,5.0,5.0,11
457600,5.0,5.0,11
457650,5.0,5.0,11
457700,5.0,5.0,11
457750,5.0,5.0,11
457800,5.0,5.0,11
457850,5.0,5.0,11
457900,5.0,5.0,11
457950,5.0,5.0,11
458000,5.0,5.0,11
458050,5.0,5.0,11
458100,5.0,5.0,11
458150,5.0,5.0,11
458200,5.0,5.0,11
458250,5.0,5.0,11
458300,5.0,5.0,11
458350,5.0,5.0,11
458400,5.0,5.0,11
458450,5.0,5.0,11
458500,5.0,5.0,11
458550,5.0,5.0,11
458600,5.0,5.0,11
458650,5.0,5.0,11
458700,5.0,5.0,11
458750,5.0,5.0,11
458800,5.0,5.0,11
458850,5.0,5.0,11
458900,5.0,5.0,11
458950,5.0,5.0,11
459000,5.0,5.0,11
459050,5.0,5.0,11
459100,5.0,5.0,11
459150,5.0,5.0,11
459200,5.0,5.0,11
459250,5.0,5.0,11
459300,5.0,5.0,11
459350,5.0,5.0,11
459400,5.0,5.0,11
459450,5.0,5.0,11
459500,5.0,5.0,11
459550,5.0,5.0,11
459600,5.0,5.0,11
459650,5.0,5.0,11
459700,5.0,5.0,11
459750,5.0,5.0,11
459800,5.0,5.0,11
459850,5.0,5.0,11
459900,5.0,5.0,11
459950,5.0,5.0,11
460000,5.0,5.0,11
460050,5.0,5.0,11
460100,5.0,5.0,11
460150,5.0,5.0,11
460200,5.0,5.0,1
460250,5.0,5.0,1
460300,5.0,5.0,1
460350,5.0,5.0,1
460400,5.0,5.0,1
460450,5.0,5.0,1
460500,5.0,5.0,1
460550,5.0,5.0,1
460600,5.0,5.0,1
460650,5.0,5.0,1
460700,5.0,5.0,1
460750,5.0,5.0,1
460800,5.0,5.0,1
460850,5.0,5.0,1
460900,5.0,5.0,1
460950,5.0,5.0,1
461000,5.0,5.0,1
461050,5.0,5.0,1
461100,5.0,5.0,1
461150,5.0,5.0,1
461200,5.0,5.0,1
461250,5.0,5.0,1
461300,5.0,5.0,1
461350,5.0,5.0,1
461400,5.0,5.0,1
461450,5.0,5.0,1
461500,5.0,5.0,1
461550,5.0,5.0,1
461600,5.0,5.0,1
461650,5.0,5.0,1
461700,5.0,5.0,1
461750,5.0,5.0,1
461800,5.0,5.0,1
461850,5.0,5.0,1
461900,5.0,5.0,1
461950,5.0,5.0,1
462000,5.0,5.0,1
462050,5.0,5.0,1
462100,5.0,5.0,1
462150,5.0,5.0,1
462200,5.0,5.0,1
462250,5.0,5.0,1
462300,5.0,5.0,1
462350,5.0,5.0,1
462400,5.0,5.0,1
462450,5.0,5.0,1
462500,5.0,5.0,1
462550,5.0,5.0,1
462600,5.0,5.0,1
462650,5.0,5.0,1
462700,5.0,5.0,1
462750,5.0,5.0,1
462800,5.0,5.0,1
462850,5.0,5.0,1
462900,5.0,5.0,1
462950,5.0,5.0,1
463000,5.0,5.0,1
463050,5.0,5.0,1
463100,5.0,5.0,1
463150,5.0,5.0,1
463200,5.0,5.0,1
463250,5.0,5.0,1
463300,5.0,5.0,1
463350,5.0,5.0,1
463400,5.0,5.0,1
463450,5.0,5.0,1
463500,5.0,5.0,1
463550,5.0,5.0,1
463600,5.0,5.0,1
463650,5.0,5.0,1
463700,5.0,5.0,1
463750,5.0,5.0,1
463800,5.0,5.0,1
463850,5.0,5.0,1
463900,5.0,5.0,1
463950,5.0,5.0,1
464000,5.0,5.0,1
464050,5.0,5.0,1
464100,5.0,5.0,1
464150,5.0,5.0,1
464200,5.0,5.0,1
464250,5.0,5.0,1
464300,5.0,5.0,1
464350,5.0,5.0,1
464400,5.0,5.0,1
464450,5.0,5.0,1
464500,5.0,5.0,1
464550,5.0,5.0,1
464600,5.0,5.0,1
464650,5.0,5.0,1
464700,5.0,5.0,1
464750,5.0,5.0,1
464800,5.0,5.0,1
464850,5.0,5.0,1
464900,5.0,5.0,1
464950,5.0,5.0,1
465000,5.0,5.0,1
465050,5.0,5.0,1
465100,5.0,5.0,1
465150,5.0,5.0,1
465200,5.0,5.0,1
465250,5.0,5.0,1
465300,5.0,5.0,1
465350,5.0,5.0,1
465400,5.0,5.0,1
465450,5.0,5.0,1
465500,5.0,5.0,1
465550,5.0,5.0,1
465600,5.0,5.0,1
465650,5.0,5.0,1
465700,5.0,5.0,1
465750,5.0,5.0,1
465800,5.0,5.0,1
465850,5.0,5.0,1
465900,5.0,5.0,1
465950,5.0,5.0,1
466000,5.0,5.0,1
466050,5.0,5.0,1
466100,5.0,5.0,1
466150,5.0,5.0,1
466200,5.0,5.0,1
466250,5.0,5.0,1
466300,5.0,5.0,1
466350,5.0,5.0,1
466400,5.0,5.0,1
466450,5.0,5.0,1
466500,5.0,5.0,1
466550,5.0,5.0,1
466600,5.0,5.0,1
466650,5.0,5.0,1
466700,5.0,5.0,1
466750,5.0,5.0,1
466800,5.0,5.0,1
466850,5.0,5.0,1
466900,5.0,5.0,1
466950,5.0,5.0,1
467000,5.0,5.0,1
467050,5.0,5.0,1
467100,5.0,5.0,1
467150,5.0,5.0,1
467200,5.0,5.0,1
467250,5.0,5.0,1
467300,5.0,5.0,1
467350,5.0,5.0,1
467400,5.0,5.0,1
467450,5.0,5.0,1
467500,5.0,5.0,1
467550,5.0,5.0,1
467600,5.0,5.0,1
467650,5.0,5.0,1
467700,5.0,5.0,1
467750,5.0,5.0,1
467800,5.0,5.0,1
467850,5.0,5.0,1
467900,5.0,5.0,1
467950,5.0,5.0,1
468000,5.009,5.0,1
468050,5.019,5.0,1
468100,5.032,5.0,1
468150,5.04,5.0,1
468200,5.045,5.0,1
468250,5.052,5.0,1
468300,5.052,5.0,1
468350,5.059,5.0,1
468400,5.061,5.0,1
468450,5.061,5.0,1
468500,5.068,5.0,1
468550,5.068,5.0,1
468600,5.068,5.0,1
468650,5.068,5.0,1
468700,5.068,5.0,1
468750,5.068,5.0,1
468800,5.068,5.0,1
468850,5.068,5.0,1
468900,5.068,5.0,1
468950,5.068,5.0,1
469000,5.068,5.0,1
469050,5.068,5.0,1
469100,5.068,5.0,1
469150,5.068,5.0,1
469200,5.068,5.0,1
469250,5.068,5.0,1
469300,5.068,5.0,1
469350,5.068,5.0,1
469400,5.068,5.0,1
469450,5.068,5.0,1
469500,5.068,5.0,1
469550,5.068,5.0,1
469600,5.068,5.0,1
469650,5.068,5.0,1
469700,5.068,5.0,1
469750,5.068,5.0,1
469800,5.068,5.0,1
469850,5.068,5.0,1
469900,5.068,5.0,1
469950,5.068,5.0,1
470000,5.068,5.0,1
470050,5.068,5.0,1
470100,5.068,5.0,1
470150,5.068,5.0,1
470200,5.069,5.0,1
470250,5.069,5.0,1
470300,5.074,5.0,1
470350,5.083,5.0,1
470400,5.085,5.0,1
470450,5.089,5.0,1
470500,5.09,5.0,1
470550,5.091,5.0,1
470600,5.094,5.0,1
470650,5.094,5.0,1
470700,5.094,5.0,1
470750,5.094,5.0,1
470800,5.094,5.0,1
470850,5.094,5.0,1
470900,5.094,5.0,1
470950,5.094,5.0,1
471000,5.094,5.0,1
471050,5.094,5.0,1
471100,5.094,5.0,1
471150,5.094,5.0,1
471200,5.094,5.0,1
471250,5.094,5.0,1
471300,5.094,5.0,1
471350,5.094,5.0,1
471400,5.094,5.0,1
471450,5.094,5.0,1
471500,5.094,5.0,1
471550,5.094,5.0,1
471600,5.094,5.0,1
471650,5.094,5.0,1
471700,5.094,5.0,1
471750,5.094,5.0,1
471800,5.094,5.0,1
471850,5.094,5.0,1
471900,5.094,5.0,1
471950,5.094,5.0,1
472000,5.094,5.0,1
472050,5.094,5.0,1
472100,5.094,5.0,1
472150,5.094,5.0,1
472200,5.094,5.0,1
472250,5.094,5.0,1
472300,5.094,5.0,1
472350,5.094,5.0,1
472400,5.094,5.0,1
472450,5.094,5.0,1
472500,5.094,5.0,1
472550,5.094,5.0,1
472600,5.094,5.0,1
472650,5.094,5.0,1
472700,5.094,5.0,1
472750,5.094,5.0,1
472800,5.094,5.0,1
472850,5.094,5.0,1
472900,5.094,5.0,1
472950,5.094,5.0,1
473000,5.094,5.0,1
473050,5.094,5.0,1
473100,5.094,5.0,1
473150,5.094,5.0,1
473200,5.094,5.0,1
473250,5.094,5.0,1
473300,5.094,5.0,1
473350,5.094,5.0,1
473400,5.094,5.0,1
473450,5.094,5.0,1
473500,5.094,5.0,1
473550,5.094,5.0,1
473600,5.094,5.0,1
473650,5.094,5.0,1
473700,5.094,5.0,1
473750,5.094,5.0,1
473800,5.094,5.0,1
473850,5.094,5.0,1
473900,5.094,5.0,1
473950,5.094,5.0,1
474000,5.094,5.0,1
474050,5.094,5.0,1
474100,5.094,5.0,1
474150,5.094,5.0,1
474200,5.094,5.0,1
474250,5.094,5.0,1
474300,5.094,5.0,1
474350,5.094,5.0,1
474400,5.094,5.0,1
474450,5.094,5.0,1
474500,5.094,5.0,1
474550,5.094,5.0,1
474600,5.094,5.0,1
474650,5.094,5.0,1
474700,5.094,5.0,1
474750,5.094,5.0,1
474800,5.094,5.0,1
474850,5.094,5.0,1
474900,5.094,5.0,1
474950,5.094,5.0,1
475000,5.094,5.0,1
475050,5.094,5.0,1
475100,5.094,5.0,1
475150,5.094,5.0,1
475200,5.094,5.0,1
475250,5.094,5.0,1
475300,5.094,5.0,1
475350,5.094,5.0,1
475400,5.094,5.0,1
475450,5.094,5.0,1
475500,5.094,5.0,1
475550,5.094,5.0,1
475600,5.094,5.0,1
475650,5.094,5.0,1
475700,5.094,5.0,1
475750,5.094,5.0,1
475800,5.094,5.0,1
475850,5.094,5.0,1
475900,5.094,5.0,1
475950,5.095,5.0,1
476000,5.095,5.0,1
476050,5.096,5.0,1
476100,5.099,5.0,1
476150,5.099,5.0,1
476200,5.099,5.0,1
476250,5.099,5.0,1
476300,5.099,5.0,1
476350,5.099,5.0,1
476400,5.099,5.0,1
476450,5.099,5.0,1
476500,5.099,5.0,1
476550,5.099,5.0,1
476600,5.099,5.0,1
476650,5.099,5.0,1
476700,5.099,5.0,1
476750,5.099,5.0,1
476800,5.099,5.0,1
476850,5.099,5.0,1
476900,5.099,5.0,1
476950,5.099,5.0,1
477000,5.099,5.0,1
477050,5.099,5.0,1
477100,5.099,5.0,1
477150,5.099,5.0,1
477200,5.099,5.0,1
477250,5.099,5.0,1
477300,5.096,5.0,1
477350,5.078,5.0,1
477400,5.067,5.0,1
477450,5.04,5.0,1
477500,5.032,5.0,1
477550,5.0,5.0,1
477600,5.0,5.0,1
477650,5.0,5.0,1
477700,5.0,5.0,1
477750,5.0,5.0,1
477800,5.0,5.0,1
477850,5.0,5.0,1
477900,5.0,5.0,1
477950,5.0,5.0,1
478000,5.0,5.0,1
478050,5.0,5.0,1
478100,5.0,5.0,1
478150,5.0,5.0,1
478200,5.0,5.0,1
478250,5.0,5.0,1
478300,5.0,5.0,1
478350,5.0,5.0,1
478400,5.0,5.0,1
478450,5.0,5.0,1
478500,5.0,5.0,1
478550,5.0,5.0,1
478600,5.0,5.0,1
478650,5.0,5.0,1
478700,5.0,5.0,1
478750,5.0,5.0,1
478800,5.0,5.0,1
478850,5.0,5.0,1
478900,5.0,5.0,1
478950,5.0,5.0,1
479000,5.0,5.0,1
479050,5.0,5.0,1
479100,5.0,5.0,1
479150,5.0,5.0,1
479200,5.0,5.0,1
479250,5.0,5.0,1
479300,5.0,5.0,1
479350,5.0,5.0,1
479400,5.0,5.0,1
479450,5.0,5.0,1
479500,5.0,5.0,1
479550,5.0,5.0,1
479600,5.0,5.0,1
479650,5.0,5.0,1
479700,5.0,5.0,1
479750,5.0,5.0,1
479800,5.0,5.0,1
479850,5.0,5.0,1
479900,5.0,5.0,1
479950,5.0,5.0,1
480000,5.0,5.0,1
480050,5.0,5.0,1
480100,5.0,5.0,1
480150,5.0,5.0,1
480200,5.0,5.0,1
480250,5.0,5.0,1
480300,5.0,5.0,1
480350,5.0,5.0,1
480400,5.0,5.0,1
480450,5.0,5.0,1
480500,5.0,5.0,1
480550,5.0,5.0,1
480600,5.0,5.0,1
480650,5.0,5.0,1
480700,5.0,5.0,1
480750,5.0,5.0,1
480800,5.0,5.0,1
480850,5.0,5.0,1
480900,5.0,5.0,1
480950,5.0,5.0,1
481000,5.0,5.0,1
481050,5.0,5.0,1
481100,5.0,5.0,1
481150,5.0,5.0,1
481200,5.0,5.0,1
481250,5.0,5.0,1
481300,5.0,5.0,1
481350,5.0,5.0,1
481400,5.0,5.0,1
481450,5.0,5.0,1
481500,5.0,5.0,1
481550,5.0,5.0,1
481600,5.0,5.0,1
481650,5.0,5.0,1
481700,5.0,5.0,1
481750,5.0,5.0,1
481800,5.0,5.0,1
481850,5.0,5.0,1
481900,5.0,5.0,1
481950,5.0,5.0,1
482000,5.0,5.0,1
482050,5.0,5.0,1
482100,5.0,5.0,1
482150,5.0,5.0,1
482200,5.0,5.0,1
482250,5.0,5.0,1
482300,5.0,5.0,1
482350,5.0,5.0,1
482400,5.0,5.0,1
482450,5.0,5.0,1
482500,5.0,5.0,1
482550,5.0,5.0,1
482600,5.0,5.0,1
482650,5.0,5.0,1
482700,5.0,5.0,1
482750,5.0,5.0,1
482800,5.0,5.0,1
482850,5.0,5.0,1
482900,5.0,5.0,1
482950,5.017,5.0,1
483000,5.03,5.0,1
483050,5.042,5.0,1
483100,5.056,5.0,1
483150,5.056,5.0,1
483200,5.056,5.0,1
483250,5.056,5.0,1
483300,5.056,5.0,1
483350,5.056,5.0,1
483400,5.056,5.0,1
483450,5.056,5.0,1
483500,5.056,5.0,1
483550,5.056,5.0,1
483600,5.056,5.0,1
483650,5.056,5.0,1
483700,5.056,5.0,1
483750,5.056,5.0,1
483800,5.056,5.0,1
483850,5.056,5.0,1
483900,5.056,5.0,1
483950,5.056,5.0,1
484000,5.056,5.0,1
484050,5.056,5.0,1
484100,5.056,5.0,1
484150,5.056,5.0,1
484200,5.056,5.0,1
484250,5.056,5.0,1
484300,5.056,5.0,1
484350,5.056,5.0,1
484400,5.056,5.0,1
484450,5.056,5.0,1
484500,5.056,5.0,1
484550,5.056,5.0,1
484600,5.056,5.0,1
484650,5.056,5.0,1
484700,5.056,5.0,1
484750,5.056,5.0,1
484800,5.056,5.0,1
484850,5.056,5.0,1
484900,5.056,5.0,1
484950,5.056,5.0,1
485000,5.056,5.0,1
485050,5.056,5.0,1
485100,5.056,5.0,1
485150,5.056,5.0,1
485200,5.056,5.0,1
485250,5.056,5.0,1
485300,5.056,5.0,1
485350,5.056,5.0,1
485400,5.056,5.0,1
485450,5.056,5.0,1
485500,5.056,5.0,1
485550,5.056,5.0,1
485600,5.056,5.0,1
485650,5.056,5.0,1
485700,5.056,5.0,1
485750,5.056,5.0,1
485800,5.056,5.0,1
485850,5.056,5.0,1
485900,5.056,5.0,1
485950,5.056,5.0,1
486000,5.056,5.0,1
486050,5.056,5.0,1
486100,5.056,5.0,1
486150,5.056,5.0,1
486200,5.056,5.0,1
486250,5.056,5.0,1
486300,5.056,5.0,1
486350,5.056,5.0,1
486400,5.056,5.0,1
486450,5.056,5.0,1
486500,5.056,5.0,1
486550,5.056,5.0,1
486600,5.056,5.0,1
486650,5.056,5.0,1
486700,5.056,5.0,1
486750,5.056,5.0,1
486800,5.056,5.0,1
486850,5.056,5.0,1
486900,5.056,5.0,1
486950,5.056,5.0,1
487000,5.056,5.0,1
487050,5.056,5.0,1
487100,5.056,5.0,1
487150,5.056,5.0,1
487200,5.056,5.0,1
487250,5.056,5.0,1
487300,5.056,5.0,1
487350,5.056,5.0,1
487400,5.056,5.0,1
487450,5.056,5.0,1
487500,5.056,5.0,1
487550,5.056,5.0,1
487600,5.056,5.0,1
487650,5.056,5.0,1
487700,5.056,5.0,1
487750,5.056,5.0,1
487800,5.056,5.0,1
487850,5.056,5.0,1
487900,5.056,5.0,1
487950,5.056,5.0,1
488000,5.056,5.0,1
488050,5.056,5.0,1
488100,5.056,5.0,1
488150,5.056,5.0,1
488200,5.056,5.0,1
488250,5.056,5.0,1
488300,5.056,5.0,1
488350,5.056,5.0,1
488400,5.056,5.0,1
488450,5.056,5.0,1
488500,5.056,5.0,1
488550,5.056,5.0,1
488600,5.056,5.0,1
488650,5.056,5.0,1
488700,5.056,5.0,1
488750,5.056,5.0,1
488800,5.056,5.0,1
488850,5.056,5.0,1
488900,5.056,5.0,1
488950,5.056,5.0,1
489000,5.056,5.0,1
489050,5.056,5.0,1
489100,5.056,5.0,1
489150,5.056,5.0,1
489200,5.056,5.0,1
489250,5.056,5.0,1
489300,5.056,5.0,1
489350,5.056,5.0,1
489400,5.056,5.0,1
489450,5.056,5.0,1
489500,5.056,5.0,1
489550,5.056,5.0,1
489600,5.056,5.0,1
489650,5.056,5.0,1
489700,5.056,5.0,1
489750,5.056,5.0,1
489800,5.056,5.0,1
489850,5.056,5.0,1
489900,5.056,5.0,1
489950,5.056,5.0,1
490000,5.056,5.0,1
490050,5.056,5.0,1
490100,5.056,5.0,1
490150,5.056,5.0,1
490200,5.056,5.0,1
490250,5.056,5.0,1
490300,5.056,5.0,1
490350,5.056,5.0,1
490400,5.056,5.0,1
490450,5.056,5.0,1
490500,5.056,5.0,1
490550,5.056,5.0,1
490600,5.056,5.0,1
490650,5.056,5.0,1
490700,5.056,5.0,1
490750,5.056,5.0,1
490800,5.056,5.0,1
490850,5.056,5.0,1
490900,5.056,5.0,1
490950,5.056,5.0,1
491000,5.056,5.0,1
491050,5.056,5.0,1
491100,5.056,5.0,1
491150,5.056,5.0,1
491200,5.056,5.0,1
491250,5.056,5.0,1
491300,5.056,5.0,1
491350,5.056,5.0,1
491400,5.056,5.0,1
491450,5.056,5.0,1
491500,5.056,5.0,1
491550,5.056,5.0,1
491600,5.056,5.0,1
491650,5.056,5.0,1
491700,5.056,5.0,1
491750,5.056,5.0,1
491800,5.056,5.0,1
491850,5.056,5.0,1
491900,5.056,5.0,1
491950,5.056,5.0,1
492000,5.056,5.0,1
492050,5.056,5.0,1
492100,5.056,5.0,1
492150,5.056,5.0,1
492200,5.056,5.0,1
492250,5.056,5.0,1
492300,5.056,5.0,1
492350,5.056,5.0,1
492400,5.056,5.0,1
492450,5.056,5.0,1
492500,5.056,5.0,1
492550,5.056,5.0,1
492600,5.056,5.0,1
492650,5.056,5.0,1
492700,5.056,5.0,1
492750,5.056,5.0,1
492800,5.056,5.0,1
492850,5.056,5.0,1
492900,5.056,5.0,1
492950,5.056,5.0,1
493000,5.056,5.0,1
493050,5.056,5.0,1
493100,5.056,5.0,1
493150,5.056,5.0,1
493200,5.056,5.0,1
493250,5.056,5.0,1
493300,5.056,5.0,1
493350,5.056,5.0,1
493400,5.056,5.0,1
493450,5.056,5.0,1
493500,5.056,5.0,1
493550,5.056,5.0,1
493600,5.056,5.0,1
493650,5.056,5.0,1
493700,5.056,5.0,1
493750,5.056,5.0,1
493800,5.056,5.0,1
493850,5.056,5.0,1
493900,5.052,5.0,1
493950,5.027,5.0,1
494000,5.026,5.0,1
494050,5.015,5.0,1
494100,5.002,5.0,1
494150,5.0,5.0,1
494200,5.0,5.0,1
494250,5.0,5.0,1
494300,5.0,5.0,1
494350,5.0,5.0,1
494400,5.0,5.0,1
494450,5.0,5.0,1
494500,5.0,5.0,1
494550,5.0,5.0,1
494600,5.0,5.0,1
494650,5.0,5.0,1
494700,5.0,5.0,1
494750,5.0,5.0,1
494800,5.0,5.0,1
494850,5.0,5.0,1
494900,5.0,5.0,1
494950,5.0,5.0,1
495000,5.0,5.0,1
495050,5.0,5.0,1
495100,5.0,5.0,1
495150,5.0,5.0,1
495200,5.0,5.0,1
495250,5.0,5.0,1
495300,5.0,5.0,1
495350,5.0,5.0,1
495400,5.0,5.0,1
495450,5.0,5.0,1
495500,5.0,5.0,1
495550,5.0,5.0,1
495600,5.0,5.0,1
495650,5.0,5.0,1
495700,5.0,5.0,1
495750,5.0,5.0,1
495800,5.0,5.0,1
495850,5.0,5.0,1
495900,5.0,5.0,1
495950,5.0,5.0,1
496000,5.0,5.0,1
496050,5.0,5.0,1
496100,5.0,5.0,1
496150,5.0,5.0,1
496200,5.0,5.0,1
496250,5.0,5.0,1
496300,5.0,5.0,1
496350,5.0,5.0,1
496400,5.0,5.0,1
496450,5.0,5.0,1
496500,5.0,5.0,1
496550,5.0,5.0,1
496600,5.0,5.0,1
496650,5.0,5.0,1
496700,5.0,5.0,1
496750,5.0,5.0,1
496800,5.0,5.0,1
496850,5.0,5.0,1
496900,5.0,5.0,1
496950,5.0,5.0,1
497000,5.0,5.0,1
497050,5.0,5.0,1
497100,5.0,5.0,1
497150,5.0,5.0,1
497200,5.0,5.0,1
497250,5.0,5.0,1
497300,5.0,5.0,1
497350,5.0,5.0,1
497400,5.0,5.0,1
497450,5.0,5.0,1
497500,5.0,5.0,1
497550,5.0,5.0,1
497600,5.0,5.0,1
497650,5.0,5.0,1
497700,5.0,5.0,1
497750,5.0,5.0,1
497800,5.0,5.0,1
497850,5.0,5.0,1
497900,5.0,5.0,1
497950,5.0,5.0,1
498000,5.0,5.0,1
498050,5.0,5.0,1
498100,5.0,5.0,1
498150,5.0,5.0,1
498200,5.0,5.0,1
498250,5.0,5.0,1
498300,5.0,5.0,1
498350,4.999,5.0,1
498400,4.995,5.0,1
498450,4.995,5.0,1
498500,4.995,5.0,1
498550,4.995,5.0,1
498600,4.995,5.0,1
498650,4.995,5.0,1
498700,4.995,5.0,1
498750,4.995,5.0,1
498800,4.995,5.0,1
498850,4.995,5.0,1
498900,4.995,5.0,1
498950,4.99,5.0,1
499000,4.99,5.0,1
499050,4.98,5.0,1
499100,4.977,5.0,1
499150,4.971,5.0,1
499200,4.962,5.0,1
499250,4.942,5.0,1
499300,4.934,5.0,1
499350,4.929,5.0,1
499400,4.927,5.0,1
499450,4.925,5.0,1
499500,4.922,5.0,1
499550,4.914,5.0,1
499600,4.912,5.0,1
499650,4.904,5.0,1
499700,4.884,5.0,1
499750,4.881,5.0,1
499800,4.877,5.0,1
499850,4.876,5.0,1
499900,4.874,5.0,1
499950,4.866,5.0,1
500000,4.857,5.0,1
500050,4.852,5.0,1
500100,4.836,5.0,1
500150,4.835,5.0,1
500200,4.835,5.0,1
500250,4.829,5.0,1
500300,4.818,5.0,1
500350,4.818,5.0,1
500400,4.818,5.0,1
500450,4.807,5.0,1
500500,4.806,5.0,1
500550,4.8,5.001,1
500600,4.8,5.007,1
500650,4.8,5.007,1
500700,4.8,5.007,1
500750,4.8,5.007,1
500800,4.8,5.007,1
500850,4.8,5.007,1
500900,4.8,5.014,1
500950,4.796,5.019,1
501000,4.786,5.019,1
501050,4.78,5.025,1
501100,4.778,5.025,1
501150,4.767,5.025,1
501200,4.767,5.029,1
501250,4.767,5.029,1
501300,4.767,5.029,1
501350,4.767,5.029,1
501400,4.763,5.032,1
501450,4.763,5.032,1
501500,4.757,5.032,1
501550,4.757,5.032,1
501600,4.757,5.032,1
501650,4.757,5.032,1
501700,4.748,5.032,1
501750,4.748,5.032,1
501800,4.737,5.032,1
501850,4.729,5.032,1
501900,4.724,5.032,1
501950,4.719,5.148,1
502000,4.713,5.15,1
502050,4.713,5.15,1
502100,4.706,5.15,1
502150,4.701,5.15,1
502200,4.687,5.15,1
502250,4.669,5.15,1
502300,4.666,5.15,1
502350,4.654,5.15,1
502400,4.652,5.15,1
502450,4.645,5.15,1
502500,4.645,5.15,1
502550,4.645,5.15,1
502600,4.645,5.15,1
502650,4.645,5.15,1
502700,4.645,5.15,1
502750,4.645,5.15,1
502800,4.64,5.15,1
502850,4.636,5.15,1
502900,4.634,5.15,1
502950,4.632,5.15,1
503000,4.627,5.15,1
503050,4.625,5.15,1
503100,4.625,5.15,1
503150,4.625,5.15,1
503200,4.625,5.15,1
503250,4.625,5.15,1
503300,4.625,5.15,1
503350,4.625,5.15,1
503400,4.625,5.15,1
503450,4.625,5.15,1
503500,4.625,5.15,1
503550,4.623,5.15,1
503600,4.623,5.15,1
503650,4.623,5.15,1
503700,4.623,5.15,1
503750,4.623,5.15,1
503800,4.623,5.15,1
503850,4.623,5.15,1
503900,4.623,5.15,1
503950,4.618,5.15,1
504000,4.602,5.15,1
504050,4.577,5.15,1
504100,4.531,5.15,1
504150,4.487,5.145,1
504200,4.475,5.143,1
504250,4.475,5.143,1
504300,4.475,5.143,1
504350,4.475,5.139,1
504400,4.475,5.139,1
504450,4.475,5.139,1
504500,4.475,5.139,1
504550,4.475,5.138,1
504600,4.475,5.138,1
504650,4.475,5.137,1
504700,4.475,5.137,1
504750,4.475,5.137,1
504800,4.475,5.137,1
504850,4.475,5.136,1
504900,4.475,5.135,1
504950,4.475,5.131,1
505000,4.475,5.131,1
505050,4.475,5.131,1
505100,4.475,5.131,1
505150,4.475,5.131,1
505200,4.475,5.131,1
505250,4.475,5.131,1
505300,4.475,5.131,1
505350,4.475,5.131,1
505400,4.475,5.131,1
505450,4.475,5.131,1
505500,4.475,5.131,1
505550,4.475,5.131,1
505600,4.475,5.131,1
505650,4.475,5.131,1
505700,4.475,5.131,1
505750,4.475,5.131,1
505800,4.475,5.131,1
505850,4.475,5.131,1
505900,4.475,5.131,1
505950,4.475,5.131,1
506000,4.475,5.131,1
506050,4.475,5.131,1
506100,4.475,5.131,1
506150,4.475,5.131,1
506200,4.475,5.131,1
506250,4.475,5.131,1
506300,4.475,5.131,1
506350,4.475,5.131,1
506400,4.475,5.131,1
506450,4.475,5.131,1
506500,4.475,5.124,1
506550,4.475,5.122,1
506600,4.475,5.115,1
506650,4.475,5.105,1
506700,4.475,5.091,1
506750,4.475,5.08,1
506800,4.475,5.066,1
506850,4.475,5.059,1
506900,4.475,5.048,1
506950,4.475,5.042,1
507000,4.475,5.036,1
507050,4.475,5.036,1
507100,4.475,5.035,1
507150,4.475,5.027,1
507200,4.475,5.027,1
507250,4.475,5.027,1
507300,4.475,5.027,1
507350,4.475,5.027,1
507400,4.475,5.027,1
507450,4.475,5.025,1
507500,4.475,5.025,1
507550,4.475,5.023,1
507600,4.475,5.021,1
507650,4.475,5.019,1
507700,4.475,5.014,1
507750,4.475,5.014,1
507800,4.475,5.014,1
507850,4.475,5.013,1
507900,4.475,5.008,1
507950,4.475,5.008,1
508000,4.475,5.008,1
508050,4.475,5.008,1
508100,4.475,5.008,1
508150,4.475,5.008,1
508200,4.475,5.008,1
508250,4.475,5.008,1
508300,4.475,5.008,1
508350,4.475,5.008,1
508400,4.475,5.008,1
508450,4.475,5.008,1
508500,4.475,5.008,1
508550,4.475,5.008,1
508600,4.475,5.008,1
508650,4.475,5.008,1
508700,4.475,5.008,1
508750,4.472,5.008,1
508800,4.471,5.008,1
508850,4.465,5.008,1
508900,4.463,5.008,1
508950,4.463,5.008,1
509000,4.459,5.008,1
509050,4.457,5.008,1
509100,4.456,5.012,1
509150,4.45,5.014,1
509200,4.449,5.025,1
509250,4.449,5.027,1
509300,4.447,5.033,1
509350,4.445,5.036,1
509400,4.438,5.044,1
509450,4.432,5.049,1
509500,4.43,5.049,1
509550,4.426,5.049,1
509600,4.424,5.049,1
509650,4.419,5.049,1
509700,4.414,5.049,1
509750,4.408,5.049,1
509800,4.397,5.052,1
509850,4.395,5.057,1
509900,4.393,5.062,1
509950,4.391,5.066,1
510000,4.387,5.069,1
510050,4.38,5.07,1
510100,4.38,5.071,1
510150,4.38,5.072,1
510200,4.38,5.073,1
510250,4.38,5.076,1
510300,4.38,5.078,1
510350,4.38,5.078,1
510400,4.38,5.084,1
510450,4.38,5.084,1
510500,4.38,5.086,1
510550,4.38,5.088,1
510600,4.38,5.09,1
510650,4.38,5.091,1
510700,4.38,5.097,1
510750,4.38,5.097,1
510800,4.38,5.105,1
510850,4.38,5.11,1
510900,4.38,5.11,1
510950,4.38,5.115,1
511000,4.38,5.118,1
511050,4.38,5.122,1
511100,4.38,5.125,1
511150,4.38,5.13,1
511200,4.38,5.13,1
511250,4.38,5.13,1
511300,4.38,5.132,1
511350,4.38,5.134,1
511400,4.38,5.135,1
511450,4.38,5.135,1
511500,4.38,5.135,1
511550,4.38,5.135,1
511600,4.38,5.135,1
511650,4.38,5.135,1
511700,4.38,5.135,1
511750,4.38,5.135,1
511800,4.38,5.135,1
511850,4.38,5.135,1
511900,4.38,5.135,1
511950,4.38,5.135,1
512000,4.38,5.135,1
512050,4.38,5.135,1
512100,4.38,5.135,1
512150,4.38,5.135,1
512200,4.38,5.135,1
512250,4.38,5.135,1
512300,4.38,5.135,1
512350,4.38,5.135,1
512400,4.38,5.136,1
512450,4.38,5.136,1
512500,4.38,5.136,1
512550,4.38,5.136,1
512600,4.38,5.136,1
512650,4.38,5.136,1
512700,4.38,5.136,1
512750,4.38,5.136,1
512800,4.38,5.136,1
512850,4.38,5.136,1
512900,4.38,5.136,1
512950,4.38,5.136,1
513000,4.38,5.136,1
513050,4.38,5.136,1
513100,4.38,5.136,1
513150,4.38,5.136,1
513200,4.38,5.136,1
513250,4.38,5.136,1
513300,4.38,5.136,1
513350,4.38,5.136,1
513400,4.38,5.136,1
513450,4.38,5.136,1
513500,4.38,5.136,1
513550,4.38,5.136,1
513600,4.38,5.136,1
513650,4.38,5.136,1
513700,4.38,5.136,1
513750,4.38,5.136,1
513800,4.38,5.136,1
513850,4.38,5.136,1
513900,4.38,5.136,1
513950,4.38,5.136,1
514000,4.38,5.136,1
514050,4.38,5.136,1
514100,4.38,5.136,1
514150,4.38,5.136,1
514200,4.38,5.136,1
514250,4.38,5.136,1
514300,4.38,5.136,1
514350,4.38,5.136,1
514400,4.38,5.136,1
514450,4.38,5.136,1
514500,4.38,5.136,1
514550,4.38,5.136,1
514600,4.38,5.136,1
514650,4.38,5.136,1
514700,4.38,5.136,1
514750,4.38,5.136,1
514800,4.38,5.136,1
514850,4.38,5.136,1
514900,4.38,5.136,1
514950,4.38,5.136,1
515000,4.38,5.136,1
515050,4.38,5.136,1
515100,4.38,5.136,1
515150,4.38,5.136,1
515200,4.38,5.136,1
515250,4.38,5.136,1
515300,4.38,5.136,1
515350,4.38,5.136,1
515400,4.38,5.136,1
515450,4.38,5.136,1
515500,4.38,5.136,1
515550,4.38,5.136,1
515600,4.38,5.136,1
515650,4.38,5.136,1
515700,4.38,5.136,1
515750,4.38,5.136,1
515800,4.38,5.136,1
515850,4.38,5.136,1
515900,4.38,5.136,1
515950,4.38,5.136,1
516000,4.38,5.136,1
516050,4.38,5.136,1
516100,4.38,5.136,1
516150,4.38,5.136,1
516200,4.38,5.136,1
516250,4.38,5.136,1
516300,4.38,5.136,1
516350,4.38,5.136,1
516400,4.38,5.136,1
516450,4.38,5.136,1
516500,4.38,5.136,1
516550,4.38,5.136,1
516600,4.38,5.136,1
516650,4.38,5.136,1
516700,4.38,5.136,1
516750,4.38,5.136,1
516800,4.38,5.136,1
516850,4.38,5.136,1
516900,4.38,5.136,1
516950,4.38,5.136,1
517000,4.38,5.136,1
517050,4.38,5.136,1
517100,4.38,5.136,1
517150,4.38,5.136,1
517200,4.38,5.136,1
517250,4.378,5.136,1
517300,4.376,5.136,1
517350,4.376,5.136,1
517400,4.376,5.136,1
517450,4.376,5.136,1
517500,4.376,5.136,1
517550,4.376,5.136,1
517600,4.376,5.136,1
517650,4.376,5.136,1
517700,4.376,5.136,1
517750,4.376,5.136,1
517800,4.376,5.136,1
517850,4.376,5.136,1
517900,4.376,5.136,1
517950,4.376,5.142,1
518000,4.376,5.151,1
518050,4.376,5.159,1
518100,4.376,5.172,1
518150,4.376,5.193,1
518200,4.376,5.216,1
518250,4.376,5.225,1
518300,4.376,5.234,1
518350,4.376,5.25,1
518400,4.376,5.265,1
518450,4.376,5.27,1
518500,4.376,5.27,1
518550,4.376,5.27,1
518600,4.376,5.271,1
518650,4.376,5.273,1
518700,4.376,5.278,1
518750,4.376,5.285,1
518800,4.376,5.289,1
518850,4.376,5.302,1
518900,4.376,5.304,1
518950,4.376,5.315,1
519000,4.376,5.334,1
519050,4.376,5.344,1
519100,4.376,5.36,1
519150,4.376,5.379,1
519200,4.376,5.387,1
519250,4.376,5.39,1
519300,4.376,5.391,1
519350,4.376,5.391,1
519400,4.376,5.391,1
519450,4.376,5.391,1
519500,4.376,5.391,1
519550,4.376,5.391,1
519600,4.376,5.391,1
519650,4.376,5.391,1
519700,4.364,5.391,1
519750,4.347,5.391,1
519800,4.311,5.391,1
519850,4.238,5.391,1
519900,4.144,5.391,1
519950,4.092,5.391,1
520000,4.085,5.391,1
520050,4.075,5.391,1
520100,4.054,5.391,1
520150,3.972,5.391,1
520200,3.785,5.364,1
520250,3.65,5.353,1
520300,3.628,5.349,1
520350,3.627,5.349,1
520400,3.627,5.348,1
520450,3.627,5.343,1
520500,3.627,5.341,1
520550,3.627,5.335,1
520600,3.627,5.331,1
520650,3.627,5.326,1
520700,3.627,5.317,1
520750,3.618,5.312,1
520800,3.614,5.312,1
520850,3.614,5.312,1
520900,3.614,5.312,1
520950,3.614,5.312,1
521000,3.614,5.312,1
521050,3.614,5.312,1
521100,3.614,5.312,1
521150,3.614,5.312,1
521200,3.614,5.312,1
521250,3.614,5.312,1
521300,3.614,5.311,1
521350,3.61,5.311,1
521400,3.606,5.309,1
521450,3.606,5.307,1
521500,3.606,5.307,1
521550,3.606,5.307,1
521600,3.599,5.307,1
521650,3.581,5.298,1
521700,3.542,5.288,1
521750,3.501,5.276,1
521800,3.481,5.271,1
521850,3.469,5.265,1
521900,3.458,5.26,1
521950,3.456,5.257,1
522000,3.456,5.257,1
522050,3.456,5.257,1
522100,3.456,5.257,1
522150,3.456,5.257,1
522200,3.456,5.257,1
522250,3.456,5.257,1
522300,3.456,5.257,1
522350,3.456,5.257,1
522400,3.456,5.254,1
522450,3.456,5.254,1
522500,3.456,5.253,1
522550,3.456,5.253,1
522600,3.456,5.253,1
522650,3.456,5.253,1
522700,3.456,5.253,1
522750,3.456,5.253,1
522800,3.456,5.25,1
522850,3.456,5.233,1
522900,3.453,5.225,1
522950,3.428,5.221,1
523000,3.401,5.216,1
523050,3.391,5.208,1
523100,3.391,5.207,1
523150,3.388,5.204,1
523200,3.385,5.201,1
523250,3.38,5.195,1
523300,3.347,5.183,1
523350,3.28,5.173,1
523400,3.25,5.171,1
523450,3.249,5.171,1
523500,3.249,5.171,1
523550,3.249,5.171,1
523600,3.249,5.171,1
523650,3.249,5.171,1
523700,3.249,5.171,1
523750,3.249,5.171,1
523800,3.249,5.171,1
523850,3.249,5.171,1
523900,3.249,5.171,1
523950,3.249,5.171,1
524000,3.244,5.171,1
524050,3.24,5.171,1
524100,3.238,5.171,1
524150,3.237,5.171,1
524200,3.225,5.171,1
524250,3.22,5.171,1
524300,3.214,5.171,1
524350,3.213,5.171,1
524400,3.211,5.171,1
524450,3.211,5.171,1
524500,3.211,5.171,1
524550,3.211,5.171,1
524600,3.211,5.171,1
524650,3.207,5.171,1
524700,3.195,5.171,1
524750,3.18,5.171,1
524800,3.148,5.171,1
524850,3.132,5.171,1
524900,3.126,5.171,1
524950,3.126,5.171,1
525000,3.126,5.171,1
525050,3.126,5.171,1
525100,3.126,5.171,1
525150,3.126,5.171,1
525200,3.126,5.171,1
525250,3.126,5.171,1
525300,3.124,5.171,1
525350,3.112,5.171,1
525400,3.095,5.171,1
525450,3.092,5.171,1
525500,3.092,5.171,1
525550,3.092,5.171,1
525600,3.092,5.171,1
525650,3.092,5.171,1
525700,3.092,5.171,1
525750,3.092,5.171,1
525800,3.092,5.171,1
525850,3.092,5.171,1
525900,3.092,5.171,1
525950,3.092,5.171,1
526000,3.092,5.171,1
526050,3.092,5.171,1
526100,3.089,5.171,1
526150,3.077,5.171,1
526200,3.061,5.171,1
526250,3.025,5.171,1
526300,2.991,5.171,1
526350,2.986,5.171,1
526400,2.986,5.171,1
526450,2.986,5.171,1
526500,2.986,5.171,1
526550,2.986,5.171,1
526600,2.986,5.171,1
526650,2.986,5.171,1
526700,2.986,5.171,1
526750,2.986,5.171,1
526800,2.986,5.171,1
526850,2.986,5.171,1
526900,2.986,5.171,1
526950,2.986,5.171,1
527000,2.986,5.171,1
527050,2.986,5.171,1
527100,2.986,5.171,1
527150,2.986,5.171,1
527200,2.986,5.171,1
527250,2.986,5.171,1
527300,2.986,5.171,1
527350,2.986,5.171,1
527400,2.986,5.171,1
527450,2.986,5.171,1
527500,2.986,5.171,1
527550,2.986,5.171,1
527600,2.986,5.171,1
527650,2.986,5.171,1
527700,2.986,5.171,1
527750,2.986,5.171,1
527800,2.986,5.171,1
527850,2.986,5.171,1
527900,2.986,5.171,1
527950,2.986,5.171,1
528000,2.986,5.171,1
528050,2.986,5.171,1
528100,2.986,5.171,1
528150,2.986,5.171,1
528200,2.986,5.171,1
528250,2.986,5.171,1
528300,2.986,5.171,1
528350,2.986,5.171,1
528400,2.986,5.171,1
528450,2.986,5.171,1
528500,2.986,5.171,1
528550,2.984,5.171,1
528600,2.97,5.171,1
528650,2.966,5.171,1
528700,2.964,5.18,1
528750,2.957,5.193,1
528800,2.951,5.194,1
528850,2.951,5.194,1
528900,2.951,5.194,1
528950,2.951,5.194,1
529000,2.951,5.194,1
529050,2.951,5.194,1
529100,2.951,5.194,1
529150,2.951,5.194,1
529200,2.951,5.194,1
529250,2.951,5.194,1
529300,2.951,5.194,1
529350,2.951,5.194,1
529400,2.951,5.194,1
529450,2.951,5.194,1
529500,2.951,5.194,1
529550,2.951,5.194,1
529600,2.951,5.194,1
529650,2.951,5.194,1
529700,2.951,5.194,1
529750,2.947,5.194,1
529800,2.946,5.194,1
529850,2.946,5.194,1
529900,2.946,5.194,1
529950,2.946,5.194,1
530000,2.946,5.195,1
530050,2.946,5.195,1
530100,2.946,5.197,1
530150,2.946,5.197,1
530200,2.946,5.197,1
530250,2.946,5.197,1
530300,2.946,5.197,1
530350,2.946,5.197,1
530400,2.946,5.197,1
530450,2.946,5.197,1
530500,2.946,5.197,1
530550,2.946,5.197,1
530600,2.946,5.197,1
530650,2.946,5.197,1
530700,2.946,5.197,1
530750,2.946,5.197,1
530800,2.946,5.197,1
530850,2.946,5.198,1
530900,2.946,5.2,1
530950,2.946,5.205,1
531000,2.946,5.206,1
531050,2.946,5.209,1
531100,2.946,5.21,1
531150,2.946,5.21,1
531200,2.946,5.21,1
531250,2.946,5.21,1
531300,2.946,5.21,1
531350,2.946,5.21,1
531400,2.946,5.21,1
531450,2.946,5.211,1
531500,2.946,5.211,1
531550,2.946,5.212,1
531600,2.946,5.212,1
531650,2.946,5.212,1
531700,2.946,5.212,1
531750,2.946,5.212,1
531800,2.946,5.212,1
531850,2.946,5.212,1
531900,2.946,5.212,1
531950,2.946,5.212,1
532000,2.946,5.212,1
532050,2.946,5.212,1
532100,2.946,5.212,1
532150,2.946,5.212,1
532200,2.946,5.212,1
532250,2.946,5.212,1
532300,2.946,5.212,1
532350,2.946,5.212,1
532400,2.946,5.212,1
532450,2.946,5.212,1
532500,2.946,5.212,1
532550,2.946,5.212,1
532600,2.946,5.212,1
532650,2.946,5.212,1
532700,2.946,5.212,1
532750,2.946,5.212,1
532800,2.946,5.212,1
532850,2.946,5.212,1
532900,2.946,5.212,1
532950,2.946,5.212,1
533000,2.946,5.212,1
533050,2.946,5.212,1
533100,2.946,5.212,1
533150,2.946,5.212,1
533200,2.946,5.212,1
533250,2.946,5.212,1
533300,2.946,5.212,1
533350,2.946,5.212,1
533400,2.946,5.212,1
533450,2.946,5.212,1
533500,2.946,5.212,1
533550,2.946,5.212,1
533600,2.946,5.212,1
533650,2.946,5.212,1
533700,2.946,5.212,1
533750,2.946,5.212,1
533800,2.946,5.212,1
533850,2.946,5.212,1
533900,2.946,5.212,1
533950,2.946,5.212,1
534000,2.946,5.212,1
534050,2.946,5.212,1
534100,2.946,5.212,1
534150,2.946,5.212,1
534200,2.946,5.212,1
534250,2.946,5.212,1
534300,2.946,5.212,1
534350,2.946,5.212,1
534400,2.946,5.212,1
534450,2.946,5.212,1
534500,2.946,5.212,1
534550,2.946,5.212,1
534600,2.946,5.212,1
534650,2.946,5.212,1
534700,2.946,5.212,1
534750,2.946,5.212,1
534800,2.946,5.212,1
534850,2.946,5.212,1
534900,2.946,5.212,1
534950,2.946,5.212,1
535000,2.946,5.212,1
535050,2.946,5.212,1
535100,2.946,5.212,1
535150,2.946,5.212,1
535200,2.946,5.212,1
535250,2.946,5.212,1
535300,2.946,5.212,1
535350,2.946,5.212,1
535400,2.946,5.212,1
535450,2.946,5.212,1
535500,2.946,5.212,1
535550,2.946,5.212,1
535600,2.946,5.212,1
535650,2.946,5.212,1
535700,2.946,5.212,1
535750,2.946,5.212,1
535800,2.946,5.212,1
535850,2.946,5.212,1
535900,2.946,5.212,1
535950,2.946,5.212,1
536000,2.946,5.212,1
536050,2.946,5.212,1
536100,2.946,5.212,1
536150,2.946,5.212,1
536200,2.946,5.212,1
536250,2.946,5.212,1
536300,2.946,5.212,1
536350,2.946,5.212,1
536400,2.946,5.212,1
536450,2.946,5.212,1
536500,2.946,5.212,1
536550,2.946,5.212,1
536600,2.946,5.212,1
536650,2.946,5.212,1
536700,2.946,5.212,1
536750,2.946,5.212,1
536800,2.946,5.212,1
536850,2.946,5.212,1
536900,2.946,5.212,1
536950,2.946,5.212,1
537000,2.946,5.212,1
537050,2.946,5.212,1
537100,2.946,5.212,1
537150,2.946,5.212,1
537200,2.946,5.212,1
537250,2.946,5.212,1
537300,2.946,5.212,1
537350,2.946,5.212,1
537400,2.946,5.212,1
537450,2.946,5.212,1
537500,2.946,5.212,1
537550,2.946,5.212,1
537600,2.946,5.212,1
537650,2.946,5.212,1
537700,2.946,5.212,1
537750,2.946,5.212,1
537800,2.946,5.212,1
537850,2.946,5.212,1
537900,2.946,5.212,1
537950,2.946,5.212,1
538000,2.946,5.212,1
538050,2.946,5.212,1
538100,2.946,5.212,1
538150,2.946,5.212,1
538200,2.946,5.212,1
538250,2.946,5.212,1
538300,2.946,5.212,1
538350,2.946,5.212,1
538400,2.946,5.212,1
538450,2.946,5.212,1
538500,2.946,5.212,1
538550,2.946,5.212,1
538600,2.946,5.212,1
538650,2.946,5.212,1
538700,2.946,5.212,1
538750,2.946,5.212,1
538800,2.946,5.212,1
538850,2.946,5.212,1
538900,2.946,5.212,1
538950,2.946,5.212,1
539000,2.946,5.212,1
539050,2.946,5.212,1
539100,2.946,5.212,1
539150,2.946,5.212,1
539200,2.946,5.212,1
539250,2.946,5.212,1
539300,2.946,5.212,1
539350,2.946,5.212,1
539400,2.948,5.212,1
539450,2.95,5.212,1
539500,2.95,5.212,1
539550,2.95,5.212,1
539600,2.95,5.212,1
539650,2.95,5.212,1
539700,2.95,5.212,1
539750,2.95,5.212,1
539800,2.95,5.212,1
539850,2.95,5.212,1
539900,2.95,5.212,1
539950,2.95,5.212,1
540000,2.95,5.212,1
540050,2.95,5.212,1
540100,2.95,5.212,1
540150,2.95,5.212,1
540200,2.95,5.212,1
540250,2.95,5.212,1
540300,2.95,5.212,1
540350,2.95,5.212,1
540400,2.95,5.212,1
540450,2.95,5.212,1
540500,2.95,5.212,1
540550,2.95,5.212,1
540600,2.95,5.212,1
540650,2.95,5.212,1
540700,2.95,5.212,1
540750,2.95,5.212,1
540800,2.95,5.212,1
540850,2.95,5.212,1
540900,2.95,5.212,1
540950,2.95,5.212,1
541000,2.95,5.212,1
541050,2.95,5.212,1
541100,2.95,5.212,1
541150,2.954,5.212,1
541200,2.954,5.212,1
541250,2.956,5.212,1
541300,2.956,5.212,1
541350,2.956,5.212,1
541400,2.957,5.212,1
541450,2.957,5.212,1
541500,2.957,5.212,1
541550,2.957,5.212,1
541600,2.957,5.212,1
541650,2.957,5.212,1
541700,2.957,5.212,1
541750,2.959,5.212,1
541800,2.96,5.212,1
541850,2.965,5.212,1
541900,2.965,5.212,1
541950,2.967,5.212,1
542000,2.967,5.212,1
542050,2.967,5.212,1
542100,2.967,5.212,1
542150,2.967,5.212,1
542200,2.967,5.212,1
542250,2.967,5.212,1
542300,2.967,5.212,1
542350,2.967,5.212,1
542400,2.967,5.212,1
542450,2.967,5.212,1
542500,2.967,5.212,1
542550,2.967,5.212,1
542600,2.967,5.212,1
542650,2.967,5.212,1
542700,2.967,5.212,1
542750,2.967,5.212,1
542800,2.967,5.212,1
542850,2.967,5.212,1
542900,2.967,5.212,1
542950,2.967,5.212,1
543000,2.967,5.212,1
543050,2.967,5.212,1
543100,2.967,5.212,1
543150,2.967,5.212,1
543200,2.967,5.212,1
543250,2.967,5.212,1
543300,2.967,5.212,1
543350,2.967,5.212,1
543400,2.967,5.212,1
543450,2.967,5.212,1
543500,2.967,5.212,1
543550,2.967,5.212,1
543600,2.967,5.212,1
543650,2.967,5.212,1
543700,2.967,5.212,1
543750,2.967,5.212,1
543800,2.967,5.212,1
543850,2.967,5.212,1
543900,2.967,5.212,1
543950,2.967,5.212,1
544000,2.967,5.212,1
544050,2.967,5.212,1
544100,2.967,5.212,1
544150,2.967,5.212,1
544200,2.967,5.212,1
544250,2.967,5.212,1
544300,2.967,5.212,1
544350,2.967,5.212,1
544400,2.967,5.212,1
544450,2.967,5.212,1
544500,2.967,5.212,1
544550,2.967,5.212,1
544600,2.967,5.212,1
544650,2.968,5.212,1
544700,2.968,5.212,1
544750,2.968,5.212,1
544800,2.972,5.212,1
544850,2.972,5.212,1
544900,2.972,5.212,1
544950,2.972,5.212,1
545000,2.972,5.212,1
545050,2.972,5.212,1
545100,2.973,5.212,1
545150,2.973,5.212,1
545200,2.973,5.212,1
545250,2.975,5.212,1
545300,2.978,5.212,1
545350,2.979,5.212,1
545400,2.98,5.212,1
545450,2.981,5.212,1
545500,2.983,5.212,1
545550,2.986,5.212,1
545600,2.986,5.212,1
545650,2.986,5.212,1
545700,2.988,5.212,1
545750,2.988,5.212,1
545800,2.988,5.212,1
545850,2.988,5.212,1
545900,2.988,5.212,1
545950,2.988,5.212,1
546000,2.988,5.212,1
546050,2.988,5.212,1
546100,2.988,5.212,1
546150,2.988,5.212,1
546200,2.988,5.212,1
546250,2.988,5.212,1
546300,2.988,5.212,1
546350,2.988,5.212,1
546400,2.988,5.212,1
546450,2.988,5.212,1
546500,2.988,5.212,1
546550,2.988,5.212,1
546600,2.988,5.212,1
546650,2.988,5.212,1
546700,2.988,5.212,1
546750,2.988,5.212,1
546800,2.988,5.212,1
546850,2.988,5.212,1
546900,2.988,5.212,1
546950,2.988,5.212,1
547000,2.988,5.212,1
547050,2.988,5.212,1
547100,2.988,5.212,1
547150,2.988,5.212,1
547200,2.988,5.212,1
547250,2.988,5.212,1
547300,2.988,5.212,1
547350,2.988,5.212,1
547400,2.988,5.212,1
547450,2.988,5.212,1
547500,2.988,5.212,1
547550,2.988,5.212,1
547600,2.988,5.212,1
547650,2.988,5.212,1
547700,2.988,5.212,1
547750,2.988,5.212,1
547800,2.988,5.212,1
547850,2.988,5.212,1
547900,2.988,5.212,1
547950,2.988,5.212,1
548000,2.988,5.212,1
548050,2.988,5.212,1
548100,2.988,5.212,1
548150,2.988,5.212,1
548200,2.988,5.212,1
548250,2.988,5.212,1
548300,2.988,5.212,1
548350,2.988,5.212,1
548400,2.988,5.212,1
548450,2.988,5.212,1
548500,2.988,5.212,1
548550,2.988,5.212,1
548600,2.988,5.212,1
548650,2.988,5.212,1
548700,2.988,5.212,1
548750,2.988,5.212,1
548800,2.988,5.212,1
548850,2.988,5.212,1
548900,2.988,5.212,1
548950,2.988,5.212,1
549000,2.988,5.212,1
549050,2.988,5.212,1
549100,2.988,5.212,1
549150,2.988,5.212,1
549200,2.988,5.212,1
549250,2.988,5.212,1
549300,2.988,5.212,1
549350,2.988,5.212,1
549400,2.988,5.212,1
549450,2.988,5.212,1
549500,2.988,5.212,1
549550,2.988,5.212,1
549600,2.988,5.212,1
549650,2.988,5.212,1
549700,2.988,5.212,1
549750,2.988,5.212,1
549800,2.988,5.212,1
549850,2.988,5.212,1
549900,2.988,5.212,1
549950,2.988,5.212,1
550000,2.99,5.212,1
550050,2.99,5.212,1
550100,2.991,5.212,1
550150,2.991,5.212,1
550200,2.991,5.212,1
550250,2.993,5.212,1
550300,2.993,5.212,1
550350,2.993,5.212,1
550400,2.993,5.212,1
550450,2.993,5.212,1
550500,2.993,5.212,1
550550,2.993,5.212,1
550600,2.993,5.212,1
550650,2.993,5.212,1
550700,2.993,5.212,1
550750,2.993,5.212,1
550800,2.993,5.212,1
550850,2.993,5.212,1
550900,2.993,5.212,1
550950,2.993,5.212,1
551000,2.993,5.212,1
551050,2.993,5.212,1
551100,2.993,5.212,1
551150,2.993,5.212,1
551200,2.994,5.212,1
551250,2.994,5.212,1
551300,3.0,5.212,1
551350,3.001,5.212,1
551400,3.004,5.212,1
551450,3.004,5.212,1
551500,3.004,5.212,1
551550,3.004,5.212,1
551600,3.004,5.212,1
551650,3.004,5.212,1
551700,3.005,5.212,1
551750,3.006,5.212,1
551800,3.006,5.212,1
551850,3.006,5.212,1
551900,3.006,5.212,1
551950,3.006,5.212,1
552000,3.006,5.212,1
552050,3.006,5.212,1
552100,3.006,5.212,1
552150,3.006,5.212,1
552200,3.006,5.212,1
552250,3.006,5.212,1
552300,3.006,5.212,1
552350,3.006,5.212,1
552400,3.006,5.212,1
552450,3.006,5.212,1
552500,3.006,5.212,1
552550,3.006,5.212,1
552600,3.006,5.212,1
552650,3.006,5.212,1
552700,3.006,5.212,1
552750,3.006,5.212,1
552800,3.006,5.212,1
552850,3.006,5.212,1
552900,3.006,5.212,1
552950,3.006,5.212,1
553000,3.006,5.212,1
553050,3.006,5.212,1
553100,3.006,5.212,1
553150,3.006,5.212,1
553200,3.006,5.212,1
553250,3.006,5.212,1
553300,3.006,5.212,1
553350,3.006,5.212,1
553400,3.006,5.212,1
553450,3.006,5.212,1
553500,3.006,5.212,1
553550,3.006,5.212,1
553600,3.006,5.212,1
553650,3.006,5.212,1
553700,3.006,5.212,1
553750,3.006,5.212,1
553800,3.007,5.212,1
553850,3.007,5.212,1
553900,3.007,5.212,1
553950,3.007,5.212,1
554000,3.007,5.212,1
554050,3.007,5.212,1
554100,3.007,5.212,1
554150,3.007,5.212,1
554200,3.007,5.212,1
554250,3.007,5.212,1
554300,3.007,5.212,1
554350,3.007,5.212,1
554400,3.007,5.212,1
554450,3.007,5.212,1
554500,3.007,5.212,1
554550,3.007,5.212,1
554600,3.007,5.212,1
554650,3.007,5.212,1
554700,3.007,5.212,1
554750,3.007,5.212,1
554800,3.007,5.212,1
554850,3.007,5.212,1
554900,3.007,5.212,1
554950,3.007,5.212,1
555000,3.007,5.212,1
555050,3.007,5.212,1
555100,3.007,5.212,1
555150,3.007,5.212,1
555200,3.007,5.212,1
555250,3.007,5.212,1
555300,3.007,5.212,1
555350,3.007,5.212,1
555400,3.007,5.212,1
555450,3.007,5.212,1
555500,3.007,5.212,1
555550,3.007,5.212,1
555600,3.007,5.212,1
555650,3.007,5.212,1
555700,3.007,5.212,1
555750,3.007,5.212,1
555800,3.007,5.212,1
555850,3.007,5.212,1
555900,3.007,5.212,1
555950,3.007,5.212,1
556000,3.007,5.212,1
556050,3.007,5.212,1
556100,3.007,5.212,1
556150,3.007,5.212,1
556200,3.007,5.212,1
556250,3.007,5.212,1
556300,3.007,5.212,1
556350,3.007,5.212,1
556400,3.007,5.212,1
556450,3.007,5.212,1
556500,3.007,5.212,1
556550,3.007,5.212,1
556600,3.007,5.212,1
556650,3.007,5.212,1
556700,3.007,5.212,1
556750,3.007,5.212,1
556800,3.007,5.212,1
556850,3.007,5.212,1
556900,3.007,5.212,1
556950,3.007,5.212,1
557000,3.007,5.212,1
557050,3.007,5.212,1
557100,3.007,5.212,1
557150,3.007,5.212,1
557200,3.007,5.212,1
557250,3.007,5.212,1
557300,3.007,5.212,1
557350,3.007,5.212,1
557400,3.007,5.212,1
557450,3.007,5.212,1
557500,3.007,5.212,1
557550,3.007,5.212,1
557600,3.007,5.212,1
557650,3.007,5.212,1
557700,3.007,5.212,1
557750,3.007,5.212,1
557800,3.007,5.212,1
557850,3.007,5.212,1
557900,3.007,5.212,1
557950,3.007,5.212,1
558000,3.007,5.212,1
558050,3.007,5.212,1
558100,3.007,5.212,1
558150,3.007,5.212,1
558200,3.007,5.212,1
558250,3.007,5.212,1
558300,3.007,5.212,1
558350,3.007,5.212,1
558400,3.007,5.212,1
558450,3.007,5.212,1
558500,3.007,5.212,1
558550,3.007,5.212,1
558600,3.007,5.212,1
558650,3.007,5.212,1
558700,3.007,5.212,1
558750,3.007,5.212,1
558800,3.007,5.212,1
558850,3.007,5.212,1
558900,3.007,5.212,1
558950,3.007,5.212,1
559000,3.007,5.212,1
559050,3.007,5.212,1
559100,3.007,5.212,1
559150,3.007,5.212,1
559200,3.007,5.212,1
559250,3.007,5.212,1
559300,3.007,5.212,1
559350,3.007,5.212,1
559400,3.007,5.212,1
559450,3.007,5.212,1
559500,3.007,5.212,1
559550,3.007,5.212,1
559600,3.007,5.212,1
559650,3.007,5.212,1
559700,3.007,5.212,1
559750,3.007,5.212,1
559800,3.007,5.212,1
559850,3.007,5.212,1
559900,3.007,5.212,1
559950,3.007,5.212,1
560000,3.007,5.212,1
560050,3.007,5.212,1
560100,3.008,5.212,1
560150,3.008,5.212,1
560200,3.008,5.212,1
560250,3.008,5.212,1
560300,3.008,5.212,1
560350,3.008,5.212,1
560400,3.008,5.212,1
560450,3.008,5.212,1
560500,3.008,5.212,1
560550,3.008,5.212,1
560600,3.008,5.212,1
560650,3.008,5.212,1
560700,3.008,5.212,1
560750,3.008,5.212,1
560800,3.008,5.212,1
560850,3.008,5.212,1
560900,3.008,5.212,1
560950,3.008,5.212,1
561000,3.009,5.212,1
561050,3.009,5.212,1
561100,3.009,5.212,1
561150,3.009,5.212,1
561200,3.009,5.212,1
561250,3.009,5.212,1
561300,3.009,5.212,1
561350,3.009,5.212,1
561400,3.009,5.212,1
561450,3.009,5.212,1
561500,3.009,5.212,1
561550,3.009,5.212,1
561600,3.009,5.212,1
561650,3.009,5.212,1
561700,3.009,5.212,1
561750,3.009,5.212,1
561800,3.009,5.212,1
561850,3.009,5.212,1
561900,3.009,5.212,1
561950,3.009,5.212,1
562000,3.009,5.212,1
562050,3.009,5.212,1
562100,3.009,5.212,1
562150,3.009,5.212,1
562200,3.009,5.212,1
562250,3.009,5.212,1
562300,3.009,5.212,1
562350,3.009,5.212,1
562400,3.009,5.212,1
562450,3.009,5.212,1
562500,3.009,5.212,1
562550,3.009,5.212,1
562600,3.009,5.212,1
562650,3.009,5.212,1
562700,3.009,5.212,1
562750,3.009,5.212,1
562800,3.009,5.212,1
562850,3.009,5.212,1
562900,3.009,5.212,1
562950,3.009,5.212,1
563000,3.009,5.212,1
563050,3.009,5.212,1
563100,3.009,5.212,1
563150,3.009,5.212,1
563200,3.009,5.212,1
563250,3.009,5.212,1
563300,3.009,5.212,1
563350,3.009,5.212,1
563400,3.009,5.212,1
563450,3.009,5.212,1
563500,3.009,5.212,1
563550,3.009,5.212,1
563600,3.009,5.212,1
563650,3.009,5.212,1
563700,3.009,5.212,1
563750,3.009,5.212,1
563800,3.009,5.212,1
563850,3.009,5.212,1
563900,3.009,5.212,1
563950,3.009,5.212,1
564000,3.009,5.212,1
564050,3.009,5.212,1
564100,3.009,5.212,1
564150,3.009,5.212,1
564200,3.009,5.212,1
564250,3.009,5.212,1
564300,3.009,5.212,1
564350,3.009,5.212,1
564400,3.009,5.212,1
564450,3.011,5.212,1
564500,3.012,5.212,1
564550,3.012,5.212,1
564600,3.012,5.212,1
564650,3.012,5.212,1
564700,3.013,5.212,1
564750,3.013,5.212,1
564800,3.021,5.212,1
564850,3.022,5.212,1
564900,3.026,5.212,1
564950,3.027,5.212,1
565000,3.027,5.212,1
565050,3.027,5.212,1
565100,3.027,5.212,1
565150,3.027,5.212,1
565200,3.027,5.212,1
565250,3.027,5.212,1
565300,3.027,5.212,1
565350,3.027,5.212,1
565400,3.027,5.212,1
565450,3.035,5.212,1
565500,3.069,5.212,1
565550,3.144,5.209,1
565600,3.188,5.209,1
565650,3.193,5.209,1
565700,3.193,5.209,1
565750,3.193,5.207,1
565800,3.193,5.207,1
565850,3.193,5.205,1
565900,3.193,5.195,1
565950,3.193,5.177,1
566000,3.193,5.167,1
566050,3.193,5.157,1
566100,3.193,5.139,1
566150,3.193,5.138,1
566200,3.12,5.097,1
566250,2.861,5.035,1
566300,2.641,4.999,1
566350,2.624,4.996,1
566400,2.656,4.996,1
566450,2.734,4.996,1
566500,2.797,5.007,1
566550,2.804,5.008,1
566600,2.804,5.008,1
566650,2.804,5.008,1
566700,2.804,5.008,1
566750,2.804,5.008,1
566800,2.804,5.008,1
566850,2.804,5.008,1
566900,2.804,5.008,1
566950,2.804,5.008,1
567000,2.804,5.008,1
567050,2.804,5.008,1
567100,2.804,5.008,1
567150,2.804,5.008,1
567200,2.81,5.008,1
567250,2.812,5.008,1
567300,2.815,5.011,1
567350,2.818,5.012,1
567400,2.82,5.015,1
567450,2.821,5.025,1
567500,2.821,5.032,1
567550,2.821,5.047,1
567600,2.821,5.077,1
567650,2.828,5.116,1
567700,2.843,5.157,1
567750,2.871,5.199,1
567800,2.886,5.218,1
567850,2.89,5.223,1
567900,2.891,5.225,1
567950,2.895,5.225,1
568000,2.897,5.225,1
568050,2.899,5.225,1
568100,2.905,5.225,1
568150,2.906,5.225,1
568200,2.906,5.225,1
568250,2.906,5.225,1
568300,2.906,5.225,1
568350,2.91,5.225,1
568400,2.911,5.225,1
568450,2.911,5.225,1
568500,2.916,5.225,1
568550,2.921,5.225,1
568600,2.95,5.225,1
568650,2.977,5.228,1
568700,2.984,5.237,1
568750,2.984,5.286,1
568800,2.984,5.335,1
568850,2.987,5.346,1
568900,2.993,5.347,1
568950,2.998,5.347,1
569000,3.009,5.347,1
569050,3.015,5.347,1
569100,3.016,5.347,1
569150,3.016,5.347,1
569200,3.016,5.347,1
569250,3.016,5.347,1
569300,3.016,5.347,1
569350,3.016,5.347,1
569400,3.016,5.347,1
569450,3.016,5.347,1
569500,3.016,5.347,1
569550,3.016,5.347,1
569600,3.016,5.347,1
569650,3.016,5.347,1
569700,3.016,5.347,1
569750,3.016,5.347,1
569800,3.016,5.347,1
569850,3.016,5.347,1
569900,3.016,5.347,1
569950,3.016,5.347,1
570000,3.016,5.347,1
570050,3.016,5.347,1
570100,3.016,5.347,1
570150,3.016,5.347,1
570200,3.016,5.347,1
570250,3.016,5.347,1
570300,3.016,5.347,1
570350,3.016,5.347,1
570400,3.016,5.347,1
570450,3.016,5.347,1
570500,3.016,5.347,1
570550,3.016,5.347,1
570600,3.016,5.347,1
570650,3.016,5.347,1
570700,3.016,5.347,1
570750,3.016,5.352,1
570800,3.016,5.369,1
570850,3.016,5.38,1
570900,3.026,5.401,1
570950,3.039,5.421,1
571000,3.045,5.432,1
571050,3.046,5.433,1
571100,3.049,5.438,1
571150,3.05,5.444,1
571200,3.05,5.461,1
571250,3.056,5.476,1
571300,3.062,5.485,1
571350,3.062,5.488,1
571400,3.063,5.494,1
571450,3.063,5.497,1
571500,3.065,5.498,1
571550,3.065,5.498,1
571600,3.066,5.498,1
571650,3.066,5.498,1
571700,3.066,5.498,1
571750,3.066,5.521,1
571800,3.066,5.545,1
571850,3.066,5.551,1
571900,3.066,5.557,1
571950,3.066,5.562,1
572000,3.066,5.562,1
572050,3.066,5.562,1
572100,3.066,5.562,1
572150,3.066,5.562,1
572200,3.066,5.562,1
572250,3.066,5.577,1
572300,3.066,5.596,1
572350,3.066,5.602,1
572400,3.066,5.607,1
572450,3.066,5.607,1
572500,3.066,5.607,1
572550,3.066,5.607,1
572600,3.066,5.607,1
572650,3.066,5.607,1
572700,3.066,5.628,1
572750,3.066,5.661,1
572800,3.066,5.688,1
572850,3.066,5.699,1
572900,3.066,5.704,1
572950,3.066,5.704,1
573000,3.066,5.704,1
573050,3.066,5.704,1
573100,3.066,5.704,1
573150,3.066,5.704,1
573200,3.066,5.704,1
573250,3.066,5.704,1
573300,3.066,5.708,1
573350,3.066,5.72,1
573400,3.066,5.742,1
573450,3.066,5.77,1
573500,3.066,5.81,1
573550,3.066,5.842,1
573600,3.066,5.854,1
573650,3.066,5.855,1
573700,3.066,5.855,1
573750,3.066,5.855,1
573800,3.066,5.864,1
573850,3.066,5.867,1
573900,3.066,5.878,1
573950,3.066,5.889,1
574000,3.066,5.897,1
574050,3.066,5.913,1
574100,3.066,5.92,1
574150,3.066,5.938,1
574200,3.066,5.957,1
574250,3.066,5.969,1
574300,3.066,5.981,1
574350,3.066,5.982,1
574400,3.066,5.982,1
574450,3.066,5.982,1
574500,3.066,5.982,1
574550,3.066,5.982,1
574600,3.066,5.982,1
574650,3.066,5.982,1
574700,3.066,5.982,1
574750,3.066,5.982,1
574800,3.066,5.974,1
574850,3.066,5.966,1
574900,3.066,5.958,1
574950,3.066,5.957,1
575000,3.066,5.949,1
575050,3.066,5.949,1
575100,3.066,5.942,1
575150,3.066,5.937,1
575200,3.067,5.934,1
575250,3.068,5.929,1
575300,3.069,5.927,1
575350,3.069,5.922,1
575400,3.069,5.919,1
575450,3.069,5.918,1
575500,3.069,5.916,1
575550,3.069,5.914,1
575600,3.069,5.914,1
575650,3.069,5.912,1
575700,3.069,5.911,1
575750,3.069,5.908,1
575800,3.069,5.907,1
575850,3.069,5.907,1
575900,3.069,5.907,1
575950,3.069,5.905,1
576000,3.069,5.902,1
576050,3.069,5.902,1
576100,3.069,5.901,1
576150,3.069,5.9,1
576200,3.069,5.898,1
576250,3.069,5.892,1
576300,3.069,5.892,1
576350,3.069,5.892,1
576400,3.069,5.883,1
576450,3.069,5.879,1
576500,3.069,5.872,1
576550,3.069,5.862,1
576600,3.069,5.851,1
576650,3.069,5.845,1
576700,3.069,5.842,1
576750,3.069,5.837,1
576800,3.069,5.837,1
576850,3.069,5.835,1
576900,3.069,5.835,1
576950,3.069,5.833,1
577000,3.069,5.833,1
577050,3.069,5.832,1
577100,3.069,5.832,1
577150,3.069,5.831,1
577200,3.069,5.82,1
577250,3.071,5.813,1
577300,3.071,5.812,1
577350,3.071,5.808,1
577400,3.071,5.806,1
577450,3.071,5.804,1
577500,3.071,5.803,1
577550,3.071,5.803,1
577600,3.071,5.799,1
577650,3.071,5.795,1
577700,3.071,5.794,1
577750,3.071,5.778,1
577800,3.071,5.76,1
577850,3.071,5.737,1
577900,3.071,5.731,1
577950,3.071,5.73,1
578000,3.071,5.725,1
578050,3.071,5.725,1
578100,3.071,5.717,1
578150,3.071,5.713,1
578200,3.072,5.703,1
578250,3.076,5.702,1
578300,3.076,5.702,1
578350,3.076,5.702,1
578400,3.076,5.701,1
578450,3.076,5.701,1
578500,3.076,5.701,1
578550,3.076,5.701,1
578600,3.076,5.701,1
578650,3.076,5.701,1
578700,3.076,5.701,1
578750,3.076,5.701,1
578800,3.076,5.701,1
578850,3.076,5.701,1
578900,3.076,5.701,1
578950,3.076,5.701,1
579000,3.076,5.701,1
579050,3.076,5.701,1
579100,3.076,5.701,1
579150,3.076,5.701,1
579200,3.076,5.701,1
579250,3.077,5.701,1
579300,3.077,5.701,1
579350,3.077,5.701,1
579400,3.077,5.7,1
579450,3.077,5.699,1
579500,3.077,5.695,1
579550,3.077,5.693,1
579600,3.077,5.69,1
579650,3.077,5.685,1
579700,3.078,5.679,1
579750,3.078,5.678,1
579800,3.08,5.677,1
579850,3.08,5.672,1
579900,3.081,5.671,1
579950,3.081,5.67,1
580000,3.081,5.669,1
580050,3.082,5.669,1
580100,3.082,5.666,1
580150,3.082,5.663,1
580200,3.089,5.659,1
580250,3.09,5.655,1
580300,3.09,5.652,1
580350,3.09,5.651,1
580400,3.095,5.651,1
580450,3.101,5.651,1
580500,3.105,5.651,1
580550,3.106,5.648,1
580600,3.109,5.645,1
580650,3.11,5.645,1
580700,3.11,5.643,1
580750,3.11,5.623,1
580800,3.11,5.586,1
580850,3.11,5.578,1
580900,3.11,5.578,1
580950,3.11,5.578,1
581000,3.119,5.578,1
581050,3.135,5.578,1
581100,3.15,5.578,1
581150,3.16,5.569,1
581200,3.172,5.546,1
581250,3.181,5.536,1
581300,3.19,5.532,1
581350,3.191,5.527,1
581400,3.191,5.522,1
581450,3.195,5.522,1
581500,3.195,5.516,1
581550,3.195,5.515,1
581600,3.195,5.515,1
581650,3.195,5.515,1
581700,3.195,5.515,1
581750,3.195,5.512,1
581800,3.195,5.511,1
581850,3.195,5.508,1
581900,3.195,5.508,1
581950,3.195,5.503,1
582000,3.195,5.502,1
582050,3.195,5.502,1
582100,3.195,5.502,1
582150,3.195,5.502,1
582200,3.195,5.502,1
582250,3.195,5.502,1
582300,3.195,5.502,1
582350,3.195,5.502,1
582400,3.195,5.502,1
582450,3.195,5.497,1
582500,3.195,5.491,1
582550,3.195,5.49,1
582600,3.195,5.49,1
582650,3.195,5.488,1
582700,3.195,5.488,1
582750,3.195,5.488,1
582800,3.195,5.488,1
582850,3.195,5.487,1
582900,3.195,5.483,1
582950,3.195,5.471,1
583000,3.195,5.469,1
583050,3.195,5.468,1
583100,3.195,5.467,1
583150,3.195,5.466,1
583200,3.195,5.46,1
583250,3.195,5.454,1
583300,3.19,5.445,1
583350,3.184,5.439,1
583400,3.182,5.434,1
583450,3.182,5.433,1
583500,3.182,5.433,1
583550,3.182,5.433,1
583600,3.182,5.433,1
583650,3.182,5.433,1
583700,3.182,5.433,1
583750,3.182,5.433,1
583800,3.205,5.433,1
583850,3.226,5.433,1
583900,3.253,5.433,1
583950,3.263,5.433,1
584000,3.264,5.433,1
584050,3.264,5.433,1
584100,3.264,5.433,1
584150,3.264,5.43,1
584200,3.264,5.429,1
584250,3.264,5.429,1
584300,3.264,5.428,1
584350,3.264,5.428,1
584400,3.264,5.428,1
584450,3.264,5.428,1
584500,3.264,5.428,1
584550,3.264,5.428,1
584600,3.264,5.428,1
584650,3.264,5.428,1
584700,3.264,5.428,1
584750,3.264,5.428,1
584800,3.25,5.428,1
584850,3.241,5.428,1
584900,3.23,5.428,1
584950,3.229,5.428,1
585000,3.229,5.428,1
585050,3.229,5.428,1
585100,3.229,5.428,1
585150,3.229,5.428,1
585200,3.229,5.428,1
585250,3.229,5.428,1
585300,3.229,5.428,1
585350,3.229,5.428,1
585400,3.229,5.428,1
585450,3.229,5.428,1
585500,3.229,5.428,1
585550,3.229,5.428,1
585600,3.229,5.428,1
585650,3.229,5.428,1
585700,3.229,5.428,1
585750,3.229,5.428,1
585800,3.229,5.428,1
585850,3.229,5.428,1
585900,3.229,5.428,1
585950,3.229,5.428,1
586000,3.229,5.428,1
586050,3.229,5.428,1
586100,3.229,5.428,1
586150,3.229,5.428,1
586200,3.229,5.428,1
586250,3.229,5.428,1
586300,3.229,5.428,1
586350,3.229,5.428,1
586400,3.229,5.428,1
586450,3.229,5.428,1
586500,3.229,5.428,1
586550,3.229,5.428,1
586600,3.229,5.428,1
586650,3.229,5.428,1
586700,3.229,5.428,1
586750,3.229,5.428,1
586800,3.229,5.428,1
586850,3.229,5.428,1
586900,3.229,5.428,1
586950,3.229,5.428,1
587000,3.229,5.428,1
587050,3.229,5.428,1
587100,3.229,5.428,1
587150,3.229,5.428,1
587200,3.229,5.428,1
587250,3.229,5.428,1
587300,3.229,5.428,1
587350,3.229,5.428,1
587400,3.229,5.428,1
587450,3.229,5.428,1
587500,3.229,5.427,1
587550,3.229,5.427,1
587600,3.229,5.424,1
587650,3.229,5.418,1
587700,3.229,5.407,1
587750,3.229,5.397,1
587800,3.229,5.385,1
587850,3.229,5.379,1
587900,3.229,5.378,1
587950,3.229,5.378,1
588000,3.229,5.378,1
588050,3.226,5.378,1
588100,3.215,5.378,1
588150,3.2,5.371,1
588200,3.181,5.369,1
588250,3.136,5.368,1
588300,3.045,5.356,1
588350,2.949,5.345,1
588400,2.915,5.342,1
588450,2.913,5.342,1
588500,2.913,5.342,1
588550,2.913,5.342,1
588600,2.913,5.342,1
588650,2.913,5.342,1
588700,2.913,5.342,1
588750,2.913,5.342,1
588800,2.913,5.342,1
588850,2.913,5.342,1
588900,2.915,5.342,1
588950,2.922,5.342,1
589000,2.939,5.342,1
589050,2.952,5.342,1
589100,2.97,5.342,1
589150,2.974,5.342,1
589200,2.979,5.342,1
589250,2.984,5.342,1
589300,2.984,5.342,1
589350,2.984,5.342,1
589400,2.984,5.342,1
589450,2.984,5.342,1
589500,2.984,5.342,1
589550,2.984,5.342,1
589600,2.984,5.342,1
589650,2.984,5.342,1
589700,2.984,5.342,1
589750,2.984,5.342,1
589800,2.984,5.342,1
589850,2.984,5.342,1
589900,2.984,5.342,1
589950,2.984,5.342,1
590000,2.984,5.342,1
590050,2.984,5.342,1
590100,2.984,5.342,1
590150,2.984,5.342,1
590200,2.984,5.342,1
590250,2.984,5.342,1
590300,2.984,5.342,1
590350,2.984,5.342,1
590400,2.984,5.342,1
590450,2.984,5.342,1
590500,2.984,5.342,1
590550,2.984,5.342,1
590600,2.984,5.342,1
590650,2.984,5.342,1
590700,2.984,5.342,1
590750,2.984,5.342,1
590800,2.984,5.342,1
590850,2.984,5.342,1
590900,2.984,5.342,1
590950,2.984,5.342,1
591000,2.984,5.342,1
591050,2.984,5.342,1
591100,2.984,5.342,1
591150,2.984,5.342,1
591200,2.984,5.342,1
591250,2.984,5.342,1
591300,2.984,5.342,1
591350,2.984,5.342,1
591400,2.984,5.342,1
591450,2.984,5.342,1
591500,2.984,5.342,1
591550,2.984,5.342,1
591600,2.984,5.342,1
591650,2.984,5.342,1
591700,2.984,5.342,1
591750,2.984,5.342,1
591800,2.984,5.342,1
591850,2.984,5.342,1
591900,2.984,5.342,1
591950,2.984,5.342,1
592000,2.984,5.342,1
592050,2.984,5.342,1
592100,2.984,5.342,1
592150,2.984,5.342,1
592200,2.984,5.342,1
592250,2.984,5.342,1
592300,2.984,5.342,1
592350,2.984,5.342,1
592400,2.984,5.342,1
592450,2.984,5.342,1
592500,2.984,5.342,1
592550,2.984,5.342,1
592600,2.984,5.342,1
592650,2.984,5.342,1
592700,2.984,5.342,1
592750,2.984,5.342,1
592800,2.984,5.342,1
592850,2.984,5.342,1
592900,2.984,5.342,1
592950,2.984,5.342,1
593000,2.984,5.342,1
593050,2.984,5.342,1
593100,2.984,5.342,1
593150,2.984,5.342,1
593200,2.984,5.342,1
593250,2.984,5.342,1
593300,2.984,5.342,1
593350,2.984,5.342,1
593400,2.984,5.342,1
593450,2.984,5.342,1
593500,2.984,5.342,1
593550,2.984,5.342,1
593600,2.984,5.342,1
593650,2.984,5.342,1
593700,2.984,5.342,1
593750,2.984,5.342,1
593800,2.984,5.342,1
593850,2.984,5.342,1
593900,2.984,5.342,1
593950,2.984,5.342,1
594000,2.984,5.342,1
594050,2.984,5.342,1
594100,2.984,5.342,1
594150,2.984,5.342,1
594200,2.984,5.342,1
594250,2.984,5.342,1
594300,2.984,5.342,1
594350,2.984,5.342,1
594400,2.984,5.342,1
594450,2.984,5.342,1
594500,2.984,5.342,1
594550,2.984,5.342,1
594600,2.984,5.342,1
594650,2.984,5.342,1
594700,2.984,5.342,1
594750,2.984,5.342,1
594800,2.984,5.342,1
594850,2.984,5.342,1
594900,2.984,5.342,1
594950,2.984,5.342,1
595000,2.984,5.342,1
595050,2.984,5.342,1
595100,2.984,5.342,1
595150,2.984,5.342,1
595200,2.984,5.342,1
595250,2.984,5.342,1
595300,2.984,5.342,1
595350,2.984,5.342,1
595400,2.984,5.342,1
595450,2.984,5.342,1
595500,2.984,5.342,1
595550,2.984,5.342,1
595600,2.984,5.342,1
595650,2.984,5.342,1
595700,2.984,5.342,1
595750,2.984,5.342,1
595800,2.984,5.342,1
595850,2.984,5.342,1
595900,2.984,5.342,1
595950,2.984,5.342,1
596000,2.984,5.342,1
596050,2.984,5.342,1
596100,2.984,5.342,1
596150,2.984,5.342,1
596200,2.984,5.342,1
596250,2.947,5.334,1
596300,2.921,5.319,1
596350,2.919,5.318,1
596400,2.919,5.318,1
596450,2.919,5.318,1
596500,2.918,5.313,1
596550,2.659,5.238,1
596600,1.952,5.082,1
596650,1.927,5.07,1
596700,2.349,5.193,1
596750,2.696,5.243,1
596800,2.754,5.25,1
596850,2.756,5.252,1
596900,2.756,5.252,1
596950,2.608,5.24,1
597000,2.202,5.151,1
597050,2.064,5.128,1
597100,2.053,5.126,1
597150,2.053,5.126,1
597200,2.053,5.126,1
597250,2.053,5.126,1
597300,2.053,5.126,1
597350,2.053,5.155,1
597400,2.053,5.208,1
597450,2.053,5.233,1
597500,2.053,5.247,1
597550,2.053,5.258,1
597600,2.053,5.292,1
597650,2.053,5.37,1
597700,2.053,5.449,1
597750,2.053,5.486,1
597800,2.053,5.53,1
597850,2.06,5.561,1
597900,2.085,5.599,1
597950,2.106,5.642,1
598000,2.15,5.701,1
598050,2.204,5.75,1
598100,2.266,5.809,1
598150,2.349,5.897,1
598200,2.468,5.984,1
598250,2.56,6.027,1
598300,2.663,6.072,1
598350,2.749,6.111,1
598400,2.779,6.154,1
598450,2.8,6.19,1
598500,2.831,6.219,1
598550,2.847,6.234,1
598600,2.854,6.236,1
598650,2.856,6.236,1
598700,2.856,6.236,1
598750,2.856,6.241,1
598800,2.856,6.266,1
598850,2.874,6.289,1
598900,2.884,6.299,1
598950,2.887,6.3,1
599000,2.889,6.3,1
599050,2.889,6.3,1
599100,2.889,6.3,1
599150,2.889,6.3,1
599200,2.889,6.3,1
599250,2.889,6.309,1
599300,2.889,6.33,1
599350,2.889,6.347,1
599400,2.889,6.36,1
599450,2.889,6.364,1
599500,2.889,6.369,1
599550,2.889,6.369,1
599600,2.889,6.373,1
599650,2.889,6.398,1
599700,2.889,6.463,1
599750,2.889,6.56,1
599800,2.894,6.667,1
599850,2.894,6.733,1
599900,2.894,6.769,1
599950,2.894,6.781,1
600000,2.894,6.782,1
600050,2.894,6.782,1
600100,2.894,6.782,1
600150,2.894,6.782,1
600200,2.894,6.782,1
600250,2.894,6.782,1
600300,2.898,6.782,1
600350,2.908,6.782,1
600400,2.919,6.782,1
600450,2.924,6.782,1
600500,2.924,6.782,1
600550,2.926,6.782,1
600600,2.929,6.782,1
600650,2.942,6.782,1
600700,2.953,6.782,1
600750,2.997,6.782,1
600800,3.097,6.782,1
600850,3.128,6.782,1
600900,3.143,6.782,1
600950,3.156,6.782,1
601000,3.19,6.782,1
601050,3.282,6.802,1
601100,3.371,6.827,1
601150,3.392,6.834,1
601200,3.394,6.835,1
601250,3.394,6.837,1
601300,3.394,6.84,1
601350,3.394,6.849,1
601400,3.394,6.857,1
601450,3.394,6.864,1
601500,3.394,6.865,1
601550,3.394,6.865,1
601600,3.394,6.87,1
601650,3.381,6.885,1
601700,3.332,6.909,1
601750,3.246,6.942,1
601800,3.137,7.012,1
601850,3.084,7.066,1
601900,3.061,7.086,1
601950,3.002,7.104,1
602000,2.899,7.142,1
602050,2.785,7.209,1
602100,2.712,7.273,1
602150,2.683,7.292,1
602200,2.68,7.293,1
602250,2.679,7.293,1
602300,2.678,7.293,1
602350,2.659,7.293,1
602400,2.587,7.282,1
602450,2.472,7.241,1
602500,2.425,7.215,1
602550,2.418,7.207,1
602600,2.39,7.186,1
602650,2.334,7.153,1
602700,2.295,7.132,1
602750,2.289,7.124,1
602800,2.28,7.115,1
602850,2.26,7.106,1
602900,2.229,7.089,1
602950,2.194,7.068,1
603000,2.164,7.061,1
603050,2.151,7.054,1
603100,2.15,7.054,1
603150,2.15,7.052,1
603200,2.15,7.052,1
603250,2.15,7.052,1
603300,2.15,7.051,1
603350,2.15,7.051,1
603400,2.15,7.05,1
603450,2.15,7.049,1
603500,2.15,7.046,1
603550,2.15,7.042,1
603600,2.15,7.033,1
603650,2.15,7.022,1
603700,2.15,7.016,1
603750,2.15,7.012,1
603800,2.15,7.004,1
603850,2.15,7.002,1
603900,2.15,6.997,1
603950,2.15,6.997,1
604000,2.15,6.997,1
604050,2.15,6.997,1
604100,2.15,6.997,1
604150,2.15,6.997,1
604200,2.15,6.994,1
604250,2.15,6.991,1
604300,2.15,6.986,1
604350,2.15,6.982,1
604400,2.152,6.98,1
604450,2.163,6.976,1
604500,2.184,6.964,1
604550,2.232,6.946,1
604600,2.297,6.925,1
604650,2.327,6.904,1
604700,2.341,6.899,1
604750,2.342,6.896,1
604800,2.342,6.886,1
604850,2.342,6.877,1
604900,2.312,6.847,1
604950,2.291,6.817,1
605000,2.289,6.809,1
605050,2.289,6.809,1
605100,2.289,6.809,1
605150,2.289,6.807,1
605200,2.289,6.807,1
605250,2.289,6.807,1
605300,2.289,6.806,1
605350,2.289,6.803,1
605400,2.289,6.802,1
605450,2.289,6.802,1
605500,2.289,6.802,1
605550,2.289,6.802,1
605600,2.289,6.802,1
605650,2.289,6.802,1
605700,2.285,6.802,1
605750,2.279,6.861,1
605800,2.278,6.966,1
605850,2.278,6.992,1
605900,2.278,6.993,1
605950,2.278,6.993,1
606000,2.278,6.993,1
606050,2.278,6.993,1
606100,2.278,6.993,1
606150,2.278,6.993,1
606200,2.278,6.993,1
606250,2.278,6.993,1
606300,2.278,6.99,1
606350,2.278,6.984,1
606400,2.278,6.979,1
606450,2.28,6.973,1
606500,2.285,6.966,1
606550,2.287,6.96,1
606600,2.297,6.951,1
606650,2.299,6.944,1
606700,2.303,6.938,1
606750,2.306,6.938,1
606800,2.309,6.932,1
606850,2.315,6.928,1
606900,2.323,6.921,1
606950,2.333,6.909,1
607000,2.345,6.89,1
607050,2.357,6.875,1
607100,2.364,6.862,1
607150,2.366,6.859,1
607200,2.368,6.859,1
607250,2.368,6.859,1
607300,2.368,6.859,1
607350,2.368,6.859,1
607400,2.368,6.859,1
607450,2.368,6.859,1
607500,2.368,6.859,1
607550,2.368,6.859,1
607600,2.368,6.859,1
607650,2.368,6.859,1
607700,2.368,6.859,1
607750,2.368,6.859,1
607800,2.368,6.859,1
607850,2.368,6.859,1
607900,2.368,6.859,1
607950,2.368,6.859,1
608000,2.368,6.856,1
608050,2.368,6.855,1
608100,2.368,6.852,1
608150,2.368,6.852,1
608200,2.368,6.852,1
608250,2.368,6.852,1
608300,2.368,6.852,1
608350,2.368,6.852,1
608400,2.368,6.852,1
608450,2.368,6.852,1
608500,2.368,6.852,1
608550,2.368,6.852,1
608600,2.368,6.852,1
608650,2.368,6.852,1
608700,2.368,6.852,1
608750,2.368,6.852,1
608800,2.368,6.852,1
608850,2.368,6.852,1
608900,2.368,6.852,1
608950,2.368,6.852,1
609000,2.368,6.852,1
609050,2.37,6.852,1
609100,2.371,6.852,1
609150,2.371,6.852,1
609200,2.371,6.852,1
609250,2.371,6.852,1
609300,2.371,6.852,1
609350,2.371,6.852,1
609400,2.371,6.852,1
609450,2.371,6.852,1
609500,2.371,6.852,1
609550,2.373,6.852,1
609600,2.384,6.852,1
609650,2.389,6.852,1
609700,2.401,6.852,1
609750,2.437,6.852,1
609800,2.523,6.852,1
609850,2.589,6.852,1
609900,2.598,6.852,1
609950,2.598,6.852,1
610000,2.598,6.852,1
610050,2.598,6.852,1
610100,2.598,6.852,1
610150,2.598,6.852,1
610200,2.598,6.852,1
610250,2.598,6.852,1
610300,2.595,6.852,1
610350,2.578,6.852,1
610400,2.573,6.852,1
610450,2.572,6.848,1
610500,2.572,6.838,1
610550,2.572,6.837,1
610600,2.572,6.836,1
610650,2.572,6.836,1
610700,2.572,6.834,1
610750,2.57,6.829,1
610800,2.57,6.821,1
610850,2.57,6.812,1
610900,2.57,6.805,1
610950,2.57,6.798,1
611000,2.57,6.795,1
611050,2.57,6.794,1
611100,2.57,6.791,1
611150,2.57,6.791,1
611200,2.57,6.791,1
611250,2.57,6.791,1
611300,2.57,6.791,1
611350,2.57,6.791,1
611400,2.57,6.791,1
611450,2.57,6.791,1
611500,2.57,6.791,1
611550,2.57,6.791,1
611600,2.57,6.791,1
611650,2.57,6.791,1
611700,2.57,6.791,1
611750,2.57,6.791,1
611800,2.57,6.791,1
611850,2.57,6.791,1
611900,2.57,6.791,1
611950,2.57,6.791,1
612000,2.57,6.791,1
612050,2.57,6.791,1
612100,2.57,6.791,1
612150,2.57,6.791,1
612200,2.57,6.791,1
612250,2.57,6.791,1
612300,2.57,6.791,1
612350,2.57,6.791,1
612400,2.57,6.791,1
612450,2.57,6.791,1
612500,2.57,6.791,1
612550,2.57,6.791,1
612600,2.57,6.791,1
612650,2.57,6.791,1
612700,2.57,6.791,1
612750,2.57,6.791,1
612800,2.57,6.791,1
612850,2.57,6.791,1
612900,2.57,6.791,1
612950,2.57,6.791,1
613000,2.57,6.791,1
613050,2.57,6.791,1
613100,2.57,6.791,1
613150,2.57,6.791,1
613200,2.57,6.791,1
613250,2.519,6.791,1
613300,2.243,6.82,1
613350,1.9,6.836,1
613400,1.942,6.847,1
613450,2.076,6.872,1
613500,2.138,6.874,1
613550,2.156,6.874,1
613600,2.158,6.874,1
613650,2.165,6.874,1
613700,2.172,6.874,1
613750,2.21,6.874,1
613800,2.312,6.854,1
613850,2.351,6.839,1
613900,2.354,6.837,1
613950,2.354,6.837,1
614000,2.354,6.837,1
614050,2.354,6.837,1
614100,2.359,6.837,1
614150,2.362,6.837,1
614200,2.369,6.837,1
614250,2.377,6.837,1
614300,2.402,6.837,1
614350,2.454,6.837,1
614400,2.492,6.837,1
614450,2.495,6.855,1
614500,2.495,6.92,1
614550,2.503,6.993,1
614600,2.521,7.062,1
614650,2.528,7.073,1
614700,2.536,7.074,1
614750,2.542,7.074,1
614800,2.546,7.074,1
614850,2.546,7.074,1
614900,2.549,7.074,1
614950,2.551,7.074,1
615000,2.552,7.074,1
615050,2.554,7.074,1
615100,2.554,7.074,1
615150,2.554,7.074,1
615200,2.554,7.074,1
615250,2.554,7.074,1
615300,2.554,7.074,1
615350,2.554,7.074,1
615400,2.554,7.074,1
615450,2.554,7.074,1
615500,2.554,7.074,1
615550,2.554,7.074,1
615600,2.554,7.074,1
615650,2.554,7.074,1
615700,2.554,7.074,1
615750,2.554,7.074,1
615800,2.554,7.074,1
615850,2.554,7.074,1
615900,2.554,7.074,1
615950,2.554,7.074,1
616000,2.554,7.097,1
616050,2.554,7.145,1
616100,2.554,7.202,1
616150,2.554,7.226,1
616200,2.554,7.235,1
616250,2.554,7.241,1
616300,2.554,7.252,1
616350,2.554,7.294,1
616400,2.554,7.377,1
616450,2.552,7.449,1
616500,2.544,7.474,1
616550,2.543,7.476,1
616600,2.543,7.476,1
616650,2.543,7.476,1
616700,2.543,7.476,1
616750,2.543,7.476,1
616800,2.543,7.476,1
616850,2.543,7.476,1
616900,2.543,7.469,1
616950,2.543,7.464,1
617000,2.543,7.459,1
617050,2.543,7.452,1
617100,2.543,7.439,1
617150,2.543,7.429,1
617200,2.543,7.402,1
617250,2.543,7.378,1
617300,2.553,7.343,1
617350,2.568,7.317,1
617400,2.57,7.314,1
617450,2.57,7.314,1
617500,2.57,7.314,1
617550,2.57,7.314,1
617600,2.57,7.314,1
617650,2.57,7.316,1
617700,2.57,7.333,1
617750,2.57,7.35,1
617800,2.57,7.351,1
617850,2.57,7.351,1
617900,2.57,7.297,1
617950,2.57,7.167,1
618000,2.57,7.053,1
618050,2.57,7.038,1
618100,2.57,7.037,1
618150,2.57,7.037,1
618200,2.57,7.037,1
618250,2.57,7.037,1
618300,2.57,7.044,1
618350,2.577,7.045,1
618400,2.595,7.045,1
618450,2.598,7.045,1
618500,2.598,7.045,1
618550,2.598,7.045,1
618600,2.598,7.045,1
618650,2.6,7.037,1
618700,2.603,7.019,1
618750,2.613,6.978,1
618800,2.636,6.953,1
618850,2.642,6.944,1
618900,2.649,6.924,1
618950,2.659,6.893,1
619000,2.677,6.847,1
619050,2.7,6.8,1
619100,2.704,6.788,1
619150,2.704,6.787,1
619200,2.704,6.787,1
619250,2.704,6.787,1
619300,2.704,6.821,1
619350,2.704,6.857,1
619400,2.704,6.867,1
619450,2.704,6.868,1
619500,2.704,6.868,1
619550,2.704,6.868,1
619600,2.707,6.868,1
619650,2.707,6.868,1
619700,2.707,6.868,1
619750,2.707,6.868,1
619800,2.707,6.868,1
619850,2.707,6.868,1
619900,2.709,6.868,1
619950,2.709,6.868,1
620000,2.709,6.868,1
620050,2.709,6.868,1
620100,2.709,6.868,1
620150,2.709,6.868,1
620200,2.709,6.868,1
620250,2.709,6.868,1
620300,2.709,6.868,1
620350,2.709,6.868,1
620400,2.709,6.868,1
620450,2.709,6.87,1
620500,2.709,6.888,1
620550,2.709,6.899,1
620600,2.709,6.924,1
620650,2.709,6.965,1
620700,2.709,7.027,1
620750,2.709,7.101,1
620800,2.712,7.16,1
620850,2.741,7.202,1
620900,2.755,7.217,1
620950,2.758,7.218,1
621000,2.758,7.218,1
621050,2.758,7.235,1
621100,2.758,7.269,1
621150,2.763,7.328,1
621200,2.768,7.345,1
621250,2.772,7.347,1
621300,2.773,7.349,1
621350,2.777,7.355,1
621400,2.781,7.36,1
621450,2.785,7.363,1
621500,2.794,7.363,1
621550,2.799,7.363,1
621600,2.8,7.363,1
621650,2.8,7.363,1
621700,2.8,7.363,1
621750,2.8,7.363,1
621800,2.8,7.363,1
621850,2.801,7.363,1
621900,2.803,7.363,1
621950,2.803,7.363,1
622000,2.809,7.363,1
622050,2.81,7.363,1
622100,2.814,7.363,1
622150,2.831,7.391,1
622200,2.885,7.448,1
622250,2.925,7.502,1
622300,2.95,7.538,1
622350,2.979,7.564,1
622400,3.025,7.571,1
622450,3.069,7.571,1
622500,3.162,7.571,1
622550,3.307,7.564,1
622600,3.42,7.537,1
622650,3.466,7.513,1
622700,3.521,7.47,1
622750,3.638,7.405,1
622800,3.814,7.304,1
622850,3.978,7.206,1
622900,4.144,7.09,1
622950,4.304,7.011,1
623000,4.424,6.942,1
623050,4.497,6.862,1
623100,4.562,6.742,1
623150,4.608,6.634,1
623200,4.637,6.558,1
623250,4.657,6.52,1
623300,4.687,6.472,1
623350,4.744,6.388,1
623400,4.84,6.237,1
623450,4.927,6.072,1
623500,4.989,5.9,1
623550,5.01,5.752,1
623600,5.013,5.65,1
623650,5.013,5.625,1
623700,5.013,5.623,1
623750,5.023,5.623,1
623800,5.079,5.615,1
623850,5.175,5.594,1
623900,5.275,5.581,1
623950,5.34,5.579,1
624000,5.434,5.579,1
624050,5.577,5.579,1
624100,5.729,5.597,1
624150,5.839,5.636,1
624200,5.869,5.649,1
624250,5.873,5.652,1
624300,5.889,5.653,1
624350,5.953,5.653,1
624400,6.059,5.653,1
624450,6.112,5.653,1
624500,6.119,5.653,1
624550,6.119,5.653,1
624600,6.119,5.655,1
624650,6.119,5.663,1
624700,6.119,5.669,1
624750,6.119,5.672,1
624800,6.119,5.683,1
624850,6.119,5.685,1
624900,6.119,5.685,1
624950,6.119,5.689,1
625000,6.135,5.69,1
625050,6.15,5.695,1
625100,6.154,5.696,1
625150,6.168,5.696,1
625200,6.177,5.696,1
625250,6.186,5.696,1
625300,6.206,5.696,1
625350,6.239,5.696,1
625400,6.291,5.704,1
625450,6.342,5.727,1
625500,6.366,5.736,1
625550,6.369,5.737,1
625600,6.369,5.759,1
625650,6.369,5.795,1
625700,6.369,5.827,1
625750,6.369,5.842,1
625800,6.369,5.87,1
625850,6.39,5.911,1
625900,6.447,5.943,1
625950,6.488,5.961,1
626000,6.504,5.967,1
626050,6.507,5.967,1
626100,6.507,5.967,1
626150,6.507,5.967,1
626200,6.507,5.967,1
626250,6.507,5.967,1
626300,6.507,5.961,1
626350,6.508,5.945,1
626400,6.521,5.906,1
626450,6.536,5.879,1
626500,6.538,5.873,1
626550,6.538,5.866,1
626600,6.538,5.859,1
626650,6.538,5.854,1
626700,6.544,5.853,1
626750,6.56,5.848,1
626800,6.589,5.824,1
626850,6.614,5.798,1
626900,6.63,5.776,1
626950,6.633,5.768,1
627000,6.633,5.764,1
627050,6.633,5.763,1
627100,6.633,5.763,1
627150,6.633,5.763,1
627200,6.633,5.763,1
627250,6.633,5.763,1
627300,6.633,5.763,1
627350,6.633,5.763,1
627400,6.633,5.763,1
627450,6.633,5.763,1
627500,6.633,5.763,1
627550,6.633,5.761,1
627600,6.633,5.755,1
627650,6.633,5.752,1
627700,6.633,5.75,1
627750,6.633,5.75,1
627800,6.633,5.75,1
627850,6.633,5.75,1
627900,6.633,5.75,1
627950,6.633,5.739,1
628000,6.639,5.712,1
628050,6.657,5.697,1
628100,6.682,5.683,1
628150,6.688,5.673,1
628200,6.701,5.669,1
628250,6.711,5.661,1
628300,6.721,5.653,1
628350,6.736,5.644,1
628400,6.749,5.629,1
628450,6.752,5.624,1
628500,6.753,5.624,1
628550,6.753,5.624,1
628600,6.753,5.624,1
628650,6.753,5.624,1
628700,6.753,5.624,1
628750,6.753,5.624,1
628800,6.753,5.624,1
628850,6.753,5.624,1
628900,6.753,5.624,1
628950,6.753,5.624,1
629000,6.753,5.624,1
629050,6.753,5.624,1
629100,6.753,5.624,1
629150,6.753,5.624,1
629200,6.753,5.624,1
629250,6.753,5.624,1
629300,6.753,5.624,1
629350,6.753,5.624,1
629400,6.753,5.624,1
629450,6.753,5.624,1
629500,6.753,5.624,1
629550,6.753,5.624,1
629600,6.753,5.624,1
629650,6.753,5.624,1
629700,6.753,5.624,1
629750,6.755,5.624,1
629800,6.758,5.624,1
629850,6.758,5.623,1
629900,6.758,5.623,1
629950,6.758,5.621,1
630000,6.758,5.621,1
630050,6.758,5.621,1
630100,6.758,5.621,1
630150,6.758,5.621,1
630200,6.758,5.621,1
630250,6.758,5.621,1
630300,6.758,5.621,1
630350,6.758,5.621,1
630400,6.758,5.621,1
630450,6.758,5.621,1
630500,6.758,5.621,1
630550,6.758,5.621,1
630600,6.758,5.621,1
630650,6.758,5.621,1
630700,6.758,5.621,1
630750,6.758,5.621,1
630800,6.758,5.621,1
630850,6.758,5.621,1
630900,6.758,5.621,1
630950,6.758,5.621,1
631000,6.758,5.621,1
631050,6.758,5.621,1
631100,6.762,5.621,1
631150,6.77,5.618,1
631200,6.787,5.611,1
631250,6.789,5.609,1
631300,6.795,5.609,1
631350,6.797,5.608,1
631400,6.8,5.607,1
631450,6.802,5.607,1
631500,6.803,5.607,1
631550,6.803,5.607,1
631600,6.803,5.607,1
631650,6.803,5.607,1
631700,6.803,5.607,1
631750,6.803,5.607,1
631800,6.803,5.607,1
631850,6.803,5.607,1
631900,6.803,5.607,1
631950,6.803,5.607,1
632000,6.803,5.607,1
632050,6.803,5.607,1
632100,6.804,5.607,1
632150,6.804,5.607,1
632200,6.806,5.607,1
632250,6.808,5.607,1
632300,6.808,5.607,1
632350,6.811,5.607,1
632400,6.812,5.607,1
632450,6.816,5.607,1
632500,6.821,5.607,1
632550,6.824,5.607,1
632600,6.825,5.607,1
632650,6.826,5.607,1
632700,6.827,5.607,1
632750,6.827,5.607,1
632800,6.83,5.607,1
632850,6.831,5.607,1
632900,6.834,5.607,1
632950,6.835,5.607,1
633000,6.839,5.607,1
633050,6.842,5.607,1
633100,6.845,5.607,1
633150,6.848,5.607,1
633200,6.855,5.607,1
633250,6.858,5.607,1
633300,6.861,5.607,1
633350,6.865,5.607,1
633400,6.868,5.607,1
633450,6.872,5.607,1
633500,6.873,5.607,1
633550,6.885,5.607,1
633600,6.911,5.607,1
633650,6.96,5.634,1
633700,6.999,5.647,1
633750,7.006,5.648,1
633800,7.014,5.655,1
633850,7.049,5.676,1
633900,7.104,5.699,1
633950,7.134,5.706,1
634000,7.184,5.724,1
634050,7.319,5.779,1
634100,7.505,5.824,1
634150,7.624,5.843,1
634200,7.654,5.845,1
634250,7.661,5.845,1
634300,7.677,5.845,1
634350,7.711,5.845,1
634400,7.75,5.845,1
634450,7.772,5.845,1
634500,7.775,5.845,1
634550,7.775,5.845,1
634600,7.775,5.845,1
634650,7.775,5.845,1
634700,7.775,5.845,1
634750,7.775,5.845,1
634800,7.775,5.845,1
634850,7.775,5.845,1
634900,7.775,5.845,1
634950,7.775,5.845,1
635000,7.775,5.845,1
635050,7.775,5.845,1
635100,7.775,5.845,1
635150,7.775,5.845,1
635200,7.82,5.845,1
635250,7.898,5.837,1
635300,7.972,5.831,1
635350,8.005,5.817,1
635400,8.01,5.814,1
635450,8.02,5.809,1
635500,8.089,5.807,1
635550,8.28,5.806,1
635600,8.523,5.806,1
635650,8.604,5.806,1
635700,8.612,5.806,1
635750,8.612,5.806,1
635800,8.612,5.806,1
635850,8.612,5.806,1
635900,8.612,5.806,1
635950,8.612,5.806,1
636000,8.612,5.806,1
636050,8.612,5.806,1
636100,8.612,5.806,1
636150,8.612,5.806,1
636200,8.607,5.806,1
636250,8.591,5.806,1
636300,8.565,5.806,1
636350,8.438,5.806,1
636400,8.255,5.806,1
636450,8.143,5.805,1
636500,8.101,5.797,1
636550,8.079,5.794,1
636600,8.067,5.787,1
636650,8.063,5.782,1
636700,8.063,5.779,1
636750,8.063,5.778,1
636800,8.063,5.778,1
636850,8.057,5.778,1
636900,8.053,5.778,1
636950,8.041,5.778,1
637000,8.016,5.778,1
637050,8.002,5.778,1
637100,7.996,5.778,1
637150,7.978,5.778,1
637200,7.945,5.762,1
637250,7.92,5.753,1
637300,7.909,5.747,1
637350,7.908,5.743,1
637400,7.908,5.742,1
637450,7.908,5.742,1
637500,7.907,5.741,1
637550,7.901,5.741,1
637600,7.894,5.741,1
637650,7.87,5.741,1
637700,7.85,5.741,1
637750,7.833,5.741,1
637800,7.826,5.741,1
637850,7.826,5.741,1
637900,7.826,5.741,1
637950,7.826,5.745,1
638000,7.826,5.762,1
638050,7.826,5.768,1
638100,7.826,5.793,1
638150,7.825,5.814,1
638200,7.819,5.842,1
638250,7.818,5.877,1
638300,7.818,5.938,1
638350,7.818,5.984,1
638400,7.818,6.006,1
638450,7.81,6.014,1
638500,7.804,6.015,1
638550,7.798,6.015,1
638600,7.792,6.015,1
638650,7.791,6.015,1
638700,7.79,6.015,1
638750,7.788,6.015,1
638800,7.788,6.015,1
638850,7.788,6.015,1
638900,7.788,6.012,1
638950,7.788,6.011,1
639000,7.788,6.008,1
639050,7.786,6.005,1
639100,7.786,6.004,1
639150,7.786,6.003,1
639200,7.786,6.002,1
639250,7.786,5.998,1
639300,7.786,5.993,1
639350,7.786,5.988,1
639400,7.786,5.985,1
639450,7.786,5.983,1
639500,7.786,5.98,1
639550,7.786,5.978,1
639600,7.786,5.978,1
639650,7.786,5.977,1
639700,7.786,5.971,1
639750,7.786,5.969,1
639800,7.786,5.968,1
639850,7.786,5.967,1
639900,7.786,5.966,1
639950,7.786,5.963,1
640000,7.798,5.938,1
640050,7.847,5.909,1
640100,7.871,5.889,1
640150,7.877,5.88,1
640200,7.882,5.874,1
640250,7.887,5.872,1
640300,7.914,5.869,1
640350,7.992,5.866,1
640400,8.034,5.853,1
640450,8.039,5.847,1
640500,8.039,5.846,1
640550,8.039,5.846,1
640600,8.039,5.846,1
640650,8.039,5.846,1
640700,8.039,5.846,1
640750,8.039,5.846,1
640800,8.039,5.846,1
640850,8.039,5.846,1
640900,8.039,5.846,1
640950,8.039,5.846,1
641000,8.039,5.846,1
641050,8.039,5.846,1
641100,8.039,5.846,1
641150,8.039,5.846,1
641200,8.039,5.846,1
641250,8.039,5.846,1
641300,8.039,5.846,1
641350,8.039,5.846,1
641400,8.039,5.846,1
641450,8.039,5.846,1
641500,8.039,5.846,1
641550,8.039,5.846,1
641600,8.039,5.846,1
641650,8.039,5.846,1
641700,8.039,5.846,1
641750,8.039,5.846,1
641800,8.039,5.846,1
641850,8.039,5.846,1
641900,8.039,5.846,1
641950,8.039,5.846,1
642000,8.039,5.846,1
642050,8.039,5.846,1
642100,8.039,5.846,1
642150,8.039,5.846,1
642200,8.039,5.846,1
642250,8.039,5.846,1
642300,8.039,5.846,1
642350,8.039,5.846,1
642400,8.039,5.846,1
642450,8.039,5.846,1
642500,8.039,5.846,1
642550,8.039,5.846,1
642600,8.039,5.846,1
642650,8.039,5.846,1
642700,8.039,5.846,1
642750,8.039,5.846,1
642800,8.039,5.846,1
642850,8.039,5.846,1
642900,8.038,5.846,1
642950,8.038,5.846,1
643000,8.038,5.846,1
643050,8.038,5.846,1
643100,8.038,5.846,1
643150,8.038,5.846,1
643200,8.038,5.846,1
643250,8.038,5.846,1
643300,8.038,5.846,1
643350,8.038,5.846,1
643400,8.038,5.846,1
643450,8.038,5.846,1
643500,8.038,5.846,1
643550,8.038,5.846,1
643600,8.038,5.846,1
643650,8.038,5.846,1
643700,8.038,5.846,1
643750,8.038,5.846,1
643800,8.038,5.846,1
643850,8.038,5.846,1
643900,8.038,5.846,1
643950,8.038,5.846,1
644000,8.038,5.846,1
644050,8.038,5.846,1
644100,8.038,5.846,1
644150,8.037,5.846,1
644200,8.036,5.846,1
644250,8.036,5.846,1
644300,8.036,5.846,1
644350,8.036,5.846,1
644400,8.036,5.846,1
644450,8.036,5.846,1
644500,8.036,5.846,1
644550,8.036,5.846,1
644600,8.036,5.846,1
644650,8.036,5.846,1
644700,8.036,5.846,1
644750,8.036,5.846,1
644800,8.036,5.846,1
644850,8.036,5.846,1
644900,8.036,5.846,1
644950,8.036,5.846,1
645000,8.036,5.846,1
645050,8.036,5.846,1
645100,8.036,5.846,1
645150,8.036,5.846,1
645200,8.035,5.846,1
645250,8.035,5.846,1
645300,8.035,5.846,1
645350,8.033,5.846,1
645400,8.033,5.846,1
645450,8.033,5.846,1
645500,8.032,5.846,1
645550,8.029,5.846,1
645600,8.028,5.846,1
645650,8.028,5.846,1
645700,8.028,5.846,1
645750,8.024,5.846,1
645800,8.022,5.846,11
645850,8.015,5.84,11
645900,8.015,5.832,11
645950,8.008,5.831,11
646000,8.001,5.831,11
646050,7.985,5.831,11
646100,7.921,5.828,11
646150,7.881,5.816,11
646200,7.871,5.815,11
646250,7.87,5.815,11
646300,7.861,5.815,11
646350,7.856,5.811,11
646400,7.783,5.788,11
646450,7.54,5.726,11
646500,7.037,5.567,11
646550,6.266,5.349,11
646600,5.154,5.042,11
646650,5.0,5.0,11
646700,5.0,5.0,11
646750,5.0,5.0,11
646800,5.0,5.0,11
646850,5.0,5.0,11
646900,5.0,5.0,11
646950,5.0,5.0,11
647000,5.0,5.0,11
647050,5.0,5.0,11
647100,5.0,5.0,11
647150,5.0,5.0,11
647200,5.0,5.0,11
647250,5.0,5.0,11
647300,5.0,5.0,11
647350,5.0,5.0,11
647400,5.0,5.0,11
647450,5.0,5.0,11
647500,5.0,5.0,11
647550,5.0,5.0,11
647600,5.0,5.0,11
647650,5.0,5.0,11
647700,5.0,5.0,11
647750,5.0,5.0,11
647800,5.0,5.0,11
647850,5.0,5.0,11
647900,5.0,5.0,11
647950,5.0,5.0,11
648000,5.0,5.0,11
648050,5.0,5.0,11
648100,5.0,5.0,11
648150,5.0,5.0,11
648200,5.0,5.0,11
648250,5.0,5.0,11
648300,5.0,5.0,11
648350,5.0,5.0,11
648400,5.0,5.0,11
648450,5.0,5.0,11
648500,5.0,5.0,11
648550,5.0,5.0,11
648600,5.0,5.0,11
648650,5.0,5.0,11
648700,5.0,5.0,11
648750,5.0,5.0,11
648800,5.0,5.0,11
648850,5.0,5.0,11
648900,5.0,5.0,11
648950,5.0,5.0,11
649000,5.0,5.0,11
649050,5.0,5.0,11
649100,5.0,5.0,11
649150,5.0,5.0,11
649200,5.0,5.0,11
649250,5.0,5.0,11
649300,5.0,5.0,11
649350,5.0,5.0,11
649400,5.0,5.0,11
649450,5.0,5.0,11
649500,5.0,5.0,11
649550,5.0,5.0,11
649600,5.0,5.0,11
649650,5.0,5.0,11
649700,5.0,5.0,11
649750,5.0,5.0,11
649800,5.0,5.0,11
649850,5.0,5.0,11
649900,5.0,5.0,11
649950,5.0,5.0,11
650000,5.0,5.0,11
650050,5.0,5.0,11
650100,5.0,5.0,11
650150,5.0,5.0,11
650200,5.0,5.0,11
650250,5.0,5.0,11
650300,5.0,5.0,11
650350,5.0,5.0,11
650400,5.0,5.0,11
650450,5.0,5.0,11
650500,5.0,5.0,11
650550,5.0,5.0,11
650600,5.0,5.0,11
650650,5.0,5.0,11
650700,5.0,5.0,11
650750,5.0,5.0,11
650800,5.0,5.0,11
650850,5.0,5.0,11
650900,5.0,5.0,11
650950,5.0,5.0,11
651000,5.0,5.0,11
651050,5.0,5.0,11
651100,5.0,5.0,11
651150,5.0,5.0,11
651200,5.0,5.0,11
651250,5.0,5.0,11
651300,5.0,5.0,11
651350,5.0,5.0,11
651400,5.0,5.0,11
651450,5.0,5.0,11
651500,5.0,5.0,11
651550,5.0,5.0,11
651600,5.0,5.0,11
651650,5.0,5.0,11
651700,5.0,5.0,11
651750,5.0,5.0,11
651800,5.0,5.0,11
651850,5.0,5.0,11
651900,5.0,5.0,11
651950,5.0,5.0,11
652000,5.0,5.0,11
652050,5.0,5.0,11
652100,5.0,5.0,11
652150,5.0,5.0,11
652200,5.0,5.0,11
652250,5.0,5.0,11
652300,5.0,5.0,11
652350,5.0,5.0,11
652400,5.0,5.0,11
652450,5.0,5.0,11
652500,5.0,5.0,11
652550,5.0,5.0,11
652600,5.0,5.0,11
652650,5.0,5.0,11
652700,5.0,5.0,11
652750,5.0,5.0,11
652800,5.0,5.0,11
652850,5.0,5.0,11
652900,5.0,5.0,11
652950,5.0,5.0,11
653000,5.0,5.0,11
653050,5.0,5.0,11
653100,5.0,5.0,11
653150,5.0,5.0,11
653200,5.0,5.0,11
653250,5.0,5.0,11
653300,5.0,5.0,11
653350,5.0,5.0,11
653400,5.0,5.0,11
653450,5.0,5.0,11
653500,5.0,5.0,11
653550,5.0,5.0,11
653600,5.0,5.0,11
653650,5.0,5.0,11
653700,5.0,5.0,11
653750,5.0,5.0,11
653800,5.0,5.0,11
653850,5.0,5.0,11
653900,5.0,5.0,11
653950,5.0,5.0,11
654000,5.0,5.0,11
654050,5.0,5.0,11
654100,5.0,5.0,11
654150,5.0,5.0,11
654200,5.0,5.0,11
654250,5.0,5.0,11
654300,5.0,5.0,11
654350,5.0,5.0,11
654400,5.0,5.0,11
654450,5.0,5.0,11
654500,5.0,5.0,11
654550,5.0,5.0,11
654600,5.0,5.0,11
654650,5.0,5.0,11
654700,5.0,5.0,11
654750,5.0,5.0,11
654800,5.0,5.0,11
654850,5.0,5.0,11
654900,5.0,5.0,11
654950,5.0,5.0,11
655000,5.0,5.0,11
655050,5.0,5.0,11
655100,5.0,5.0,11
655150,5.0,5.0,11
655200,5.0,5.0,11
655250,5.0,5.0,11
655300,5.0,5.0,11
655350,5.0,5.0,11
655400,5.0,5.0,11
655450,5.0,5.0,11
655500,5.0,5.0,11
655550,5.0,5.0,11
655600,5.0,5.0,11
655650,5.0,5.0,11
655700,5.0,5.0,11
655750,5.0,5.0,11
655800,5.0,5.0,11
655850,5.0,5.0,11
655900,5.0,5.0,11
655950,5.0,5.0,11
656000,5.0,5.0,11
656050,5.0,5.0,11
656100,5.0,5.0,11
656150,5.0,5.0,11
656200,5.0,5.0,11
656250,5.0,5.0,11
656300,5.0,5.0,11
656350,5.0,5.0,11
656400,5.0,5.0,11
656450,5.0,5.0,11
656500,5.0,5.0,11
656550,5.0,5.0,11
656600,5.0,5.0,11
656650,5.0,5.0,11
656700,5.0,5.0,11
656750,5.0,5.0,11
656800,5.0,5.0,11
656850,5.0,5.0,11
656900,5.0,5.0,11
656950,5.0,5.0,11
657000,5.0,5.0,11
657050,5.0,5.0,11
657100,5.0,5.0,11
657150,5.0,5.0,11
657200,5.0,5.0,11
657250,5.0,5.0,11
657300,5.0,5.0,11
657350,5.0,5.0,11
657400,5.0,5.0,11
657450,5.0,5.0,11
657500,5.0,5.0,11
657550,5.0,5.0,11
657600,5.0,5.0,11
657650,5.0,5.0,11
657700,5.0,5.0,11
657750,5.0,5.0,11
657800,5.0,5.0,11
657850,5.0,5.0,11
657900,5.0,5.0,11
657950,5.0,5.0,11
658000,5.0,5.0,11
658050,5.0,5.0,11
658100,5.0,5.0,11
658150,5.0,5.0,11
658200,5.0,5.0,11
658250,5.0,5.0,11
658300,5.0,5.0,11
658350,5.0,5.0,11
658400,5.0,5.0,11
658450,5.0,5.0,11
658500,5.0,5.0,11
658550,5.0,5.0,11
658600,5.0,5.0,11
658650,5.0,5.0,11
658700,5.0,5.0,11
658750,5.0,5.0,11
658800,5.0,5.0,11
658850,5.0,5.0,11
658900,5.0,5.0,11
658950,5.0,5.0,11
659000,5.0,5.0,11
659050,5.0,5.0,11
659100,5.0,5.0,11
659150,5.0,5.0,11
659200,5.0,5.0,11
659250,5.0,5.0,11
659300,5.0,5.0,11
659350,5.0,5.0,11
659400,5.0,5.0,11
659450,5.0,5.0,11
659500,5.0,5.0,11
659550,5.0,5.0,11
659600,5.0,5.0,11
659650,5.0,5.0,11
659700,5.0,5.0,11
659750,5.0,5.0,11
659800,5.0,5.0,11
659850,5.0,5.0,11
659900,5.0,5.0,11
659950,5.0,5.0,11
660000,5.0,5.0,11
660050,5.0,5.0,11
660100,5.0,5.0,11
660150,5.0,5.0,11
660200,5.0,5.0,11
660250,5.0,5.0,11
660300,5.0,5.0,11
660350,5.0,5.0,11
660400,5.0,5.0,11
660450,5.0,5.0,11
660500,5.0,5.0,11
660550,5.0,5.0,11
660600,5.0,5.0,11
660650,5.0,5.0,11
660700,5.0,5.0,11
660750,5.0,5.0,11
660800,5.0,5.0,11
660850,5.0,5.0,11
660900,5.0,5.0,11
660950,5.0,5.0,11
661000,5.0,5.0,11
661050,5.0,5.0,11
661100,5.0,5.0,11
661150,5.0,5.0,11
661200,5.0,5.0,11
661250,5.0,5.0,11
661300,5.0,5.0,11
661350,5.0,5.0,11
661400,5.0,5.0,11
661450,5.0,5.0,11
661500,5.0,5.0,11
661550,5.0,5.0,11
661600,5.0,5.0,11
661650,5.0,5.0,11
661700,5.0,5.0,11
661750,5.0,5.0,11
661800,5.0,5.0,11
661850,5.0,5.0,11
661900,5.0,5.0,11
661950,5.0,5.0,11
662000,5.0,5.0,11
662050,5.0,5.0,11
662100,5.0,5.0,11
662150,5.0,5.0,11
662200,5.0,5.0,11
662250,5.0,5.0,11
662300,5.0,5.0,11
662350,5.0,5.0,11
662400,5.0,5.0,11
662450,5.0,5.0,11
662500,5.0,5.0,11
662550,5.0,5.0,11
662600,5.0,5.0,11
662650,5.0,5.0,11
662700,5.0,5.0,11
662750,5.0,5.0,11
662800,5.0,5.0,11
662850,5.0,5.0,11
662900,5.0,5.0,11
662950,5.0,5.0,11
663000,5.0,5.0,11
663050,5.0,5.0,11
663100,5.0,5.0,11
663150,5.0,5.0,11
663200,5.0,5.0,11
663250,5.0,5.0,11
663300,5.0,5.0,11
663350,5.0,5.0,11
663400,5.0,5.0,11
663450,5.0,5.0,11
663500,5.0,5.0,11
663550,5.0,5.0,11
663600,5.0,5.0,11
663650,5.0,5.0,11
663700,5.0,5.0,11
663750,5.0,5.0,11
663800,5.0,5.0,11
663850,5.0,5.0,11
663900,5.0,5.0,11
663950,5.0,5.0,11
664000,5.0,5.0,11
664050,5.0,5.0,11
664100,5.0,5.0,11
664150,5.0,5.0,11
664200,5.0,5.0,11
664250,5.0,5.0,11
664300,5.0,5.0,11
664350,5.0,5.0,11
664400,5.0,5.0,11
664450,5.0,5.0,11
664500,5.0,5.0,11
664550,5.0,5.0,11
664600,5.0,5.0,11
664650,5.0,5.0,11
664700,5.0,5.0,11
664750,5.0,5.0,11
664800,5.0,5.0,11
664850,5.0,5.0,11
664900,5.0,5.0,11
664950,5.0,5.0,11
665000,5.0,5.0,11
665050,5.0,5.0,11
665100,5.0,5.0,11
665150,5.0,5.0,11
665200,5.0,5.0,11
665250,5.0,5.0,11
665300,5.0,5.0,11
665350,5.0,5.0,11
665400,5.0,5.0,11
665450,5.0,5.0,11
665500,5.0,5.0,11
665550,5.0,5.0,11
665600,5.0,5.0,11
665650,5.0,5.0,11
665700,5.0,5.0,11
665750,5.0,5.0,11
665800,5.0,5.0,11
665850,5.0,5.0,11
665900,5.0,5.0,11
665950,5.0,5.0,11
666000,5.0,5.0,11
666050,5.0,5.0,11
666100,5.0,5.0,11
666150,5.0,5.0,11
666200,5.0,5.0,11
666250,5.0,5.0,11
666300,5.0,5.0,11
666350,5.0,5.0,11
666400,5.0,5.0,11
666450,5.0,5.0,11
666500,5.0,5.0,11
666550,5.0,5.0,11
666600,5.0,5.0,11
666650,5.0,5.0,11
666700,5.0,5.0,11
666750,5.0,5.0,11
666800,5.0,5.0,11
666850,5.0,5.0,11
666900,5.0,5.0,11
666950,5.0,5.0,11
667000,5.0,5.0,11
667050,5.0,5.0,11
667100,5.0,5.0,11
667150,5.0,5.0,11
667200,5.0,5.0,11
667250,5.0,5.0,11
667300,5.0,5.0,11
667350,5.0,5.0,11
667400,5.0,5.0,11
667450,5.0,5.0,11
667500,5.0,5.0,11
667550,5.0,5.0,11
667600,5.0,5.0,11
667650,5.0,5.0,11
667700,5.0,5.0,11
667750,5.0,5.0,11
667800,5.0,5.0,11
667850,5.0,5.0,11
667900,5.0,5.0,11
667950,5.0,5.0,11
668000,5.0,5.0,11
668050,5.0,5.0,11
668100,5.0,5.0,11
668150,5.0,5.0,11
668200,5.0,5.0,11
668250,5.0,5.0,11
668300,5.0,5.0,11
668350,5.0,5.0,11
668400,5.0,5.0,11
668450,5.0,5.0,11
668500,5.0,5.0,11
668550,5.0,5.0,11
668600,5.0,5.0,11
668650,5.0,5.0,11
668700,5.0,5.0,11
668750,5.0,5.0,11
668800,5.0,5.0,11
668850,5.0,5.0,11
668900,5.0,5.0,11
668950,5.0,5.0,11
669000,5.0,5.0,11
669050,5.0,5.0,11
669100,5.0,5.0,11
669150,5.0,5.0,11
669200,5.0,5.0,11
669250,5.0,5.0,11
669300,5.0,5.0,11
669350,5.0,5.0,11
669400,5.0,5.0,11
669450,5.0,5.0,11
669500,5.0,5.0,11
669550,5.0,5.0,11
669600,5.0,5.0,11
669650,5.0,5.0,11
669700,5.0,5.0,11
669750,5.0,5.0,11
669800,5.0,5.0,11
669850,5.0,5.0,11
669900,5.0,5.0,11
669950,5.0,5.0,11
670000,5.0,5.0,11
670050,5.0,5.0,11
670100,5.0,5.0,11
670150,5.0,5.0,11
670200,5.0,5.0,11
670250,5.0,5.0,11
670300,5.0,5.0,11
670350,5.0,5.0,11
670400,5.0,5.0,11
670450,5.0,5.0,11
670500,5.0,5.0,11
670550,5.0,5.0,11
670600,5.0,5.0,11
670650,5.0,5.0,11
670700,5.0,5.0,11
670750,5.0,5.0,11
670800,5.0,5.0,11
670850,5.0,5.0,11
670900,5.0,5.0,11
670950,5.0,5.0,11
671000,5.0,5.0,11
671050,5.0,5.0,11
671100,5.0,5.0,11
671150,5.0,5.0,11
671200,5.0,5.0,11
671250,5.0,5.0,11
671300,5.0,5.0,11
671350,5.0,5.0,11
671400,5.0,5.0,11
671450,5.0,5.0,11
671500,5.0,5.0,11
671550,5.0,5.0,11
671600,5.0,5.0,11
671650,5.0,5.0,11
671700,5.0,5.0,11
671750,5.0,5.0,11
671800,5.0,5.0,11
671850,5.0,5.0,11
671900,5.0,5.0,11
671950,5.0,5.0,11
672000,5.0,5.0,11
672050,5.0,5.0,11
672100,5.0,5.0,11
672150,5.0,5.0,11
672200,5.0,5.0,11
672250,5.0,5.0,11
672300,5.0,5.0,11
672350,5.0,5.0,11
672400,5.0,5.0,11
672450,5.0,5.0,11
672500,5.0,5.0,11
672550,5.0,5.0,11
672600,5.0,5.0,11
672650,5.0,5.0,11
672700,5.0,5.0,11
672750,5.0,5.0,11
672800,5.0,5.0,11
672850,5.0,5.0,11
672900,5.0,5.0,11
672950,5.0,5.0,11
673000,5.0,5.0,11
673050,5.0,5.0,11
673100,5.0,5.0,11
673150,5.0,5.0,11
673200,5.0,5.0,11
673250,5.0,5.0,11
673300,5.0,5.0,11
673350,5.0,5.0,11
673400,5.0,5.0,11
673450,5.0,5.0,11
673500,5.0,5.0,11
673550,5.0,5.0,11
673600,5.0,5.0,11
673650,5.0,5.0,11
673700,5.0,5.0,11
673750,5.0,5.0,11
673800,5.0,5.0,11
673850,5.0,5.0,11
673900,5.0,5.0,11
673950,5.0,5.0,11
674000,5.0,5.0,11
674050,5.0,5.0,11
674100,5.0,5.0,11
674150,5.0,5.0,11
674200,5.0,5.0,11
674250,5.0,5.0,11
674300,5.0,5.0,11
674350,5.0,5.0,11
674400,5.0,5.0,11
674450,5.0,5.0,11
674500,5.0,5.0,11
674550,5.0,5.0,11
674600,5.0,5.0,11
674650,5.0,5.0,11
674700,5.0,5.0,11
674750,5.0,5.0,11
674800,5.0,5.0,11
674850,5.0,5.0,11
674900,5.0,5.0,11
674950,5.0,5.0,11
675000,5.0,5.0,11
675050,5.0,5.0,11
675100,5.0,5.0,11
675150,5.0,5.0,11
675200,5.0,5.0,11
675250,5.0,5.0,11
675300,5.0,5.0,11
675350,5.0,5.0,11
675400,5.0,5.0,11
675450,5.0,5.0,11
675500,5.0,5.0,11
675550,5.0,5.0,11
675600,5.0,5.0,11
675650,5.0,5.0,11
675700,5.0,5.0,11
675750,5.0,5.0,11
675800,5.0,5.0,11
675850,5.0,5.0,11
675900,5.0,5.0,11
675950,5.0,5.0,11
676000,5.0,5.0,11
676050,5.0,5.0,11
676100,5.0,5.0,11
676150,5.0,5.0,11
676200,5.0,5.0,11
676250,5.0,5.0,11
676300,5.0,5.0,11
676350,5.0,5.0,11
676400,5.0,5.0,11
676450,5.0,5.0,11
676500,5.0,5.0,11
676550,5.0,5.0,11
676600,5.0,5.0,11
676650,5.0,5.0,11
676700,5.0,5.0,11
676750,5.0,5.0,11
676800,5.0,5.0,11
676850,5.0,5.0,11
676900,5.0,5.0,11
676950,5.0,5.0,11
677000,5.0,5.0,11
677050,5.0,5.0,11
677100,5.0,5.0,11
677150,5.0,5.0,11
677200,5.0,5.0,11
677250,5.0,5.0,11
677300,5.0,5.0,11
677350,5.0,5.0,11
677400,5.0,5.0,11
677450,5.0,5.0,11
677500,5.0,5.0,11
677550,5.0,5.0,11
677600,5.0,5.0,11
677650,5.0,5.0,11
677700,5.0,5.0,11
677750,5.0,5.0,11
677800,5.0,5.0,11
677850,5.0,5.0,11
677900,5.0,5.0,11
677950,5.0,5.0,11
678000,5.0,5.0,11
678050,5.0,5.0,11
678100,5.0,5.0,11
678150,5.0,5.0,11
678200,5.0,5.0,11
678250,5.0,5.0,11
678300,5.0,5.0,11
678350,5.0,5.0,11
678400,5.0,5.0,11
678450,5.0,5.0,11
678500,5.0,5.0,11
678550,5.0,5.0,11
678600,5.0,5.0,11
678650,5.0,5.0,11
678700,5.0,5.0,11
678750,5.0,5.0,11
678800,5.0,5.0,11
678850,5.0,5.0,11
678900,5.0,5.0,11
678950,5.0,5.0,11
679000,5.0,5.0,11
679050,5.0,5.0,11
679100,5.0,5.0,11
679150,5.0,5.0,11
679200,5.0,5.0,11
679250,5.0,5.0,11
679300,5.0,5.0,11
679350,5.0,5.0,11
679400,5.0,5.0,11
679450,5.0,5.0,11
679500,5.0,5.0,11
679550,5.0,5.0,11
679600,5.0,5.0,11
679650,5.0,5.0,11
679700,5.0,5.0,11
679750,5.0,5.0,11
679800,5.0,5.0,11
679850,5.0,5.0,11
679900,5.0,5.0,11
679950,5.0,5.0,11
680000,5.0,5.0,11
680050,5.0,5.0,11
680100,5.0,5.0,11
680150,5.0,5.0,11
680200,5.0,5.0,11
680250,5.0,5.0,11
680300,5.0,5.0,11
680350,5.0,5.0,11
680400,5.0,5.0,11
680450,5.0,5.0,11
680500,5.0,5.0,11
680550,5.0,5.0,11
680600,5.0,5.0,11
680650,5.0,5.0,11
680700,5.0,5.0,11
680750,5.0,5.0,11
680800,5.0,5.0,11
680850,5.0,5.0,11
680900,5.0,5.0,11
680950,5.0,5.0,11
681000,5.0,5.0,11
681050,5.0,5.0,11
681100,5.0,5.0,11
681150,5.0,5.0,11
681200,5.0,5.0,11
681250,5.0,5.0,11
681300,5.0,5.0,11
681350,5.0,5.0,11
681400,5.0,5.0,11
681450,5.0,5.0,11
681500,5.0,5.0,11
681550,5.0,5.0,11
681600,5.0,5.0,11
681650,5.0,5.0,11
681700,5.0,5.0,11
681750,5.0,5.0,11
681800,5.0,5.0,11
681850,5.0,5.0,11
681900,5.0,5.0,11
681950,5.0,5.0,11
682000,5.0,5.0,11
682050,5.0,5.0,11
682100,5.0,5.0,11
682150,5.0,5.0,11
682200,5.0,5.0,11
682250,5.0,5.0,11
682300,5.0,5.0,11
682350,5.0,5.0,11
682400,5.0,5.0,11
682450,5.0,5.0,11
682500,5.0,5.0,11
682550,5.0,5.0,11
682600,5.0,5.0,11
682650,5.0,5.0,11
682700,5.0,5.0,11
682750,5.0,5.0,11
682800,5.0,5.0,11
682850,5.0,5.0,11
682900,5.0,5.0,11
682950,5.0,5.0,11
683000,5.0,5.0,11
683050,5.0,5.0,11
683100,5.0,5.0,11
683150,5.0,5.0,11
683200,5.0,5.0,11
683250,5.0,5.0,11
683300,5.0,5.0,11
683350,5.0,5.0,11
683400,5.0,5.0,11
683450,5.0,5.0,11
683500,5.0,5.0,11
683550,5.0,5.0,11
683600,5.0,5.0,11
683650,5.0,5.0,11
683700,5.0,5.0,11
683750,5.0,5.0,11
683800,5.0,5.0,11
683850,5.0,5.0,11
683900,5.0,5.0,11
683950,5.0,5.0,11
684000,5.0,5.0,11
684050,5.0,5.0,11
684100,5.0,5.0,11
684150,5.0,5.0,11
684200,5.0,5.0,11
684250,5.0,5.0,11
684300,5.0,5.0,11
684350,5.0,5.0,11
684400,5.0,5.0,11
684450,5.0,5.0,11
684500,5.0,5.0,11
684550,5.0,5.0,11
684600,5.0,5.0,11
684650,5.0,5.0,11
684700,5.0,5.0,11
684750,5.0,5.0,11
684800,5.0,5.0,11
684850,5.0,5.0,11
684900,5.0,5.0,11
684950,5.0,5.0,11
685000,5.0,5.0,11
685050,5.0,5.0,11
685100,5.0,5.0,11
685150,5.0,5.0,11
685200,5.0,5.0,11
685250,5.0,5.0,11
685300,5.0,5.0,11
685350,5.0,5.0,11
685400,5.0,5.0,11
685450,5.0,5.0,11
685500,5.0,5.0,11
685550,5.0,5.0,11
685600,5.0,5.0,11
685650,5.0,5.0,11
685700,5.0,5.0,11
685750,5.0,5.0,11
685800,5.0,5.0,11
685850,5.0,5.0,11
685900,5.0,5.0,11
685950,5.0,5.0,11
686000,5.0,5.0,11
686050,5.0,5.0,11
686100,5.0,5.0,11
686150,5.0,5.0,11
686200,5.0,5.0,11
686250,5.0,5.0,11
686300,5.0,5.0,11
686350,5.0,5.0,11
686400,5.0,5.0,11
686450,5.0,5.0,11
686500,5.0,5.0,11
686550,5.0,5.0,11
686600,5.0,5.0,11
686650,5.0,5.0,11
686700,5.0,5.0,11
686750,5.0,5.0,11
686800,5.0,5.0,11
686850,5.0,5.0,11
686900,5.0,5.0,11
686950,5.0,5.0,11
687000,5.0,5.0,11
687050,5.0,5.0,11
687100,5.0,5.0,11
687150,5.0,5.0,11
687200,5.0,5.0,11
687250,5.0,5.0,11
687300,5.0,5.0,11
687350,5.0,5.0,11
687400,5.0,5.0,11
687450,5.0,5.0,11
687500,5.0,5.0,11
687550,5.0,5.0,11
687600,5.0,5.0,11
687650,5.0,5.0,11
687700,5.0,5.0,11
687750,5.0,5.0,11
687800,5.0,5.0,11
687850,5.0,5.0,11
687900,5.0,5.0,11
687950,5.0,5.0,11
688000,5.0,5.0,11
688050,5.0,5.0,11
688100,5.0,5.0,11
688150,5.0,5.0,11
688200,5.0,5.0,11
688250,5.0,5.0,11
688300,5.0,5.0,11
688350,5.0,5.0,11
688400,5.0,5.0,11
688450,5.0,5.0,11
688500,5.0,5.0,11
688550,5.0,5.0,11
688600,5.0,5.0,11
688650,5.0,5.0,11
688700,5.0,5.0,11
688750,5.0,5.0,11
688800,5.0,5.0,11
688850,5.0,5.0,11
688900,5.0,5.0,11
688950,5.0,5.0,11
689000,5.0,5.0,11
689050,5.0,5.0,11
689100,5.0,5.0,11
689150,5.0,5.0,11
689200,5.0,5.0,11
689250,5.0,5.0,11
689300,5.0,5.0,11
689350,5.0,5.0,11
689400,5.0,5.0,11
689450,5.0,5.0,11
689500,5.0,5.0,11
689550,5.0,5.0,11
689600,5.0,5.0,11
689650,5.0,5.0,11
689700,5.0,5.0,11
689750,5.0,5.0,11
689800,5.0,5.0,11
689850,5.0,5.0,11
689900,5.0,5.0,11
689950,5.0,5.0,11
690000,5.0,5.0,11
690050,5.0,5.0,11
690100,5.0,5.0,11
690150,5.0,5.0,11
690200,5.0,5.0,11
690250,5.0,5.0,11
690300,5.0,5.0,11
690350,5.0,5.0,11
690400,5.0,5.0,11
690450,5.0,5.0,11
690500,5.0,5.0,11
690550,5.0,5.0,11
690600,5.0,5.0,11
690650,5.0,5.0,11
690700,5.0,5.0,11
690750,5.0,5.0,11
690800,5.0,5.0,11
690850,5.0,5.0,11
690900,5.0,5.0,11
690950,5.0,5.0,11
691000,5.0,5.0,11
691050,5.0,5.0,11
691100,5.0,5.0,11
691150,5.0,5.0,11
691200,5.0,5.0,11
691250,5.0,5.0,11
691300,5.0,5.0,11
691350,5.0,5.0,11
691400,5.0,5.0,11
691450,5.0,5.0,11
691500,5.0,5.0,11
691550,5.0,5.0,11
691600,5.0,5.0,11
691650,5.0,5.0,11
691700,5.0,5.0,11
691750,5.0,5.0,11
691800,5.0,5.0,11
691850,5.0,5.0,11
691900,5.0,5.0,11
691950,5.0,5.0,11
692000,5.0,5.0,11
692050,5.0,5.0,11
692100,5.0,5.0,11
692150,5.0,5.0,11
692200,5.0,5.0,11
692250,5.0,5.0,11
692300,5.0,5.0,11
692350,5.0,5.0,11
692400,5.0,5.0,11
692450,5.0,5.0,11
692500,5.0,5.0,11
692550,5.0,5.0,11
692600,5.0,5.0,11
692650,5.0,5.0,11
692700,5.0,5.0,11
692750,5.0,5.0,11
692800,5.0,5.0,11
692850,5.0,5.0,11
692900,5.0,5.0,11
692950,5.0,5.0,11
693000,5.0,5.0,11
693050,5.0,5.0,11
693100,5.0,5.0,11
693150,5.0,5.0,11
693200,5.0,5.0,11
693250,5.0,5.0,11
693300,5.0,5.0,11
693350,5.0,5.0,11
693400,5.0,5.0,11
693450,5.0,5.0,11
693500,5.0,5.0,11
693550,5.0,5.0,11
693600,5.0,5.0,11
693650,5.0,5.0,11
693700,5.0,5.0,11
693750,5.0,5.0,11
693800,5.0,5.0,11
693850,5.0,5.0,11
693900,5.0,5.0,11
693950,5.0,5.0,11
694000,5.0,5.0,11
694050,5.0,5.0,11
694100,5.0,5.0,11
694150,5.0,5.0,11
694200,5.0,5.0,11
694250,5.0,5.0,11
694300,5.0,5.0,11
694350,5.0,5.0,11
694400,5.0,5.0,11
694450,5.0,5.0,11
694500,5.0,5.0,11
694550,5.0,5.0,11
694600,5.0,5.0,11
694650,5.0,5.0,11
694700,5.0,5.0,11
694750,5.0,5.0,11
694800,5.0,5.0,11
694850,5.0,5.0,11
694900,5.0,5.0,11
694950,5.0,5.0,11
695000,5.0,5.0,11
695050,5.0,5.0,11
695100,5.0,5.0,11
695150,5.0,5.0,11
695200,5.0,5.0,11
695250,5.0,5.0,11
695300,5.0,5.0,11
695350,5.0,5.0,11
695400,5.0,5.0,11
695450,5.0,5.0,11
695500,5.0,5.0,11
695550,5.0,5.0,11
695600,5.0,5.0,11
695650,5.0,5.0,11
695700,5.0,5.0,11
695750,5.0,5.0,11
695800,5.0,5.0,11
695850,5.0,5.0,11
695900,5.0,5.0,11
695950,5.0,5.0,11
696000,5.0,5.0,11
696050,5.0,5.0,11
696100,5.0,5.0,11
696150,5.0,5.0,11
696200,5.0,5.0,11
696250,5.0,5.0,11
696300,5.0,5.0,11
696350,5.0,5.0,11
696400,5.0,5.0,11
696450,5.0,5.0,11
696500,5.0,5.0,11
696550,5.0,5.0,11
696600,5.0,5.0,11
696650,5.0,5.0,11
696700,5.0,5.0,11
696750,5.0,5.0,11
696800,5.0,5.0,11
696850,5.0,5.0,11
696900,5.0,5.0,11
696950,5.0,5.0,11
697000,5.0,5.0,11
697050,5.0,5.0,11
697100,5.0,5.0,11
697150,5.0,5.0,11
697200,5.0,5.0,11
697250,5.0,5.0,11
697300,5.0,5.0,11
697350,5.0,5.0,11
697400,5.0,5.0,11
697450,5.0,5.0,11
697500,5.0,5.0,11
697550,5.0,5.0,11
697600,5.0,5.0,11
697650,5.0,5.0,11
697700,5.0,5.0,11
697750,5.0,5.0,11
697800,5.0,5.0,11
697850,5.0,5.0,11
697900,5.0,5.0,11
697950,5.0,5.0,11
698000,5.0,5.0,11
698050,5.0,5.0,11
698100,5.0,5.0,11
698150,5.0,5.0,11
698200,5.0,5.0,11
698250,5.0,5.0,11
698300,5.0,5.0,11
698350,5.0,5.0,11
698400,5.0,5.0,11
698450,5.0,5.0,11
698500,5.0,5.0,11
698550,5.0,5.0,11
698600,5.0,5.0,11
698650,5.0,5.0,11
698700,5.0,5.0,11
698750,5.0,5.0,11
698800,5.0,5.0,11
698850,5.0,5.0,11
698900,5.0,5.0,11
698950,5.0,5.0,11
699000,5.0,5.0,11
699050,5.0,5.0,11
699100,5.0,5.0,11
699150,5.0,5.0,11
699200,5.0,5.0,11
699250,5.0,5.0,11
699300,5.0,5.0,11
699350,5.0,5.0,11
699400,5.0,5.0,11
699450,5.0,5.0,11
699500,5.0,5.0,11
699550,5.0,5.0,11
699600,5.0,5.0,11
699650,5.0,5.0,11
699700,5.0,5.0,11
699750,5.0,5.0,11
699800,5.0,5.0,11
699850,5.0,5.0,11
699900,5.0,5.0,11
699950,5.0,5.0,11
700000,5.0,5.0,11
700050,5.0,5.0,11
700100,5.0,5.0,11
700150,5.0,5.0,11
700200,5.0,5.0,11
700250,5.0,5.0,11
700300,5.0,5.0,11
700350,5.0,5.0,11
700400,5.0,5.0,11
700450,5.0,5.0,11
700500,5.0,5.0,11
700550,5.0,5.0,11
700600,5.0,5.0,11
700650,5.0,5.0,11
700700,5.0,5.0,11
700750,5.0,5.0,11
700800,5.0,5.0,11
700850,5.0,5.0,11
700900,5.0,5.0,11
700950,5.0,5.0,11
701000,5.0,5.0,11
701050,5.0,5.0,11
701100,5.0,5.0,11
701150,5.0,5.0,11
701200,5.0,5.0,11
701250,5.0,5.0,11
701300,5.0,5.0,11
701350,5.0,5.0,11
701400,5.0,5.0,11
701450,5.0,5.0,11
701500,5.0,5.0,11
701550,5.0,5.0,11
701600,5.0,5.0,11
701650,5.0,5.0,11
701700,5.0,5.0,11
701750,5.0,5.0,11
701800,5.0,5.0,11
701850,5.0,5.0,11
701900,5.0,5.0,11
701950,5.0,5.0,11
702000,5.0,5.0,11
702050,5.0,5.0,11
702100,5.0,5.0,11
702150,5.0,5.0,11
702200,5.0,5.0,11
702250,5.0,5.0,11
702300,5.0,5.0,11
702350,5.0,5.0,11
702400,5.0,5.0,11
702450,5.0,5.0,11
702500,5.0,5.0,11
702550,5.0,5.0,11
702600,5.0,5.0,11
702650,5.0,5.0,11
702700,5.0,5.0,11
702750,5.0,5.0,11
702800,5.0,5.0,11
702850,5.0,5.0,11
702900,5.0,5.0,11
702950,5.0,5.0,11
703000,5.0,5.0,11
703050,5.0,5.0,11
703100,5.0,5.0,11
703150,5.0,5.0,11
703200,5.0,5.0,11
703250,5.0,5.0,11
703300,5.0,5.0,11
703350,5.0,5.0,11
703400,5.0,5.0,11
703450,5.0,5.0,11
703500,5.0,5.0,11
703550,5.0,5.0,11
703600,5.0,5.0,11
703650,5.0,5.0,11
703700,5.0,5.0,11
703750,5.0,5.0,11
703800,5.0,5.0,11
703850,5.0,5.0,11
703900,5.0,5.0,11
703950,5.0,5.0,11
704000,5.0,5.0,11
704050,5.0,5.0,11
704100,5.0,5.0,11
704150,5.0,5.0,11
704200,5.0,5.0,11
704250,5.0,5.0,11
704300,5.0,5.0,11
704350,5.0,5.0,11
704400,5.0,5.0,11
704450,5.0,5.0,11
704500,5.0,5.0,11
704550,5.0,5.0,11
704600,5.0,5.0,11
704650,5.0,5.0,11
704700,5.0,5.0,11
704750,5.0,5.0,11
704800,5.0,5.0,11
704850,5.0,5.0,11
704900,5.0,5.0,11
704950,5.0,5.0,11
705000,5.0,5.0,11
705050,5.0,5.0,11
705100,5.0,5.0,11
705150,5.0,5.0,11
705200,5.0,5.0,11
705250,5.0,5.0,11
705300,5.0,5.0,11
705350,5.0,5.0,11
705400,5.0,5.0,11
705450,5.0,5.0,11
705500,5.0,5.0,11
705550,5.0,5.0,11
705600,5.0,5.0,11
705650,5.0,5.0,11
705700,5.0,5.0,11
705750,5.0,5.0,11
705800,5.0,5.0,11
705850,5.0,5.0,11
705900,5.0,5.0,11
705950,5.0,5.0,11
706000,5.0,5.0,11
706050,5.0,5.0,11
706100,5.0,5.0,11
706150,5.0,5.0,11
706200,5.0,5.0,11
706250,5.0,5.0,11
706300,5.0,5.0,11
706350,5.0,5.0,11
706400,5.0,5.0,11
706450,5.0,5.0,11
706500,5.0,5.0,11
706550,5.0,5.0,11
706600,5.0,5.0,11
706650,5.0,5.0,11
706700,5.0,5.0,11
706750,5.0,5.0,11
706800,5.0,5.0,11
706850,5.0,5.0,11
706900,5.0,5.0,11
706950,5.0,5.0,11
707000,5.0,5.0,11
707050,5.0,5.0,11
707100,5.0,5.0,11
707150,5.0,5.0,11
707200,5.0,5.0,11
707250,5.0,5.0,11
707300,5.0,5.0,11
707350,5.0,5.0,11
707400,5.0,5.0,11
707450,5.0,5.0,11
707500,5.0,5.0,11
707550,5.0,5.0,11
707600,5.0,5.0,11
707650,5.0,5.0,11
707700,5.0,5.0,11
707750,5.0,5.0,11
707800,5.0,5.0,11
707850,5.0,5.0,11
707900,5.0,5.0,11
707950,5.0,5.0,11
708000,5.0,5.0,11
708050,5.0,5.0,11
708100,5.0,5.0,11
708150,5.0,5.0,11
708200,5.0,5.0,11
708250,5.0,5.0,11
708300,5.0,5.0,11
708350,5.0,5.0,11
708400,5.0,5.0,11
708450,5.0,5.0,11
708500,5.0,5.0,11
708550,5.0,5.0,11
708600,5.0,5.0,11
708650,5.0,5.0,11
708700,5.0,5.0,11
708750,5.0,5.0,11
708800,5.0,5.0,11
708850,5.0,5.0,11
708900,5.0,5.0,11
708950,5.0,5.0,11
709000,5.0,5.0,11
709050,5.0,5.0,11
709100,5.0,5.0,11
709150,5.0,5.0,11
709200,5.0,5.0,11
709250,5.0,5.0,11
709300,5.0,5.0,11
709350,5.0,5.0,11
709400,5.0,5.0,11
709450,5.0,5.0,11
709500,5.0,5.0,11
709550,5.0,5.0,11
709600,5.0,5.0,11
709650,5.0,5.0,11
709700,5.0,5.0,11
709750,5.0,5.0,11
709800,5.0,5.0,11
709850,5.0,5.0,11
709900,5.0,5.0,11
709950,5.0,5.0,11
710000,5.0,5.0,11
710050,5.0,5.0,11
710100,5.0,5.0,11
710150,5.0,5.0,11
710200,5.0,5.0,11
710250,5.0,5.0,11
710300,5.0,5.0,11
710350,5.0,5.0,11
710400,5.0,5.0,11
710450,5.0,5.0,11
710500,5.0,5.0,11
710550,5.0,5.0,11
710600,5.0,5.0,11
710650,5.0,5.0,11
710700,5.0,5.0,11
710750,5.0,5.0,11
710800,5.0,5.0,11
710850,5.0,5.0,11
710900,5.0,5.0,11
710950,5.0,5.0,11
711000,5.0,5.0,11
711050,5.0,5.0,11
711100,5.0,5.0,11
711150,5.0,5.0,11
711200,5.0,5.0,11
711250,5.0,5.0,11
711300,5.0,5.0,11
711350,5.0,5.0,11
711400,5.0,5.0,11
711450,5.0,5.0,11
711500,5.0,5.0,11
711550,5.0,5.0,11
711600,5.0,5.0,11
711650,5.0,5.0,11
711700,5.0,5.0,11
711750,5.0,5.0,11
711800,5.0,5.0,11
711850,5.0,5.0,11
711900,5.0,5.0,11
711950,5.0,5.0,11
712000,5.0,5.0,11
712050,5.0,5.0,11
712100,5.0,5.0,11
712150,5.0,5.0,11
712200,5.0,5.0,11
712250,5.0,5.0,11
712300,5.0,5.0,11
712350,5.0,5.0,11
712400,5.0,5.0,11
712450,5.0,5.0,11
712500,5.0,5.0,11
712550,5.0,5.0,11
712600,5.0,5.0,11
712650,5.0,5.0,11
712700,5.0,5.0,11
712750,5.0,5.0,11
712800,5.0,5.0,11
712850,5.0,5.0,11
712900,5.0,5.0,11
712950,5.0,5.0,11
713000,5.0,5.0,11
713050,5.0,5.0,11
713100,5.0,5.0,11
713150,5.0,5.0,11
713200,5.0,5.0,11
713250,5.0,5.0,11
713300,5.0,5.0,11
713350,5.0,5.0,11
713400,5.0,5.0,11
713450,5.0,5.0,11
713500,5.0,5.0,11
713550,5.0,5.0,11
713600,5.0,5.0,11
713650,5.0,5.0,11
713700,5.0,5.0,11
713750,5.0,5.0,11
713800,5.0,5.0,11
713850,5.0,5.0,11
713900,5.0,5.0,11
713950,5.0,5.0,11
714000,5.0,5.0,11
714050,5.0,5.0,11
714100,5.0,5.0,11
714150,5.0,5.0,11
714200,5.0,5.0,11
714250,5.0,5.0,11
714300,5.0,5.0,11
714350,5.0,5.0,11
714400,5.0,5.0,11
714450,5.0,5.0,11
714500,5.0,5.0,11
714550,5.0,5.0,11
714600,5.0,5.0,11
714650,5.0,5.0,11
714700,5.0,5.0,11
714750,5.0,5.0,11
714800,5.0,5.0,11
714850,5.0,5.0,11
714900,5.0,5.0,11
714950,5.0,5.0,11
715000,5.0,5.0,11
715050,5.0,5.0,11
715100,5.0,5.0,11
715150,5.0,5.0,11
715200,5.0,5.0,11
715250,5.0,5.0,11
715300,5.0,5.0,11
715350,5.0,5.0,11
715400,5.0,5.0,11
715450,5.0,5.0,11
715500,5.0,5.0,11
715550,5.0,5.0,11
715600,5.0,5.0,11
715650,5.0,5.0,11
715700,5.0,5.0,11
715750,5.0,5.0,11
715800,5.0,5.0,11
715850,5.0,5.0,11
715900,5.0,5.0,11
715950,5.0,5.0,11
716000,5.0,5.0,11
716050,5.0,5.0,11
716100,5.0,5.0,11
716150,5.0,5.0,11
716200,5.0,5.0,11
716250,5.0,5.0,11
716300,5.0,5.0,11
716350,5.0,5.0,11
716400,5.0,5.0,11
716450,5.0,5.0,11
716500,5.0,5.0,11
716550,5.0,5.0,11
716600,5.0,5.0,11
716650,5.0,5.0,11
716700,5.0,5.0,11
716750,5.0,5.0,11
716800,5.0,5.0,11
716850,5.0,5.0,11
716900,5.0,5.0,11
716950,5.0,5.0,11
717000,5.0,5.0,11
717050,5.0,5.0,11
717100,5.0,5.0,11
717150,5.0,5.0,11
717200,5.0,5.0,11
717250,5.0,5.0,11
717300,5.0,5.0,11
717350,5.0,5.0,11
717400,5.0,5.0,11
717450,5.0,5.0,11
717500,5.0,5.0,11
717550,5.0,5.0,11
717600,5.0,5.0,11
717650,5.0,5.0,11
717700,5.0,5.0,11
717750,5.0,5.0,11
717800,5.0,5.0,11
717850,5.0,5.0,11
717900,5.0,5.0,11
717950,5.0,5.0,11
718000,5.0,5.0,11
718050,5.0,5.0,11
718100,5.0,5.0,11
718150,5.0,5.0,11
718200,5.0,5.0,11
718250,5.0,5.0,11
718300,5.0,5.0,11
718350,5.0,5.0,11
718400,5.0,5.0,11
718450,5.0,5.0,11
718500,5.0,5.0,11
718550,5.0,5.0,11
718600,5.0,5.0,11
718650,5.0,5.0,11
718700,5.0,5.0,11
718750,5.0,5.0,11
718800,5.0,5.0,11
718850,5.0,5.0,11
718900,5.0,5.0,11
718950,5.0,5.0,11
719000,5.0,5.0,11
719050,5.0,5.0,11
719100,5.0,5.0,11
719150,5.0,5.0,11
719200,5.0,5.0,11
719250,5.0,5.0,11
719300,5.0,5.0,11
719350,5.0,5.0,11
719400,5.0,5.0,11
719450,5.0,5.0,11
719500,5.0,5.0,11
719550,5.0,5.0,11
719600,5.0,5.0,11
719650,5.0,5.0,11
719700,5.0,5.0,11
719750,5.0,5.0,11
719800,5.0,5.0,11
719850,5.0,5.0,11
719900,5.0,5.0,11
719950,5.0,5.0,11
720000,5.0,5.0,11
720050,5.0,5.0,11
720100,5.0,5.0,11
720150,5.0,5.0,11
720200,5.0,5.0,11
720250,5.0,5.0,11
720300,5.0,5.0,11
720350,5.0,5.0,11
720400,5.0,5.0,11
720450,5.0,5.0,11
720500,5.0,5.0,11
720550,5.0,5.0,11
720600,5.0,5.0,11
720650,5.0,5.0,11
720700,5.0,5.0,11
720750,5.0,5.0,11
720800,5.0,5.0,11
720850,5.0,5.0,11
720900,5.0,5.0,11
720950,5.0,5.0,11
721000,5.0,5.0,11
721050,5.0,5.0,11
721100,5.0,5.0,11
721150,5.0,5.0,11
721200,5.0,5.0,11
721250,5.0,5.0,11
721300,5.0,5.0,11
721350,5.0,5.0,11
721400,5.0,5.0,11
721450,5.0,5.0,11
721500,5.0,5.0,11
721550,5.0,5.0,11
721600,5.0,5.0,11
721650,5.0,5.0,11
721700,5.0,5.0,11
721750,5.0,5.0,11
721800,5.0,5.0,11
721850,5.0,5.0,11
721900,5.0,5.0,11
721950,5.0,5.0,11
722000,5.0,5.0,11
722050,5.0,5.0,11
722100,5.0,5.0,11
722150,5.0,5.0,11
722200,5.0,5.0,11
722250,5.0,5.0,11
722300,5.0,5.0,11
722350,5.0,5.0,11
722400,5.0,5.0,11
722450,5.0,5.0,11
722500,5.0,5.0,11
722550,5.0,5.0,11
722600,5.0,5.0,11
722650,5.0,5.0,11
722700,5.0,5.0,11
722750,5.0,5.0,11
722800,5.0,5.0,11
722850,5.0,5.0,11
722900,5.0,5.0,11
722950,5.0,5.0,11
723000,5.0,5.0,11
723050,5.0,5.0,11
723100,5.0,5.0,11
723150,5.0,5.0,11
723200,5.0,5.0,11
723250,5.0,5.0,11
723300,5.0,5.0,11
723350,5.0,5.0,11
723400,5.0,5.0,11
723450,5.0,5.0,11
723500,5.0,5.0,11
723550,5.0,5.0,11
723600,5.0,5.0,11
723650,5.0,5.0,11
723700,5.0,5.0,11
723750,5.0,5.0,11
723800,5.0,5.0,11
723850,5.0,5.0,11
723900,5.0,5.0,11
723950,5.0,5.0,11
724000,5.0,5.0,11
724050,5.0,5.0,11
724100,5.0,5.0,11
724150,5.0,5.0,11
724200,5.0,5.0,11
724250,5.0,5.0,11
724300,5.0,5.0,11
724350,5.0,5.0,11
724400,5.0,5.0,11
724450,5.0,5.0,11
724500,5.0,5.0,11
724550,5.0,5.0,11
724600,5.0,5.0,11
724650,5.0,5.0,11
724700,5.0,5.0,11
724750,5.0,5.0,11
724800,5.0,5.0,11
724850,5.0,5.0,11
724900,5.0,5.0,11
724950,5.0,5.0,11
725000,5.0,5.0,11
725050,5.0,5.0,11
725100,5.0,5.0,11
725150,5.0,5.0,11
725200,5.0,5.0,11
725250,5.0,5.0,11
725300,5.0,5.0,11
725350,5.0,5.0,11
725400,5.0,5.0,11
725450,5.0,5.0,11
725500,5.0,5.0,11
725550,5.0,5.0,11
725600,5.0,5.0,11
725650,5.0,5.0,11
725700,5.0,5.0,11
725750,5.0,5.0,11
725800,5.0,5.0,11
725850,5.0,5.0,11
725900,5.0,5.0,11
725950,5.0,5.0,11
726000,5.0,5.0,11
726050,5.0,5.0,11
726100,5.0,5.0,11
726150,5.0,5.0,11
726200,5.0,5.0,11
726250,5.0,5.0,11
726300,5.0,5.0,11
726350,5.0,5.0,11
726400,5.0,5.0,11
726450,5.0,5.0,11
726500,5.0,5.0,11
726550,5.0,5.0,11
726600,5.0,5.0,11
726650,5.0,5.0,11
726700,5.0,5.0,11
726750,5.0,5.0,11
726800,5.0,5.0,11
726850,5.0,5.0,11
726900,5.0,5.0,11
726950,5.0,5.0,11
727000,5.0,5.0,11
727050,5.0,5.0,11
727100,5.0,5.0,11
727150,5.0,5.0,11
727200,5.0,5.0,11
727250,5.0,5.0,11
727300,5.0,5.0,11
727350,5.0,5.0,11
727400,5.0,5.0,11
727450,5.0,5.0,11
727500,5.0,5.0,11
727550,5.0,5.0,11
727600,5.0,5.0,11
727650,5.0,5.0,11
727700,5.0,5.0,11
727750,5.0,5.0,11
727800,5.0,5.0,11
727850,5.0,5.0,11
727900,5.0,5.0,11
727950,5.0,5.0,11
728000,5.0,5.0,11
728050,5.0,5.0,11
728100,5.0,5.0,11
728150,5.0,5.0,11
728200,5.0,5.0,11
728250,5.0,5.0,11
728300,5.0,5.0,11
728350,5.0,5.0,11
728400,5.0,5.0,11
728450,5.0,5.0,11
728500,5.0,5.0,11
728550,5.0,5.0,11
728600,5.0,5.0,11
728650,5.0,5.0,11
728700,5.0,5.0,11
728750,5.0,5.0,11
728800,5.0,5.0,11
728850,5.0,5.0,11
728900,5.0,5.0,11
728950,5.0,5.0,11
729000,5.0,5.0,11
729050,5.0,5.0,11
729100,5.0,5.0,11
729150,5.0,5.0,11
729200,5.0,5.0,11
729250,5.0,5.0,11
729300,5.0,5.0,11
729350,5.0,5.0,11
729400,5.0,5.0,11
729450,5.0,5.0,11
729500,5.0,5.0,11
729550,5.0,5.0,11
729600,5.0,5.0,11
729650,5.0,5.0,11
729700,5.0,5.0,11
729750,5.0,5.0,11
729800,5.0,5.0,11
729850,5.0,5.0,11
729900,5.0,5.0,11
729950,5.0,5.0,11
730000,5.0,5.0,11
730050,5.0,5.0,11
730100,5.0,5.0,11
730150,5.0,5.0,11
730200,5.0,5.0,11
730250,5.0,5.0,11
730300,5.0,5.0,11
730350,5.0,5.0,11
730400,5.0,5.0,11
730450,5.0,5.0,11
730500,5.0,5.0,11
730550,5.0,5.0,11
730600,5.0,5.0,11
730650,5.0,5.0,11
730700,5.0,5.0,11
730750,5.0,5.0,11
730800,5.0,5.0,11
730850,5.0,5.0,11
730900,5.0,5.0,11
730950,5.0,5.0,11
731000,5.0,5.0,11
731050,5.0,5.0,11
731100,5.0,5.0,11
731150,5.0,5.0,11
731200,5.0,5.0,11
731250,5.0,5.0,11
731300,5.0,5.0,11
731350,5.0,5.0,11
731400,5.0,5.0,11
731450,5.0,5.0,11
731500,5.0,5.0,11
731550,5.0,5.0,11
731600,5.0,5.0,11
731650,5.0,5.0,11
731700,5.0,5.0,11
731750,5.0,5.0,11
731800,5.0,5.0,11
731850,5.0,5.0,11
731900,5.0,5.0,11
731950,5.0,5.0,11
732000,5.0,5.0,11
732050,5.0,5.0,11
732100,5.0,5.0,11
732150,5.0,5.0,11
732200,5.0,5.0,11
732250,5.0,5.0,11
732300,5.0,5.0,11
732350,5.0,5.0,11
732400,5.0,5.0,11
732450,5.0,5.0,11
732500,5.0,5.0,11
732550,5.0,5.0,11
732600,5.0,5.0,11
732650,5.0,5.0,11
732700,5.0,5.0,11
732750,5.0,5.0,11
732800,5.0,5.0,11
732850,5.0,5.0,11
732900,5.0,5.0,11
732950,5.0,5.0,11
733000,5.0,5.0,11
733050,5.0,5.0,11
733100,5.0,5.0,11
733150,5.0,5.0,11
733200,5.0,5.0,11
733250,5.0,5.0,11
733300,5.0,5.0,11
733350,5.0,5.0,11
733400,5.0,5.0,11
733450,5.0,5.0,11
733500,5.0,5.0,11
733550,5.0,5.0,11
733600,5.0,5.0,11
733650,5.0,5.0,11
733700,5.0,5.0,11
733750,5.0,5.0,11
733800,5.0,5.0,11
733850,5.0,5.0,11
733900,5.0,5.0,11
733950,5.0,5.0,11
734000,5.0,5.0,11
734050,5.0,5.0,11
734100,5.0,5.0,11
734150,5.0,5.0,11
734200,5.0,5.0,11
734250,5.0,5.0,11
734300,5.0,5.0,11
734350,5.0,5.0,11
734400,5.0,5.0,11
734450,5.0,5.0,11
734500,5.0,5.0,11
734550,5.0,5.0,11
734600,5.0,5.0,11
734650,5.0,5.0,11
734700,5.0,5.0,11
734750,5.0,5.0,11
734800,5.0,5.0,11
734850,5.0,5.0,11
734900,5.0,5.0,11
734950,5.0,5.0,11
735000,5.0,5.0,11
735050,5.0,5.0,11
735100,5.0,5.0,11
735150,5.0,5.0,11
735200,5.0,5.0,11
735250,5.0,5.0,11
735300,5.0,5.0,11
735350,5.0,5.0,11
735400,5.0,5.0,11
735450,5.0,5.0,11
735500,5.0,5.0,11
735550,5.0,5.0,11
735600,5.0,5.0,11
735650,5.0,5.0,11
735700,5.0,5.0,11
735750,5.0,5.0,11
735800,5.0,5.0,11
735850,5.0,5.0,11
735900,5.0,5.0,11
735950,5.0,5.0,11
736000,5.0,5.0,11
736050,5.0,5.0,11
736100,5.0,5.0,11
736150,5.0,5.0,11
736200,5.0,5.0,11
736250,5.0,5.0,11
736300,5.0,5.0,11
736350,5.0,5.0,11
736400,5.0,5.0,11
736450,5.0,5.0,11
736500,5.0,5.0,11
736550,5.0,5.0,11
736600,5.0,5.0,11
736650,5.0,5.0,11
736700,5.0,5.0,11
736750,5.0,5.0,11
736800,5.0,5.0,11
736850,5.0,5.0,11
736900,5.0,5.0,11
736950,5.0,5.0,11
737000,5.0,5.0,11
737050,5.0,5.0,11
737100,5.0,5.0,11
737150,5.0,5.0,11
737200,5.0,5.0,11
737250,5.0,5.0,11
737300,5.0,5.0,11
737350,5.0,5.0,11
737400,5.0,5.0,11
737450,5.0,5.0,11
737500,5.0,5.0,11
737550,5.0,5.0,11
737600,5.0,5.0,11
737650,5.0,5.0,11
737700,5.0,5.0,11
737750,5.0,5.0,11
737800,5.0,5.0,11
737850,5.0,5.0,11
737900,5.0,5.0,11
737950,5.0,5.0,11
738000,5.0,5.0,11
738050,5.0,5.0,11
738100,5.0,5.0,11
738150,5.0,5.0,11
738200,5.0,5.0,11
738250,5.0,5.0,11
738300,5.0,5.0,11
738350,5.0,5.0,11
738400,5.0,5.0,11
738450,5.0,5.0,11
738500,5.0,5.0,11
738550,5.0,5.0,11
738600,5.0,5.0,11
738650,5.0,5.0,11
738700,5.0,5.0,11
738750,5.0,5.0,11
738800,5.0,5.0,11
738850,5.0,5.0,11
738900,5.0,5.0,11
738950,5.0,5.0,11
739000,5.0,5.0,11
739050,5.0,5.0,11
739100,5.0,5.0,11
739150,5.0,5.0,11
739200,5.0,5.0,11
739250,5.0,5.0,11
739300,5.0,5.0,11
739350,5.0,5.0,11
739400,5.0,5.0,11
739450,5.0,5.0,11
739500,5.0,5.0,11
739550,5.0,5.0,11
739600,5.0,5.0,11
739650,5.0,5.0,11
739700,5.0,5.0,11
739750,5.0,5.0,11
739800,5.0,5.0,11
739850,5.0,5.0,11
739900,5.0,5.0,11
739950,5.0,5.0,11
740000,5.0,5.0,11
740050,5.0,5.0,11
740100,5.0,5.0,11
740150,5.0,5.0,11
740200,5.0,5.0,11
740250,5.0,5.0,11
740300,5.0,5.0,11
740350,5.0,5.0,11
740400,5.0,5.0,11
740450,5.0,5.0,11
740500,5.0,5.0,11
740550,5.0,5.0,11
740600,5.0,5.0,11
740650,5.0,5.0,11
740700,5.0,5.0,11
740750,5.0,5.0,11
740800,5.0,5.0,11
740850,5.0,5.0,11
740900,5.0,5.0,11
740950,5.0,5.0,11
741000,5.0,5.0,11
741050,5.0,5.0,11
741100,5.0,5.0,11
741150,5.0,5.0,11
741200,5.0,5.0,11
741250,5.0,5.0,11
741300,5.0,5.0,11
741350,5.0,5.0,11
741400,5.0,5.0,11
741450,5.0,5.0,11
741500,5.0,5.0,11
741550,5.0,5.0,11
741600,5.0,5.0,11
741650,5.0,5.0,11
741700,5.0,5.0,11
741750,5.0,5.0,11
741800,5.0,5.0,11
741850,5.0,5.0,11
741900,5.0,5.0,11
741950,5.0,5.0,11
742000,5.0,5.0,11
742050,5.0,5.0,11
742100,5.0,5.0,11
742150,5.0,5.0,11
742200,5.0,5.0,11
742250,5.0,5.0,11
742300,5.0,5.0,11
742350,5.0,5.0,11
742400,5.0,5.0,11
742450,5.0,5.0,11
742500,5.0,5.0,11
742550,5.0,5.0,11
742600,5.0,5.0,11
742650,5.0,5.0,11
742700,5.0,5.0,11
742750,5.0,5.0,11
742800,5.0,5.0,11
742850,5.0,5.0,11
742900,5.0,5.0,11
742950,5.0,5.0,11
743000,5.0,5.0,11
743050,5.0,5.0,11
743100,5.0,5.0,11
743150,5.0,5.0,11
743200,5.0,5.0,11
743250,5.0,5.0,11
743300,5.0,5.0,11
743350,5.0,5.0,11
743400,5.0,5.0,11
743450,5.0,5.0,11
743500,5.0,5.0,11
743550,5.0,5.0,11
743600,5.0,5.0,11
743650,5.0,5.0,11
743700,5.0,5.0,11
743750,5.0,5.0,11
743800,5.0,5.0,11
743850,5.0,5.0,11
743900,5.0,5.0,11
743950,5.0,5.0,11
744000,5.0,5.0,11
744050,5.0,5.0,11
744100,5.0,5.0,11
744150,5.0,5.0,11
744200,5.0,5.0,11
744250,5.0,5.0,11
744300,5.0,5.0,11
744350,5.0,5.0,11
744400,5.0,5.0,11
744450,5.0,5.0,11
744500,5.0,5.0,11
744550,5.0,5.0,11
744600,5.0,5.0,11
744650,5.0,5.0,11
744700,5.0,5.0,11
744750,5.0,5.0,11
744800,5.0,5.0,11
744850,5.0,5.0,11
744900,5.0,5.0,11
744950,5.0,5.0,11
745000,5.0,5.0,11
745050,5.0,5.0,11
745100,5.0,5.0,11
745150,5.0,5.0,11
745200,5.0,5.0,11
745250,5.0,5.0,11
745300,5.0,5.0,11
745350,5.0,5.0,11
745400,5.0,5.0,11
745450,5.0,5.0,11
745500,5.0,5.0,11
745550,5.0,5.0,11
745600,5.0,5.0,11
745650,5.0,5.0,11
745700,5.0,5.0,11
745750,5.0,5.0,11
745800,5.0,5.0,11
745850,5.0,5.0,11
745900,5.0,5.0,11
745950,5.0,5.0,11
746000,5.0,5.0,11
746050,5.0,5.0,11
746100,5.0,5.0,11
746150,5.0,5.0,11
746200,5.0,5.0,11
746250,5.0,5.0,11
746300,5.0,5.0,11
746350,5.0,5.0,11
746400,5.0,5.0,11
746450,5.0,5.0,11
746500,5.0,5.0,11
746550,5.0,5.0,11
746600,5.0,5.0,11
746650,5.0,5.0,11
746700,5.0,5.0,11
746750,5.0,5.0,11
746800,5.0,5.0,11
746850,5.0,5.0,11
746900,5.0,5.0,11
746950,5.0,5.0,11
747000,5.0,5.0,11
747050,5.0,5.0,11
747100,5.0,5.0,11
747150,5.0,5.0,11
747200,5.0,5.0,11
747250,5.0,5.0,11
747300,5.0,5.0,11
747350,5.0,5.0,11
747400,5.0,5.0,11
747450,5.0,5.0,11
747500,5.0,5.0,11
747550,5.0,5.0,11
747600,5.0,5.0,11
747650,5.0,5.0,11
747700,5.0,5.0,11
747750,5.0,5.0,11
747800,5.0,5.0,11
747850,5.0,5.0,11
747900,5.0,5.0,11
747950,5.0,5.0,11
748000,5.0,5.0,11
748050,5.0,5.0,11
748100,5.0,5.0,11
748150,5.0,5.0,11
748200,5.0,5.0,11
748250,5.0,5.0,11
748300,5.0,5.0,11
748350,5.0,5.0,11
748400,5.0,5.0,11
748450,5.0,5.0,11
748500,5.0,5.0,11
748550,5.0,5.0,11
748600,5.0,5.0,11
748650,5.0,5.0,11
748700,5.0,5.0,11
748750,5.0,5.0,11
748800,5.0,5.0,11
748850,5.0,5.0,11
748900,5.0,5.0,11
748950,5.0,5.0,11
749000,5.0,5.0,11
749050,5.0,5.0,11
749100,5.0,5.0,11
749150,5.0,5.0,11
749200,5.0,5.0,11
749250,5.0,5.0,11
749300,5.0,5.0,11
749350,5.0,5.0,11
749400,5.0,5.0,11
749450,5.0,5.0,11
749500,5.0,5.0,11
749550,5.0,5.0,11
749600,5.0,5.0,11
749650,5.0,5.0,11
749700,5.0,5.0,11
749750,5.0,5.0,11
749800,5.0,5.0,11
749850,5.0,5.0,11
749900,5.0,5.0,11
749950,5.0,5.0,11
750000,5.0,5.0,11
750050,5.0,5.0,11
750100,5.0,5.0,11
750150,5.0,5.0,11
750200,5.0,5.0,11
750250,5.0,5.0,11
750300,5.0,5.0,11
750350,5.0,5.0,11
750400,5.0,5.0,11
750450,5.0,5.0,11
750500,5.0,5.0,11
750550,5.0,5.0,11
750600,5.0,5.0,11
750650,5.0,5.0,11
750700,5.0,5.0,11
750750,5.0,5.0,11
750800,5.0,5.0,11
750850,5.0,5.0,11
750900,5.0,5.0,11
750950,5.0,5.0,11
751000,5.0,5.0,11
751050,5.0,5.0,11
751100,5.0,5.0,11
751150,5.0,5.0,11
751200,5.0,5.0,11
751250,5.0,5.0,11
751300,5.0,5.0,11
751350,5.0,5.0,11
751400,5.0,5.0,11
751450,5.0,5.0,11
751500,5.0,5.0,11
751550,5.0,5.0,11
751600,5.0,5.0,11
751650,5.0,5.0,11
751700,5.0,5.0,11
751750,5.0,5.0,11
751800,5.0,5.0,11
751850,5.0,5.0,11
751900,5.0,5.0,11
751950,5.0,5.0,11
752000,5.0,5.0,11
752050,5.0,5.0,11
752100,5.0,5.0,11
752150,5.0,5.0,11
752200,5.0,5.0,11
752250,5.0,5.0,11
752300,5.0,5.0,11
752350,5.0,5.0,11
752400,5.0,5.0,11
752450,5.0,5.0,11
752500,5.0,5.0,11
752550,5.0,5.0,11
752600,5.0,5.0,11
752650,5.0,5.0,11
752700,5.0,5.0,11
752750,5.0,5.0,11
752800,5.0,5.0,11
752850,5.0,5.0,11
752900,5.0,5.0,11
752950,5.0,5.0,11
753000,5.0,5.0,11
753050,5.0,5.0,11
753100,5.0,5.0,11
753150,5.0,5.0,11
753200,5.0,5.0,11
753250,5.0,5.0,11
753300,5.0,5.0,11
753350,5.0,5.0,11
753400,5.0,5.0,11
753450,5.0,5.0,11
753500,5.0,5.0,11
753550,5.0,5.0,11
753600,5.0,5.0,11
753650,5.0,5.0,11
753700,5.0,5.0,11
753750,5.0,5.0,11
753800,5.0,5.0,11
753850,5.0,5.0,11
753900,5.0,5.0,11
753950,5.0,5.0,11
754000,5.0,5.0,11
754050,5.0,5.0,11
754100,5.0,5.0,11
754150,5.0,5.0,11
754200,5.0,5.0,11
754250,5.0,5.0,11
754300,5.0,5.0,11
754350,5.0,5.0,11
754400,5.0,5.0,11
754450,5.0,5.0,11
754500,5.0,5.0,11
754550,5.0,5.0,11
754600,5.0,5.0,11
754650,5.0,5.0,11
754700,5.0,5.0,11
754750,5.0,5.0,11
754800,5.0,5.0,11
754850,5.0,5.0,11
754900,5.0,5.0,11
754950,5.0,5.0,11
755000,5.0,5.0,11
755050,5.0,5.0,11
755100,5.0,5.0,11
755150,5.0,5.0,11
755200,5.0,5.0,11
755250,5.0,5.0,11
755300,5.0,5.0,11
755350,5.0,5.0,11
755400,5.0,5.0,11
755450,5.0,5.0,11
755500,5.0,5.0,11
755550,5.0,5.0,11
755600,5.0,5.0,11
755650,5.0,5.0,11
755700,5.0,5.0,11
755750,5.0,5.0,11
755800,5.0,5.0,11
755850,5.0,5.0,11
755900,5.0,5.0,11
755950,5.0,5.0,11
756000,5.0,5.0,11
756050,5.0,5.0,11
756100,5.0,5.0,11
756150,5.0,5.0,11
756200,5.0,5.0,11
756250,5.0,5.0,11
756300,5.0,5.0,11
756350,5.0,5.0,11
756400,5.0,5.0,11
756450,5.0,5.0,11
756500,5.0,5.0,11
756550,5.0,5.0,11
756600,5.0,5.0,11
756650,5.0,5.0,11
756700,5.0,5.0,11
756750,5.0,5.0,11
756800,5.0,5.0,11
756850,5.0,5.0,11
756900,5.0,5.0,11
756950,5.0,5.0,11
757000,5.0,5.0,11
757050,5.0,5.0,11
757100,5.0,5.0,11
757150,5.0,5.0,11
757200,5.0,5.0,11
757250,5.0,5.0,11
757300,5.0,5.0,11
757350,5.0,5.0,11
757400,5.0,5.0,11
757450,5.0,5.0,11
757500,5.0,5.0,11
757550,5.0,5.0,11
757600,5.0,5.0,11
757650,5.0,5.0,11
757700,5.0,5.0,11
757750,5.0,5.0,11
757800,5.0,5.0,11
757850,5.0,5.0,11
757900,5.0,5.0,11
757950,5.0,5.0,11
758000,5.0,5.0,11
758050,5.0,5.0,11
758100,5.0,5.0,11
758150,5.0,5.0,11
758200,5.0,5.0,11
758250,5.0,5.0,11
758300,5.0,5.0,11
758350,5.0,5.0,11
758400,5.0,5.0,11
758450,5.0,5.0,11
758500,5.0,5.0,11
758550,5.0,5.0,11
758600,5.0,5.0,11
758650,5.0,5.0,11
758700,5.0,5.0,11
758750,5.0,5.0,11
758800,5.0,5.0,11
758850,5.0,5.0,11
758900,5.0,5.0,11
758950,5.0,5.0,11
759000,5.0,5.0,11
759050,5.0,5.0,11
759100,5.0,5.0,11
759150,5.0,5.0,11
759200,5.0,5.0,11
759250,5.0,5.0,11
759300,5.0,5.0,11
759350,5.0,5.0,11
759400,5.0,5.0,11
759450,5.0,5.0,11
759500,5.0,5.0,11
759550,5.0,5.0,11
759600,5.0,5.0,11
759650,5.0,5.0,11
759700,5.0,5.0,11
759750,5.0,5.0,11
759800,5.0,5.0,11
759850,5.0,5.0,11
759900,5.0,5.0,11
759950,5.0,5.0,11
760000,5.0,5.0,11
760050,5.0,5.0,11
760100,5.0,5.0,11
760150,5.0,5.0,11
760200,5.0,5.0,11
760250,5.0,5.0,11
760300,5.0,5.0,11
760350,5.0,5.0,11
760400,5.0,5.0,11
760450,5.0,5.0,11
760500,5.0,5.0,11
760550,5.0,5.0,11
760600,5.0,5.0,11
760650,5.0,5.0,11
760700,5.0,5.0,11
760750,5.0,5.0,11
760800,5.0,5.0,11
760850,5.0,5.0,11
760900,5.0,5.0,11
760950,5.0,5.0,11
761000,5.0,5.0,11
761050,5.0,5.0,11
761100,5.0,5.0,11
761150,5.0,5.0,11
761200,5.0,5.0,11
761250,5.0,5.0,11
761300,5.0,5.0,11
761350,5.0,5.0,11
761400,5.0,5.0,11
761450,5.0,5.0,11
761500,5.0,5.0,11
761550,5.0,5.0,11
761600,5.0,5.0,11
761650,5.0,5.0,11
761700,5.0,5.0,11
761750,5.0,5.0,11
761800,5.0,5.0,11
761850,5.0,5.0,11
761900,5.0,5.0,11
761950,5.0,5.0,11
762000,5.0,5.0,11
762050,5.0,5.0,11
762100,5.0,5.0,11
762150,5.0,5.0,11
762200,5.0,5.0,11
762250,5.0,5.0,11
762300,5.0,5.0,11
762350,5.0,5.0,11
762400,5.0,5.0,11
762450,5.0,5.0,11
762500,5.0,5.0,11
762550,5.0,5.0,11
762600,5.0,5.0,11
762650,5.0,5.0,11
762700,5.0,5.0,11
762750,5.0,5.0,11
762800,5.0,5.0,11
762850,5.0,5.0,11
762900,5.0,5.0,11
762950,5.0,5.0,11
763000,5.0,5.0,11
763050,5.0,5.0,11
763100,5.0,5.0,11
763150,5.0,5.0,11
763200,5.0,5.0,11
763250,5.0,5.0,11
763300,5.0,5.0,11
763350,5.0,5.0,11
763400,5.0,5.0,11
763450,5.0,5.0,11
763500,5.0,5.0,11
763550,5.0,5.0,11
763600,5.0,5.0,11
763650,5.0,5.0,11
763700,5.0,5.0,11
763750,5.0,5.0,11
763800,5.0,5.0,11
763850,5.0,5.0,11
763900,5.0,5.0,11
763950,5.0,5.0,11
764000,5.0,5.0,11
764050,5.0,5.0,11
764100,5.0,5.0,11
764150,5.0,5.0,11
764200,5.0,5.0,11
764250,5.0,5.0,11
764300,5.0,5.0,11
764350,5.0,5.0,11
764400,5.0,5.0,11
764450,5.0,5.0,11
764500,5.0,5.0,11
764550,5.0,5.0,11
764600,5.0,5.0,11
764650,5.0,5.0,11
764700,5.0,5.0,11
764750,5.0,5.0,11
764800,5.0,5.0,11
764850,5.0,5.0,11
764900,5.0,5.0,11
764950,5.0,5.0,11
765000,5.0,5.0,11
765050,5.0,5.0,11
765100,5.0,5.0,11
765150,5.0,5.0,11
765200,5.0,5.0,11
765250,5.0,5.0,11
765300,5.0,5.0,11
765350,5.0,5.0,11
765400,5.0,5.0,11
765450,5.0,5.0,11
765500,5.0,5.0,11
765550,5.0,5.0,11
765600,5.0,5.0,11
765650,5.0,5.0,11
765700,5.0,5.0,11
765750,5.0,5.0,11
765800,5.0,5.0,7
765850,5.0,5.0,7
765900,5.0,5.0,7
765950,5.0,5.0,7
766000,5.0,5.0,7
766050,5.0,5.0,7
766100,5.0,5.0,7
766150,5.0,5.0,7
766200,5.0,5.0,7
766250,5.0,5.0,7
766300,5.0,5.0,7
766350,5.0,5.0,7
766400,5.0,5.0,7
766450,5.0,5.0,7
766500,5.0,5.0,7
766550,5.0,5.0,7
766600,5.0,5.0,7
766650,5.0,5.0,7
766700,5.0,5.0,7
766750,5.0,5.0,7
766800,5.0,5.0,7
766850,5.0,5.0,7
766900,5.0,5.0,7
766950,5.0,5.0,7
767000,5.0,5.0,7
767050,5.0,5.0,7
767100,5.0,5.0,7
767150,5.0,5.0,7
767200,5.0,5.0,7
767250,5.0,5.0,7
767300,5.0,5.0,7
767350,5.0,5.0,7
767400,5.0,5.0,7
767450,5.0,5.0,7
767500,5.0,5.0,7
767550,5.0,5.0,7
767600,5.0,5.0,7
767650,5.0,5.0,7
767700,5.0,5.0,7
767750,5.0,5.0,7
767800,5.0,5.0,7
767850,5.0,5.0,7
767900,5.0,5.0,7
767950,5.0,5.0,7
768000,5.0,5.0,7
768050,5.0,5.0,7
768100,5.0,5.0,7
768150,5.0,5.0,7
768200,5.0,5.0,7
768250,5.0,5.0,7
768300,5.0,5.0,7
768350,5.0,5.0,7
768400,5.0,5.0,7
768450,5.0,5.0,7
768500,5.0,5.0,7
768550,5.0,5.0,7
768600,5.0,5.0,7
768650,5.0,5.0,7
768700,5.0,5.0,7
768750,5.0,5.0,7
768800,5.0,5.0,7
768850,5.0,5.0,7
768900,5.0,5.0,7
768950,5.0,5.0,7
769000,5.0,5.0,7
769050,5.0,5.0,7
769100,5.0,5.0,7
769150,5.0,5.0,7
769200,5.0,5.0,7
769250,5.0,5.0,7
769300,5.0,5.0,7
769350,5.0,5.0,7
769400,5.0,5.0,7
769450,5.0,5.0,7
769500,5.0,5.0,7
769550,5.0,5.0,7
769600,5.0,5.0,7
769650,5.0,5.0,7
769700,5.0,5.0,7
769750,5.0,5.0,7
769800,5.0,5.0,7
769850,5.0,5.0,7
769900,5.0,5.0,7
769950,5.0,5.0,7
770000,5.0,5.0,7
770050,5.0,5.0,7
770100,5.0,5.0,7
770150,5.0,5.0,7
770200,5.0,5.0,7
770250,5.0,5.0,7
770300,5.0,5.0,7
770350,5.0,5.0,7
770400,5.0,5.0,7
770450,5.0,5.0,7
770500,5.0,5.0,7
770550,5.0,5.0,7
770600,5.0,5.0,7
770650,5.0,5.0,7
770700,5.0,5.0,7
770750,5.0,5.0,7
770800,5.0,5.0,7
770850,5.0,5.0,7
770900,5.0,5.0,7
770950,5.0,5.0,7
771000,5.0,5.0,7
771050,5.0,5.0,7
771100,5.0,5.0,7
771150,5.0,5.0,7
771200,5.0,5.0,7
771250,5.0,5.0,7
771300,5.0,5.0,7
771350,5.0,5.0,7
771400,5.0,5.0,7
771450,5.0,5.0,7
771500,5.0,5.0,7
771550,5.0,5.0,7
771600,5.0,5.0,7
771650,5.0,5.0,7
771700,5.0,5.0,7
771750,5.0,5.0,7
771800,5.0,5.0,7
771850,5.0,5.0,7
771900,5.0,5.0,7
771950,5.0,5.0,7
772000,5.0,5.0,7
772050,5.0,5.0,7
772100,5.0,5.0,7
772150,5.0,5.0,7
772200,5.0,5.0,7
772250,5.0,5.0,7
772300,5.0,5.0,7
772350,5.0,5.0,7
772400,5.0,5.0,7
772450,5.0,5.0,7
772500,5.0,5.0,7
772550,5.0,5.0,7
772600,5.0,5.0,7
772650,5.0,5.0,7
772700,5.0,5.0,7
772750,5.0,5.0,7
772800,5.0,5.0,7
772850,5.0,5.0,7
772900,5.0,5.0,7
772950,5.0,5.0,7
773000,5.0,5.0,7
773050,5.0,5.0,7
773100,5.0,5.0,7
773150,5.0,5.0,7
773200,5.0,5.0,7
773250,5.0,5.0,7
773300,5.0,5.0,7
773350,5.0,5.0,7
773400,5.0,5.0,7
773450,5.0,5.0,7
773500,5.0,5.0,7
773550,5.0,5.0,7
773600,5.0,5.0,7
773650,5.0,5.0,7
773700,5.0,5.0,7
773750,5.0,5.0,7
773800,5.0,5.0,7
773850,5.0,5.0,7
773900,5.0,5.0,7
773950,5.0,5.0,7
774000,5.0,5.0,7
774050,5.0,5.0,7
774100,5.0,5.0,7
774150,5.0,5.0,7
774200,5.0,5.0,7
774250,5.0,5.0,7
774300,5.0,5.0,7
774350,5.0,5.0,7
774400,5.0,5.0,7
774450,5.0,5.0,7
774500,5.0,5.0,7
774550,5.0,5.0,7
774600,5.0,5.0,7
774650,5.0,5.0,7
774700,5.0,5.0,7
774750,5.0,5.0,7
774800,5.0,5.0,7
774850,5.0,5.0,7
774900,5.0,5.0,7
774950,5.0,5.0,7
775000,5.0,5.0,7
775050,5.0,5.0,7
775100,5.0,5.0,7
775150,5.0,5.0,7
775200,5.0,5.0,7
775250,5.0,5.0,7
775300,5.0,5.0,7
775350,5.0,5.0,7
775400,5.0,5.0,7
775450,5.0,5.0,7
775500,5.0,5.0,7
775550,5.0,5.0,7
775600,5.0,5.0,7
775650,5.0,5.0,7
775700,5.0,5.0,7
775750,5.0,5.0,7
775800,5.0,5.0,7
775850,5.0,5.0,7
775900,5.0,5.0,7
775950,5.0,5.0,7
776000,5.0,5.0,7
776050,5.0,5.0,7
776100,5.0,5.0,7
776150,5.0,5.0,7
776200,5.0,5.0,7
776250,5.0,5.0,7
776300,5.0,5.0,7
776350,5.0,5.0,7
776400,5.0,5.0,7
776450,5.0,5.0,7
776500,5.0,5.0,7
776550,5.0,5.0,7
776600,5.0,5.0,7
776650,5.0,5.0,7
776700,5.0,5.0,7
776750,5.0,5.0,7
776800,5.0,5.0,7
776850,5.0,5.0,7
776900,5.0,5.0,7
776950,5.0,5.0,7
777000,5.0,5.0,7
777050,5.0,5.0,7
777100,5.0,5.0,7
777150,5.0,5.0,7
777200,5.0,5.0,7
777250,5.0,5.0,7
777300,5.0,5.0,7
777350,5.0,5.0,7
777400,5.0,5.0,7
777450,5.0,5.0,7
777500,5.0,5.0,7
777550,5.0,5.0,7
777600,5.0,5.0,7
777650,5.0,5.0,7
777700,5.0,5.0,7
777750,5.0,5.0,7
777800,5.0,5.0,7
777850,5.0,5.0,7
777900,5.0,5.0,7
777950,5.0,5.0,7
778000,5.0,5.0,7
778050,5.0,5.0,7
778100,5.0,5.0,7
778150,5.0,5.0,7
778200,5.0,5.0,7
778250,5.0,5.0,7
778300,5.0,5.0,7
778350,5.0,5.0,7
778400,5.0,5.0,7
778450,5.0,5.0,7
778500,5.0,5.0,7
778550,5.0,5.0,7
778600,5.0,5.0,7
778650,5.0,5.0,7
778700,5.0,5.0,7
778750,5.0,5.0,7
778800,5.0,5.0,7
778850,5.0,5.0,7
778900,5.0,5.0,7
778950,5.0,5.0,7
779000,5.0,5.0,7
779050,5.0,5.0,7
779100,5.0,5.0,7
779150,5.0,5.0,7
779200,5.0,5.0,7
779250,5.0,5.0,7
779300,5.0,5.0,7
779350,5.0,5.0,7
779400,5.0,5.0,7
779450,5.0,5.0,7
779500,5.0,5.0,7
779550,5.0,5.0,7
779600,5.0,5.0,7
779650,5.0,5.0,7
779700,5.0,5.0,7
779750,5.0,5.0,7
779800,5.0,5.0,7
779850,5.0,5.0,7
779900,5.0,5.0,7
779950,5.0,5.0,7
780000,5.0,5.0,7
780050,5.0,5.0,7
780100,5.0,5.0,7
780150,5.0,5.0,7
780200,5.0,5.0,7
780250,5.0,5.0,7
780300,5.0,5.0,7
780350,5.0,5.0,7
780400,5.0,5.0,7
780450,5.0,5.0,7
780500,5.0,5.0,7
780550,5.0,5.0,7
780600,5.0,5.0,7
780650,5.0,5.0,7
780700,5.0,5.0,7
780750,5.0,5.0,7
780800,5.0,5.0,7
780850,5.0,5.0,7
780900,5.0,5.0,7
780950,5.0,5.0,7
781000,5.0,5.0,7
781050,5.0,5.0,7
781100,5.0,5.0,7
781150,5.0,5.0,7
781200,5.0,5.0,7
781250,5.0,5.0,7
781300,5.0,5.0,7
781350,5.0,5.0,7
781400,5.0,5.0,7
781450,5.0,5.0,7
781500,5.0,5.0,7
781550,5.0,5.0,7
781600,5.0,5.0,7
781650,5.0,5.0,7
781700,5.0,5.0,7
781750,5.0,5.0,7
781800,5.0,5.0,7
781850,5.0,5.0,7
781900,5.0,5.0,7
781950,5.0,5.0,7
782000,5.0,5.0,7
782050,5.0,5.0,7
782100,5.0,5.0,7
782150,5.0,5.0,7
782200,5.0,5.0,7
782250,5.0,5.0,7
782300,5.0,5.0,7
782350,5.0,5.0,7
782400,5.0,5.0,7
782450,5.0,5.0,7
782500,5.0,5.0,7
782550,5.0,5.0,7
782600,5.0,5.0,7
782650,5.0,5.0,7
782700,5.0,5.0,7
782750,5.0,5.0,7
782800,5.0,5.0,7
782850,5.0,5.0,7
782900,5.0,5.0,7
782950,5.0,5.0,7
783000,5.0,5.0,7
783050,5.0,5.0,7
783100,5.0,5.0,7
783150,5.0,5.0,7
783200,5.0,5.0,7
783250,5.0,5.0,7
783300,5.0,5.0,7
783350,5.0,5.0,7
783400,5.0,5.0,7
783450,5.0,5.0,7
783500,5.0,5.0,7
783550,5.0,5.0,7
783600,5.0,5.0,7
783650,5.0,5.0,7
783700,5.0,5.0,7
783750,5.0,5.0,7
783800,5.0,5.0,7
783850,5.0,5.0,7
783900,5.0,5.0,7
783950,5.0,5.0,7
784000,5.0,5.0,7
784050,5.0,5.0,7
784100,5.0,5.0,7
784150,5.0,5.0,7
784200,5.0,5.0,7
784250,5.0,5.0,7
784300,5.0,5.0,7
784350,5.0,5.0,7
784400,5.0,5.0,7
784450,5.0,5.0,7
784500,5.0,5.0,7
784550,5.0,5.0,7
784600,5.0,5.0,7
784650,5.0,5.0,7
784700,5.0,5.0,7
784750,5.0,5.0,7
784800,5.0,5.0,7
784850,5.0,5.0,7
784900,5.0,5.0,7
784950,5.0,5.0,7
785000,5.0,5.0,7
785050,5.0,5.0,7
785100,5.0,5.0,7
785150,5.0,5.0,7
785200,5.0,5.0,7
785250,5.0,5.0,7
785300,5.0,5.0,7
785350,5.0,5.0,7
785400,5.0,5.0,7
785450,5.0,5.0,7
785500,5.0,5.0,7
785550,5.0,5.0,7
785600,5.0,5.0,7
785650,5.0,5.0,7
785700,5.0,5.0,7
785750,5.0,5.0,7
785800,5.0,5.0,7
785850,5.0,5.0,7
785900,5.0,5.0,7
785950,5.0,5.0,7
786000,5.0,5.0,7
786050,5.0,5.0,7
786100,5.0,5.0,7
786150,5.0,5.0,7
786200,5.0,5.0,7
786250,5.0,5.0,7
786300,5.0,5.0,7
786350,5.0,5.0,7
786400,5.0,5.0,7
786450,5.0,5.0,7
786500,5.0,5.0,7
786550,5.0,5.0,7
786600,5.0,5.0,7
786650,5.0,5.0,7
786700,5.0,5.0,7
786750,5.0,5.0,7
786800,5.0,5.0,7
786850,5.0,5.0,7
786900,5.0,5.0,7
786950,5.0,5.0,7
787000,5.0,5.0,7
787050,5.0,5.0,7
787100,5.0,5.0,7
787150,5.0,5.0,7
787200,5.0,5.0,7
787250,5.0,5.0,7
787300,5.0,5.0,7
787350,5.0,5.0,7
787400,5.0,5.0,7
787450,5.0,5.0,7
787500,5.0,5.0,7
787550,5.0,5.0,7
787600,5.0,5.0,7
787650,5.0,5.0,7
787700,5.0,5.0,7
787750,5.0,5.0,7
787800,5.0,5.0,7
787850,5.0,5.0,7
787900,5.0,5.0,7
787950,5.0,5.0,7
788000,5.0,5.0,7
788050,5.0,5.0,7
788100,5.0,5.0,7
788150,5.0,5.0,7
788200,5.0,5.0,7
788250,5.0,5.0,7
788300,5.0,5.0,7
788350,5.0,5.0,7
788400,5.0,5.0,7
788450,5.0,5.0,7
788500,5.0,5.0,7
788550,5.0,5.0,7
788600,5.0,5.0,7
788650,5.0,5.0,7
788700,5.0,5.0,7
788750,5.0,5.0,7
788800,5.0,5.0,7
788850,5.0,5.0,7
788900,5.0,5.0,7
788950,5.0,5.0,7
789000,5.0,5.0,7
789050,5.0,5.0,7
789100,5.0,5.0,7
789150,5.0,5.0,7
789200,5.0,5.0,7
789250,5.0,5.0,7
789300,5.0,5.0,7
789350,5.0,5.0,7
789400,5.0,5.0,7
789450,5.0,5.0,7
789500,5.0,5.0,7
789550,5.0,5.0,7
789600,5.0,5.0,7
789650,5.0,5.0,7
789700,5.0,5.0,7
789750,5.0,5.0,7
789800,5.0,5.0,7
789850,5.0,5.0,7
789900,5.0,5.0,7
789950,5.0,5.0,7
790000,5.0,5.0,7
790050,5.0,5.0,7
790100,5.0,5.0,7
790150,5.0,5.0,7
790200,5.0,5.0,7
790250,5.0,5.0,7
790300,5.0,5.0,7
790350,5.0,5.0,7
790400,5.0,5.0,7
790450,5.0,5.0,7
790500,5.0,5.0,7
790550,5.0,5.0,7
790600,5.0,5.0,7
790650,5.0,5.0,7
790700,5.0,5.0,7
790750,5.0,5.0,7
790800,5.0,5.0,7
790850,5.0,5.0,7
790900,5.0,5.0,7
790950,5.0,5.0,7
791000,5.0,5.0,7
791050,5.0,5.0,7
791100,5.0,5.0,7
791150,5.0,5.0,7
791200,5.0,5.0,7
791250,5.0,5.0,7
791300,5.0,5.0,7
791350,5.0,5.0,7
791400,5.0,5.0,7
791450,5.0,5.0,7
791500,5.0,5.0,7
791550,5.0,5.0,7
791600,5.0,5.0,7
791650,5.0,5.0,7
791700,5.0,5.0,7
791750,5.0,5.0,7
791800,5.0,5.0,7
791850,5.0,5.0,7
791900,5.0,5.0,7
791950,5.0,5.0,7
792000,5.0,5.0,7
792050,5.0,5.0,7
792100,5.0,5.0,7
792150,5.0,5.0,7
792200,5.0,5.0,7
792250,5.0,5.0,7
792300,5.0,5.0,7
792350,5.0,5.0,7
792400,5.0,5.0,7
792450,5.0,5.0,7
792500,5.0,5.0,7
792550,5.0,5.0,7
792600,5.0,5.0,7
792650,5.0,5.0,7
792700,5.0,5.0,7
792750,5.0,5.0,7
792800,5.0,5.0,7
792850,5.0,5.0,7
792900,5.0,5.0,7
792950,5.0,5.0,7
793000,5.0,5.0,7
793050,5.0,5.0,7
793100,5.0,5.0,7
793150,5.0,5.0,7
793200,5.0,5.0,7
793250,5.0,5.0,7
793300,5.0,5.0,7
793350,5.0,5.0,7
793400,5.0,5.0,7
793450,5.0,5.0,7
793500,5.0,5.0,7
793550,5.0,5.0,7
793600,5.0,5.0,7
793650,5.0,5.0,7
793700,5.0,5.0,7
793750,5.0,5.0,7
793800,5.0,5.0,7
793850,5.0,5.0,7
793900,5.0,5.0,7
793950,5.0,5.0,7
794000,5.0,5.0,7
794050,5.0,5.0,7
794100,5.0,5.0,7
794150,5.0,5.0,7
794200,5.0,5.0,7
794250,5.0,5.0,7
794300,5.0,5.0,7
794350,5.0,5.0,7
794400,5.0,5.0,7
794450,5.0,5.0,7
794500,5.0,5.0,7
794550,5.0,5.0,7
794600,5.0,5.0,7
794650,5.0,5.0,7
794700,5.0,5.0,7
794750,5.0,5.0,7
794800,5.0,5.0,7
794850,5.0,5.0,7
794900,5.0,5.0,7
794950,5.0,5.0,7
795000,5.0,5.0,7
795050,5.0,5.0,7
795100,5.0,5.0,7
795150,5.0,5.0,7
795200,5.0,5.0,7
795250,5.0,5.0,7
795300,5.0,5.0,7
795350,5.0,5.0,7
795400,5.0,5.0,7
795450,5.0,5.0,7
795500,5.0,5.0,7
795550,5.0,5.0,7
795600,5.0,5.0,7
795650,5.0,5.0,7
795700,5.0,5.0,7
795750,5.0,5.0,7
795800,5.0,5.0,7
795850,5.0,5.0,7
795900,5.0,5.0,7
795950,5.0,5.0,7
796000,5.0,5.0,7
796050,5.0,5.0,7
796100,5.0,5.0,7
796150,5.0,5.0,7
796200,5.0,5.0,7
796250,5.0,5.0,7
796300,5.0,5.0,7
796350,5.0,5.0,7
796400,5.0,5.0,7
796450,5.0,5.0,7
796500,5.0,5.0,7
796550,5.0,5.0,7
796600,5.0,5.0,7
796650,5.0,5.0,7
796700,5.0,5.0,7
796750,5.0,5.0,7
796800,5.0,5.0,7
796850,5.0,5.0,7
796900,5.0,5.0,7
796950,5.0,5.0,7
797000,5.0,5.0,7
797050,5.0,5.0,7
797100,5.0,5.0,7
797150,5.0,5.0,7
797200,5.0,5.0,7
797250,5.0,5.0,7
797300,5.0,5.0,7
797350,5.0,5.0,7
797400,5.0,5.0,7
797450,5.0,5.0,7
797500,5.0,5.0,7
797550,5.0,5.0,7
797600,5.0,5.0,7
797650,5.0,5.0,7
797700,5.0,5.0,7
797750,5.0,5.0,7
797800,5.0,5.0,7
797850,5.0,5.0,7
797900,5.0,5.0,7
797950,5.0,5.0,7
798000,5.0,5.0,7
798050,5.0,5.0,7
798100,5.0,5.0,7
798150,5.0,5.0,7
798200,5.0,5.0,7
798250,5.0,5.0,7
798300,5.0,5.0,7
798350,5.0,5.0,7
798400,5.0,5.0,7
798450,5.0,5.0,7
798500,5.0,5.0,7
798550,5.0,5.0,7
798600,5.0,5.0,7
798650,5.0,5.0,7
798700,5.0,5.0,7
798750,5.0,5.0,7
798800,5.0,5.0,7
798850,5.0,5.0,7
798900,5.0,5.0,7
798950,5.0,5.0,7
799000,5.0,5.0,7
799050,5.0,5.0,7
799100,5.0,5.0,7
799150,5.0,5.0,7
799200,5.0,5.0,7
799250,5.0,5.0,7
799300,5.0,5.0,7
799350,5.0,5.0,7
799400,5.0,5.0,7
799450,5.0,5.0,7
799500,5.0,5.0,7
799550,5.0,5.0,7
799600,5.0,5.0,7
799650,5.0,5.0,7
799700,5.0,5.0,7
799750,5.0,5.0,7
799800,5.0,5.0,7
799850,5.0,5.0,7
799900,5.0,5.0,7
799950,5.0,5.0,7
800000,5.0,5.0,7
800050,5.0,5.0,7
800100,5.0,5.0,7
800150,5.0,5.0,7
800200,5.0,5.0,7
800250,5.0,5.0,7
800300,5.0,5.0,7
800350,5.0,5.0,7
800400,5.0,5.0,7
800450,5.0,5.0,7
800500,5.0,5.0,7
800550,5.0,5.0,7
800600,5.0,5.0,7
800650,5.0,5.0,7
800700,5.0,5.0,7
800750,5.0,5.0,7
800800,5.0,5.0,7
800850,5.0,5.0,7
800900,5.0,5.0,7
800950,5.0,5.0,7
801000,5.0,5.0,7
801050,5.0,5.0,7
801100,5.0,5.0,7
801150,5.0,5.0,7
801200,5.0,5.0,7
801250,5.0,5.0,7
801300,5.0,5.0,7
801350,5.0,5.0,7
801400,5.0,5.0,7
801450,5.0,5.0,7
801500,5.0,5.0,7
801550,5.0,5.0,7
801600,5.0,5.0,7
801650,5.0,5.0,7
801700,5.0,5.0,7
801750,5.0,5.0,7
801800,5.0,5.0,7
801850,5.0,5.0,7
801900,5.0,5.0,7
801950,5.0,5.0,7
802000,5.0,5.0,7
802050,5.0,5.0,7
802100,5.0,5.0,7
802150,5.0,5.0,7
802200,5.0,5.0,7
802250,5.0,5.0,7
802300,5.0,5.0,7
802350,5.0,5.0,7
802400,5.0,5.0,7
802450,5.0,5.0,7
802500,5.0,5.0,7
802550,5.0,5.0,7
802600,5.0,5.0,7
802650,5.0,5.0,7
802700,5.0,5.0,7
802750,5.0,5.0,7
802800,5.0,5.0,7
802850,5.0,5.0,7
802900,5.0,5.0,7
802950,5.0,5.0,7
803000,5.0,5.0,7
803050,5.0,5.0,7
803100,5.0,5.0,7
803150,5.0,5.0,7
803200,5.0,5.0,7
803250,5.0,5.0,7
803300,5.0,5.0,7
803350,5.0,5.0,7
803400,5.0,5.0,7
803450,5.0,5.0,7
803500,5.0,5.0,7
803550,5.0,5.0,7
803600,5.0,5.0,7
803650,5.0,5.0,7
803700,5.0,5.0,7
803750,5.0,5.0,7
803800,5.0,5.0,7
803850,5.0,5.0,7
803900,5.0,5.0,7
803950,5.0,5.0,7
804000,5.0,5.0,7
804050,5.0,5.0,7
804100,5.0,5.0,7
804150,5.0,5.0,7
804200,5.0,5.0,7
804250,5.0,5.0,7
804300,5.0,5.0,7
804350,5.0,5.0,7
804400,5.0,5.0,7
804450,5.0,5.0,7
804500,5.0,5.0,7
804550,5.0,5.0,7
804600,5.0,5.0,7
804650,5.0,5.0,7
804700,5.0,5.0,7
804750,5.0,5.0,7
804800,5.0,5.0,7
804850,5.0,5.0,7
804900,5.0,5.0,7
804950,5.0,5.0,7
805000,5.0,5.0,7
805050,5.0,5.0,7
805100,5.0,5.0,7
805150,5.0,5.0,7
805200,5.0,5.0,7
805250,5.0,5.0,7
805300,5.0,5.0,7
805350,5.0,5.0,7
805400,5.0,5.0,7
805450,5.0,5.0,7
805500,5.0,5.0,7
805550,5.0,5.0,7
805600,5.0,5.0,7
805650,5.0,5.0,7
805700,5.0,5.0,7
805750,5.0,5.0,7
805800,5.0,5.0,7
805850,5.0,5.0,7
805900,5.0,5.0,7
805950,5.0,5.0,7
806000,5.0,5.0,7
806050,5.0,5.0,7
806100,5.0,5.0,7
806150,5.0,5.0,7
806200,5.0,5.0,7
806250,5.0,5.0,7
806300,5.0,5.0,7
806350,5.0,5.0,7
806400,5.0,5.0,7
806450,5.0,5.0,7
806500,5.0,5.0,7
806550,5.0,5.0,7
806600,5.0,5.0,7
806650,5.0,5.0,7
806700,5.0,5.0,7
806750,5.0,5.0,7
806800,5.0,5.0,7
806850,5.0,5.0,7
806900,5.0,5.0,7
806950,5.0,5.0,7
807000,5.0,5.0,7
807050,5.0,5.0,7
807100,5.0,5.0,7
807150,5.0,5.0,7
807200,5.0,5.0,7
807250,5.0,5.0,7
807300,5.0,5.0,7
807350,5.0,5.0,7
807400,5.0,5.0,7
807450,5.0,5.0,7
807500,5.0,5.0,7
807550,5.0,5.0,7
807600,5.0,5.0,7
807650,5.0,5.0,7
807700,5.0,5.0,7
807750,5.0,5.0,7
807800,5.0,5.0,7
807850,5.0,5.0,7
807900,5.0,5.0,7
807950,5.0,5.0,7
808000,5.0,5.0,7
808050,5.0,5.0,7
808100,5.0,5.0,7
808150,5.0,5.0,7
808200,5.0,5.0,7
808250,5.0,5.0,7
808300,5.0,5.0,7
808350,5.0,5.0,7
808400,5.0,5.0,7
808450,5.0,5.0,7
808500,5.0,5.0,7
808550,5.0,5.0,7
808600,5.0,5.0,7
808650,5.0,5.0,7
808700,5.0,5.0,7
808750,5.0,5.0,7
808800,5.0,5.0,7
808850,5.0,5.0,7
808900,5.0,5.0,7
808950,5.0,5.0,7
809000,5.0,5.0,7
809050,5.0,5.0,7
809100,5.0,5.0,7
809150,5.0,5.0,7
809200,5.0,5.0,7
809250,5.0,5.0,7
809300,5.0,5.0,7
809350,5.0,5.0,7
809400,4.988,5.0,7
809450,4.96,5.0,7
809500,4.909,5.0,7
809550,4.86,5.0,7
809600,4.833,5.0,7
809650,4.814,5.0,7
809700,4.787,5.0,7
809750,4.736,5.048,7
809800,4.708,5.067,7
809850,4.698,5.069,7
809900,4.69,5.069,7
809950,4.683,5.071,7
810000,4.666,5.073,7
810050,4.63,5.073,7
810100,4.581,5.073,7
810150,4.548,5.073,7
810200,4.54,5.073,7
810250,4.539,5.073,7
810300,4.538,5.073,7
810350,4.534,5.073,7
810400,4.52,5.073,7
810450,4.491,5.073,7
810500,4.45,5.073,7
810550,4.407,5.073,7
810600,4.382,5.073,7
810650,4.376,5.073,7
810700,4.375,5.073,7
810750,4.375,5.073,7
810800,4.375,5.073,7
810850,4.365,5.073,7
810900,4.325,5.073,7
810950,4.289,5.073,7
811000,4.28,5.073,7
811050,4.28,5.073,7
811100,4.28,5.073,7
811150,4.28,5.073,7
811200,4.28,5.073,7
811250,4.28,5.073,7
811300,4.277,5.073,7
811350,4.272,5.073,7
811400,4.27,5.073,7
811450,4.27,5.073,7
811500,4.27,5.073,7
811550,4.27,5.073,7
811600,4.27,5.073,7
811650,4.27,5.073,7
811700,4.27,5.073,7
811750,4.27,5.073,7
811800,4.27,5.073,7
811850,4.269,5.073,7
811900,4.266,5.073,7
811950,4.265,5.073,7
812000,4.265,5.073,7
812050,4.261,5.073,7
812100,4.254,5.073,7
812150,4.244,5.073,7
812200,4.23,5.073,7
812250,4.216,5.073,7
812300,4.206,5.073,7
812350,4.202,5.073,7
812400,4.198,5.073,7
812450,4.197,5.073,7
812500,4.189,5.073,7
812550,4.183,5.073,7
812600,4.177,5.073,7
812650,4.169,5.073,7
812700,4.155,5.073,7
812750,4.146,5.073,7
812800,4.141,5.073,7
812850,4.138,5.073,7
812900,4.137,5.073,7
812950,4.137,5.073,7
813000,4.137,5.073,7
813050,4.137,5.073,7
813100,4.137,5.073,7
813150,4.137,5.073,7
813200,4.137,5.073,7
813250,4.137,5.073,7
813300,4.137,5.073,7
813350,4.137,5.073,7
813400,4.137,5.073,7
813450,4.137,5.073,7
813500,4.137,5.073,7
813550,4.137,5.073,7
813600,4.137,5.073,7
813650,4.137,5.073,7
813700,4.137,5.073,7
813750,4.137,5.073,7
813800,4.137,5.073,7
813850,4.137,5.073,7
813900,4.137,5.073,7
813950,4.137,5.073,7
814000,4.137,5.073,7
814050,4.137,5.073,7
814100,4.137,5.073,7
814150,4.137,5.073,7
814200,4.137,5.073,7
814250,4.137,5.073,7
814300,4.137,5.073,7
814350,4.137,5.072,7
814400,4.137,5.069,7
814450,4.137,5.068,7
814500,4.137,5.067,7
814550,4.137,5.067,7
814600,4.137,5.067,7
814650,4.137,5.067,7
814700,4.137,5.067,7
814750,4.137,5.066,7
814800,4.137,5.065,7
814850,4.137,5.065,7
814900,4.137,5.065,7
814950,4.137,5.06,7
815000,4.137,5.051,7
815050,4.137,5.047,7
815100,4.137,5.046,7
815150,4.137,5.044,7
815200,4.137,5.043,7
815250,4.137,5.043,7
815300,4.137,5.043,7
815350,4.137,5.043,7
815400,4.137,5.043,7
815450,4.137,5.043,7
815500,4.137,5.043,7
815550,4.137,5.043,7
815600,4.137,5.043,7
815650,4.137,5.041,7
815700,4.137,5.04,7
815750,4.137,5.04,7
815800,4.137,5.04,7
815850,4.137,5.039,7
815900,4.137,5.038,7
815950,4.137,5.036,7
816000,4.137,5.034,7
816050,4.137,5.032,7
816100,4.137,5.031,7
816150,4.137,5.027,7
816200,4.137,5.025,7
816250,4.136,5.024,7
816300,4.134,5.017,7
816350,4.127,5.009,7
816400,4.121,5.001,7
816450,4.117,4.997,7
816500,4.116,4.992,7
816550,4.114,4.986,7
816600,4.112,4.981,7
816650,4.111,4.981,7
816700,4.111,4.981,7
816750,4.111,4.981,7
816800,4.111,4.98,7
816850,4.111,4.979,7
816900,4.111,4.979,7
816950,4.111,4.979,7
817000,4.111,4.979,7
817050,4.111,4.979,7
817100,4.111,4.979,7
817150,4.111,4.979,7
817200,4.111,4.979,7
817250,4.111,4.979,7
817300,4.111,4.979,7
817350,4.111,4.979,7
817400,4.111,4.979,7
817450,4.111,4.979,7
817500,4.111,4.979,7
817550,4.111,4.979,7
817600,4.111,4.979,7
817650,4.111,4.979,7
817700,4.111,4.979,7
817750,4.111,4.979,7
817800,4.111,4.979,7
817850,4.107,4.979,7
817900,4.104,4.979,7
817950,4.104,4.979,7
818000,4.104,4.979,7
818050,4.104,4.979,7
818100,4.104,4.979,7
818150,4.104,4.98,7
818200,4.097,5.0,7
818250,4.093,5.034,7
818300,4.089,5.077,7
818350,4.086,5.133,7
818400,4.079,5.186,7
818450,4.072,5.219,7
818500,4.07,5.24,7
818550,4.07,5.257,7
818600,4.07,5.273,7
818650,4.07,5.289,7
818700,4.07,5.309,7
818750,4.07,5.338,7
818800,4.07,5.371,7
818850,4.07,5.406,7
818900,4.071,5.426,7
818950,4.077,5.437,7
819000,4.082,5.44,7
819050,4.085,5.44,7
819100,4.091,5.44,7
819150,4.097,5.44,7
819200,4.105,5.44,7
819250,4.111,5.44,7
819300,4.127,5.44,7
819350,4.159,5.452,7
819400,4.193,5.467,7
819450,4.21,5.475,7
819500,4.218,5.483,7
819550,4.22,5.491,7
819600,4.22,5.5,7
819650,4.22,5.517,7
819700,4.22,5.535,7
819750,4.22,5.547,7
819800,4.22,5.558,7
819850,4.22,5.571,7
819900,4.22,5.577,7
819950,4.216,5.581,7
820000,4.196,5.588,7
820050,4.16,5.6,7
820100,4.098,5.611,7
820150,4.024,5.628,7
820200,3.959,5.646,7
820250,3.935,5.651,7
820300,3.932,5.651,7
820350,3.93,5.651,7
820400,3.926,5.651,7
820450,3.922,5.651,7
820500,3.918,5.651,7
820550,3.906,5.651,7
820600,3.867,5.647,7
820650,3.742,5.626,7
820700,3.553,5.6,7
820750,3.44,5.593,7
820800,3.417,5.593,7
820850,3.417,5.593,7
820900,3.417,5.593,7
820950,3.417,5.593,7
821000,3.417,5.593,7
821050,3.417,5.593,7
821100,3.439,5.593,7
821150,3.495,5.593,7
821200,3.555,5.593,7
821250,3.582,5.593,7
821300,3.592,5.593,7
821350,3.592,5.598,7
821400,3.592,5.606,7
821450,3.592,5.62,7
821500,3.592,5.637,7
821550,3.592,5.651,7
821600,3.592,5.661,7
821650,3.592,5.666,7
821700,3.592,5.67,7
821750,3.592,5.671,7
821800,3.593,5.674,7
821850,3.596,5.677,7
821900,3.6,5.682,7
821950,3.601,5.692,7
822000,3.602,5.703,7
822050,3.602,5.72,7
822100,3.604,5.737,7
822150,3.605,5.748,7
822200,3.607,5.754,7
822250,3.607,5.758,7
822300,3.609,5.761,7
822350,3.611,5.766,7
822400,3.613,5.767,7
822450,3.614,5.767,7
822500,3.615,5.767,7
822550,3.615,5.767,7
822600,3.615,5.767,7
822650,3.615,5.767,7
822700,3.615,5.767,7
822750,3.615,5.767,7
822800,3.615,5.767,7
822850,3.616,5.767,7
822900,3.617,5.767,7
822950,3.617,5.767,7
823000,3.617,5.767,7
823050,3.617,5.767,7
823100,3.617,5.767,7
823150,3.618,5.767,7
823200,3.621,5.767,7
823250,3.625,5.767,7
823300,3.626,5.767,7
823350,3.626,5.767,7
823400,3.626,5.767,7
823450,3.626,5.763,7
823500,3.626,5.756,7
823550,3.626,5.749,7
823600,3.626,5.739,7
823650,3.626,5.731,7
823700,3.626,5.715,7
823750,3.626,5.694,7
823800,3.626,5.678,7
823850,3.626,5.67,7
823900,3.626,5.668,7
823950,3.626,5.658,7
824000,3.534,5.198,7
824050,3.614,4.239,7
824100,4.369,4.794,7
824150,3.824,4.92,7
824200,3.37,5.005,7
824250,3.442,5.318,7
824300,3.325,5.579,7
824350,3.038,5.82,7
824400,2.84,6.07,7
824450,2.796,6.191,7
824500,2.569,6.211,7
824550,2.083,6.317,7
824600,1.471,6.593,7
824650,1.164,6.881,7
824700,0.889,7.109,7
824750,0.586,7.369,7
824800,0.5,7.94,7
824850,0.5,8.573,7
824900,0.5,8.94,7
824950,0.5,8.959,7
825000,0.5,8.817,7
825050,0.5,8.625,7
825100,0.5,8.431,7
825150,0.5,8.241,7
825200,0.5,8.128,7
825250,0.5,8.104,7
825300,0.5,8.16,7
825350,0.5,8.299,7
825400,0.5,8.639,7
825450,0.5,9.114,7
825500,0.5,9.43,7
825550,0.5,9.5,7
825600,0.5,9.5,7
825650,0.5,9.5,7
825700,0.5,9.5,7
825750,0.5,9.5,7
825800,0.5,9.5,7
825850,0.5,9.5,7
825900,0.5,9.5,7
825950,0.5,9.5,7
826000,0.5,9.5,7
826050,0.5,9.5,7
826100,0.5,9.5,7
826150,0.5,9.5,7
826200,0.5,9.5,7
826250,0.5,9.5,7
826300,0.5,9.5,7
826350,0.5,9.5,7
826400,0.5,9.5,7
826450,0.5,9.5,7
826500,0.5,9.5,7
826550,0.5,9.5,7
826600,0.5,9.5,7
826650,0.5,9.5,7
826700,0.5,9.5,7
826750,0.5,9.5,7
826800,0.5,9.5,7
826850,0.5,9.5,7
826900,0.5,9.5,7
826950,0.5,9.5,7
827000,0.5,9.5,7
827050,0.5,9.5,7
827100,0.5,9.5,7
827150,0.5,9.5,7
827200,0.5,9.5,7
827250,0.5,9.5,7
827300,0.5,9.5,7
827350,0.5,9.5,7
827400,0.5,9.5,7
827450,0.5,9.5,7
827500,0.5,9.5,7
827550,0.5,9.5,7
827600,0.5,9.5,7
827650,0.5,9.5,7
827700,0.5,9.5,7
827750,0.5,9.5,7
827800,0.5,9.5,7
827850,0.5,9.5,7
827900,0.5,9.5,7
827950,0.5,9.5,7
828000,0.5,9.5,7
828050,0.5,9.5,7
828100,0.5,9.5,7
828150,0.5,9.5,7
828200,0.5,9.5,7
828250,0.5,9.5,7
828300,0.5,9.5,7
828350,0.5,9.5,7
828400,0.5,9.5,7
828450,0.5,9.5,7
828500,0.5,9.5,7
828550,0.5,9.5,7
828600,0.5,9.5,7
828650,0.5,9.465,7
828700,0.5,9.403,7
828750,0.5,9.365,7
828800,0.5,9.376,7
828850,0.5,9.465,7
828900,0.5,9.5,7
828950,0.5,9.5,7
829000,0.5,9.5,7
829050,0.5,9.5,7
829100,0.5,9.5,7
829150,0.5,9.5,7
829200,0.5,9.5,7
829250,0.5,9.5,7
829300,0.5,9.5,7
829350,0.5,9.5,7
829400,0.5,9.5,7
829450,0.5,9.5,7
829500,0.5,9.5,7
829550,0.5,9.5,7
829600,0.5,9.5,7
829650,0.5,9.5,7
829700,0.5,9.5,7
829750,0.5,9.5,7
829800,0.5,9.5,7
829850,0.5,9.5,7
829900,0.5,9.5,7
829950,0.5,9.5,7
830000,0.5,9.5,7
830050,0.5,9.5,7
830100,0.5,9.5,7
830150,0.5,9.5,7
830200,0.5,9.5,7
830250,0.5,9.5,7
830300,0.5,9.5,7
830350,0.5,9.5,7
830400,0.5,9.5,7
830450,0.5,9.5,7
830500,0.5,9.5,7
830550,0.5,9.5,7
830600,0.5,9.5,7
830650,0.5,9.5,7
830700,0.5,9.5,7
830750,0.5,9.5,7
830800,0.5,9.5,7
830850,0.5,9.5,7
830900,0.5,9.5,7
830950,0.5,9.5,7
831000,0.5,9.5,7
831050,0.5,9.5,7
831100,0.5,9.5,7
831150,0.5,9.5,7
831200,0.5,9.5,7
831250,0.5,9.5,7
831300,0.5,9.5,7
831350,0.5,9.5,7
831400,0.5,9.5,7
831450,0.5,9.5,7
831500,0.5,9.5,7
831550,0.5,9.5,7
831600,0.5,9.5,7
831650,0.5,9.5,7
831700,0.5,9.5,7
831750,0.5,9.5,7
831800,0.5,9.5,7
831850,0.5,9.5,7
831900,0.5,9.5,7
831950,0.5,9.5,7
832000,0.5,9.5,7
832050,0.5,9.5,7
832100,0.5,9.5,7
832150,0.5,9.5,7
832200,0.5,9.5,7
832250,0.5,9.5,7
832300,0.5,9.5,7
832350,0.5,9.5,7
832400,0.5,9.5,7
832450,0.5,9.5,7
832500,0.5,9.5,7
832550,0.5,9.5,7
832600,0.5,9.5,7
832650,0.5,9.5,7
832700,0.5,9.5,7
832750,0.5,9.5,7
832800,0.5,9.5,7
832850,0.5,9.5,7
832900,0.5,9.5,7
832950,0.5,9.5,7
833000,0.5,9.5,7
833050,0.5,9.5,7
833100,0.5,9.5,7
833150,0.5,9.5,7
833200,0.5,9.5,7
833250,0.5,9.5,7
833300,0.5,9.5,7
833350,0.5,9.5,7
833400,0.5,9.5,7
833450,0.5,9.5,7
833500,0.5,9.5,7
833550,0.5,9.5,7
833600,0.5,9.5,7
833650,0.5,9.5,7
833700,0.5,9.5,7
833750,0.5,9.5,7
833800,0.5,9.5,7
833850,0.5,9.5,7
833900,0.5,9.5,7
833950,0.5,9.5,7
834000,0.5,9.5,7
834050,0.5,9.5,7
834100,0.5,9.5,7
834150,0.5,9.5,7
834200,0.5,9.5,7
834250,0.5,9.5,7
834300,0.5,9.5,7
834350,0.5,9.5,7
834400,0.5,9.5,7
834450,0.5,9.5,7
834500,0.5,9.5,7
834550,0.5,9.5,7
834600,0.5,9.5,7
834650,0.5,9.5,7
834700,0.5,9.5,7
834750,0.5,9.5,7
834800,0.5,9.5,7
834850,0.5,9.5,7
834900,0.5,9.5,7
834950,0.5,9.5,7
835000,0.5,9.5,7
835050,0.5,9.5,7
835100,0.5,9.5,7
835150,0.5,9.5,7
835200,0.5,9.5,7
835250,0.5,9.5,7
835300,0.5,9.5,7
835350,0.5,9.5,7
835400,0.5,9.5,7
835450,0.5,9.5,7
835500,0.5,9.5,7
835550,0.5,9.5,7
835600,0.5,9.5,7
835650,0.5,9.5,7
835700,0.5,9.5,7
835750,0.5,9.5,7
835800,0.5,9.5,7
835850,0.5,9.5,7
835900,0.5,9.5,7
835950,0.5,9.5,7
836000,0.5,9.5,7
836050,0.5,9.5,7
836100,0.5,9.5,7
836150,0.5,9.5,7
836200,0.5,9.5,7
836250,0.5,9.5,7
836300,0.5,9.5,7
836350,0.5,9.5,7
836400,0.5,9.5,7
836450,0.5,9.5,7
836500,0.5,9.5,7
836550,0.5,9.5,7
836600,0.5,9.5,7
836650,0.5,9.5,7
836700,0.5,9.5,7
836750,0.5,9.5,7
836800,0.5,9.5,7
836850,0.5,9.5,7
836900,0.5,9.5,7
836950,0.5,9.5,7
837000,0.5,9.5,7
837050,0.5,9.5,7
837100,0.5,9.5,7
837150,0.5,9.5,7
837200,0.5,9.5,7
837250,0.5,9.5,7
837300,0.5,9.5,7
837350,0.5,9.5,7
837400,0.5,9.5,7
837450,0.5,9.5,7
837500,0.5,9.5,7
837550,0.5,9.5,7
837600,0.5,9.5,7
837650,0.5,9.5,7
837700,0.5,9.5,7
837750,0.5,9.5,7
837800,0.5,9.5,7
837850,0.5,9.5,7
837900,0.5,9.5,7
837950,0.5,9.5,7
838000,0.5,9.5,7
838050,0.5,9.5,7
838100,0.5,9.5,7
838150,0.5,9.5,7
838200,0.5,9.5,7
838250,0.5,9.5,7
838300,0.5,9.5,7
838350,0.5,9.5,7
838400,0.5,9.5,7
838450,0.5,9.5,7
838500,0.5,9.5,7
838550,0.5,9.5,7
838600,0.5,9.5,7
838650,0.5,9.5,7
838700,0.5,9.5,7
838750,0.5,9.5,7
838800,0.5,9.5,7
838850,0.5,9.5,7
838900,0.5,9.5,7
838950,0.5,9.5,7
839000,0.5,9.5,7
839050,0.5,9.5,7
839100,0.5,9.5,7
839150,0.5,9.5,7
839200,0.5,9.5,7
839250,0.5,9.5,7
839300,0.5,9.5,7
839350,0.5,9.5,7
839400,0.5,9.5,7
839450,0.5,9.5,7
839500,0.5,9.5,7
839550,0.5,9.5,7
839600,0.5,9.5,7
839650,0.5,9.5,7
839700,0.5,9.5,7
839750,0.5,9.5,7
839800,0.5,9.5,7
839850,0.5,9.5,7
839900,0.5,9.5,7
839950,0.5,9.5,7
840000,0.5,9.5,7
840050,0.5,9.5,7
840100,0.5,9.5,7
840150,0.5,9.5,7
840200,0.5,9.5,7
840250,0.5,9.5,7
840300,0.5,9.5,7
840350,0.5,9.496,7
840400,0.5,9.459,7
840450,0.5,9.444,7
840500,0.5,9.444,7
840550,0.5,9.444,7
840600,0.5,9.444,7
840650,0.5,9.444,7
840700,0.5,9.444,7
840750,0.5,9.444,7
840800,0.5,9.444,7
840850,0.5,9.444,7
840900,0.5,9.444,7
840950,0.5,9.444,7
841000,0.5,9.444,7
841050,0.5,9.444,7
841100,0.5,9.444,7
841150,0.5,9.444,7
841200,0.5,9.444,7
841250,0.5,9.444,7
841300,0.5,9.444,7
841350,0.5,9.444,7
841400,0.5,9.444,7
841450,0.5,9.444,7
841500,0.5,9.444,7
841550,0.5,9.444,7
841600,0.5,9.444,7
841650,0.5,9.444,7
841700,0.5,9.444,7
841750,0.5,9.444,7
841800,0.5,9.444,7
841850,0.5,9.444,7
841900,0.5,9.444,7
841950,0.5,9.444,7
842000,0.5,9.444,7
842050,0.5,9.444,7
842100,0.5,9.407,7
842150,0.5,9.311,7
842200,0.5,9.224,7
842250,0.5,9.201,7
842300,0.5,9.231,7
842350,0.5,9.35,7
842400,0.5,9.468,7
842450,0.5,9.5,7
842500,0.5,9.5,7
842550,0.5,9.5,7
842600,0.5,9.5,7
842650,0.5,9.5,7
842700,0.5,9.5,7
842750,0.5,9.5,7
842800,0.5,9.5,7
842850,0.5,9.5,7
842900,0.5,9.5,7
842950,0.5,9.5,7
843000,0.5,9.5,7
843050,0.5,9.5,7
843100,0.5,9.5,7
843150,0.5,9.5,7
843200,0.5,9.499,7
843250,0.5,9.493,7
843300,0.5,9.488,7
843350,0.5,9.485,7
843400,0.5,9.485,7
843450,0.5,9.485,7
843500,0.5,9.485,7
843550,0.5,9.485,7
843600,0.5,9.485,7
843650,0.5,9.485,7
843700,0.5,9.483,7
843750,0.5,9.478,7
843800,0.5,9.462,7
843850,0.5,9.432,7
843900,0.5,9.407,7
843950,0.5,9.4,7
844000,0.5,9.4,7
844050,0.5,9.431,7
844100,0.5,9.483,7
844150,0.5,9.5,7
844200,0.5,9.5,7
844250,0.5,9.5,7
844300,0.5,9.5,7
844350,0.5,9.5,7
844400,0.5,9.5,7
844450,0.5,9.5,7
844500,0.5,9.5,7
844550,0.5,9.5,7
844600,0.5,9.5,7
844650,0.5,9.5,7
844700,0.5,9.429,7
844750,0.5,9.332,7
844800,0.5,9.289,7
844850,0.5,9.283,7
844900,0.5,9.283,7
844950,0.5,9.283,7
845000,0.5,9.283,7
845050,0.5,9.263,7
845100,0.5,9.228,7
845150,0.5,9.216,7
845200,0.5,9.216,7
845250,0.5,9.216,7
845300,0.5,9.216,7
845350,0.5,9.216,7
845400,0.5,9.216,7
845450,0.5,9.216,7
845500,0.5,9.216,7
845550,0.5,9.216,7
845600,0.5,9.216,7
845650,0.5,9.216,7
845700,0.5,9.216,7
845750,0.5,9.216,7
845800,0.5,9.226,7
845850,0.5,9.242,7
845900,0.5,9.257,7
845950,0.5,9.271,7
846000,0.5,9.31,7
846050,0.5,9.362,7
846100,0.5,9.378,7
846150,0.5,9.378,7
846200,0.5,9.378,7
846250,0.5,9.378,7
846300,0.5,9.378,7
846350,0.5,9.378,7
846400,0.5,9.378,7
846450,0.5,9.378,7
846500,0.5,9.373,7
846550,0.5,9.371,7
846600,0.5,9.371,7
846650,0.5,9.371,7
846700,0.5,9.371,7
846750,0.5,9.371,7
846800,0.5,9.371,7
846850,0.5,9.371,7
846900,0.5,9.371,7
846950,0.5,9.371,7
847000,0.5,9.371,7
847050,0.5,9.371,7
847100,0.5,9.371,7
847150,0.5,9.371,7
847200,0.5,9.371,7
847250,0.5,9.371,7
847300,0.5,9.371,7
847350,0.5,9.371,7
847400,0.5,9.371,7
847450,0.5,9.371,7
847500,0.5,9.371,7
847550,0.5,9.371,7
847600,0.5,9.371,7
847650,0.5,9.371,7
847700,0.5,9.371,7
847750,0.5,9.371,7
847800,0.5,9.371,7
847850,0.5,9.371,7
847900,0.5,9.371,7
847950,0.5,9.371,7
848000,0.5,9.371,7
848050,0.5,9.371,7
848100,0.5,9.371,7
848150,0.5,9.371,7
848200,0.5,9.371,7
848250,0.5,9.371,7
848300,0.5,9.371,7
848350,0.5,9.374,7
848400,0.5,9.378,7
848450,0.5,9.384,7
848500,0.5,9.392,7
848550,0.5,9.394,7
848600,0.5,9.394,7
848650,0.5,9.394,7
848700,0.5,9.394,7
848750,0.5,9.394,7
848800,0.5,9.394,7
848850,0.5,9.395,7
848900,0.5,9.395,7
848950,0.5,9.396,7
849000,0.5,9.399,7
849050,0.5,9.403,7
849100,0.5,9.407,7
849150,0.5,9.413,7
849200,0.5,9.415,7
849250,0.5,9.415,7
849300,0.5,9.415,7
849350,0.5,9.416,7
849400,0.5,9.417,7
849450,0.5,9.421,7
849500,0.5,9.423,7
849550,0.5,9.423,7
849600,0.5,9.424,7
849650,0.5,9.424,7
849700,0.5,9.425,7
849750,0.5,9.425,7
849800,0.5,9.428,7
849850,0.5,9.43,7
849900,0.5,9.431,7
849950,0.5,9.432,7
850000,0.5,9.435,7
850050,0.5,9.436,7
850100,0.5,9.436,7
850150,0.5,9.439,7
850200,0.5,9.441,7
850250,0.5,9.445,7
850300,0.5,9.452,7
850350,0.5,9.458,7
850400,0.5,9.465,7
850450,0.5,9.469,7
850500,0.5,9.47,7
850550,0.5,9.471,7
850600,0.5,9.472,7
850650,0.5,9.477,7
850700,0.5,9.482,7
850750,0.5,9.483,7
850800,0.5,9.483,7
850850,0.5,9.485,7
850900,0.5,9.487,7
850950,0.5,9.491,7
851000,0.5,9.495,7
851050,0.5,9.498,7
851100,0.5,9.5,7
851150,0.5,9.5,7
851200,0.5,9.5,7
851250,0.5,9.5,7
851300,0.5,9.5,7
851350,0.5,9.5,7
851400,0.5,9.5,7
851450,0.5,9.5,7
851500,0.5,9.5,7
851550,0.5,9.5,7
851600,0.5,9.5,7
851650,0.5,9.5,7
851700,0.5,9.5,7
851750,0.5,9.5,7
851800,0.5,9.5,7
851850,0.5,9.5,7
851900,0.5,9.5,7
851950,0.5,9.5,7
852000,0.5,9.5,7
852050,0.5,9.5,7
852100,0.5,9.5,7
852150,0.5,9.5,7
852200,0.5,9.5,7
852250,0.5,9.5,7
852300,0.5,9.5,7
852350,0.5,9.5,7
852400,0.5,9.5,7
852450,0.5,9.5,7
852500,0.5,9.5,7
852550,0.5,9.5,7
852600,0.5,9.5,7
852650,0.5,9.5,7
852700,0.5,9.5,7
852750,0.5,9.5,7
852800,0.5,9.5,7
852850,0.5,9.5,7
852900,0.5,9.5,7
852950,0.5,9.5,7
853000,0.5,9.5,7
853050,0.5,9.5,7
853100,0.5,9.5,7
853150,0.5,9.5,7
853200,0.5,9.5,7
853250,0.5,9.5,7
853300,0.5,9.5,7
853350,0.5,9.5,7
853400,0.5,9.5,7
853450,0.5,9.5,7
853500,0.5,9.5,7
853550,0.5,9.5,7
853600,0.5,9.5,7
853650,0.5,9.5,7
853700,0.5,9.5,7
853750,0.5,9.5,7
853800,0.5,9.5,7
853850,0.5,9.5,7
853900,0.5,9.5,7
853950,0.5,9.5,7
854000,0.5,9.5,7
854050,0.5,9.5,7
854100,0.5,9.5,7
854150,0.5,9.5,7
854200,0.5,9.5,7
854250,0.5,9.5,7
854300,0.5,9.5,7
854350,0.5,9.421,7
854400,0.5,9.216,7
854450,0.5,8.955,7
854500,0.5,8.672,7
854550,0.5,8.38,7
854600,0.5,8.127,7
854650,0.5,7.997,7
854700,0.5,7.971,7
854750,0.5,7.971,7
854800,0.5,7.965,7
854850,0.5,7.959,7
854900,0.5,7.953,7
854950,0.5,7.939,7
855000,0.5,7.896,7
855050,0.5,7.845,7
855100,0.5,7.802,7
855150,0.5,7.771,7
855200,0.5,7.756,7
855250,0.5,7.753,7
855300,0.5,7.752,7
855350,0.5,7.752,7
855400,0.5,7.752,7
855450,0.5,7.752,7
855500,0.5,7.75,7
855550,0.5,7.74,7
855600,0.594,7.667,7
855650,0.82,7.528,7
855700,1.123,7.375,7
855750,1.443,7.235,7
855800,1.702,7.124,7
855850,1.791,7.085,7
855900,1.799,7.081,7
855950,1.799,7.081,7
856000,1.799,7.081,7
856050,1.799,7.081,7
856100,1.799,7.081,7
856150,1.799,7.079,7
856200,1.799,7.06,7
856250,1.799,7.05,7
856300,1.799,7.048,7
856350,1.799,7.044,7
856400,1.799,7.041,7
856450,1.799,7.041,7
856500,1.799,7.041,7
856550,1.799,7.041,7
856600,1.799,7.041,7
856650,1.799,7.041,7
856700,1.799,7.041,7
856750,1.799,7.041,7
856800,1.799,7.041,7
856850,1.799,7.041,7
856900,1.799,7.041,7
856950,1.799,7.041,7
857000,1.799,7.041,7
857050,1.799,7.041,7
857100,1.799,7.037,7
857150,1.799,7.031,7
857200,1.799,7.025,7
857250,1.799,7.014,7
857300,1.799,6.988,7
857350,1.799,6.965,7
857400,1.799,6.951,7
857450,1.799,6.947,7
857500,1.799,6.947,7
857550,1.799,6.947,7
857600,1.799,6.946,7
857650,1.799,6.937,7
857700,1.799,6.924,7
857750,1.799,6.902,7
857800,1.799,6.874,7
857850,1.799,6.858,7
857900,1.824,6.843,7
857950,1.876,6.803,7
858000,1.948,6.761,7
858050,2.038,6.725,7
858100,2.133,6.693,7
858150,2.213,6.651,7
858200,2.263,6.622,7
858250,2.296,6.606,7
858300,2.319,6.591,7
858350,2.347,6.582,7
858400,2.399,6.561,7
858450,2.518,6.518,7
858500,2.713,6.469,7
858550,2.92,6.416,7
858600,3.022,6.377,7
858650,3.04,6.367,7
858700,3.042,6.367,7
858750,3.046,6.367,7
858800,3.054,6.367,7
858850,3.07,6.367,7
858900,3.085,6.362,7
858950,3.095,6.352,7
859000,3.102,6.346,7
859050,3.104,6.34,7
859100,3.104,6.338,7
859150,3.104,6.338,7
859200,3.105,6.336,7
859250,3.107,6.336,7
859300,3.112,6.336,7
859350,3.121,6.335,7
859400,3.128,6.335,7
859450,3.134,6.334,7
859500,3.137,6.334,7
859550,3.138,6.333,7
859600,3.138,6.333,7
859650,3.138,6.333,7
859700,3.138,6.333,7
859750,3.138,6.333,7
859800,3.138,6.333,7
859850,3.138,6.333,7
859900,3.138,6.333,7
859950,3.138,6.333,7
860000,3.138,6.333,7
860050,3.138,6.333,7
860100,3.138,6.333,7
860150,3.138,6.333,7
860200,3.138,6.333,7
860250,3.138,6.333,7
860300,3.138,6.333,7
860350,3.138,6.333,7
860400,3.138,6.333,7
860450,3.138,6.333,7
860500,3.138,6.333,7
860550,3.138,6.333,7
860600,3.138,6.333,7
860650,3.138,6.333,7
860700,3.133,6.333,7
860750,3.13,6.333,7
860800,3.123,6.333,7
860850,3.114,6.333,7
860900,3.103,6.336,7
860950,3.086,6.342,7
861000,3.045,6.353,7
861050,2.99,6.359,7
861100,2.949,6.361,7
861150,2.934,6.362,7
861200,2.932,6.362,7
861250,2.932,6.362,7
861300,2.931,6.362,7
861350,2.927,6.362,7
861400,2.922,6.362,7
861450,2.915,6.361,7
861500,2.877,6.356,7
861550,2.859,6.355,7
861600,2.845,6.355,7
861650,2.839,6.355,7
861700,2.838,6.355,7
861750,2.838,6.355,7
861800,2.838,6.355,7
861850,2.838,6.355,7
861900,2.838,6.355,7
861950,2.838,6.355,7
862000,2.838,6.355,7
862050,2.838,6.355,7
862100,2.838,6.355,7
862150,2.838,6.355,7
862200,2.838,6.355,7
862250,2.838,6.355,7
862300,2.838,6.355,7
862350,2.838,6.355,7
862400,2.838,6.355,7
862450,2.838,6.355,7
862500,2.838,6.355,7
862550,2.838,6.355,7
862600,2.838,6.355,7
862650,2.838,6.355,7
862700,2.838,6.355,7
862750,2.838,6.355,7
862800,2.838,6.355,7
862850,2.838,6.355,7
862900,2.838,6.355,7
862950,2.838,6.355,7
863000,2.838,6.355,7
863050,2.838,6.355,7
863100,2.838,6.355,7
863150,2.838,6.355,7
863200,2.838,6.355,7
863250,2.838,6.355,7
863300,2.838,6.355,7
863350,2.838,6.355,7
863400,2.838,6.355,7
863450,2.838,6.355,7
863500,2.838,6.355,7
863550,2.838,6.355,7
863600,2.838,6.355,7
863650,2.838,6.355,7
863700,2.838,6.355,7
863750,2.838,6.355,7
863800,2.838,6.355,7
863850,2.838,6.355,7
863900,2.838,6.355,7
863950,2.838,6.355,7
864000,2.838,6.355,7
864050,2.838,6.355,7
864100,2.838,6.355,7
864150,2.838,6.355,7
864200,2.838,6.355,7
864250,2.838,6.355,7
864300,2.838,6.355,7
864350,2.838,6.355,7
864400,2.838,6.355,7
864450,2.838,6.355,7
864500,2.838,6.355,7
864550,2.838,6.355,7
864600,2.838,6.355,7
864650,2.838,6.355,7
864700,2.838,6.355,7
864750,2.838,6.355,7
864800,2.838,6.355,7
864850,2.838,6.355,7
864900,2.838,6.355,7
864950,2.838,6.355,7
865000,2.838,6.355,7
865050,2.838,6.355,7
865100,2.838,6.355,7
865150,2.838,6.355,7
865200,2.838,6.355,7
865250,2.838,6.355,7
865300,2.838,6.355,7
865350,2.838,6.355,7
865400,2.838,6.355,7
865450,2.838,6.355,7
865500,2.838,6.355,7
865550,2.838,6.355,7
865600,2.838,6.355,7
865650,2.838,6.355,7
865700,2.838,6.355,7
865750,2.838,6.355,7
865800,2.838,6.355,7
865850,2.838,6.355,7
865900,2.838,6.355,7
865950,2.838,6.355,7
866000,2.838,6.355,7
866050,2.838,6.355,7
866100,2.834,6.355,7
866150,2.822,6.355,7
866200,2.755,6.355,7
866250,2.526,6.373,7
866300,2.191,6.484,7
866350,1.955,6.617,7
866400,1.771,6.746,7
866450,1.529,6.884,7
866500,1.209,7.053,7
866550,0.985,7.172,7
866600,0.931,7.202,7
866650,0.931,7.202,7
866700,0.931,7.202,7
866750,0.931,7.202,7
866800,0.932,7.179,7
866850,0.934,7.145,7
866900,0.935,7.125,7
866950,0.936,7.114,7
867000,0.936,7.111,7
867050,0.936,7.111,7
867100,0.936,7.108,7
867150,0.937,7.107,7
867200,0.937,7.107,7
867250,0.937,7.107,7
867300,0.934,7.158,7
867350,0.928,7.256,7
867400,0.923,7.329,7
867450,0.922,7.353,7
867500,0.924,7.356,7
867550,0.925,7.356,7
867600,0.925,7.356,7
867650,0.925,7.356,7
867700,0.926,7.356,7
867750,0.927,7.356,7
867800,0.929,7.356,7
867850,0.931,7.356,7
867900,0.935,7.356,7
867950,0.937,7.356,7
868000,0.938,7.361,7
868050,0.936,7.383,7
868100,0.935,7.404,7
868150,0.935,7.411,7
868200,0.941,7.413,7
868250,0.944,7.414,7
868300,0.944,7.414,7
868350,0.945,7.414,7
868400,0.944,7.428,7
868450,0.942,7.472,7
868500,0.939,7.53,7
868550,0.936,7.572,7
868600,0.934,7.601,7
868650,0.933,7.627,7
868700,0.931,7.65,7
868750,0.93,7.676,7
868800,0.929,7.694,7
868850,0.928,7.698,7
868900,0.928,7.698,7
868950,0.928,7.698,7
869000,0.928,7.698,7
869050,0.928,7.698,7
869100,0.928,7.698,7
869150,0.928,7.698,7
869200,0.928,7.698,7
869250,0.928,7.698,7
869300,0.928,7.698,7
869350,0.928,7.698,7
869400,0.928,7.698,7
869450,0.928,7.698,7
869500,0.928,7.698,7
869550,0.928,7.698,7
869600,0.928,7.698,7
869650,0.928,7.698,7
869700,0.928,7.698,7
869750,0.928,7.698,7
869800,0.929,7.693,7
869850,0.93,7.679,7
869900,0.931,7.658,7
869950,0.925,7.635,7
870000,0.919,7.614,7
870050,0.914,7.603,7
870100,0.909,7.601,7
870150,0.908,7.601,7
870200,0.908,7.601,7
870250,0.908,7.601,7
870300,0.905,7.601,7
870350,0.903,7.601,7
870400,0.904,7.599,7
870450,0.904,7.597,7
870500,0.904,7.597,7
870550,0.904,7.597,7
870600,0.904,7.597,7
870650,0.904,7.597,7
870700,0.904,7.597,7
870750,0.904,7.596,7
870800,0.905,7.582,7
870850,0.895,7.557,7
870900,0.879,7.53,7
870950,0.862,7.512,7
871000,0.853,7.508,7
871050,0.851,7.502,7
871100,0.844,7.495,7
871150,0.825,7.485,7
871200,0.803,7.457,7
871250,0.793,7.438,7
871300,0.786,7.415,7
871350,0.78,7.389,7
871400,0.773,7.352,7
871450,0.766,7.303,7
871500,0.766,7.257,7
871550,0.767,7.242,7
871600,0.767,7.24,7
871650,0.768,7.234,7
871700,0.768,7.22,7
871750,0.769,7.204,7
871800,0.771,7.173,7
871850,0.774,7.129,7
871900,0.777,7.081,7
871950,0.778,7.047,7
872000,0.78,7.026,7
872050,0.78,7.019,7
872100,0.78,7.016,7
872150,0.781,7.013,7
872200,0.781,7.012,7
872250,0.781,7.011,7
872300,0.781,7.01,7
872350,0.781,7.009,7
872400,0.781,7.003,7
872450,0.782,6.999,7
872500,0.782,6.998,7
872550,0.782,6.997,7
872600,0.782,6.995,7
872650,0.782,6.994,7
872700,0.782,6.993,7
872750,0.782,6.992,7
872800,0.782,6.992,7
872850,0.782,6.992,7
872900,0.782,6.992,7
872950,0.782,6.992,7
873000,0.782,6.992,7
873050,0.782,6.992,7
873100,0.782,6.992,7
873150,0.782,6.992,7
873200,0.782,6.992,7
873250,0.782,6.992,7
873300,0.782,6.992,7
873350,0.782,6.992,7
873400,0.782,6.992,7
873450,0.782,6.992,7
873500,0.782,6.992,7
873550,0.782,6.992,7
873600,0.782,6.992,7
873650,0.782,6.992,7
873700,0.782,6.992,7
873750,0.782,6.992,7
873800,0.782,6.992,7
873850,0.782,6.992,7
873900,0.782,6.992,7
873950,0.782,6.992,7
874000,0.782,6.992,7
874050,0.782,6.992,7
874100,0.782,6.992,7
874150,0.782,6.992,7
874200,0.782,6.992,7
874250,0.782,6.992,7
874300,0.782,6.991,7
874350,0.783,6.981,7
874400,0.799,6.969,7
874450,0.808,6.96,7
874500,0.811,6.958,7
874550,0.812,6.958,7
874600,0.812,6.958,7
874650,0.812,6.958,7
874700,0.812,6.958,7
874750,0.817,6.957,7
874800,0.819,6.957,7
874850,0.822,6.957,7
874900,0.823,6.957,7
874950,0.829,6.956,7
875000,0.832,6.956,7
875050,0.835,6.956,7
875100,0.836,6.956,7
875150,0.841,6.956,7
875200,0.87,6.951,7
875250,0.938,6.929,7
875300,1.001,6.905,7
875350,1.054,6.885,7
875400,1.059,6.883,7
875450,1.059,6.883,7
875500,1.059,6.883,7
875550,1.059,6.883,7
875600,1.059,6.883,7
875650,1.057,6.883,7
875700,1.043,6.884,7
875750,1.022,6.885,7
875800,0.939,6.895,7
875850,0.733,6.971,7
875900,0.549,7.088,7
875950,0.5,7.18,7
876000,0.5,7.218,7
876050,0.5,7.233,7
876100,0.5,7.255,7
876150,0.5,7.293,7
876200,0.5,7.319,7
876250,0.5,7.325,7
876300,0.5,7.325,7
876350,0.5,7.325,7
876400,0.5,7.325,7
876450,0.5,7.325,7
876500,0.5,7.325,7
876550,0.5,7.325,7
876600,0.5,7.325,7
876650,0.5,7.325,7
876700,0.5,7.325,7
876750,0.5,7.325,7
876800,0.5,7.325,7
876850,0.5,7.325,7
876900,0.5,7.326,7
876950,0.5,7.332,7
877000,0.5,7.384,7
877050,0.5,7.472,7
877100,0.5,7.504,7
877150,0.5,7.504,7
877200,0.5,7.504,7
877250,0.5,7.504,7
877300,0.5,7.508,7
877350,0.5,7.513,7
877400,0.5,7.516,7
877450,0.5,7.516,7
877500,0.5,7.516,7
877550,0.5,7.516,7
877600,0.5,7.501,7
877650,0.5,7.472,7
877700,0.5,7.452,7
877750,0.5,7.444,7
877800,0.5,7.439,7
877850,0.5,7.436,7
877900,0.5,7.436,7
877950,0.5,7.435,7
878000,0.5,7.434,7
878050,0.5,7.434,7
878100,0.5,7.434,7
878150,0.5,7.434,7
878200,0.5,7.434,7
878250,0.5,7.434,7
878300,0.5,7.434,7
878350,0.5,7.434,7
878400,0.5,7.434,7
878450,0.5,7.434,7
878500,0.5,7.434,7
878550,0.5,7.434,7
878600,0.5,7.434,7
878650,0.5,7.434,7
878700,0.5,7.434,7
878750,0.5,7.434,7
878800,0.5,7.434,7
878850,0.5,7.434,7
878900,0.5,7.433,7
878950,0.5,7.433,7
879000,0.5,7.432,7
879050,0.5,7.432,7
879100,0.5,7.431,7
879150,0.5,7.431,7
879200,0.5,7.428,7
879250,0.5,7.426,7
879300,0.5,7.426,7
879350,0.5,7.426,7
879400,0.5,7.426,7
879450,0.5,7.426,7
879500,0.5,7.426,7
879550,0.5,7.426,7
879600,0.5,7.426,7
879650,0.5,7.426,7
879700,0.5,7.426,7
879750,0.5,7.426,7
879800,0.5,7.426,7
879850,0.5,7.426,7
879900,0.5,7.426,7
879950,0.5,7.426,7
880000,0.5,7.427,7
880050,0.5,7.427,7
880100,0.5,7.406,7
880150,0.5,7.37,7
880200,0.5,7.335,7
880250,0.5,7.319,7
880300,0.5,7.316,7
880350,0.5,7.312,7
880400,0.5,7.309,7
880450,0.5,7.309,7
880500,0.5,7.309,7
880550,0.5,7.309,7
880600,0.5,7.309,7
880650,0.5,7.309,7
880700,0.5,7.309,7
880750,0.5,7.309,7
880800,0.5,7.309,7
880850,0.5,7.309,7
880900,0.5,7.306,7
880950,0.5,7.326,7
881000,0.5,6.709,7
881050,0.5,6.313,7
881100,0.5,5.464,7
881150,0.5,5.311,7
881200,0.5,5.106,7
881250,0.5,4.935,7
881300,0.5,5.718,7
881350,0.5,6.623,7
881400,0.5,8.603,7
881450,0.523,9.5,7
881500,0.512,9.5,7
881550,0.5,9.5,7
881600,0.5,9.5,7
881650,0.5,9.5,7
881700,0.5,9.5,7
881750,0.5,9.5,7
881800,0.5,9.5,7
881850,0.5,9.5,7
881900,0.5,9.5,7
881950,0.5,9.5,7
882000,0.5,9.5,7
882050,0.5,9.5,7
882100,0.57,9.5,7
882150,0.607,9.5,7
882200,0.537,9.5,7
882250,0.5,9.5,7
882300,0.5,9.5,7
882350,0.5,9.5,7
882400,0.5,9.5,7
882450,0.5,9.5,7
882500,0.5,9.5,7
882550,0.5,9.5,7
882600,0.5,9.5,7
882650,0.5,9.5,7
882700,0.5,9.5,7
882750,0.5,9.5,7
882800,0.5,9.5,7
882850,0.5,9.5,7
882900,0.5,9.5,7
882950,0.5,9.5,7
883000,0.5,9.5,7
883050,0.5,9.5,7
883100,0.5,9.5,7
883150,0.5,9.5,7
883200,0.5,9.5,7
883250,0.5,9.5,7
883300,0.5,9.5,7
883350,0.5,9.5,7
883400,0.5,9.5,7
883450,0.5,9.5,7
883500,0.5,9.5,7
883550,0.5,9.5,7
883600,0.5,9.5,7
883650,0.5,9.5,7
883700,0.5,9.5,7
883750,0.5,9.5,7
883800,0.5,9.5,7
883850,0.5,9.5,7
883900,0.5,9.5,7
883950,0.5,9.5,7
884000,0.5,9.5,7
884050,0.5,9.5,7
884100,0.5,9.5,7
884150,0.5,9.5,7
884200,0.5,9.5,7
884250,0.5,9.5,7
884300,0.5,9.5,7
884350,0.5,9.5,7
884400,0.5,9.5,7
884450,0.5,9.5,7
884500,0.5,9.5,7
884550,0.5,9.5,7
884600,0.5,9.5,7
884650,0.5,9.5,7
884700,0.5,9.5,7
884750,0.5,9.5,7
884800,0.5,9.5,7
884850,0.5,9.5,7
884900,0.5,9.5,7
884950,0.5,9.5,7
885000,0.5,9.5,7
885050,0.5,9.5,7
885100,0.5,9.5,7
885150,0.5,9.5,7
885200,0.5,9.5,7
885250,0.5,9.5,7
885300,0.5,9.5,7
885350,0.5,9.5,7
885400,0.5,9.5,7
885450,0.5,9.5,7
885500,0.5,9.5,7
885550,0.5,9.5,7
885600,0.5,9.5,7
885650,0.5,9.5,7
885700,0.5,9.497,7
885750,0.508,9.465,7
885800,0.534,9.415,7
885850,0.561,9.374,7
885900,0.582,9.328,7
885950,0.593,9.29,7
886000,0.601,9.255,7
886050,0.606,9.23,7
886100,0.607,9.211,7
886150,0.608,9.2,7
886200,0.608,9.19,7
886250,0.609,9.179,7
886300,0.61,9.163,7
886350,0.611,9.151,7
886400,0.612,9.138,7
886450,0.613,9.118,7
886500,0.618,9.086,7
886550,0.622,9.054,7
886600,0.623,9.033,7
886650,0.624,9.028,7
886700,0.624,9.028,7
886750,0.624,9.028,7
886800,0.624,9.028,7
886850,0.624,9.028,7
886900,0.624,9.028,7
886950,0.624,9.028,7
887000,0.624,9.028,7
887050,0.624,9.028,7
887100,0.624,9.028,7
887150,0.624,9.028,7
887200,0.624,9.028,7
887250,0.624,9.028,7
887300,0.624,9.028,7
887350,0.633,9.027,7
887400,0.641,9.026,7
887450,0.643,9.026,7
887500,0.643,9.026,7
887550,0.645,9.026,7
887600,0.647,9.026,7
887650,0.648,9.026,7
887700,0.648,9.026,7
887750,0.648,9.026,7
887800,0.626,9.029,7
887850,0.57,9.046,7
887900,0.516,9.09,7
887950,0.5,9.152,7
888000,0.5,9.188,7
888050,0.5,9.195,7
888100,0.5,9.195,7
888150,0.5,9.195,7
888200,0.5,9.201,7
888250,0.5,9.218,7
888300,0.5,9.267,7
888350,0.5,9.383,7
888400,0.5,9.476,7
888450,0.5,9.5,7
888500,0.5,9.5,7
888550,0.5,9.5,7
888600,0.5,9.5,7
888650,0.5,9.5,7
888700,0.5,9.5,7
888750,0.5,9.5,7
888800,0.5,9.5,7
888850,0.5,9.5,7
888900,0.5,9.5,7
888950,0.5,9.5,7
889000,0.5,9.5,7
889050,0.5,9.5,7
889100,0.5,9.5,7
889150,0.5,9.5,7
889200,0.5,9.5,7
889250,0.5,9.5,7
889300,0.5,9.5,7
889350,0.5,9.5,7
889400,0.5,9.5,7
889450,0.5,9.5,7
889500,0.5,9.5,7
889550,0.5,9.5,7
889600,0.5,9.5,7
889650,0.5,9.5,7
889700,0.5,9.5,7
889750,0.5,9.5,7
889800,0.5,9.5,7
889850,0.5,9.5,7
889900,0.5,9.5,7
889950,0.5,9.5,7
890000,0.5,9.5,7
890050,0.5,9.5,7
890100,0.5,9.5,7
890150,0.5,9.5,7
890200,0.5,9.5,7
890250,0.5,9.5,7
890300,0.5,9.5,7
890350,0.5,9.5,7
890400,0.5,9.5,7
890450,0.5,9.5,7
890500,0.5,9.5,7
890550,0.5,9.5,7
890600,0.5,9.5,7
890650,0.5,9.5,7
890700,0.5,9.5,7
890750,0.5,9.5,7
890800,0.5,9.5,7
890850,0.5,9.5,7
890900,0.5,9.5,7
890950,0.5,9.5,7
891000,0.5,9.5,7
891050,0.5,9.5,7
891100,0.5,9.5,7
891150,0.5,9.5,7
891200,0.5,9.5,7
891250,0.5,9.5,7
891300,0.5,9.5,7
891350,0.5,9.5,7
891400,0.5,9.5,7
891450,0.5,9.5,7
891500,0.5,9.5,7
891550,0.5,9.5,7
891600,0.5,9.5,7
891650,0.5,9.5,7
891700,0.5,9.5,7
891750,0.5,9.5,7
891800,0.5,9.5,7
891850,0.5,9.5,7
891900,0.5,9.5,7
891950,0.5,9.5,7
892000,0.5,9.5,7
892050,0.5,9.5,7
892100,0.5,9.5,7
892150,0.5,9.5,7
892200,0.5,9.5,7
892250,0.5,9.5,7
892300,0.5,9.5,7
892350,0.5,9.5,7
892400,0.5,9.5,7
892450,0.5,9.5,7
892500,0.5,9.5,7
892550,0.5,9.5,7
892600,0.5,9.5,7
892650,0.5,9.5,7
892700,0.5,9.5,7
892750,0.5,9.5,7
892800,0.5,9.5,7
892850,0.5,9.5,7
892900,0.5,9.5,7
892950,0.5,9.5,7
893000,0.5,9.5,7
893050,0.5,9.5,7
893100,0.5,9.5,7
893150,0.5,9.5,7
893200,0.5,9.5,7
893250,0.5,9.5,7
893300,0.5,9.5,7
893350,0.5,9.5,7
893400,0.5,9.5,7
893450,0.5,9.5,7
893500,0.5,9.5,7
893550,0.5,9.5,7
893600,0.5,9.5,7
893650,0.5,9.5,7
893700,0.5,9.5,7
893750,0.5,9.5,7
893800,0.5,9.5,7
893850,0.5,9.5,7
893900,0.5,9.5,7
893950,0.5,9.5,7
894000,0.5,9.5,7
894050,0.5,9.5,7
894100,0.5,9.5,7
894150,0.5,9.5,7
894200,0.5,9.5,7
894250,0.5,9.5,7
894300,0.5,9.5,7
894350,0.5,9.5,7
894400,0.5,9.5,7
894450,0.5,9.5,7
894500,0.5,9.5,7
894550,0.5,9.5,7
894600,0.5,9.5,7
894650,0.5,9.5,7
894700,0.5,9.5,7
894750,0.5,9.5,7
894800,0.5,9.5,7
894850,0.5,9.5,7
894900,0.5,9.5,7
894950,0.5,9.5,7
895000,0.5,9.5,7
895050,0.5,9.5,7
895100,0.5,9.5,7
895150,0.5,9.5,7
895200,0.5,9.5,7
895250,0.5,9.5,7
895300,0.5,9.5,7
895350,0.5,9.5,7
895400,0.5,9.5,7
895450,0.5,9.5,7
895500,0.5,9.5,7
895550,0.5,9.5,7
895600,0.5,9.5,7
895650,0.5,9.5,7
895700,0.5,9.5,7
895750,0.5,9.5,7
895800,0.5,9.5,7
895850,0.5,9.5,7
895900,0.5,9.5,7
895950,0.5,9.5,7
896000,0.5,9.5,7
896050,0.5,9.5,7
896100,0.5,9.5,7
896150,0.5,9.5,7
896200,0.5,9.5,7
896250,0.5,9.5,7
896300,0.5,9.5,7
896350,0.5,9.5,7
896400,0.5,9.5,7
896450,0.5,9.5,7
896500,0.5,9.5,7
896550,0.5,9.5,7
896600,0.5,9.5,7
896650,0.5,9.5,7
896700,0.5,9.5,7
896750,0.5,9.5,7
896800,0.5,9.5,7
896850,0.5,9.5,7
896900,0.5,9.5,7
896950,0.5,9.5,7
897000,0.5,9.5,7
897050,0.5,9.5,7
897100,0.5,9.5,7
897150,0.5,9.5,7
897200,0.5,9.5,7
897250,0.5,9.5,7
897300,0.5,9.5,7
897350,0.5,9.5,7
897400,0.5,9.5,7
897450,0.5,9.5,7
897500,0.5,9.5,7
897550,0.5,9.5,7
897600,0.5,9.5,7
897650,0.5,9.5,7
897700,0.5,9.5,7
897750,0.5,9.5,7
897800,0.5,9.5,7
897850,0.5,9.5,7
897900,0.5,9.5,7
897950,0.5,9.5,7
898000,0.5,9.5,7
898050,0.5,9.5,7
898100,0.5,9.5,7
898150,0.5,9.5,7
898200,0.5,9.5,7
898250,0.5,9.5,7
898300,0.5,9.5,7
898350,0.5,9.5,7
898400,0.5,9.5,7
898450,0.5,9.5,7
898500,0.5,9.5,7
898550,0.5,9.5,7
898600,0.5,9.5,7
898650,0.5,9.5,7
898700,0.5,9.5,7
898750,0.5,9.5,7
898800,0.5,9.5,7
898850,0.5,9.5,7
898900,0.5,9.5,7
898950,0.5,9.5,7
899000,0.5,9.5,7
899050,0.5,9.5,7
899100,0.5,9.5,7
899150,0.5,9.5,7
899200,0.5,9.5,7
899250,0.5,9.5,7
899300,0.5,9.5,7
899350,0.5,9.5,7
899400,0.5,9.5,7
899450,0.5,9.5,7
899500,0.5,9.5,7
899550,0.5,9.5,7
899600,0.5,9.5,7
899650,0.5,9.5,7
899700,0.5,9.5,7
899750,0.5,9.5,7
899800,0.5,9.5,7
899850,0.5,9.5,7
899900,0.5,9.5,7
899950,0.5,9.5,7
900000,0.5,9.5,7
900050,0.5,9.5,7
900100,0.5,9.5,7
900150,0.5,9.5,7
900200,0.5,9.5,7
900250,0.5,9.5,7
900300,0.5,9.5,7
900350,0.5,9.5,7
900400,0.5,9.5,7
900450,0.5,9.5,7
900500,0.5,9.5,7
900550,0.5,9.5,7
900600,0.5,9.5,7
900650,0.5,9.5,7
900700,0.5,9.5,7
900750,0.5,9.5,7
900800,0.5,9.5,7
900850,0.5,9.5,7
900900,0.5,9.5,7
900950,0.5,9.5,7
901000,0.5,9.5,7
901050,0.5,9.5,7
901100,0.5,9.5,7
901150,0.5,9.5,7
901200,0.5,9.5,7
901250,0.5,9.5,7
901300,0.5,9.5,7
901350,0.5,9.5,7
901400,0.5,9.5,7
901450,0.5,9.5,7
901500,0.5,9.5,7
901550,0.5,9.5,7
901600,0.5,9.5,7
901650,0.5,9.5,7
901700,0.5,9.5,7
901750,0.5,9.5,7
901800,0.5,9.5,7
901850,0.5,9.5,7
901900,0.5,9.5,7
901950,0.5,9.5,7
902000,0.5,9.5,7
902050,0.5,9.5,7
902100,0.5,9.5,7
902150,0.5,9.5,7
902200,0.5,9.5,7
902250,0.5,9.5,7
902300,0.5,9.5,7
902350,0.5,9.5,7
902400,0.5,9.5,7
902450,0.5,9.5,7
902500,0.5,9.5,7
902550,0.5,9.5,7
902600,0.5,9.5,7
902650,0.5,9.5,7
902700,0.5,9.5,7
902750,0.5,9.5,7
902800,0.5,9.5,7
902850,0.5,9.5,7
902900,0.5,9.5,7
902950,0.5,9.5,7
903000,0.5,9.5,7
903050,0.5,9.5,7
903100,0.5,9.5,7
903150,0.5,9.5,7
903200,0.5,9.5,7
903250,0.5,9.5,7
903300,0.5,9.5,7
903350,0.5,9.5,7
903400,0.5,9.5,7
903450,0.5,9.5,7
903500,0.5,9.5,7
903550,0.5,9.5,7
903600,0.5,9.5,7
903650,0.5,9.5,7
903700,0.5,9.5,7
903750,0.5,9.5,7
903800,0.5,9.5,7
903850,0.5,9.5,7
903900,0.5,9.5,7
903950,0.5,9.5,7
904000,0.5,9.5,7
904050,0.5,9.5,7
904100,0.5,9.5,7
904150,0.5,9.5,7
904200,0.5,9.5,7
904250,0.5,9.5,7
904300,0.5,9.5,7
904350,0.5,9.5,7
904400,0.5,9.5,7
904450,0.5,9.5,7
904500,0.5,9.5,7
904550,0.5,9.5,7
904600,0.5,9.5,7
904650,0.5,9.5,7
904700,0.5,9.5,7
904750,0.5,9.5,7
904800,0.5,9.5,7
904850,0.5,9.5,7
904900,0.5,9.5,7
904950,0.5,9.5,7
905000,0.5,9.5,7
905050,0.5,9.5,7
905100,0.5,9.5,7
905150,0.5,9.5,7
905200,0.5,9.5,7
905250,0.5,9.5,7
905300,0.5,9.5,7
905350,0.5,9.5,7
905400,0.5,9.5,7
905450,0.5,9.5,7
905500,0.5,9.5,7
905550,0.5,9.5,7
905600,0.5,9.5,7
905650,0.5,9.5,7
905700,0.5,9.5,7
905750,0.5,9.5,7
905800,0.5,9.5,7
905850,0.5,9.5,7
905900,0.5,9.5,7
905950,0.5,9.5,7
906000,0.5,9.5,7
906050,0.5,9.5,7
906100,0.5,9.5,7
906150,0.5,9.5,7
906200,0.5,9.5,7
906250,0.5,9.5,7
906300,0.5,9.5,7
906350,0.5,9.5,7
906400,0.5,9.5,7
906450,0.5,9.5,7
906500,0.5,9.5,7
906550,0.5,9.5,7
906600,0.5,9.5,7
906650,0.5,9.5,7
906700,0.5,9.5,7
906750,0.5,9.5,7
906800,0.5,9.5,7
906850,0.5,9.5,7
906900,0.5,9.5,7
906950,0.5,9.5,7
907000,0.5,9.5,7
907050,0.5,9.5,7
907100,0.5,9.5,7
907150,0.5,9.5,7
907200,0.5,9.5,7
907250,0.5,9.5,7
907300,0.5,9.5,7
907350,0.5,9.5,7
907400,0.5,9.5,7
907450,0.5,9.5,7
907500,0.5,9.5,7
907550,0.5,9.5,7
907600,0.5,9.5,7
907650,0.5,9.5,7
907700,0.5,9.5,7
907750,0.5,9.5,7
907800,0.5,9.5,7
907850,0.5,9.5,7
907900,0.5,9.5,7
907950,0.5,9.5,7
908000,0.5,9.5,7
908050,0.5,9.5,7
908100,0.5,9.5,7
908150,0.5,9.5,7
908200,0.5,9.5,7
908250,0.5,9.5,7
908300,0.5,9.5,7
908350,0.5,9.5,7
908400,0.5,9.5,7
908450,0.5,9.5,7
908500,0.5,9.5,7
908550,0.5,9.5,7
908600,0.5,9.5,7
908650,0.5,9.5,7
908700,0.5,9.5,7
908750,0.5,9.5,7
908800,0.5,9.5,7
908850,0.5,9.5,7
908900,0.5,9.5,7
908950,0.5,9.5,7
909000,0.5,9.5,7
909050,0.5,9.5,7
909100,0.5,9.5,7
909150,0.5,9.5,7
909200,0.5,9.5,7
909250,0.5,9.5,7
909300,0.5,9.5,7
909350,0.5,9.5,7
909400,0.5,9.5,7
909450,0.5,9.5,7
909500,0.5,9.5,7
909550,0.5,9.5,7
909600,0.5,9.5,7
909650,0.5,9.5,7
909700,0.5,9.5,7
909750,0.5,9.5,7
909800,0.5,9.5,7
909850,0.5,9.5,7
909900,0.5,9.5,7
909950,0.5,9.5,7
910000,0.5,9.5,7
910050,0.5,9.5,7
910100,0.5,9.5,7
910150,0.5,9.5,7
910200,0.5,9.5,7
910250,0.5,9.5,7
910300,0.5,9.5,7
910350,0.5,9.5,7
910400,0.5,9.5,7
910450,0.5,9.5,7
910500,0.5,9.5,7
910550,0.5,9.5,7
910600,0.5,9.5,7
910650,0.5,9.5,7
910700,0.5,9.5,7
910750,0.5,9.5,7
910800,0.5,9.5,7
910850,0.5,9.5,7
910900,0.5,9.5,7
910950,0.5,9.5,7
911000,0.5,9.5,7
911050,0.5,9.5,7
911100,0.5,9.5,7
911150,0.5,9.5,7
911200,0.5,9.5,7
911250,0.5,9.5,7
911300,0.5,9.5,7
911350,0.5,9.5,7
911400,0.5,9.5,7
911450,0.5,9.5,7
911500,0.5,9.5,7
911550,0.5,9.5,7
911600,0.5,9.5,7
911650,0.5,9.5,7
911700,0.5,9.5,7
911750,0.5,9.5,7
911800,0.5,9.5,7
911850,0.5,9.5,7
911900,0.5,9.5,7
911950,0.5,9.5,7
912000,0.5,9.5,7
912050,0.5,9.5,7
912100,0.5,9.5,7
912150,0.5,9.5,7
912200,0.5,9.5,7
912250,0.5,9.5,7
912300,0.5,9.5,7
912350,0.5,9.5,7
912400,0.5,9.5,7
912450,0.5,9.5,7
912500,0.5,9.5,7
912550,0.501,9.5,7
912600,0.629,9.5,7
912650,0.753,9.5,7
912700,0.641,9.5,7
912750,0.523,9.5,7
912800,0.5,9.5,7
912850,0.5,9.5,7
912900,0.5,9.5,7
912950,0.5,9.5,7
913000,0.5,9.5,7
913050,0.5,9.5,7
913100,0.5,9.5,7
913150,0.5,9.5,7
913200,0.5,9.5,7
913250,0.5,9.5,7
913300,0.5,9.5,7
913350,0.567,9.5,7
913400,0.602,9.5,7
913450,0.602,9.5,7
913500,0.602,9.5,7
913550,0.537,9.5,7
913600,0.501,9.5,7
913650,0.5,9.5,7
913700,0.5,9.5,7
913750,0.5,9.5,7
913800,0.5,9.5,7
913850,0.584,9.5,7
913900,0.904,9.5,7
913950,1.29,9.5,7
914000,1.59,9.5,7
914050,1.752,9.5,7
914100,1.793,9.5,7
914150,1.797,9.5,7
914200,1.823,9.5,7
914250,1.852,9.472,7
914300,1.879,9.329,7
914350,1.875,9.102,7
914400,1.811,8.916,7
914450,1.72,8.771,7
914500,1.685,8.685,7
914550,1.665,8.63,7
914600,1.657,8.56,7
914650,1.659,8.524,7
914700,1.659,8.52,7
914750,1.659,8.52,7
914800,1.659,8.52,7
914850,1.655,8.547,7
914900,1.635,8.65,7
914950,1.616,8.837,7
915000,1.59,9.009,7
915050,1.52,9.135,7
915100,1.48,9.229,7
915150,1.42,9.38,7
915200,1.375,9.481,7
915250,1.367,9.5,7
915300,1.368,9.5,7
915350,1.367,9.5,7
915400,1.322,9.5,7
915450,1.281,9.5,7
915500,1.28,9.5,7
915550,1.313,9.5,7
915600,1.328,9.5,7
915650,1.325,9.5,7
915700,1.323,9.5,7
915750,1.177,9.5,7
915800,1.212,9.5,7
915850,1.273,9.5,7
915900,1.273,9.5,7
915950,1.277,9.5,7
916000,1.316,9.5,7
916050,1.407,9.5,7
916100,1.527,9.5,7
916150,1.785,9.5,7
916200,2.068,9.5,7
916250,2.38,9.5,7
916300,2.684,9.5,7
916350,2.843,9.5,7
916400,2.876,9.5,7
916450,2.876,9.5,7
916500,2.86,9.5,7
916550,2.848,9.5,7
916600,2.794,9.5,7
916650,2.503,9.5,7
916700,2.241,9.5,7
916750,2.172,9.5,7
916800,2.169,9.5,7
916850,2.211,9.5,7
916900,2.309,9.5,7
916950,2.38,9.5,7
917000,2.396,9.5,7
917050,2.396,9.5,7
917100,2.373,9.5,7
917150,2.266,9.5,7
917200,1.85,9.5,7
917250,1.09,9.5,7
917300,0.6,9.5,7
917350,0.5,9.5,7
917400,0.5,9.5,7
917450,0.5,9.5,7
917500,0.5,9.5,7
917550,0.5,9.5,7
917600,0.5,9.5,7
917650,0.5,9.5,7
917700,0.5,9.5,7
917750,0.5,9.5,7
917800,0.5,9.5,7
917850,0.5,9.5,7
917900,0.5,9.5,7
917950,0.5,9.5,7
918000,0.5,9.5,7
918050,0.5,9.5,7
918100,0.5,9.5,7
918150,0.5,9.5,7
918200,0.5,9.5,7
918250,0.5,9.5,7
918300,0.5,9.5,7
918350,0.5,9.5,7
918400,0.5,9.5,7
918450,0.5,9.5,7
918500,0.5,9.5,7
918550,0.5,9.5,7
918600,0.5,9.5,7
918650,0.5,9.5,7
918700,0.5,9.5,7
918750,0.5,9.5,7
918800,0.5,9.5,7
918850,0.5,9.5,7
918900,0.5,9.5,7
918950,0.5,9.5,7
919000,0.5,9.5,7
919050,0.5,9.5,7
919100,0.5,9.5,7
919150,0.5,9.5,7
919200,0.5,9.5,7
919250,0.5,9.5,7
919300,0.5,9.5,7
919350,0.5,9.5,7
919400,0.5,9.5,7
919450,0.5,9.5,7
919500,0.5,9.5,7
919550,0.5,9.5,7
919600,0.5,9.5,7
919650,0.5,9.5,7
919700,0.5,9.5,7
919750,0.5,9.5,7
919800,0.5,9.5,7
919850,0.5,9.5,7
919900,0.5,9.5,7
919950,0.5,9.5,7
920000,0.5,9.5,7
920050,0.5,9.5,7
920100,0.5,9.5,7
920150,0.5,9.5,7
920200,0.5,9.5,7
920250,0.5,9.5,7
920300,0.5,9.5,7
920350,0.5,9.5,7
920400,0.5,9.5,7
920450,0.5,9.5,7
920500,0.5,9.5,7
920550,0.5,9.5,7
920600,0.5,9.5,7
920650,0.5,9.5,7
920700,0.5,9.5,7
920750,0.5,9.5,7
920800,0.5,9.5,7
920850,0.5,9.5,7
920900,0.5,9.5,7
920950,0.5,9.5,7
921000,0.5,9.5,7
921050,0.5,9.5,7
921100,0.5,9.5,7
921150,0.5,9.5,7
921200,0.5,9.5,7
921250,0.5,9.5,7
921300,0.5,9.5,7
921350,0.5,9.5,7
921400,0.5,9.5,7
921450,0.5,9.5,7
921500,0.5,9.5,7
921550,0.5,9.5,7
921600,0.5,9.5,7
921650,0.5,9.5,7
921700,0.5,9.5,7
921750,0.5,9.5,7
921800,0.5,9.5,7
921850,0.5,9.5,7
921900,0.5,9.5,7
921950,0.5,9.5,7
922000,0.5,9.5,7
922050,0.5,9.5,7
922100,0.5,9.5,7
922150,0.5,9.5,7
922200,0.5,9.5,7
922250,0.5,9.5,7
922300,0.5,9.5,7
922350,0.5,9.5,7
922400,0.5,9.5,7
922450,0.5,9.5,7
922500,0.5,9.5,7
922550,0.5,9.5,7
922600,0.5,9.5,7
922650,0.5,9.5,7
922700,0.5,9.5,7
922750,0.5,9.5,7
922800,0.5,9.5,7
922850,0.5,9.5,7
922900,0.5,9.5,7
922950,0.5,9.5,7
923000,0.5,9.5,7
923050,0.5,9.5,7
923100,0.5,9.5,7
923150,0.5,9.5,7
923200,0.5,9.5,7
923250,0.5,9.5,7
923300,0.5,9.5,7
923350,0.5,9.5,7
923400,0.5,9.5,7
923450,0.5,9.5,7
923500,0.5,9.5,7
923550,0.5,9.5,7
923600,0.5,9.5,7
923650,0.5,9.5,7
923700,0.5,9.5,7
923750,0.5,9.5,7
923800,0.5,9.5,7
923850,0.5,9.5,7
923900,0.5,9.5,7
923950,0.5,9.5,7
924000,0.5,9.5,7
924050,0.5,9.5,7
924100,0.5,9.5,7
924150,0.5,9.5,7
924200,0.5,9.5,7
924250,0.5,9.5,7
924300,0.5,9.5,7
924350,0.5,9.5,7
924400,0.5,9.5,7
924450,0.5,9.5,7
924500,0.5,9.5,7
924550,0.5,9.5,7
924600,0.5,9.5,7
924650,0.5,9.5,7
924700,0.5,9.5,7
924750,0.5,9.5,7
924800,0.5,9.5,7
924850,0.5,9.5,7
924900,0.5,9.5,7
924950,0.5,9.5,7
925000,0.5,9.5,7
925050,0.5,9.5,7
925100,0.5,9.5,7
925150,0.5,9.5,7
925200,0.5,9.5,7
925250,0.5,9.5,7
925300,0.5,9.5,7
925350,0.5,9.5,7
925400,0.5,9.5,7
925450,0.5,9.5,7
925500,0.5,9.5,7
925550,0.5,9.5,7
925600,0.5,9.5,7
925650,0.5,9.5,7
925700,0.5,9.5,7
925750,0.5,9.5,7
925800,0.5,9.5,7
925850,0.5,9.5,7
925900,0.5,9.5,7
925950,0.5,9.5,7
926000,0.5,9.5,7
926050,0.5,9.5,7
926100,0.5,9.5,7
926150,0.5,9.5,7
926200,0.5,9.5,7
926250,0.5,9.5,7
926300,0.5,9.5,7
926350,0.5,9.5,7
926400,0.5,9.5,7
926450,0.5,9.5,7
926500,0.5,9.5,7
926550,0.5,9.5,7
926600,0.5,9.5,7
926650,0.5,9.5,7
926700,0.5,9.5,7
926750,0.5,9.5,7
926800,0.5,9.5,7
926850,0.5,9.5,7
926900,0.5,9.5,7
926950,0.5,9.5,7
927000,0.5,9.5,7
927050,0.5,9.5,7
927100,0.5,9.5,7
927150,0.5,9.5,7
927200,0.5,9.5,7
927250,0.5,9.5,7
927300,0.5,9.5,7
927350,0.5,9.5,7
927400,0.5,9.5,7
927450,0.5,9.5,7
927500,0.5,9.5,7
927550,0.5,9.5,7
927600,0.5,9.5,7
927650,0.5,9.5,7
927700,0.5,9.5,7
927750,0.5,9.5,7
927800,0.5,9.5,7
927850,0.5,9.5,7
927900,0.5,9.5,7
927950,0.5,9.5,7
928000,0.5,9.5,7
928050,0.5,9.5,7
928100,0.5,9.5,7
928150,0.5,9.5,7
928200,0.5,9.5,7
928250,0.5,9.5,7
928300,0.5,9.5,7
928350,0.5,9.5,7
928400,0.5,9.5,7
928450,0.5,9.5,7
928500,0.5,9.5,7
928550,0.5,9.5,7
928600,0.5,9.5,7
928650,0.5,9.5,7
928700,0.5,9.5,7
928750,0.5,9.5,7
928800,0.5,9.5,7
928850,0.5,9.5,7
928900,0.5,9.5,7
928950,0.5,9.5,7
929000,0.5,9.5,7
929050,0.5,9.5,7
929100,0.5,9.5,7
929150,0.5,9.5,7
929200,0.5,9.5,7
929250,0.5,9.5,7
929300,0.5,9.5,7
929350,0.5,9.5,7
929400,0.5,9.5,7
929450,0.5,9.5,7
929500,0.5,9.5,7
929550,0.5,9.5,7
929600,0.5,9.5,7
929650,0.5,9.5,7
929700,0.5,9.5,7
929750,0.5,9.5,7
929800,0.5,9.5,7
929850,0.5,9.5,7
929900,0.5,9.5,7
929950,0.5,9.5,7
930000,0.5,9.5,7
930050,0.5,9.5,7
930100,0.5,9.5,7
930150,0.5,9.5,7
930200,0.5,9.5,7
930250,0.5,9.5,7
930300,0.5,9.5,7
930350,0.5,9.5,7
930400,0.5,9.5,7
930450,0.5,9.5,7
930500,0.5,9.5,7
930550,0.5,9.5,7
930600,0.5,9.5,7
930650,0.5,9.5,7
930700,0.5,9.5,7
930750,0.5,9.5,7
930800,0.5,9.5,7
930850,0.5,9.5,7
930900,0.5,9.5,7
930950,0.5,9.5,7
931000,0.5,9.5,7
931050,0.5,9.5,7
931100,0.5,9.5,7
931150,0.5,9.5,7
931200,0.5,9.5,7
931250,0.5,9.5,7
931300,0.5,9.5,7
931350,0.5,9.5,7
931400,0.5,9.5,7
931450,0.5,9.5,7
931500,0.5,9.5,7
931550,0.5,9.5,7
931600,0.5,9.5,7
931650,0.5,9.5,7
931700,0.5,9.5,7
931750,0.5,9.5,7
931800,0.5,9.5,7
931850,0.5,9.5,7
931900,0.5,9.5,7
931950,0.5,9.5,7
932000,0.5,9.5,7
932050,0.5,9.5,7
932100,0.5,9.5,7
932150,0.5,9.5,7
932200,0.5,9.5,7
932250,0.5,9.5,7
932300,0.5,9.5,7
932350,0.5,9.5,7
932400,0.5,9.5,7
932450,0.5,9.5,7
932500,0.5,9.5,7
932550,0.5,9.5,7
932600,0.5,9.5,7
932650,0.5,9.5,7
932700,0.5,9.5,7
932750,0.5,9.5,7
932800,0.5,9.5,7
932850,0.5,9.5,7
932900,0.5,9.5,7
932950,0.5,9.5,7
933000,0.5,9.5,7
933050,0.5,9.5,7
933100,0.5,9.5,7
933150,0.5,9.5,7
933200,0.5,9.5,7
933250,0.5,9.5,7
933300,0.5,9.5,7
933350,0.5,9.5,7
933400,0.5,9.5,7
933450,0.5,9.5,7
933500,0.5,9.5,7
933550,0.5,9.5,7
933600,0.5,9.5,7
933650,0.5,9.5,7
933700,0.5,9.5,7
933750,0.5,9.5,7
933800,0.5,9.5,7
933850,0.5,9.5,7
933900,0.5,9.5,7
933950,0.5,9.5,7
934000,0.5,9.5,7
934050,0.5,9.5,7
934100,0.5,9.5,7
934150,0.5,9.5,7
934200,0.5,9.5,7
934250,0.5,9.5,7
934300,0.5,9.5,7
934350,0.5,9.5,7
934400,0.5,9.5,7
934450,0.5,9.5,7
934500,0.5,9.5,7
934550,0.5,9.5,7
934600,0.5,9.5,7
934650,0.5,9.5,7
934700,0.5,9.5,7
934750,0.5,9.5,7
934800,0.5,9.5,7
934850,0.5,9.5,7
934900,0.5,9.5,7
934950,0.5,9.5,7
935000,0.5,9.5,7
935050,0.5,9.5,7
935100,0.5,9.5,7
935150,0.5,9.5,7
935200,0.5,9.5,7
935250,0.5,9.5,7
935300,0.5,9.5,7
935350,0.5,9.5,7
935400,0.5,9.5,7
935450,0.5,9.5,7
935500,0.5,9.5,7
935550,0.5,9.5,7
935600,0.5,9.5,7
935650,0.5,9.5,7
935700,0.5,9.5,7
935750,0.5,9.5,7
935800,0.5,9.5,7
935850,0.5,9.5,7
935900,0.5,9.5,7
935950,0.5,9.5,7
936000,0.5,9.5,7
936050,0.5,9.5,7
936100,0.5,9.5,7
936150,0.5,9.5,7
936200,0.5,9.5,7
936250,0.5,9.5,7
936300,0.5,9.5,7
936350,0.5,9.5,7
936400,0.5,9.5,7
936450,0.5,9.5,7
936500,0.5,9.5,7
936550,0.5,9.5,7
936600,0.5,9.5,7
936650,0.5,9.5,7
936700,0.5,9.5,7
936750,0.5,9.5,7
936800,0.5,9.5,7
936850,0.5,9.5,7
936900,0.5,9.5,7
936950,0.5,9.5,7
937000,0.5,9.5,7
937050,0.5,9.5,7
937100,0.5,9.5,7
937150,0.5,9.5,7
937200,0.5,9.5,7
937250,0.5,9.5,7
937300,0.5,9.5,7
937350,0.5,9.5,7
937400,0.5,9.5,7
937450,0.5,9.5,7
937500,0.5,9.5,7
937550,0.5,9.5,7
937600,0.5,9.5,7
937650,0.5,9.5,7
937700,0.5,9.5,7
937750,0.5,9.5,7
937800,0.5,9.5,7
937850,0.5,9.5,7
937900,0.5,9.5,7
937950,0.5,9.5,7
938000,0.5,9.5,7
938050,0.5,9.5,7
938100,0.5,9.5,7
938150,0.5,9.5,7
938200,0.5,9.5,7
938250,0.5,9.5,7
938300,0.5,9.5,7
938350,0.5,9.5,7
938400,0.5,9.5,7
938450,0.5,9.5,7
938500,0.5,9.5,7
938550,0.5,9.5,7
938600,0.5,9.5,7
938650,0.5,9.5,7
938700,0.5,9.5,7
938750,0.5,9.5,7
938800,0.5,9.5,7
938850,0.5,9.5,7
938900,0.5,9.5,7
938950,0.5,9.5,7
939000,0.5,9.5,7
939050,0.5,9.5,7
939100,0.5,9.5,7
939150,0.5,9.5,7
939200,0.5,9.5,7
939250,0.5,9.5,7
939300,0.5,9.5,7
939350,0.5,9.5,7
939400,0.5,9.5,7
939450,0.5,9.5,7
939500,0.5,9.5,7
939550,0.5,9.5,7
939600,0.5,9.5,7
939650,0.5,9.5,7
939700,0.5,9.5,7
939750,0.5,9.5,7
939800,0.5,9.5,7
939850,0.5,9.5,7
939900,0.5,9.5,7
939950,0.5,9.5,7
940000,0.5,9.5,7
940050,0.5,9.5,7
940100,0.5,9.5,7
940150,0.5,9.5,7
940200,0.5,9.5,7
940250,0.5,9.5,7
940300,0.5,9.5,7
940350,0.5,9.5,7
940400,0.5,9.5,7
940450,0.5,9.5,7
940500,0.5,9.5,7
940550,0.5,9.5,7
940600,0.5,9.5,7
940650,0.5,9.5,7
940700,0.5,9.5,7
940750,0.5,9.5,7
940800,0.5,9.5,7
940850,0.5,9.5,7
940900,0.5,9.5,7
940950,0.5,9.5,7
941000,0.5,9.5,7
941050,0.5,9.5,7
941100,0.5,9.5,7
941150,0.5,9.5,7
941200,0.5,9.5,7
941250,0.5,9.5,7
941300,0.5,9.5,7
941350,0.5,9.5,7
941400,0.5,9.5,7
941450,0.5,9.5,7
941500,0.5,9.5,7
941550,0.5,9.5,7
941600,0.5,9.5,7
941650,0.5,9.5,7
941700,0.5,9.5,7
941750,0.5,9.5,7
941800,0.5,9.5,7
941850,0.5,9.5,7
941900,0.5,9.5,7
941950,0.5,9.5,7
942000,0.5,9.5,7
942050,0.5,9.5,7
942100,0.5,9.5,7
942150,0.5,9.5,7
942200,0.5,9.5,7
942250,0.5,9.5,7
942300,0.5,9.5,7
942350,0.5,9.5,7
942400,0.5,9.5,7
942450,0.5,9.5,7
942500,0.5,9.5,7
942550,0.5,9.5,7
942600,0.5,9.5,7
942650,0.5,9.5,7
942700,0.5,9.5,7
942750,0.5,9.5,7
942800,0.5,9.5,7
942850,0.5,9.5,7
942900,0.5,9.5,7
942950,0.5,9.5,7
943000,0.5,9.5,7
943050,0.5,9.5,7
943100,0.5,9.5,7
943150,0.5,9.5,7
943200,0.5,9.5,7
943250,0.5,9.5,7
943300,0.5,9.5,7
943350,0.5,9.5,7
943400,0.5,9.5,7
943450,0.5,9.5,7
943500,0.5,9.5,7
943550,0.5,9.5,7
943600,0.5,9.5,7
943650,0.5,9.5,7
943700,0.5,9.5,7
943750,0.5,9.5,7
943800,0.5,9.5,7
943850,0.5,9.5,7
943900,0.5,9.5,7
943950,0.5,9.5,7
944000,0.5,9.5,7
944050,0.5,9.5,7
944100,0.5,9.5,7
944150,0.5,9.5,7
944200,0.5,9.5,7
944250,0.5,9.5,7
944300,0.5,9.5,7
944350,0.5,9.5,7
944400,0.5,9.5,7
944450,0.5,9.5,7
944500,0.5,9.5,7
944550,0.5,9.5,7
944600,0.5,9.5,7
944650,0.5,9.5,7
944700,0.5,9.5,7
944750,0.5,9.5,7
944800,0.5,9.5,7
944850,0.5,9.5,7
944900,0.5,9.5,7
944950,0.5,9.5,7
945000,0.5,9.5,7
945050,0.5,9.5,7
945100,0.5,9.5,7
945150,0.5,9.5,7
945200,0.5,9.5,7
945250,0.5,9.5,7
945300,0.5,9.5,7
945350,0.5,9.5,7
945400,0.5,9.5,7
945450,0.5,9.5,7
945500,0.5,9.5,7
945550,0.5,9.5,7
945600,0.5,9.5,7
945650,0.5,9.5,7
945700,0.5,9.5,7
945750,0.5,9.5,7
945800,0.5,9.5,7
945850,0.5,9.5,7
945900,0.5,9.5,7
945950,0.5,9.5,7
946000,0.5,9.5,7
946050,0.5,9.5,7
946100,0.5,9.5,7
946150,0.5,9.5,7
946200,0.5,9.5,7
946250,0.5,9.5,7
946300,0.5,9.5,7
946350,0.5,9.5,7
946400,0.5,9.5,7
946450,0.5,9.5,7
946500,0.5,9.5,7
946550,0.5,9.5,7
946600,0.5,9.5,7
946650,0.5,9.5,7
946700,0.5,9.5,7
946750,0.5,9.5,7
946800,0.5,9.5,7
946850,0.5,9.5,7
946900,0.5,9.5,7
946950,0.5,9.5,7
947000,0.5,9.5,7
947050,0.5,9.5,7
947100,0.5,9.5,7
947150,0.5,9.5,7
947200,0.5,9.5,7
947250,0.5,9.5,7
947300,0.5,9.5,7
947350,0.5,9.5,7
947400,0.5,9.5,7
947450,0.5,9.5,7
947500,0.5,9.5,7
947550,0.5,9.5,7
947600,0.5,9.5,7
947650,0.5,9.5,7
947700,0.5,9.5,7
947750,0.5,9.5,7
947800,0.5,9.5,7
947850,0.5,9.5,7
947900,0.5,9.5,7
947950,0.5,9.5,7
948000,0.5,9.5,7
948050,0.5,9.5,7
948100,0.5,9.5,7
948150,0.5,9.5,7
948200,0.5,9.5,7
948250,0.5,9.5,7
948300,0.5,9.5,7
948350,0.5,9.5,7
948400,0.5,9.5,7
948450,0.5,9.5,7
948500,0.5,9.5,7
948550,0.5,9.5,7
948600,0.5,9.5,7
948650,0.5,9.5,7
948700,0.5,9.5,7
948750,0.5,9.5,7
948800,0.5,9.5,7
948850,0.5,9.5,7
948900,0.5,9.5,7
948950,0.5,9.5,7
949000,0.5,9.5,7
949050,0.5,9.5,7
949100,0.5,9.5,7
949150,0.5,9.5,7
949200,0.5,9.5,7
949250,0.5,9.5,7
949300,0.5,9.5,7
949350,0.5,9.5,7
949400,0.5,9.5,7
949450,0.5,9.5,7
949500,0.5,9.5,7
949550,0.5,9.5,7
949600,0.5,9.5,7
949650,0.5,9.5,7
949700,0.5,9.5,7
949750,0.5,9.5,7
949800,0.5,9.5,7
949850,0.5,9.5,7
949900,0.5,9.5,7
949950,0.5,9.5,7
950000,0.5,9.5,7
950050,0.5,9.5,7
950100,0.5,9.5,7
950150,0.5,9.5,7
950200,0.5,9.5,7
950250,0.5,9.5,7
950300,0.5,9.5,7
950350,0.5,9.5,7
950400,0.5,9.5,7
950450,0.5,9.5,7
950500,0.5,9.5,7
950550,0.5,9.5,7
950600,0.5,9.5,7
950650,0.5,9.5,7
950700,0.5,9.5,7
950750,0.5,9.5,7
950800,0.5,9.5,7
950850,0.5,9.5,7
950900,0.5,9.5,7
950950,0.5,9.5,7
951000,0.5,9.5,7
951050,0.5,9.5,7
951100,0.5,9.5,7
951150,0.5,9.5,7
951200,0.5,9.5,7
951250,0.5,9.5,7
951300,0.5,9.5,7
951350,0.5,9.5,7
951400,0.5,9.5,7
951450,0.5,9.5,7
951500,0.5,9.5,7
951550,0.5,9.5,7
951600,0.5,9.5,7
951650,0.5,9.5,7
951700,0.5,9.5,7
951750,0.5,9.5,7
951800,0.5,9.5,7
951850,0.5,9.5,7
951900,0.5,9.5,7
951950,0.5,9.5,7
952000,0.5,9.5,7
952050,0.5,9.5,7
952100,0.5,9.5,7
952150,0.5,9.5,7
952200,0.5,9.5,7
952250,0.5,9.5,7
952300,0.5,9.5,7
952350,0.5,9.5,7
952400,0.5,9.5,7
952450,0.5,9.5,7
952500,0.5,9.5,7
952550,0.5,9.5,7
952600,0.5,9.5,7
952650,0.5,9.5,7
952700,0.5,9.5,7
952750,0.5,9.5,7
952800,0.5,9.5,7
952850,0.5,9.5,7
952900,0.5,9.5,7
952950,0.5,9.5,7
953000,0.5,9.5,7
953050,0.5,9.5,7
953100,0.5,9.5,7
953150,0.5,9.5,7
953200,0.5,9.5,7
953250,0.5,9.5,7
953300,0.5,9.5,7
953350,0.5,9.5,7
953400,0.5,9.5,7
953450,0.5,9.5,7
953500,0.5,9.5,7
953550,0.5,9.5,7
953600,0.5,9.5,7
953650,0.5,9.5,7
953700,0.5,9.5,7
953750,0.5,9.5,7
953800,0.5,9.5,7
953850,0.5,9.5,7
953900,0.5,9.5,7
953950,0.5,9.5,7
954000,0.5,9.5,7
954050,0.5,9.5,7
954100,0.5,9.5,7
954150,0.5,9.5,7
954200,0.5,9.5,7
954250,0.5,9.5,7
954300,0.5,9.5,7
954350,0.5,9.5,7
954400,0.5,9.5,7
954450,0.5,9.5,7
954500,0.5,9.5,7
954550,0.5,9.5,7
954600,0.5,9.5,7
954650,0.5,9.5,7
954700,0.5,9.5,7
954750,0.5,9.5,7
954800,0.5,9.5,7
954850,0.5,9.5,7
954900,0.5,9.5,7
954950,0.5,9.5,7
955000,0.5,9.5,7
955050,0.5,9.5,7
955100,0.5,9.5,7
955150,0.5,9.5,7
955200,0.5,9.5,7
955250,0.5,9.5,7
955300,0.5,9.5,7
955350,0.5,9.5,7
955400,0.5,9.5,7
955450,0.5,9.5,7
955500,0.5,9.5,7
955550,0.5,9.5,7
955600,0.5,9.5,7
955650,0.5,9.5,7
955700,0.5,9.5,7
955750,0.5,9.5,7
955800,0.5,9.5,7
955850,0.5,9.5,7
955900,0.5,9.5,7
955950,0.5,9.5,7
956000,0.5,9.5,7
956050,0.5,9.5,7
956100,0.5,9.5,7
956150,0.5,9.5,7
956200,0.5,9.5,7
956250,0.5,9.5,7
956300,0.5,9.5,7
956350,0.5,9.5,7
956400,0.5,9.5,7
956450,0.5,9.5,7
956500,0.5,9.5,7
956550,0.5,9.5,7
956600,0.5,9.5,7
956650,0.5,9.5,7
956700,0.5,9.5,7
956750,0.5,9.5,7
956800,0.5,9.5,7
956850,0.5,9.5,7
956900,0.5,9.5,7
956950,0.5,9.5,7
957000,0.5,9.5,7
957050,0.5,9.5,7
957100,0.5,9.5,7
957150,0.5,9.5,7
957200,0.5,9.5,7
957250,0.5,9.5,7
957300,0.5,9.5,7
957350,0.5,9.5,7
957400,0.5,9.5,7
957450,0.5,9.5,7
957500,0.5,9.5,7
957550,0.5,9.5,7
957600,0.5,9.5,7
957650,0.5,9.5,7
957700,0.5,9.5,7
957750,0.5,9.5,7
957800,0.5,9.5,7
957850,0.5,9.5,7
957900,0.5,9.5,7
957950,0.5,9.5,7
958000,0.5,9.5,7
958050,0.5,9.5,7
958100,0.5,9.5,7
958150,0.5,9.5,7
958200,0.5,9.5,7
958250,0.5,9.5,7
958300,0.5,9.5,7
958350,0.5,9.5,7
958400,0.5,9.5,7
958450,0.5,9.5,7
958500,0.5,9.5,7
958550,0.5,9.5,7
958600,0.5,9.5,7
958650,0.5,9.5,7
958700,0.5,9.5,7
958750,0.5,9.5,7
958800,0.5,9.5,7
958850,0.5,9.5,7
958900,0.5,9.5,7
958950,0.5,9.5,7
959000,0.5,9.5,7
959050,0.5,9.5,7
959100,0.5,9.5,7
959150,0.5,9.5,7
959200,0.5,9.5,7
959250,0.5,9.5,7
959300,0.5,9.5,7
959350,0.5,9.5,7
959400,0.5,9.5,7
959450,0.5,9.5,7
959500,0.5,9.5,7
959550,0.5,9.5,7
959600,0.5,9.5,7
959650,0.5,9.5,7
959700,0.5,9.5,7
959750,0.5,9.5,7
959800,0.5,9.5,7
959850,0.5,9.5,7
959900,0.5,9.5,7
959950,0.5,9.5,7
960000,0.5,9.5,7
960050,0.5,9.5,7
960100,0.5,9.5,7
960150,0.5,9.5,7
960200,0.5,9.5,7
960250,0.5,9.5,7
960300,0.5,9.5,7
960350,0.5,9.5,7
960400,0.5,9.5,7
960450,0.5,9.5,7
960500,0.5,9.5,7
960550,0.5,9.5,7
960600,0.5,9.5,7
960650,0.5,9.5,7
960700,0.5,9.5,7
960750,0.5,9.5,7
960800,0.5,9.5,7
960850,0.5,9.5,7
960900,0.5,9.5,7
960950,0.5,9.5,7
961000,0.5,9.5,7
961050,0.5,9.5,7
961100,0.5,9.5,7
961150,0.5,9.5,7
961200,0.5,9.5,7
961250,0.5,9.5,7
961300,0.5,9.5,7
961350,0.5,9.5,7
961400,0.5,9.5,7
961450,0.5,9.5,7
961500,0.5,9.5,7
961550,0.5,9.5,7
961600,0.5,9.5,7
961650,0.5,9.5,7
961700,0.5,9.5,7
961750,0.5,9.5,7
961800,0.5,9.5,7
961850,0.5,9.5,7
961900,0.5,9.5,7
961950,0.5,9.5,7
962000,0.5,9.5,7
962050,0.5,9.5,7
962100,0.5,9.5,7
962150,0.5,9.5,7
962200,0.5,9.5,7
962250,0.5,9.5,7
962300,0.5,9.5,7
962350,0.5,9.5,7
962400,0.5,9.5,7
962450,0.5,9.5,7
962500,0.5,9.5,7
962550,0.5,9.5,7
962600,0.5,9.5,7
962650,0.5,9.5,7
962700,0.5,9.5,7
962750,0.5,9.5,7
962800,0.5,9.5,11
962850,0.5,9.5,11
962900,0.5,9.5,11
962950,0.5,9.5,11
963000,0.5,9.5,11
963050,0.5,9.5,11
963100,0.5,9.5,11
963150,0.5,9.5,11
963200,0.5,9.5,11
963250,0.5,9.5,11
963300,0.5,9.5,11
963350,0.5,9.5,11
963400,0.5,9.5,11
963450,0.5,9.5,11
963500,0.5,9.5,11
963550,0.5,9.5,11
963600,0.5,9.5,11
963650,1.124,8.767,11
963700,2.45,7.376,11
963750,4.24,5.804,11
963800,5.0,5.07,11
963850,5.0,5.072,11
963900,5.0,5.117,11
963950,5.0,5.117,11
964000,5.0,5.117,11
964050,5.0,5.117,11
964100,5.0,5.117,11
964150,5.0,5.063,11
964200,5.0,5.011,11
964250,5.0,5.0,11
964300,5.0,5.0,11
964350,5.0,5.0,11
964400,5.0,5.0,11
964450,5.0,5.0,11
964500,5.0,5.0,11
964550,5.0,5.0,11
964600,5.0,5.0,11
964650,5.0,5.0,11
964700,5.0,5.0,11
964750,5.0,5.0,11
964800,5.0,5.0,11
964850,5.0,5.0,11
964900,5.0,5.0,11
964950,5.0,5.0,11
965000,5.0,5.0,11
965050,5.0,5.0,11
965100,5.0,5.0,11
965150,5.0,5.0,11
965200,5.0,5.0,11
965250,5.0,5.0,11
965300,5.0,5.0,11
965350,5.0,5.0,11
965400,5.0,5.0,11
965450,5.0,5.0,11
965500,5.0,5.0,11
965550,5.0,5.0,11
965600,5.0,5.0,11
965650,5.0,5.0,11
965700,5.0,5.0,11
965750,5.0,5.0,11
965800,5.0,5.0,11
965850,5.0,5.0,11
965900,5.0,5.0,11
965950,5.0,5.0,11
966000,5.0,5.0,11
966050,5.0,5.0,11
966100,5.0,5.0,11
966150,5.0,5.0,11
966200,5.0,5.0,11
966250,5.0,5.0,11
966300,5.0,5.0,11
966350,5.0,5.0,11
966400,5.0,5.0,11
966450,5.0,5.0,11
966500,5.0,5.0,11
966550,5.0,5.0,11
966600,5.0,5.0,11
966650,5.0,5.0,11
966700,5.0,5.0,11
966750,5.0,5.0,11
966800,5.0,5.0,11
966850,5.0,5.0,11
966900,5.0,5.0,11
966950,5.0,5.0,11
967000,5.0,5.0,11
967050,5.0,5.0,11
967100,5.0,5.0,11
967150,5.0,5.0,11
967200,5.0,5.0,11
967250,5.0,5.0,11
967300,5.0,5.0,11
967350,5.0,5.0,11
967400,5.0,5.0,11
967450,5.0,5.0,11
967500,5.0,5.0,11
967550,5.0,5.0,11
967600,5.0,5.0,11
967650,5.0,5.0,11
967700,5.0,5.0,11
967750,5.0,5.0,11
967800,5.0,5.0,11
967850,5.0,5.0,11
967900,5.0,5.0,11
967950,5.0,5.0,11
968000,5.0,5.0,11
968050,5.0,5.0,11
968100,5.0,5.0,11
968150,5.0,5.0,11
968200,5.0,5.0,11
968250,5.0,5.0,11
968300,5.0,5.0,11
968350,5.0,5.0,11
968400,5.0,5.0,11
968450,5.0,5.0,11
968500,5.0,5.0,11
968550,5.0,5.0,11
968600,5.0,5.0,11
968650,5.0,5.0,11
968700,5.0,5.0,11
968750,5.0,5.0,11
968800,5.0,5.0,11
968850,5.0,5.0,11
968900,5.0,5.0,11
968950,5.0,5.0,11
969000,5.0,5.0,11
969050,5.0,5.0,11
969100,5.0,5.0,11
969150,5.0,5.0,11
969200,5.0,5.0,11
969250,5.0,5.0,11
969300,5.0,5.0,11
969350,5.0,5.0,11
969400,5.0,5.0,11
969450,5.0,5.0,11
969500,5.0,5.0,11
969550,5.0,5.0,11
969600,5.0,5.0,11
969650,5.0,5.0,11
969700,5.0,5.0,11
969750,5.0,5.0,11
969800,5.0,5.0,11
969850,5.0,5.0,11
969900,5.0,5.0,11
969950,5.0,5.0,11
970000,5.0,5.0,11
970050,5.0,5.0,11
970100,5.0,5.0,11
970150,5.0,5.0,11
970200,5.0,5.0,11
970250,5.0,5.0,11
970300,5.0,5.0,11
970350,5.0,5.0,11
970400,5.0,5.0,11
970450,5.0,5.0,11
970500,5.0,5.0,11
970550,5.0,5.0,11
970600,5.0,5.0,11
970650,5.0,5.0,11
970700,5.0,5.0,11
970750,5.0,5.0,11
970800,5.0,5.0,11
970850,5.0,5.0,11
970900,5.0,5.0,11
970950,5.0,5.0,11
971000,5.0,5.0,11
971050,5.0,5.0,11
971100,5.0,5.0,11
971150,5.0,5.0,11
971200,5.0,5.0,11
971250,5.0,5.0,11
971300,5.0,5.0,11
971350,5.0,5.0,11
971400,5.0,5.0,11
971450,5.0,5.0,11
971500,5.0,5.0,11
971550,5.0,5.0,11
971600,5.0,5.0,11
971650,5.0,5.0,11
971700,5.0,5.0,11
971750,5.0,5.0,11
971800,5.0,5.0,11
971850,5.0,5.0,11
971900,5.0,5.0,11
971950,5.0,5.0,11
972000,5.0,5.0,11
972050,5.0,5.0,11
972100,5.0,5.0,11
972150,5.0,5.0,11
972200,5.0,5.0,11
972250,5.0,5.0,11
972300,5.0,5.0,11
972350,5.0,5.0,11
972400,5.0,5.0,11
972450,5.0,5.0,11
972500,5.0,5.0,11
972550,5.0,5.0,11
972600,5.0,5.0,11
972650,5.0,5.0,11
972700,5.0,5.0,11
972750,5.0,5.0,11
972800,5.0,5.0,11
972850,5.0,5.0,11
972900,5.0,5.0,11
972950,5.0,5.0,11
973000,5.0,5.0,11
973050,5.0,5.0,11
973100,5.0,5.0,11
973150,5.0,5.0,11
973200,5.0,5.0,11
973250,5.0,5.0,11
973300,5.0,5.0,11
973350,5.0,5.0,11
973400,5.0,5.0,11
973450,5.0,5.0,11
973500,5.0,5.0,11
973550,5.0,5.0,11
973600,5.0,5.0,11
973650,5.0,5.0,11
973700,5.0,5.0,11
973750,5.0,5.0,11
973800,5.0,5.0,11
973850,5.0,5.0,11
973900,5.0,5.0,11
973950,5.0,5.0,11
974000,5.0,5.0,11
974050,5.0,5.0,11
974100,5.0,5.0,11
974150,5.0,5.0,11
974200,5.0,5.0,11
974250,5.0,5.0,11
974300,5.0,5.0,11
974350,5.0,5.0,11
974400,5.0,5.0,11
974450,5.0,5.0,11
974500,5.0,5.0,11
974550,5.0,5.0,11
974600,5.0,5.0,11
974650,5.0,5.0,11
974700,5.0,5.0,11
974750,5.0,5.0,11
974800,5.0,5.0,11
974850,5.0,5.0,11
974900,5.0,5.0,11
974950,5.0,5.0,11
975000,5.0,5.0,11
975050,5.0,5.0,11
975100,5.0,5.0,11
975150,5.0,5.0,11
975200,5.0,5.0,11
975250,5.0,5.0,11
975300,5.0,5.0,11
975350,5.0,5.0,11
975400,5.0,5.0,11
975450,5.0,5.0,11
975500,5.0,5.0,11
975550,5.0,5.0,11
975600,5.0,5.0,11
975650,5.0,5.0,11
975700,5.0,5.0,11
975750,5.0,5.0,11
975800,5.0,5.0,11
975850,5.0,5.0,11
975900,5.0,5.0,11
975950,5.0,5.0,11
976000,5.0,5.0,11
976050,5.0,5.0,11
976100,5.0,5.0,11
976150,5.0,5.0,11
976200,5.0,5.0,11
976250,5.0,5.0,11
976300,5.0,5.0,11
976350,5.0,5.0,11
976400,5.0,5.0,11
976450,5.0,5.0,11
976500,5.0,5.0,11
976550,5.0,5.0,11
976600,5.0,5.0,11
976650,5.0,5.0,11
976700,5.0,5.0,11
976750,5.0,5.0,11
976800,5.0,5.0,11
976850,5.0,5.0,11
976900,5.0,5.0,11
976950,5.0,5.0,11
977000,5.0,5.0,11
977050,5.0,5.0,11
977100,5.0,5.0,11
977150,5.0,5.0,11
977200,5.0,5.0,11
977250,5.0,5.0,11
977300,5.0,5.0,11
977350,5.0,5.0,11
977400,5.0,5.0,11
977450,5.0,5.0,11
977500,5.0,5.0,11
977550,5.0,5.0,11
977600,5.0,5.0,11
977650,5.0,5.0,11
977700,5.0,5.0,11
977750,5.0,5.0,11
977800,5.0,5.0,11
977850,5.0,5.0,11
977900,5.0,5.0,11
977950,5.0,5.0,11
978000,5.0,5.0,11
978050,5.0,5.0,11
978100,5.0,5.0,11
978150,5.0,5.0,11
978200,5.0,5.0,11
978250,5.0,5.0,11
978300,5.0,5.0,11
978350,5.0,5.0,11
978400,5.0,5.0,11
978450,5.0,5.0,11
978500,5.0,5.0,11
978550,5.0,5.0,11
978600,5.0,5.0,11
978650,5.0,5.0,11
978700,5.0,5.0,11
978750,5.0,5.0,11
978800,5.0,5.0,11
978850,5.0,5.0,11
978900,5.0,5.0,11
978950,5.0,5.0,11
979000,5.0,5.0,11
979050,5.0,5.0,11
979100,5.0,5.0,11
979150,5.0,5.0,11
979200,5.0,5.0,11
979250,5.0,5.0,11
979300,5.0,5.0,11
979350,5.0,5.0,11
979400,5.0,5.0,11
979450,5.0,5.0,11
979500,5.0,5.0,11
979550,5.0,5.0,11
979600,5.0,5.0,11
979650,5.0,5.0,11
979700,5.0,5.0,11
979750,5.0,5.0,11
979800,5.0,5.0,11
979850,5.0,5.0,11
979900,5.0,5.0,11
979950,5.0,5.0,11
980000,5.0,5.0,11
980050,5.0,5.0,11
980100,5.0,5.0,11
980150,5.0,5.0,11
980200,5.0,5.0,11
980250,5.0,5.0,11
980300,5.0,5.0,11
980350,5.0,5.0,11
980400,5.0,5.0,11
980450,5.0,5.0,11
980500,5.0,5.0,11
980550,5.0,5.002,11
980600,5.0,5.004,11
980650,5.0,5.004,11
980700,5.0,5.004,11
980750,5.0,5.004,11
980800,5.0,5.004,11
980850,5.0,5.004,11
980900,5.0,5.004,11
980950,5.0,5.004,11
981000,5.0,5.004,11
981050,5.0,5.004,11
981100,5.0,5.004,11
981150,5.0,5.004,11
981200,5.0,5.004,11
981250,5.0,5.004,11
981300,5.0,5.004,11
981350,5.0,5.002,11
981400,5.0,5.0,11
981450,5.0,5.0,11
981500,5.0,5.0,11
981550,5.0,5.0,11
981600,5.0,5.0,11
981650,5.0,5.0,11
981700,5.0,5.0,11
981750,5.0,5.0,11
981800,5.0,5.0,11
981850,5.0,5.0,11
981900,5.0,5.0,11
981950,5.0,5.0,11
982000,5.0,5.0,11
982050,5.0,5.0,11
982100,5.0,5.0,11
982150,5.0,5.0,11
982200,5.0,5.0,11
982250,5.0,5.0,11
982300,5.0,5.0,11
982350,5.0,5.0,11
982400,5.0,5.0,11
982450,5.0,5.0,11
982500,5.0,5.0,11
982550,5.0,5.0,11
982600,5.0,5.0,11
982650,5.0,5.0,11
982700,5.0,5.0,11
982750,5.0,5.0,11
982800,5.0,5.0,11
982850,5.0,5.0,11
982900,5.0,5.0,11
982950,5.0,5.0,11
983000,5.0,5.0,11
983050,5.0,5.0,11
983100,5.0,5.0,11
983150,5.0,5.0,11
983200,5.0,5.0,11
983250,5.0,5.0,11
983300,5.0,5.0,11
983350,5.0,5.0,11
983400,5.0,5.0,11
983450,5.0,5.0,11
983500,5.0,5.0,11
983550,5.0,5.0,11
983600,5.0,5.0,11
983650,5.0,5.0,11
983700,5.0,5.0,11
983750,5.0,5.0,11
983800,5.0,5.0,11
983850,5.0,5.0,11
983900,5.0,5.0,11
983950,5.0,5.0,11
984000,5.0,5.0,11
984050,5.0,5.0,11
984100,5.0,5.0,11
984150,5.0,5.0,11
984200,5.0,5.0,11
984250,5.0,5.0,11
984300,5.0,5.0,11
984350,5.0,5.0,11
984400,5.0,5.0,11
984450,5.0,5.0,11
984500,5.0,5.0,11
984550,5.0,5.0,11
984600,5.0,5.0,11
984650,5.0,5.0,11
984700,5.0,5.0,11
984750,5.0,5.0,11
984800,5.0,5.0,11
984850,5.0,5.0,11
984900,5.0,5.0,11
984950,5.0,5.036,11
985000,5.0,5.06,11
985050,5.0,5.025,11
985100,5.0,5.0,11
985150,5.0,5.03,11
985200,5.0,5.055,11
985250,5.0,5.058,11
985300,5.0,5.058,11
985350,5.0,5.058,11
985400,5.0,5.058,11
985450,5.0,5.058,11
985500,5.0,5.058,11
985550,5.0,5.058,11
985600,5.0,5.058,11
985650,5.0,5.058,11
985700,5.0,5.058,11
985750,5.0,5.058,11
985800,5.0,5.058,11
985850,5.0,5.058,11
985900,5.0,5.058,11
985950,5.0,5.058,11
986000,5.0,5.058,11
986050,5.0,5.058,11
986100,5.0,5.058,11
986150,5.0,5.058,11
986200,5.0,5.058,11
986250,5.0,5.058,11
986300,5.0,5.058,11
986350,5.0,5.058,11
986400,5.0,5.058,11
986450,5.0,5.058,11
986500,5.0,5.058,11
986550,5.0,5.058,11
986600,5.0,5.058,11
986650,5.0,5.058,11
986700,5.0,5.058,11
986750,5.0,5.058,11
986800,5.0,5.058,11
986850,5.0,5.058,11
986900,5.0,5.058,11
986950,5.0,5.058,11
987000,5.0,5.058,11
987050,5.0,5.058,11
987100,5.0,5.058,11
987150,5.0,5.058,11
987200,5.0,5.058,11
987250,5.0,5.058,11
987300,5.0,5.058,11
987350,5.0,5.058,11
987400,5.0,5.058,11
987450,5.0,5.058,11
987500,5.0,5.058,11
987550,5.0,5.058,11
987600,5.0,5.058,11
987650,5.0,5.058,11
987700,5.0,5.058,11
987750,5.0,5.058,11
987800,5.0,5.058,11
987850,5.0,5.058,11
987900,5.0,5.058,11
987950,5.0,5.058,11
988000,5.0,5.058,11
988050,5.0,5.058,11
988100,5.0,5.058,11
988150,5.0,5.058,11
988200,5.0,5.058,11
988250,5.0,5.058,11
988300,5.0,5.058,11
988350,5.0,5.058,11
988400,5.0,5.058,11
988450,5.0,5.058,11
988500,5.0,5.058,11
988550,5.0,5.058,11
988600,5.0,5.058,11
988650,5.0,5.058,11
988700,5.0,5.058,11
988750,5.0,5.058,11
988800,5.0,5.058,11
988850,5.0,5.058,11
988900,5.0,5.058,11
988950,5.0,5.058,11
989000,5.0,5.058,11
989050,5.0,5.058,11
989100,5.0,5.058,11
989150,5.0,5.058,11
989200,5.0,5.058,11
989250,5.0,5.058,11
989300,5.0,5.058,11
989350,5.0,5.058,11
989400,5.0,5.058,11
989450,5.0,5.058,11
989500,5.0,5.058,11
989550,5.0,5.058,11
989600,5.0,5.058,11
989650,5.0,5.058,11
989700,5.0,5.058,11
989750,5.0,5.058,11
989800,5.0,5.058,11
989850,5.0,5.058,11
989900,5.0,5.058,11
989950,5.0,5.058,11
990000,5.0,5.058,11
990050,5.0,5.058,11
990100,5.0,5.058,11
990150,5.0,5.058,11
990200,5.0,5.058,11
990250,5.0,5.058,11
990300,5.0,5.058,11
990350,5.0,5.058,11
990400,5.0,5.058,11
990450,5.0,5.058,11
990500,5.0,5.058,11
990550,5.0,5.058,11
990600,5.0,5.058,11
990650,5.0,5.058,11
990700,5.0,5.058,11
990750,5.0,5.058,11
990800,5.0,5.058,11
990850,5.0,5.058,11
990900,5.0,5.058,11
990950,5.0,5.058,11
991000,5.0,5.058,11
991050,5.0,5.058,11
991100,5.0,5.058,11
991150,5.0,5.058,11
991200,5.0,5.058,11
991250,5.0,5.058,11
991300,5.0,5.058,11
991350,5.0,5.058,11
991400,5.0,5.058,11
991450,5.0,5.058,11
991500,5.0,5.058,11
991550,5.0,5.058,11
991600,5.0,5.058,11
991650,5.0,5.058,11
991700,5.0,5.058,11
991750,5.0,5.058,11
991800,5.0,5.058,11
991850,5.0,5.058,11
991900,5.0,5.058,11
991950,5.0,5.058,11
992000,5.0,5.058,11
992050,5.0,5.058,11
992100,5.0,5.058,11
992150,5.0,5.058,11
992200,5.0,5.058,11
992250,5.0,5.058,11
992300,5.0,5.058,11
992350,5.0,5.058,11
992400,5.0,5.058,11
992450,5.0,5.058,11
992500,5.0,5.058,11
992550,5.0,5.058,11
992600,5.0,5.058,11
992650,5.0,5.058,11
992700,5.0,5.058,11
992750,5.0,5.058,11
992800,5.0,5.058,11
992850,5.0,5.058,11
992900,5.0,5.058,11
992950,5.0,5.058,11
993000,5.0,5.058,11
993050,5.0,5.058,11
993100,5.0,5.058,11
993150,5.0,5.058,11
993200,5.0,5.058,11
993250,5.0,5.058,11
993300,5.0,5.058,11
993350,5.0,5.058,11
993400,5.0,5.058,11
993450,5.0,5.058,11
993500,5.0,5.058,11
993550,5.0,5.058,11
993600,5.0,5.058,11
993650,5.0,5.058,11
993700,5.0,5.058,11
993750,5.0,5.058,11
993800,5.0,5.058,11
993850,5.0,5.058,11
993900,5.0,5.058,11
993950,5.0,5.058,11
994000,5.0,5.058,11
994050,5.0,5.058,11
994100,5.0,5.058,11
994150,5.0,5.058,11
994200,5.0,5.058,11
994250,5.0,5.058,11
994300,5.0,5.058,11
994350,5.0,5.058,11
994400,5.0,5.058,11
994450,5.0,5.058,11
994500,5.0,5.058,11
994550,5.0,5.058,11
994600,5.0,5.058,11
994650,5.0,5.058,11
994700,5.0,5.058,11
994750,5.0,5.058,11
994800,5.0,5.058,11
994850,5.0,5.058,11
994900,5.0,5.058,11
994950,5.0,5.058,11
995000,5.0,5.058,11
995050,5.0,5.058,11
995100,5.0,5.058,11
995150,5.0,5.058,11
995200,5.0,5.058,11
995250,5.0,5.058,11
995300,5.0,5.027,11
995350,5.0,5.002,11
995400,5.0,5.0,11
995450,5.0,5.0,11
995500,5.0,5.0,11
995550,5.0,5.0,11
995600,5.0,5.0,11
995650,5.0,5.0,11
995700,5.0,5.0,11
995750,5.0,5.0,11
995800,5.0,5.0,11
995850,5.0,5.0,11
995900,5.0,5.0,11
995950,5.0,5.0,11
996000,5.0,5.0,11
996050,5.0,5.0,11
996100,5.0,5.0,11
996150,5.0,5.0,11
996200,5.0,5.0,11
996250,5.0,5.0,11
996300,5.0,5.0,11
996350,5.0,5.0,11
996400,5.0,5.0,11
996450,5.0,5.0,11
996500,5.0,5.0,11
996550,5.0,5.0,11
996600,5.0,5.0,11
996650,5.0,5.0,11
996700,5.0,5.0,11
996750,5.0,5.0,11
996800,5.0,5.0,11
996850,5.0,5.0,11
996900,5.0,5.024,11
996950,5.0,5.063,11
997000,5.0,5.066,11
997050,5.0,5.024,11
997100,5.0,5.0,11
997150,5.0,5.0,11
997200,5.0,5.0,11
997250,5.0,5.0,11
997300,5.0,5.0,11
997350,5.0,5.0,11
997400,5.0,5.0,11
997450,5.0,5.0,11
997500,5.0,5.0,11
997550,5.0,5.0,11
997600,5.0,5.0,11
997650,5.0,5.0,11
997700,5.0,5.0,11
997750,5.0,5.0,11
997800,5.0,5.0,11
997850,5.0,5.0,11
997900,5.0,5.0,11
997950,5.0,5.0,11
998000,5.0,5.0,11
998050,5.0,5.0,11
998100,5.0,5.0,11
998150,5.0,5.0,11
998200,5.0,5.0,11
998250,5.0,5.0,11
998300,5.0,5.0,11
998350,5.0,5.0,11
998400,5.0,5.0,11
998450,5.0,5.0,11
998500,5.0,5.0,11
998550,5.0,5.0,11
998600,5.0,5.0,11
998650,5.0,5.0,11
998700,5.0,5.0,11
998750,5.0,5.0,11
998800,5.0,5.0,11
998850,5.0,5.0,11
998900,5.0,5.0,11
998950,5.0,5.0,11
999000,5.0,5.0,11
999050,5.0,5.0,11
999100,5.0,5.0,11
999150,5.0,5.0,11
999200,5.0,5.0,11
999250,5.0,5.0,11
999300,5.0,5.0,11
999350,5.0,5.0,11
999400,5.0,5.0,11
999450,5.0,5.0,11
999500,5.0,5.0,11
999550,5.0,5.0,11
999600,5.0,5.0,11
999650,5.0,5.0,11
999700,5.0,5.0,11
999750,5.0,5.0,11
999800,5.0,5.0,11
999850,5.0,5.0,11
999900,5.0,5.0,11
999950,5.0,5.0,11
1000000,5.0,5.0,11
1000050,5.0,5.0,11
1000100,5.0,5.0,11
1000150,5.0,5.0,11
1000200,5.0,5.0,11
1000250,5.0,5.0,11
1000300,5.0,5.0,11
1000350,5.0,5.0,11
1000400,5.0,5.0,11
1000450,5.0,5.0,11
1000500,5.0,5.0,11
1000550,5.0,5.0,11
1000600,5.0,5.0,11
1000650,5.0,5.0,11
1000700,5.0,5.0,11
1000750,5.0,5.0,11
1000800,5.0,5.0,11
1000850,5.0,5.001,11
1000900,5.0,5.001,11
1000950,5.0,5.001,11
1001000,5.0,5.001,11
1001050,5.0,5.001,11
1001100,5.0,5.001,11
1001150,5.0,5.001,11
1001200,5.0,5.001,11
1001250,5.0,5.001,11
1001300,5.0,5.001,11
1001350,5.0,5.001,11
1001400,5.0,5.005,11
1001450,5.0,5.008,11
1001500,5.0,5.008,11
1001550,5.0,5.008,11
1001600,5.0,5.008,11
1001650,5.0,5.008,11
1001700,5.0,5.008,11
1001750,5.0,5.008,11
1001800,5.0,5.008,11
1001850,5.0,5.008,11
1001900,5.0,5.008,11
1001950,5.0,5.008,11
1002000,5.0,5.008,11
1002050,5.0,5.008,11
1002100,5.0,5.008,11
1002150,5.0,5.008,11
1002200,5.0,5.008,11
1002250,5.0,5.008,11
1002300,5.0,5.008,11
1002350,5.0,5.008,11
1002400,5.0,5.008,11
1002450,5.0,5.008,11
1002500,5.0,5.008,11
1002550,5.0,5.008,11
1002600,5.0,5.008,11
1002650,5.0,5.008,11
1002700,5.0,5.008,11
1002750,5.0,5.008,11
1002800,5.0,5.008,11
1002850,5.0,5.008,11
1002900,5.0,5.008,11
1002950,5.0,5.008,11
1003000,5.0,5.008,11
1003050,5.0,5.008,11
1003100,5.0,5.008,11
1003150,5.0,5.008,11
1003200,5.0,5.008,11
1003250,5.0,5.008,11
1003300,5.0,5.008,11
1003350,5.0,5.008,11
1003400,5.0,5.008,11
1003450,5.0,5.008,11
1003500,5.0,5.008,11
1003550,5.0,5.008,11
1003600,5.0,5.008,11
1003650,5.0,5.008,11
1003700,5.0,5.008,11
1003750,5.0,5.008,11
1003800,5.0,5.008,11
1003850,5.0,5.008,11
1003900,5.0,5.008,11
1003950,5.0,5.008,11
1004000,5.0,5.008,11
1004050,5.0,5.008,11
1004100,5.0,5.008,11
1004150,5.0,5.008,11
1004200,5.0,5.012,11
1004250,5.0,5.017,11
1004300,5.0,5.019,11
1004350,5.0,5.019,11
1004400,5.0,5.019,11
1004450,5.0,5.018,11
1004500,5.0,5.018,11
1004550,5.0,5.018,11
1004600,5.0,5.018,11
1004650,5.0,5.018,11
1004700,5.0,5.018,11
1004750,5.0,5.018,11
1004800,5.0,5.018,11
1004850,5.0,5.018,11
1004900,5.0,5.018,11
1004950,5.0,5.018,11
1005000,5.0,5.018,11
1005050,5.0,5.018,11
1005100,5.0,5.018,11
1005150,5.0,5.018,11
1005200,5.0,5.018,11
1005250,5.0,5.018,11
1005300,5.0,5.018,11
1005350,5.0,5.018,11
1005400,5.0,5.018,11
1005450,5.0,5.018,11
1005500,5.0,5.018,11
1005550,5.0,5.018,11
1005600,5.0,5.018,11
1005650,5.0,5.018,11
1005700,5.0,5.018,11
1005750,5.0,5.018,11
1005800,5.0,5.018,11
1005850,5.0,5.018,11
1005900,5.0,5.018,11
1005950,5.0,5.018,11
1006000,5.0,5.018,11
1006050,5.0,5.018,11
1006100,5.0,5.018,11
1006150,5.0,5.018,11
1006200,5.0,5.018,11
1006250,5.0,5.018,11
1006300,5.0,5.018,11
1006350,5.0,5.018,11
1006400,5.0,5.018,11
1006450,5.0,5.018,11
1006500,5.0,5.018,11
1006550,5.0,5.018,11
1006600,5.0,5.018,11
1006650,5.0,5.018,11
1006700,5.0,5.018,11
1006750,5.0,5.018,11
1006800,5.0,5.018,11
1006850,5.0,5.018,11
1006900,5.0,5.018,11
1006950,5.0,5.018,11
1007000,5.0,5.018,11
1007050,5.0,5.018,11
1007100,5.0,5.018,11
1007150,5.0,5.018,11
1007200,5.0,5.018,11
1007250,5.0,5.018,11
1007300,5.0,5.018,11
1007350,5.0,5.018,11
1007400,5.0,5.018,11
1007450,5.0,5.018,11
1007500,5.0,5.018,11
1007550,5.0,5.018,11
1007600,5.0,5.018,11
1007650,5.0,5.018,11
1007700,5.0,5.018,11
1007750,5.0,5.018,11
1007800,5.0,5.018,11
1007850,5.0,5.018,11
1007900,5.0,5.018,11
1007950,5.0,5.018,11
1008000,5.0,5.018,11
1008050,5.0,5.018,11
1008100,5.0,5.018,11
1008150,5.0,5.018,11
1008200,5.0,5.018,11
1008250,5.0,5.018,11
1008300,5.0,5.018,11
1008350,5.0,5.018,11
1008400,5.0,5.018,11
1008450,5.0,5.018,11
1008500,5.0,5.018,11
1008550,5.0,5.018,11
1008600,5.0,5.018,11
1008650,5.0,5.018,11
1008700,5.0,5.018,11
1008750,5.0,5.018,11
1008800,5.0,5.018,11
1008850,5.0,5.018,11
1008900,5.0,5.018,11
1008950,5.0,5.018,11
1009000,5.0,5.018,11
1009050,5.0,5.018,11
1009100,5.0,5.018,11
1009150,5.0,5.018,11
1009200,5.0,5.018,11
1009250,5.0,5.018,11
1009300,5.0,5.018,11
1009350,5.0,5.018,11
1009400,5.0,5.018,11
1009450,5.0,5.018,11
1009500,5.0,5.018,11
1009550,5.0,5.018,11
1009600,5.0,5.018,11
1009650,5.0,5.018,11
1009700,5.0,5.018,11
1009750,5.0,5.018,11
1009800,5.0,5.018,11
1009850,5.0,5.018,11
1009900,5.0,5.018,11
1009950,5.0,5.018,11
1010000,5.0,5.018,11
1010050,5.0,5.018,11
1010100,5.0,5.018,11
1010150,5.0,5.018,11
1010200,5.0,5.018,11
1010250,5.0,5.018,11
1010300,5.0,5.018,11
1010350,5.0,5.018,11
1010400,5.0,5.018,11
1010450,5.0,5.018,11
1010500,5.0,5.018,11
1010550,5.0,5.018,11
1010600,5.0,5.018,11
1010650,5.0,5.018,11
1010700,5.0,5.018,11
1010750,5.0,5.018,11
1010800,5.0,5.018,11
1010850,5.0,5.018,11
1010900,5.0,5.018,11
1010950,5.0,5.018,11
1011000,5.0,5.018,11
1011050,5.0,5.018,11
1011100,5.0,5.018,11
1011150,5.0,5.018,11
1011200,5.0,5.018,11
1011250,5.0,5.018,11
1011300,5.0,5.018,11
1011350,5.0,5.018,11
1011400,5.0,5.018,11
1011450,5.0,5.018,11
1011500,5.0,5.018,11
1011550,5.0,5.018,11
1011600,5.0,5.018,11
1011650,5.0,5.018,11
1011700,5.0,5.018,11
1011750,5.0,5.018,11
1011800,5.0,5.018,11
1011850,5.0,5.018,11
1011900,5.0,5.018,11
1011950,5.0,5.018,11
1012000,5.0,5.018,11
1012050,5.0,5.018,11
1012100,5.0,5.018,11
1012150,5.0,5.018,11
1012200,5.0,5.018,11
1012250,5.0,5.018,11
1012300,5.0,5.018,11
1012350,5.0,5.018,11
1012400,5.0,5.018,11
1012450,5.0,5.018,11
1012500,5.0,5.018,11
1012550,5.0,5.018,11
1012600,5.0,5.018,11
1012650,5.0,5.018,11
1012700,5.0,5.018,11
1012750,5.0,5.018,11
1012800,5.0,5.018,11
1012850,5.0,5.018,11
1012900,5.0,5.018,11
1012950,5.0,5.018,11
1013000,5.0,5.018,11
1013050,5.0,5.018,11
1013100,5.0,5.018,11
1013150,5.0,5.018,11
1013200,5.0,5.018,11
1013250,5.0,5.018,11
1013300,5.0,5.018,11
1013350,5.0,5.018,11
1013400,5.0,5.018,11
1013450,5.0,5.018,11
1013500,5.0,5.018,11
1013550,5.0,5.018,11
1013600,5.0,5.018,11
1013650,5.0,5.018,11
1013700,5.0,5.018,11
1013750,5.0,5.018,11
1013800,5.0,5.018,11
1013850,5.0,5.018,11
1013900,5.0,5.018,11
1013950,5.0,5.018,11
1014000,5.0,5.018,11
1014050,5.0,5.018,11
1014100,5.0,5.018,11
1014150,5.0,5.018,11
1014200,5.0,5.018,11
1014250,5.0,5.018,11
1014300,5.0,5.018,11
1014350,5.0,5.018,11
1014400,5.0,5.018,11
1014450,5.0,5.018,11
1014500,5.0,5.018,11
1014550,5.0,5.018,11
1014600,5.0,5.018,11
1014650,5.0,5.018,11
1014700,5.0,5.018,11
1014750,5.0,5.018,11
1014800,5.0,5.018,11
1014850,5.0,5.018,11
1014900,5.0,5.018,11
1014950,5.0,5.018,11
1015000,5.0,5.018,11
1015050,5.0,5.018,11
1015100,5.0,5.018,11
1015150,5.0,5.018,11
1015200,5.0,5.018,11
1015250,5.0,5.018,11
1015300,5.0,5.018,11
1015350,5.0,5.018,11
1015400,5.0,5.018,11
1015450,5.0,5.018,11
1015500,5.0,5.018,11
1015550,5.0,5.018,11
1015600,5.0,5.018,11
1015650,5.0,5.018,11
1015700,5.0,5.018,11
1015750,5.0,5.018,11
1015800,5.0,5.018,11
1015850,5.0,5.018,11
1015900,5.0,5.018,11
1015950,5.0,5.018,11
1016000,5.0,5.018,11
1016050,5.0,5.018,11
1016100,5.0,5.018,11
1016150,5.0,5.018,11
1016200,5.0,5.018,11
1016250,5.0,5.018,11
1016300,5.0,5.018,11
1016350,5.0,5.018,11
1016400,5.0,5.018,11
1016450,5.0,5.018,11
1016500,5.0,5.018,11
1016550,5.0,5.018,11
1016600,5.0,5.018,11
1016650,5.0,5.018,11
1016700,5.0,5.018,11
1016750,5.0,5.018,11
1016800,5.0,5.018,11
1016850,5.0,5.018,11
1016900,5.0,5.018,11
1016950,5.0,5.018,11
1017000,5.0,5.018,11
1017050,5.0,5.018,11
1017100,5.0,5.018,11
1017150,5.0,5.018,11
1017200,5.0,5.018,11
1017250,5.0,5.018,11
1017300,5.0,5.018,11
1017350,5.0,5.018,11
1017400,5.0,5.018,11
1017450,5.0,5.018,11
1017500,5.0,5.018,11
1017550,5.0,5.018,11
1017600,5.0,5.018,11
1017650,5.0,5.018,11
1017700,5.0,5.018,11
1017750,5.0,5.018,11
1017800,5.0,5.018,11
1017850,5.0,5.018,11
1017900,5.0,5.018,11
1017950,5.0,5.018,11
1018000,5.0,5.018,11
1018050,5.0,5.018,11
1018100,5.0,5.018,11
1018150,5.0,5.018,11
1018200,5.0,5.018,11
1018250,5.0,5.018,11
1018300,5.0,5.018,11
1018350,5.0,5.018,11
1018400,5.0,5.018,11
1018450,5.0,5.018,11
1018500,5.0,5.018,11
1018550,5.0,5.018,11
1018600,5.0,5.018,11
1018650,5.0,5.018,11
1018700,5.0,5.018,11
1018750,5.0,5.018,11
1018800,5.0,5.018,11
1018850,5.0,5.018,11
1018900,5.0,5.018,11
1018950,5.0,5.018,11
1019000,5.0,5.018,11
1019050,5.0,5.018,11
1019100,5.0,5.018,11
1019150,5.0,5.018,11
1019200,5.0,5.018,11
1019250,5.0,5.018,11
1019300,5.0,5.018,11
1019350,5.0,5.018,11
1019400,5.0,5.018,11
1019450,5.0,5.018,11
1019500,5.0,5.018,11
1019550,5.0,5.018,11
1019600,5.0,5.018,11
1019650,5.0,5.018,11
1019700,5.0,5.018,11
1019750,5.0,5.018,11
1019800,5.0,5.018,11
1019850,5.0,5.018,11
1019900,5.0,5.018,11
1019950,5.0,5.018,11
1020000,5.0,5.018,11
1020050,5.0,5.018,11
1020100,5.0,5.018,11
1020150,5.0,5.018,11
1020200,5.0,5.018,11
1020250,5.0,5.018,11
1020300,5.0,5.018,11
1020350,5.0,5.018,11
1020400,5.0,5.018,11
1020450,5.0,5.018,11
1020500,5.0,5.018,11
1020550,5.0,5.018,11
1020600,5.0,5.018,11
1020650,5.0,5.018,11
1020700,5.0,5.018,11
1020750,5.0,5.018,11
1020800,5.0,5.018,11
1020850,5.0,5.018,11
1020900,5.0,5.018,11
1020950,5.0,5.018,11
1021000,5.0,5.018,11
1021050,5.0,5.018,11
1021100,5.0,5.018,11
1021150,5.0,5.018,11
1021200,5.0,5.018,11
1021250,5.0,5.018,11
1021300,5.0,5.018,11
1021350,5.0,5.018,11
1021400,5.0,5.018,11
1021450,5.0,5.018,11
1021500,5.0,5.018,11
1021550,5.0,5.018,11
1021600,5.0,5.018,11
1021650,5.0,5.018,11
1021700,5.0,5.018,11
1021750,5.0,5.018,11
1021800,5.0,5.018,11
1021850,5.0,5.018,11
1021900,5.0,5.018,11
1021950,5.0,5.018,11
1022000,5.0,5.018,11
1022050,5.0,5.018,11
1022100,5.0,5.018,11
1022150,5.0,5.018,11
1022200,5.0,5.018,11
1022250,5.0,5.018,11
1022300,5.0,5.018,11
1022350,5.0,5.018,11
1022400,5.0,5.018,11
1022450,5.0,5.018,11
1022500,5.0,5.018,11
1022550,5.0,5.018,11
1022600,5.0,5.018,11
1022650,5.0,5.018,11
1022700,5.0,5.018,11
1022750,5.0,5.018,11
1022800,5.0,5.018,11
1022850,5.0,5.018,11
1022900,5.0,5.018,11
1022950,5.0,5.018,11
1023000,5.0,5.018,11
1023050,5.0,5.018,11
1023100,5.0,5.018,11
1023150,5.0,5.018,11
1023200,5.0,5.018,11
1023250,5.0,5.018,11
1023300,5.0,5.018,11
1023350,5.0,5.018,11
1023400,5.0,5.018,11
1023450,5.0,5.018,11
1023500,5.0,5.018,11
1023550,5.0,5.018,11
1023600,5.0,5.018,11
1023650,5.0,5.018,11
1023700,5.0,5.018,11
1023750,5.0,5.018,11
1023800,5.0,5.018,11
1023850,5.0,5.018,11
1023900,5.0,5.018,11
1023950,5.0,5.018,11
1024000,5.0,5.018,11
1024050,5.0,5.018,11
1024100,5.0,5.018,11
1024150,5.0,5.018,11
1024200,5.0,5.018,11
1024250,5.0,5.018,11
1024300,5.0,5.018,11
1024350,5.0,5.018,11
1024400,5.0,5.018,11
1024450,5.0,5.018,11
1024500,5.0,5.018,11
1024550,5.0,5.018,11
1024600,5.0,5.018,11
1024650,5.0,5.018,11
1024700,5.0,5.018,11
1024750,5.0,5.018,11
1024800,5.0,5.018,11
1024850,5.0,5.018,11
1024900,5.0,5.018,11
1024950,5.0,5.018,11
1025000,5.0,5.018,11
1025050,5.0,5.018,11
1025100,5.0,5.018,11
1025150,5.0,5.018,11
1025200,5.0,5.018,11
1025250,5.0,5.018,11
1025300,5.0,5.018,11
1025350,5.0,5.018,11
1025400,5.0,5.018,11
1025450,5.0,5.018,11
1025500,5.0,5.018,11
1025550,5.0,5.018,11
1025600,5.0,5.018,11
1025650,5.0,5.018,11
1025700,5.0,5.018,11
1025750,5.0,5.018,11
1025800,5.0,5.018,11
1025850,5.0,5.018,11
1025900,5.0,5.018,11
1025950,5.0,5.018,11
1026000,5.0,5.018,11
1026050,5.0,5.018,11
1026100,5.0,5.018,11
1026150,5.0,5.018,11
1026200,5.0,5.018,11
1026250,5.0,5.018,11
1026300,5.0,5.018,11
1026350,5.0,5.018,11
1026400,5.0,5.018,11
1026450,5.0,5.018,11
1026500,5.0,5.018,11
1026550,5.0,5.018,11
1026600,5.0,5.018,11
1026650,5.0,5.018,11
1026700,5.0,5.018,11
1026750,5.0,5.018,11
1026800,5.0,5.018,11
1026850,5.0,5.018,11
1026900,5.0,5.018,11
1026950,5.0,5.018,11
1027000,5.0,5.018,11
1027050,5.0,5.018,11
1027100,5.0,5.018,11
1027150,5.0,5.018,11
1027200,5.0,5.018,11
1027250,5.0,5.018,11
1027300,5.0,5.018,11
1027350,5.0,5.018,11
1027400,5.0,5.018,11
1027450,5.0,5.018,11
1027500,5.0,5.018,11
1027550,5.0,5.018,11
1027600,5.0,5.018,11
1027650,5.0,5.018,11
1027700,5.0,5.018,11
1027750,5.0,5.018,11
1027800,5.0,5.018,11
1027850,5.0,5.018,11
1027900,5.0,5.018,11
1027950,5.0,5.018,11
1028000,5.0,5.018,11
1028050,5.0,5.018,11
1028100,5.0,5.018,11
1028150,5.0,5.018,11
1028200,5.0,5.018,11
1028250,5.0,5.018,11
1028300,5.0,5.018,11
1028350,5.0,5.018,11
1028400,5.0,5.018,11
1028450,5.0,5.018,11
1028500,5.0,5.018,11
1028550,5.0,5.018,11
1028600,5.0,5.018,11
1028650,5.0,5.018,11
1028700,5.0,5.018,11
1028750,5.0,5.018,11
1028800,5.0,5.018,11
1028850,5.0,5.018,11
1028900,5.0,5.018,11
1028950,5.0,5.018,11
1029000,5.0,5.018,11
1029050,5.0,5.018,11
1029100,5.0,5.018,11
1029150,5.0,5.018,11
1029200,5.0,5.018,11
1029250,5.0,5.018,11
1029300,5.0,5.018,11
1029350,5.0,5.018,11
1029400,5.0,5.018,11
1029450,5.0,5.018,11
1029500,5.0,5.018,11
1029550,5.0,5.018,11
1029600,5.0,5.018,11
1029650,5.0,5.018,11
1029700,5.0,5.018,11
1029750,5.0,5.018,11
1029800,5.0,5.018,11
1029850,5.0,5.018,11
1029900,5.0,5.018,11
1029950,5.0,5.018,11
1030000,5.0,5.018,11
1030050,5.0,5.018,11
1030100,5.0,5.018,11
1030150,5.0,5.018,11
1030200,5.0,5.018,11
1030250,5.0,5.018,11
1030300,5.0,5.018,11
1030350,5.0,5.018,11
1030400,5.0,5.018,11
1030450,5.0,5.018,11
1030500,5.0,5.018,11
1030550,5.0,5.018,11
1030600,5.0,5.018,11
1030650,5.0,5.018,11
1030700,5.0,5.018,11
1030750,5.0,5.018,11
1030800,5.0,5.018,11
1030850,5.0,5.018,11
1030900,5.0,5.018,11
1030950,5.0,5.018,11
1031000,5.0,5.018,11
1031050,5.0,5.018,11
1031100,5.0,5.018,11
1031150,5.0,5.018,11
1031200,5.0,5.018,11
1031250,5.0,5.018,11
1031300,5.0,5.018,11
1031350,5.0,5.018,11
1031400,5.0,5.018,11
1031450,5.0,5.018,11
1031500,5.0,5.018,11
1031550,5.0,5.018,11
1031600,5.0,5.018,11
1031650,5.0,5.018,11
1031700,5.0,5.018,11
1031750,5.0,5.018,11
1031800,5.0,5.018,11
1031850,5.0,5.018,11
1031900,5.0,5.018,11
1031950,5.0,5.018,11
1032000,5.0,5.018,11
1032050,5.0,5.018,11
1032100,5.0,5.016,11
1032150,5.0,5.007,11
1032200,5.0,5.0,11
1032250,5.0,5.0,11
1032300,5.0,5.0,11
1032350,5.0,5.0,11
1032400,5.0,5.0,11
1032450,5.0,5.0,11
1032500,5.0,5.0,11
1032550,5.0,5.0,11
1032600,5.0,5.0,11
1032650,5.0,5.0,11
1032700,5.0,5.0,11
1032750,5.0,5.0,11
1032800,5.0,5.0,11
1032850,5.0,5.0,11
1032900,5.0,5.0,11
1032950,5.0,5.0,11
1033000,5.0,5.0,11
1033050,5.0,5.0,11
1033100,5.0,5.0,11
1033150,5.0,5.0,11
1033200,5.0,5.0,11
1033250,5.0,5.0,11
1033300,5.0,5.0,11
1033350,5.0,5.0,11
1033400,5.0,5.0,11
1033450,5.0,5.0,11
1033500,5.0,5.0,11
1033550,5.0,5.0,11
1033600,5.0,5.0,11
1033650,5.0,5.0,11
1033700,5.0,5.0,11
1033750,5.0,5.0,11
1033800,5.0,5.0,11
1033850,5.0,5.0,11
1033900,5.0,5.0,11
1033950,5.0,5.0,11
1034000,5.0,5.0,11
1034050,5.0,5.0,11
1034100,5.0,5.0,11
1034150,5.0,5.0,11
1034200,5.0,5.0,11
1034250,5.0,5.0,11
1034300,5.0,5.0,11
1034350,5.0,5.0,11
1034400,5.0,5.0,11
1034450,5.0,5.0,11
1034500,5.0,5.0,11
1034550,5.0,5.0,11
1034600,5.0,5.0,11
1034650,5.0,5.0,11
1034700,5.0,5.0,11
1034750,5.0,5.0,11
1034800,5.0,5.0,11
1034850,5.0,5.0,11
1034900,5.0,5.0,11
1034950,5.0,5.0,11
1035000,5.0,5.0,11
1035050,5.0,5.0,11
1035100,5.0,5.0,11
1035150,5.0,5.0,11
1035200,5.0,5.0,11
1035250,5.0,5.0,11
1035300,5.0,5.0,11
1035350,5.0,5.0,11
1035400,5.0,5.0,11
1035450,5.0,5.0,11
1035500,5.0,5.0,11
1035550,5.0,5.0,11
1035600,5.0,5.0,11
1035650,5.0,5.0,11
1035700,5.0,5.0,11
1035750,5.0,5.0,11
1035800,5.0,5.0,11
1035850,5.0,5.0,11
1035900,5.0,5.0,11
1035950,5.0,5.0,11
1036000,5.0,5.0,11
1036050,5.0,5.0,11
1036100,5.0,5.0,11
1036150,5.0,5.0,11
1036200,5.0,5.0,11
1036250,5.0,5.0,11
1036300,5.0,5.0,11
1036350,5.0,5.0,11
1036400,5.0,5.0,11
1036450,5.0,5.0,11
1036500,5.0,5.0,11
1036550,5.0,5.0,11
1036600,5.0,5.0,11
1036650,5.0,5.0,11
1036700,5.0,5.0,11
1036750,5.0,5.0,11
1036800,5.0,5.0,11
1036850,5.0,5.0,11
1036900,5.0,5.0,11
1036950,5.0,5.0,11
1037000,5.0,5.0,11
1037050,5.0,5.0,11
1037100,5.0,5.0,11
1037150,5.0,5.0,11
1037200,5.0,5.0,11
1037250,5.0,5.0,11
1037300,5.0,5.0,11
1037350,5.0,5.0,11
1037400,5.0,5.0,11
1037450,5.0,5.0,11
1037500,5.0,5.0,11
1037550,5.0,5.0,11
1037600,5.0,5.0,11
1037650,5.0,5.0,11
1037700,5.0,5.0,11
1037750,5.0,5.0,11
1037800,5.0,5.0,11
1037850,5.0,5.0,11
1037900,5.0,5.0,11
1037950,5.0,5.0,11
1038000,5.0,5.0,11
1038050,5.0,5.0,11
1038100,5.0,5.0,11
1038150,5.0,5.0,11
1038200,5.0,5.0,11
1038250,5.0,5.0,11
1038300,5.0,5.0,11
1038350,5.0,5.0,11
1038400,5.0,5.0,11
1038450,5.0,5.0,11
1038500,5.0,5.0,11
1038550,5.0,5.0,11
1038600,5.0,5.0,11
1038650,5.0,5.0,11
1038700,5.0,5.0,11
1038750,5.0,5.0,11
1038800,5.0,5.0,11
1038850,5.0,5.0,11
1038900,5.0,5.0,11
1038950,5.0,5.0,11
1039000,5.0,5.0,11
1039050,5.0,5.0,11
1039100,5.0,5.0,11
1039150,5.0,5.0,11
1039200,5.0,5.0,11
1039250,5.0,5.0,11
1039300,5.0,5.0,11
1039350,5.0,5.0,11
1039400,5.0,5.0,11
1039450,5.0,5.0,11
1039500,5.0,5.0,11
1039550,5.0,5.0,11
1039600,5.0,5.0,11
1039650,5.0,5.0,11
1039700,5.0,5.0,11
1039750,5.0,5.0,11
1039800,5.0,5.0,11
1039850,5.0,5.0,11
1039900,5.0,5.0,11
1039950,5.0,5.0,11
1040000,5.0,5.0,11
1040050,5.0,5.0,11
1040100,5.0,5.004,11
1040150,5.0,5.003,11
1040200,5.0,5.0,11
1040250,5.0,5.0,11
1040300,5.0,5.0,11
1040350,5.0,5.0,11
1040400,5.0,5.0,11
1040450,5.0,5.0,11
1040500,5.0,5.0,11
1040550,5.0,5.0,11
1040600,5.0,5.0,11
1040650,5.0,5.0,11
1040700,5.0,5.0,11
1040750,5.0,5.0,11
1040800,5.0,5.0,11
1040850,5.0,5.0,11
1040900,5.0,5.0,11
1040950,5.0,5.0,11
1041000,5.0,5.0,11
1041050,5.0,5.0,11
1041100,5.0,5.0,11
1041150,5.0,5.0,11
1041200,5.0,5.0,11
1041250,5.0,5.0,11
1041300,5.0,5.0,11
1041350,5.0,5.0,11
1041400,5.0,5.0,11
1041450,5.0,5.0,11
1041500,5.0,5.0,11
1041550,5.0,5.0,11
1041600,5.0,5.0,11
1041650,5.0,5.0,11
1041700,5.0,5.0,11
1041750,5.0,5.0,11
1041800,5.0,5.0,11
1041850,5.0,5.0,11
1041900,5.0,5.0,11
1041950,5.0,5.0,11
1042000,5.0,5.0,11
1042050,5.0,5.0,11
1042100,5.0,5.0,11
1042150,5.0,5.0,11
1042200,5.0,5.0,11
1042250,5.0,5.0,11
1042300,5.0,5.0,11
1042350,5.0,5.0,11
1042400,5.0,5.0,11
1042450,5.0,5.0,11
1042500,5.0,5.0,11
1042550,5.0,5.0,11
1042600,5.0,5.0,11
1042650,5.0,5.0,11
1042700,5.0,5.0,11
1042750,5.0,5.0,11
1042800,5.0,5.0,11
1042850,5.0,5.0,11
1042900,5.0,5.0,11
1042950,5.0,5.0,11
1043000,5.0,5.0,11
1043050,5.0,5.0,11
1043100,5.0,5.0,11
1043150,5.0,5.0,11
1043200,5.0,5.0,11
1043250,5.0,5.0,11
1043300,5.0,5.0,11
1043350,5.0,5.0,11
1043400,5.0,5.0,11
1043450,5.0,5.0,11
1043500,5.0,5.0,11
1043550,5.0,5.0,11
1043600,5.0,5.0,11
1043650,5.0,5.0,11
1043700,5.0,5.0,11
1043750,5.0,5.0,11
1043800,5.0,5.0,11
1043850,5.0,5.0,11
1043900,5.0,5.0,11
1043950,5.0,5.0,11
1044000,5.0,5.0,11
1044050,5.0,5.0,11
1044100,5.0,5.0,11
1044150,5.0,5.0,11
1044200,5.0,5.0,11
1044250,5.0,5.0,11
1044300,5.0,5.0,11
1044350,5.0,5.0,11
1044400,5.0,5.0,11
1044450,5.0,5.0,11
1044500,5.0,5.0,11
1044550,5.0,5.0,11
1044600,5.0,5.0,11
1044650,5.0,5.0,11
1044700,5.0,5.0,11
1044750,5.0,5.0,11
1044800,5.0,5.0,11
1044850,5.0,5.0,11
1044900,5.0,5.0,11
1044950,5.0,5.0,11
1045000,5.0,5.0,11
1045050,5.0,5.0,11
1045100,5.0,5.0,11
1045150,5.0,5.0,11
1045200,5.0,5.0,11
1045250,5.0,5.0,11
1045300,5.0,5.0,11
1045350,5.0,5.0,11
1045400,5.0,5.0,11
1045450,5.0,5.0,11
1045500,5.0,5.0,11
1045550,5.0,5.0,11
1045600,5.0,5.0,11
1045650,5.0,5.0,11
1045700,5.0,5.0,11
1045750,5.0,5.0,11
1045800,5.0,5.0,11
1045850,5.0,5.0,11
1045900,5.0,5.0,11
1045950,5.0,5.0,11
1046000,5.0,5.0,11
1046050,5.0,5.0,11
1046100,5.0,5.0,11
1046150,5.0,5.0,11
1046200,5.0,5.0,11
1046250,5.0,5.0,11
1046300,5.0,5.0,11
1046350,5.0,5.0,11
1046400,5.0,5.0,11
1046450,5.0,5.0,11
1046500,5.0,5.0,11
1046550,5.0,5.0,11
1046600,5.0,5.0,11
1046650,5.0,5.0,11
1046700,5.0,5.0,11
1046750,5.0,5.0,11
1046800,5.0,5.0,11
1046850,5.0,5.0,11
1046900,5.0,5.0,11
1046950,5.0,5.0,11
1047000,5.0,5.0,11
1047050,5.0,5.0,11
1047100,5.0,5.0,11
1047150,5.0,5.0,11
1047200,5.0,5.0,11
1047250,5.0,5.0,11
1047300,5.0,5.0,11
1047350,5.0,5.0,11
1047400,5.0,5.0,11
1047450,5.0,5.0,11
1047500,5.0,5.0,11
1047550,5.0,5.0,11
1047600,5.0,5.0,11
1047650,5.0,5.0,11
1047700,5.0,5.0,11
1047750,5.0,5.0,11
1047800,5.0,5.0,11
1047850,5.0,5.0,11
1047900,5.0,5.0,11
1047950,5.0,5.0,11
1048000,5.0,5.0,11
1048050,5.0,5.0,11
1048100,5.0,5.0,11
1048150,5.0,5.0,11
1048200,5.0,5.0,11
1048250,5.0,5.0,11
1048300,5.0,5.0,11
1048350,5.0,5.0,11
1048400,5.0,5.0,11
1048450,5.0,5.0,11
1048500,5.0,5.0,11
1048550,5.0,5.0,11
1048600,5.0,5.0,11
1048650,5.0,5.0,11
1048700,5.0,5.0,11
1048750,5.0,5.0,11
1048800,5.0,5.0,11
1048850,5.0,5.0,11
1048900,5.0,5.0,11
1048950,5.0,5.0,11
1049000,5.0,5.0,11
1049050,5.0,5.0,11
1049100,5.0,5.0,11
1049150,5.0,5.0,11
1049200,5.0,5.0,11
1049250,5.0,5.0,11
1049300,5.0,5.0,11
1049350,5.0,5.0,11
1049400,5.0,5.0,11
1049450,5.0,5.0,11
1049500,5.0,5.0,11
1049550,5.0,5.0,11
1049600,5.0,5.0,11
1049650,5.0,5.0,11
1049700,5.0,5.0,11
1049750,5.0,5.0,11
1049800,5.0,5.0,11
1049850,5.0,5.0,11
1049900,5.0,5.0,11
1049950,5.0,5.0,11
1050000,5.0,5.0,11
1050050,5.0,5.0,11
1050100,5.0,5.0,11
1050150,5.0,5.0,11
1050200,5.0,5.0,11
1050250,5.0,5.0,11
1050300,5.0,5.0,11
1050350,5.0,5.0,11
1050400,5.0,5.0,11
1050450,5.0,5.0,11
1050500,5.0,5.0,11
1050550,5.0,5.0,11
1050600,5.0,5.0,11
1050650,5.0,5.0,11
1050700,5.0,5.0,11
1050750,5.0,5.0,11
1050800,5.0,5.0,11
1050850,5.0,5.0,11
1050900,5.0,5.0,11
1050950,5.0,5.0,11
1051000,5.0,5.0,11
1051050,5.0,5.0,11
1051100,5.0,5.0,11
1051150,5.0,5.0,11
1051200,5.0,5.0,11
1051250,5.0,5.0,11
1051300,5.0,5.0,11
1051350,5.0,5.0,11
1051400,5.0,5.0,11
1051450,5.0,5.0,11
1051500,5.0,5.0,11
1051550,5.0,5.0,11
1051600,5.0,5.0,11
1051650,5.0,5.0,11
1051700,5.0,5.0,11
1051750,5.0,5.0,11
1051800,5.0,5.0,11
1051850,5.0,5.0,11
1051900,5.0,5.0,11
1051950,5.0,5.0,11
1052000,5.0,5.0,11
1052050,5.0,5.0,11
1052100,5.0,5.0,11
1052150,5.0,4.987,11
1052200,5.0,4.955,11
1052250,5.0,4.887,11
1052300,5.016,4.822,11
1052350,5.03,4.801,11
1052400,5.03,4.799,11
1052450,5.03,4.813,11
1052500,5.03,4.862,11
1052550,5.026,4.906,11
1052600,5.023,4.917,11
1052650,5.011,4.933,11
1052700,5.0,4.975,11
1052750,5.0,5.0,11
1052800,5.0,5.0,11
1052850,5.0,5.0,11
1052900,5.0,5.0,11
1052950,5.0,5.0,11
1053000,5.0,5.0,11
1053050,5.0,5.0,11
1053100,5.0,5.0,11
1053150,5.0,5.0,11
1053200,5.0,5.0,11
1053250,5.0,5.0,11
1053300,5.0,5.0,11
1053350,5.0,5.0,11
1053400,5.0,5.0,11
1053450,5.0,5.0,11
1053500,5.0,5.0,11
1053550,5.0,5.0,11
1053600,5.0,5.0,11
1053650,5.0,5.0,11
1053700,5.0,5.0,11
1053750,5.0,5.0,11
1053800,5.0,5.0,11
1053850,5.0,5.0,11
1053900,5.0,5.0,11
1053950,5.0,5.0,11
1054000,5.0,5.0,11
1054050,5.0,5.0,11
1054100,5.0,5.0,11
1054150,5.0,5.0,11
1054200,5.0,5.0,11
1054250,5.0,5.0,11
1054300,5.0,5.0,11
1054350,5.0,5.0,11
1054400,5.0,5.0,11
1054450,5.0,5.0,11
1054500,5.0,5.0,11
1054550,5.0,5.0,11
1054600,5.0,5.0,11
1054650,5.0,5.0,11
1054700,5.0,5.0,11
1054750,5.0,5.0,11
1054800,5.0,5.0,11
1054850,5.0,5.0,11
1054900,5.0,5.0,11
1054950,5.0,5.0,11
1055000,5.0,5.0,11
1055050,5.0,5.0,11
1055100,5.0,5.0,11
1055150,5.0,5.0,11
1055200,5.0,5.0,11
1055250,5.0,5.0,11
1055300,5.0,5.0,11
1055350,5.0,5.0,11
1055400,5.0,5.0,11
1055450,5.0,5.0,11
1055500,5.0,5.0,11
1055550,5.0,5.0,11
1055600,5.0,5.0,11
1055650,5.0,5.0,11
1055700,5.0,5.0,11
1055750,5.0,5.0,11
1055800,5.0,5.0,11
1055850,5.0,5.0,11
1055900,5.0,5.0,11
1055950,5.0,5.0,11
1056000,5.0,5.0,11
1056050,5.0,5.0,11
1056100,5.0,5.0,11
1056150,5.0,5.0,11
1056200,5.0,5.0,11
1056250,5.0,5.0,11
1056300,5.0,5.0,11
1056350,5.0,5.0,11
1056400,5.0,5.0,11
1056450,5.0,5.0,11
1056500,5.0,5.0,11
1056550,5.0,5.0,11
1056600,5.0,5.0,11
1056650,5.0,5.0,11
1056700,5.0,5.0,11
1056750,5.0,5.0,11
1056800,5.0,5.0,11
1056850,5.0,5.0,11
1056900,5.0,5.0,11
1056950,5.0,5.0,11
1057000,5.0,5.0,11
1057050,5.0,5.0,11
1057100,5.0,5.0,11
1057150,5.0,5.0,11
1057200,5.0,5.0,11
1057250,5.0,5.0,11
1057300,5.0,5.0,11
1057350,5.0,5.0,11
1057400,5.0,5.0,11
1057450,5.0,5.0,11
1057500,5.0,5.0,11
1057550,5.0,5.0,11
1057600,5.0,5.0,11
1057650,5.0,5.0,11
1057700,5.0,5.0,11
1057750,5.0,5.0,11
1057800,5.0,5.0,11
1057850,5.0,5.0,11
1057900,5.0,5.0,11
1057950,5.0,5.0,11
1058000,5.0,5.0,11
1058050,5.0,5.0,11
1058100,5.0,5.0,11
1058150,5.0,5.0,11
1058200,5.0,5.0,11
1058250,5.0,5.0,11
1058300,5.0,5.0,11
1058350,5.0,5.0,11
1058400,5.0,5.0,11
1058450,5.0,5.0,11
1058500,5.0,5.0,11
1058550,5.0,5.0,11
1058600,5.0,5.0,11
1058650,5.0,5.0,11
1058700,5.0,5.0,11
1058750,5.0,5.0,11
1058800,5.0,5.0,11
1058850,5.0,5.0,11
1058900,5.0,5.0,11
1058950,5.0,5.0,11
1059000,5.0,5.0,11
1059050,5.0,5.0,11
1059100,5.0,5.0,11
1059150,5.0,5.0,11
1059200,5.0,5.0,11
1059250,5.0,5.0,11
1059300,5.0,5.0,11
1059350,5.0,5.0,11
1059400,5.0,5.0,11
1059450,5.0,5.0,11
1059500,5.0,5.0,11
1059550,5.0,5.0,11
1059600,5.0,5.0,11
1059650,5.0,5.0,11
1059700,5.0,5.0,11
1059750,5.0,5.0,11
1059800,5.0,5.0,11
1059850,5.0,5.0,11
1059900,5.0,5.0,11
1059950,5.0,5.0,11
1060000,5.0,5.0,11
1060050,5.0,5.0,11
1060100,5.0,5.0,11
1060150,5.0,5.0,11
1060200,5.0,5.0,11
1060250,5.0,5.0,11
1060300,5.0,5.0,11
1060350,5.0,5.0,11
1060400,5.0,5.0,11
1060450,5.0,5.0,11
1060500,5.0,5.0,11
1060550,5.0,5.0,11
1060600,5.0,5.0,11
1060650,5.0,5.0,11
1060700,5.0,5.0,11
1060750,5.0,5.0,11
1060800,5.0,5.0,11
1060850,5.0,5.0,11
1060900,5.0,5.0,11
1060950,5.0,5.0,11
1061000,5.0,5.0,11
1061050,5.0,5.0,11
1061100,5.0,5.0,11
1061150,5.0,5.0,11
1061200,5.0,5.0,11
1061250,5.0,5.0,11
1061300,5.0,5.0,11
1061350,5.0,5.0,11
1061400,5.0,5.0,11
1061450,5.0,5.0,11
1061500,5.0,5.0,11
1061550,5.0,5.0,11
1061600,5.0,5.0,11
1061650,5.0,5.0,11
1061700,5.0,5.0,11
1061750,5.0,5.0,11
1061800,5.0,5.0,11
1061850,5.0,5.0,11
1061900,5.0,5.0,11
1061950,5.0,5.0,11
1062000,5.0,5.0,11
1062050,5.0,5.0,11
1062100,5.0,5.0,11
1062150,5.0,5.0,11
1062200,5.0,5.0,11
1062250,5.0,5.0,11
1062300,5.0,5.0,11
1062350,5.0,5.0,11
1062400,5.0,5.0,11
1062450,5.0,5.0,11
1062500,5.0,5.0,11
1062550,5.0,5.0,11
1062600,5.0,5.0,11
1062650,5.0,5.0,11
1062700,5.0,5.0,11
1062750,5.0,5.0,11
1062800,5.0,5.0,11
1062850,5.0,5.0,11
1062900,5.0,5.0,11
1062950,5.0,5.0,11
1063000,5.0,5.0,11
1063050,5.0,5.0,11
1063100,5.0,5.0,11
1063150,5.0,5.0,11
1063200,5.0,5.0,11
1063250,5.0,5.0,11
1063300,5.0,5.0,11
1063350,5.0,5.0,11
1063400,5.0,5.0,11
1063450,5.0,5.0,11
1063500,5.0,5.0,11
1063550,5.0,5.0,11
1063600,5.0,5.0,11
1063650,5.0,5.0,11
1063700,5.0,5.0,11
1063750,5.0,5.0,11
1063800,5.0,5.0,11
1063850,5.0,5.0,11
1063900,5.0,5.0,11
1063950,5.0,5.0,11
1064000,5.0,5.0,11
1064050,5.0,5.0,11
1064100,5.0,5.0,11
1064150,5.0,5.0,11
1064200,5.0,5.0,11
1064250,5.0,5.0,11
1064300,5.0,5.0,11
1064350,5.0,5.0,11
1064400,5.0,5.0,11
1064450,5.0,5.0,11
1064500,5.0,5.0,11
1064550,5.0,5.0,11
1064600,5.0,5.0,11
1064650,5.0,5.0,11
1064700,5.0,5.0,11
1064750,5.0,5.0,11
1064800,5.0,5.0,11
1064850,5.0,5.0,11
1064900,5.0,5.0,11
1064950,5.0,5.0,11
1065000,5.0,5.0,11
1065050,5.0,5.0,11
1065100,5.0,5.0,11
1065150,5.0,5.0,11
1065200,5.0,5.0,11
1065250,5.0,5.0,11
1065300,5.0,5.0,11
1065350,5.0,5.0,11
1065400,5.0,5.0,11
1065450,5.0,5.0,11
1065500,5.0,5.0,11
1065550,5.0,5.0,11
1065600,5.0,5.0,11
1065650,5.0,5.0,11
1065700,5.0,5.0,11
1065750,5.0,5.0,11
1065800,5.0,5.0,11
1065850,5.0,5.0,11
1065900,5.0,5.0,11
1065950,5.0,5.0,11
1066000,5.0,5.0,11
1066050,5.0,5.0,11
1066100,5.0,5.0,11
1066150,5.0,5.0,11
1066200,5.0,5.0,11
1066250,5.0,5.0,11
1066300,5.0,5.0,11
1066350,5.0,5.0,11
1066400,5.0,5.0,11
1066450,5.0,5.0,11
1066500,5.0,5.0,11
1066550,5.0,5.0,11
1066600,5.0,5.0,11
1066650,5.0,5.0,11
1066700,5.0,5.0,11
1066750,5.0,5.0,11
1066800,5.0,5.0,11
1066850,5.0,5.0,11
1066900,5.0,5.0,11
1066950,5.0,5.0,11
1067000,5.0,5.0,11
1067050,5.0,5.0,11
1067100,5.0,5.0,11
1067150,5.0,5.0,11
1067200,5.0,5.0,11
1067250,5.0,5.0,11
1067300,5.0,5.0,11
1067350,5.0,5.0,11
1067400,5.0,5.0,11
1067450,5.0,5.0,11
1067500,5.0,5.0,11
1067550,5.0,5.0,11
1067600,5.0,5.0,11
1067650,5.0,5.0,11
1067700,5.0,5.0,11
1067750,5.0,5.0,11
1067800,5.0,5.0,11
1067850,5.0,5.0,11
1067900,5.0,5.0,11
1067950,5.0,5.0,11
1068000,5.0,5.0,11
1068050,5.0,5.0,11
1068100,5.0,5.0,11
1068150,5.0,5.0,11
1068200,5.0,5.0,11
1068250,5.0,5.0,11
1068300,5.0,5.0,11
1068350,5.0,5.0,11
1068400,5.0,5.0,11
1068450,5.0,5.0,11
1068500,5.0,5.0,11
1068550,5.0,5.0,11
1068600,5.0,5.0,11
1068650,5.0,5.0,11
1068700,5.0,5.0,11
1068750,5.0,5.0,11
1068800,5.0,5.0,11
1068850,5.0,5.0,11
1068900,5.0,5.0,11
1068950,5.0,5.0,11
1069000,5.0,5.0,11
1069050,5.0,5.0,11
1069100,5.0,5.0,11
1069150,5.0,5.0,11
1069200,5.0,5.0,11
1069250,5.0,5.0,11
1069300,5.0,5.0,11
1069350,5.0,5.0,11
1069400,5.0,5.0,11
1069450,5.0,5.0,11
1069500,5.0,5.0,11
1069550,5.0,5.0,11
1069600,5.0,5.0,11
1069650,5.0,5.0,11
1069700,5.0,5.0,11
1069750,5.0,5.0,11
1069800,5.0,5.0,11
1069850,5.0,5.0,11
1069900,5.0,5.0,11
1069950,5.0,5.0,11
1070000,5.0,5.0,11
1070050,5.0,5.0,11
1070100,5.0,5.0,11
1070150,5.0,5.0,11
1070200,5.0,5.0,11
1070250,5.0,5.0,11
1070300,5.0,5.0,11
1070350,5.0,5.0,11
1070400,5.0,5.0,11
1070450,5.0,5.0,11
1070500,5.0,5.0,11
1070550,5.0,5.0,11
1070600,5.0,5.0,11
1070650,5.0,5.0,11
1070700,5.0,5.0,11
1070750,5.0,5.0,11
1070800,5.0,5.0,11
1070850,5.0,5.0,11
1070900,5.0,5.0,11
1070950,5.0,5.0,11
1071000,5.0,5.0,11
1071050,5.0,5.0,11
1071100,5.0,5.0,11
1071150,5.0,5.0,11
1071200,5.0,5.0,11
1071250,5.0,5.0,11
1071300,5.0,5.0,11
1071350,5.0,5.0,11
1071400,5.0,5.0,11
1071450,5.0,5.0,11
1071500,5.0,5.0,11
1071550,5.0,5.0,11
1071600,5.0,5.0,11
1071650,5.0,5.0,11
1071700,5.0,5.0,11
1071750,5.0,5.0,11
1071800,5.0,5.0,11
1071850,5.0,5.0,11
1071900,5.0,5.0,11
1071950,5.0,5.0,11
1072000,5.0,5.0,11
1072050,5.0,5.0,11
1072100,5.0,5.0,11
1072150,5.0,5.0,11
1072200,5.0,5.0,11
1072250,5.0,5.0,11
1072300,5.0,5.0,11
1072350,5.0,5.0,11
1072400,5.0,5.0,11
1072450,5.0,5.0,11
1072500,5.0,5.0,11
1072550,5.0,5.0,11
1072600,5.0,5.0,11
1072650,5.0,5.0,11
1072700,5.0,5.0,11
1072750,5.0,5.0,11
1072800,5.0,5.0,11
1072850,5.0,5.0,11
1072900,5.0,5.0,11
1072950,5.0,5.0,11
1073000,5.0,5.0,11
1073050,5.0,5.0,11
1073100,5.0,5.0,11
1073150,5.0,5.0,11
1073200,5.0,5.0,11
1073250,5.0,5.0,11
1073300,5.0,5.0,11
1073350,5.0,5.0,11
1073400,5.0,5.0,11
1073450,5.0,5.0,11
1073500,5.0,5.0,11
1073550,5.0,5.0,11
1073600,5.0,5.0,11
1073650,5.0,5.0,11
1073700,5.0,5.0,11
1073750,5.0,5.0,11
1073800,5.0,5.0,11
1073850,5.0,5.0,11
1073900,5.0,5.0,11
1073950,5.0,5.0,11
1074000,5.0,5.0,11
1074050,5.0,5.0,11
1074100,5.0,5.0,11
1074150,5.0,5.0,11
1074200,5.0,5.0,11
1074250,5.0,5.0,11
1074300,5.0,5.0,11
1074350,5.0,5.0,11
1074400,5.0,5.0,11
1074450,5.0,5.0,11
1074500,5.0,5.0,11
1074550,5.0,5.0,11
1074600,5.0,5.0,11
1074650,5.0,5.0,11
1074700,5.0,5.0,11
1074750,5.0,5.0,11
1074800,5.0,5.0,11
1074850,5.0,5.0,11
1074900,5.0,5.0,11
1074950,5.0,5.0,11
1075000,5.0,5.0,11
1075050,5.0,5.0,11
1075100,5.0,5.0,11
1075150,5.0,5.0,11
1075200,5.0,5.0,11
1075250,5.0,5.0,11
1075300,5.0,5.0,11
1075350,5.0,5.0,11
1075400,5.0,5.0,11
1075450,5.0,5.0,11
1075500,5.0,5.0,11
1075550,5.0,5.0,11
1075600,5.0,5.0,11
1075650,5.0,5.0,11
1075700,5.0,5.0,11
1075750,5.0,5.0,11
1075800,5.0,5.0,11
1075850,5.0,5.0,11
1075900,5.0,5.0,11
1075950,5.0,5.0,11
1076000,5.0,5.0,11
1076050,5.0,5.0,11
1076100,5.0,5.0,11
1076150,5.0,5.0,11
1076200,5.0,5.0,11
1076250,5.0,5.0,11
1076300,5.0,5.0,11
1076350,5.0,5.0,11
1076400,5.0,5.0,11
1076450,5.0,5.0,11
1076500,5.0,5.0,11
1076550,5.0,5.0,11
1076600,5.0,5.0,11
1076650,5.0,4.989,11
1076700,5.0,4.989,11
1076750,5.0,5.0,11
1076800,5.0,5.0,11
1076850,5.0,5.0,11
1076900,5.0,5.0,11
1076950,5.0,5.0,11
1077000,5.0,5.0,11
1077050,5.0,5.0,11
1077100,5.0,5.0,11
1077150,5.0,5.0,11
1077200,5.0,5.0,11
1077250,5.0,5.0,11
1077300,5.0,5.0,11
1077350,5.0,5.0,11
1077400,5.0,5.0,11
1077450,5.0,5.0,11
1077500,5.0,5.0,11
1077550,5.0,5.0,11
1077600,5.0,5.0,11
1077650,5.0,5.0,11
1077700,5.0,5.0,11
1077750,5.0,5.0,11
1077800,5.0,5.0,11
1077850,5.0,5.0,11
1077900,5.0,5.0,11
1077950,5.0,5.0,11
1078000,5.0,5.0,11
1078050,5.0,5.0,11
1078100,5.0,5.0,11
1078150,5.0,5.0,11
1078200,5.0,5.0,11
1078250,5.0,5.0,11
1078300,5.0,5.0,11
1078350,5.0,5.0,11
1078400,5.0,5.0,11
1078450,5.0,5.0,11
1078500,5.0,5.0,11
1078550,5.0,5.0,11
1078600,5.0,5.0,11
1078650,5.0,5.0,11
1078700,5.0,5.0,11
1078750,5.0,5.0,11
1078800,5.0,5.0,11
1078850,5.0,5.0,11
1078900,5.0,5.0,11
1078950,5.0,5.0,11
1079000,5.0,5.0,11
1079050,5.0,5.0,11
1079100,5.0,5.0,11
1079150,5.0,5.0,11
1079200,5.0,5.0,11
1079250,5.0,5.0,11
1079300,5.0,5.0,11
1079350,5.0,5.0,11
1079400,5.0,5.0,11
1079450,5.0,5.0,11
1079500,5.0,5.0,11
1079550,5.0,5.0,11
1079600,5.0,5.0,11
1079650,5.0,5.0,11
1079700,5.0,5.0,11
1079750,5.0,5.0,11
1079800,5.0,5.0,11
1079850,5.0,5.0,11
1079900,5.0,5.0,11
1079950,5.0,5.0,11
1080000,5.0,5.0,11
1080050,5.0,5.0,11
1080100,5.0,5.0,11
1080150,5.0,5.0,11
1080200,5.0,5.0,11
1080250,5.0,5.0,11
1080300,5.0,5.0,11
1080350,5.0,5.0,11
1080400,5.0,5.0,11
1080450,5.0,5.0,11
1080500,5.0,5.0,11
1080550,5.0,5.0,11
1080600,5.0,5.0,11
1080650,5.0,5.0,11
1080700,5.0,5.0,11
1080750,5.0,5.0,11
1080800,5.0,5.0,11
1080850,5.0,5.0,11
1080900,5.0,5.0,11
1080950,5.0,5.0,11
1081000,5.0,5.0,11
1081050,5.0,5.0,11
1081100,5.0,5.0,11
1081150,5.0,5.0,11
1081200,5.0,5.0,11
1081250,5.0,5.0,11
1081300,5.0,5.0,11
1081350,5.0,5.0,11
1081400,5.0,5.0,11
1081450,5.0,5.0,11
1081500,5.0,5.0,11
1081550,5.0,5.0,11
1081600,5.0,5.0,11
1081650,5.0,5.0,11
1081700,5.0,5.0,11
1081750,5.0,5.0,11
1081800,5.0,5.0,11
1081850,5.0,5.0,11
1081900,5.0,5.0,11
1081950,5.0,5.0,11
1082000,5.0,5.0,11
1082050,5.0,5.0,11
1082100,5.0,5.0,11
1082150,5.0,5.0,11
1082200,5.0,5.0,11
1082250,5.0,5.0,11
1082300,5.0,5.0,11
1082350,5.0,5.0,11
1082400,5.0,5.0,11
1082450,5.0,5.0,11
1082500,5.0,5.0,11
1082550,5.0,5.0,11
1082600,5.0,5.0,11
1082650,5.0,5.0,11
1082700,5.0,5.0,11
1082750,5.0,5.0,11
1082800,5.0,5.0,5
1082850,5.0,5.0,5
1082900,5.0,5.0,5
1082950,5.0,5.0,5
1083000,5.0,5.0,5
1083050,5.0,5.0,5
1083100,5.0,5.0,5
1083150,5.0,5.0,5
1083200,5.0,5.0,5
1083250,5.0,5.0,5
1083300,5.0,5.0,5
1083350,5.0,5.0,5
1083400,5.0,5.0,5
1083450,5.0,5.0,5
1083500,5.0,5.0,5
1083550,5.0,5.0,5
1083600,5.0,5.0,5
1083650,5.0,5.0,5
1083700,5.0,5.0,5
1083750,5.0,5.0,5
1083800,5.0,5.0,5
1083850,5.0,5.0,5
1083900,5.0,5.0,5
1083950,5.0,5.0,5
1084000,5.0,5.0,5
1084050,5.0,5.0,5
1084100,5.0,5.0,5
1084150,5.0,5.0,5
1084200,5.0,5.0,5
1084250,5.0,5.0,5
1084300,5.0,5.0,5
1084350,5.0,5.0,5
1084400,5.0,5.0,5
1084450,5.0,5.0,5
1084500,5.0,5.0,5
1084550,5.0,5.0,5
1084600,5.0,5.0,5
1084650,5.0,5.0,5
1084700,5.0,5.0,5
1084750,5.0,5.0,5
1084800,5.0,5.0,5
1084850,5.0,5.0,5
1084900,5.0,5.0,5
1084950,5.0,5.0,5
1085000,5.0,5.0,5
1085050,5.0,5.0,5
1085100,5.0,5.0,5
1085150,5.0,5.0,5
1085200,5.0,5.0,5
1085250,5.0,5.0,5
1085300,5.0,5.0,5
1085350,5.0,5.0,5
1085400,5.0,5.0,5
1085450,5.0,5.0,5
1085500,5.0,5.0,5
1085550,5.0,5.0,5
1085600,5.0,5.0,5
1085650,5.0,5.0,5
1085700,5.0,5.0,5
1085750,5.0,5.0,5
1085800,5.0,5.0,5
1085850,5.0,5.0,5
1085900,5.0,5.0,5
1085950,5.0,5.0,5
1086000,5.0,5.0,5
1086050,5.0,5.0,5
1086100,5.0,5.0,5
1086150,5.0,5.0,5
1086200,5.0,5.0,5
1086250,5.0,5.0,5
1086300,5.0,5.0,5
1086350,5.0,5.0,5
1086400,5.0,5.0,5
1086450,5.0,5.0,5
1086500,5.0,5.0,5
1086550,5.0,5.0,5
1086600,5.0,5.0,5
1086650,5.0,5.0,5
1086700,5.0,5.0,5
1086750,5.0,5.0,5
1086800,5.0,5.0,5
1086850,5.003,5.0,5
1086900,5.015,5.0,5
1086950,5.04,5.0,5
1087000,5.06,5.0,5
1087050,5.08,5.0,5
1087100,5.096,5.0,5
1087150,5.101,5.0,5
1087200,5.105,5.0,5
1087250,5.105,5.0,5
1087300,5.109,5.0,5
1087350,5.114,5.0,5
1087400,5.123,5.0,5
1087450,5.145,5.0,5
1087500,5.173,5.0,5
1087550,5.208,5.0,5
1087600,5.264,4.999,5
1087650,5.336,4.998,5
1087700,5.444,4.998,5
1087750,5.614,4.994,5
1087800,5.823,4.985,5
1087850,6.014,4.976,5
1087900,6.116,4.97,5
1087950,6.134,4.968,5
1088000,6.137,4.968,5
1088050,6.143,4.968,5
1088100,6.167,4.968,5
1088150,6.234,4.968,5
1088200,6.352,4.963,5
1088250,6.518,4.953,5
1088300,6.667,4.944,5
1088350,6.742,4.941,5
1088400,6.766,4.941,5
1088450,6.784,4.941,5
1088500,6.842,4.941,5
1088550,6.961,4.941,5
1088600,7.147,4.941,5
1088650,7.384,4.938,5
1088700,7.591,4.931,5
1088750,7.709,4.926,5
1088800,7.749,4.915,5
1088850,7.752,4.906,5
1088900,7.759,4.904,5
1088950,7.794,4.894,5
1089000,7.876,4.886,5
1089050,7.996,4.886,5
1089100,8.068,4.886,5
1089150,8.074,4.886,5
1089200,8.074,4.886,5
1089250,8.074,4.886,5
1089300,8.074,4.886,5
1089350,8.074,4.886,5
1089400,8.074,4.886,5
1089450,8.074,4.886,5
1089500,8.074,4.883,5
1089550,8.076,4.877,5
1089600,8.116,4.875,5
1089650,8.276,4.87,5
1089700,8.525,4.86,5
1089750,8.807,4.851,5
1089800,9.068,4.844,5
1089850,9.208,4.841,5
1089900,9.24,4.841,5
1089950,9.264,4.841,5
1090000,9.337,4.841,5
1090050,9.443,4.867,5
1090100,9.5,4.913,5
1090150,9.5,4.943,5
1090200,9.5,4.953,5
1090250,9.5,4.954,5
1090300,9.5,4.954,5
1090350,9.5,4.954,5
1090400,9.5,4.954,5
1090450,9.5,4.954,5
1090500,9.5,4.954,5
1090550,9.5,4.954,5
1090600,9.5,4.954,5
1090650,9.5,4.954,5
1090700,9.5,4.954,5
1090750,9.5,4.954,5
1090800,9.5,4.954,5
1090850,9.5,4.954,5
1090900,9.5,4.954,5
1090950,9.5,4.954,5
1091000,9.5,4.954,5
1091050,9.5,4.954,5
1091100,9.5,4.954,5
1091150,9.5,4.954,5
1091200,9.5,4.954,5
1091250,9.5,4.954,5
1091300,9.5,4.954,5
1091350,9.5,4.954,5
1091400,9.5,4.954,5
1091450,9.5,4.954,5
1091500,9.5,4.954,5
1091550,9.5,4.954,5
1091600,9.5,4.954,5
1091650,9.5,4.954,5
1091700,9.5,4.954,5
1091750,9.5,4.954,5
1091800,9.5,4.954,5
1091850,9.5,4.954,5
1091900,9.5,4.954,5
1091950,9.5,4.954,5
1092000,9.5,4.954,5
1092050,9.5,4.954,5
1092100,9.5,4.954,5
1092150,9.5,4.954,5
1092200,9.5,4.954,5
1092250,9.5,4.954,5
1092300,9.5,4.954,5
1092350,9.5,4.954,5
1092400,9.5,4.954,5
1092450,9.5,4.954,5
1092500,9.5,4.954,5
1092550,9.5,4.954,5
1092600,9.5,4.954,5
1092650,9.5,4.954,5
1092700,9.5,4.954,5
1092750,9.5,4.954,5
1092800,9.5,4.954,5
1092850,9.5,4.954,5
1092900,9.5,4.954,5
1092950,9.5,4.954,5
1093000,9.5,4.954,5
1093050,9.5,4.954,5
1093100,9.5,4.954,5
1093150,9.5,4.954,5
1093200,9.5,4.954,5
1093250,9.5,4.954,5
1093300,9.5,4.954,5
1093350,9.5,4.954,5
1093400,9.5,4.954,5
1093450,9.5,4.954,5
1093500,9.5,4.954,5
1093550,9.5,4.954,5
1093600,9.5,4.954,5
1093650,9.5,4.954,5
1093700,9.5,4.954,5
1093750,9.5,4.954,5
1093800,9.5,4.954,5
1093850,9.5,4.954,5
1093900,9.5,4.954,5
1093950,9.5,4.954,5
1094000,9.5,4.954,5
1094050,9.5,4.954,5
1094100,9.5,4.954,5
1094150,9.5,4.954,5
1094200,9.5,4.954,5
1094250,9.5,4.954,5
1094300,9.5,4.954,5
1094350,9.5,4.954,5
1094400,9.5,4.954,5
1094450,9.5,4.954,5
1094500,9.5,4.954,5
1094550,9.5,4.954,5
1094600,9.5,4.954,5
1094650,9.5,4.954,5
1094700,9.5,4.954,5
1094750,9.5,4.954,5
1094800,9.5,4.954,5
1094850,9.5,4.954,5
1094900,9.5,4.954,5
1094950,9.5,4.954,5
1095000,9.5,4.954,5
1095050,9.5,4.954,5
1095100,9.5,4.954,5
1095150,9.5,4.954,5
1095200,9.5,4.954,5
1095250,9.5,4.954,5
1095300,9.5,4.954,5
1095350,9.5,4.954,5
1095400,9.5,4.954,5
1095450,9.5,4.954,5
1095500,9.5,4.954,5
1095550,9.5,4.954,5
1095600,9.5,4.954,5
1095650,9.5,4.954,5
1095700,9.5,4.954,5
1095750,9.5,4.954,5
1095800,9.5,4.954,5
1095850,9.5,4.954,5
1095900,9.5,4.954,5
1095950,9.5,4.954,5
1096000,9.5,4.954,5
1096050,9.5,4.954,5
1096100,9.5,4.954,5
1096150,9.5,4.954,5
1096200,9.5,4.954,5
1096250,9.5,4.954,5
1096300,9.5,4.954,5
1096350,9.5,4.954,5
1096400,9.5,4.954,5
1096450,9.5,4.954,5
1096500,9.5,4.954,5
1096550,9.5,4.954,5
1096600,9.5,4.954,5
1096650,9.5,4.954,5
1096700,9.5,4.954,5
1096750,9.5,4.954,5
1096800,9.5,4.954,5
1096850,9.5,4.954,5
1096900,9.5,4.954,5
1096950,9.5,4.954,5
1097000,9.5,4.954,5
1097050,9.5,4.954,5
1097100,9.5,4.954,5
1097150,9.5,4.954,5
1097200,9.5,4.954,5
1097250,9.5,4.954,5
1097300,9.5,4.954,5
1097350,9.5,4.954,5
1097400,9.5,4.954,5
1097450,9.5,4.954,5
1097500,9.5,4.954,5
1097550,9.5,4.954,5
1097600,9.5,4.954,5
1097650,9.5,4.954,5
1097700,9.5,4.954,5
1097750,9.5,4.954,5
1097800,9.5,4.954,5
1097850,9.5,4.954,5
1097900,9.5,4.954,5
1097950,9.5,4.954,5
1098000,9.5,4.954,5
1098050,9.5,4.954,5
1098100,9.5,4.954,5
1098150,9.5,4.954,5
1098200,9.5,4.954,5
1098250,9.5,4.954,5
1098300,9.5,4.954,5
1098350,9.5,4.954,5
1098400,9.5,4.954,5
1098450,9.5,4.954,5
1098500,9.5,4.954,5
1098550,9.5,4.954,5
1098600,9.5,4.954,5
1098650,9.5,4.954,5
1098700,9.5,4.954,5
1098750,9.5,4.954,5
1098800,9.5,4.954,5
1098850,9.5,4.954,5
1098900,9.5,4.954,5
1098950,9.5,4.954,5
1099000,9.5,4.954,5
1099050,9.5,4.954,5
1099100,9.5,4.954,5
1099150,9.5,4.954,5
1099200,9.5,4.954,5
1099250,9.5,4.954,5
1099300,9.5,4.954,5
1099350,9.5,4.954,5
1099400,9.5,4.954,5
1099450,9.5,4.954,5
1099500,9.5,4.954,5
1099550,9.5,4.954,5
1099600,9.5,4.954,5
1099650,9.5,4.954,5
1099700,9.5,4.954,5
1099750,9.5,4.954,5
1099800,9.5,4.954,5
1099850,9.5,4.954,5
1099900,9.5,4.954,5
1099950,9.5,4.954,5
1100000,9.5,4.954,5
1100050,9.5,4.954,5
1100100,9.5,4.954,5
1100150,9.5,4.954,5
1100200,9.5,4.954,5
1100250,9.5,4.954,5
1100300,9.5,4.954,5
1100350,9.5,4.954,5
1100400,9.5,4.954,5
1100450,9.5,4.954,5
1100500,9.5,4.954,5
1100550,9.5,4.954,5
1100600,9.5,4.954,5
1100650,9.5,4.954,5
1100700,9.5,4.954,5
1100750,9.5,4.954,5
1100800,9.5,4.954,5
1100850,9.5,4.954,5
1100900,9.5,4.954,5
1100950,9.5,4.954,5
1101000,9.5,4.954,5
1101050,9.5,4.954,5
1101100,9.5,4.954,5
1101150,9.5,4.954,5
1101200,9.5,4.954,5
1101250,9.5,4.954,5
1101300,9.5,4.954,5
1101350,9.5,4.954,5
1101400,9.5,4.954,5
1101450,9.5,4.954,5
1101500,9.5,4.954,5
1101550,9.5,4.954,5
1101600,9.5,4.954,5
1101650,9.5,4.954,5
1101700,9.5,4.954,5
1101750,9.5,4.954,5
1101800,9.5,4.954,5
1101850,9.5,4.954,5
1101900,9.5,4.954,5
1101950,9.5,4.954,5
1102000,9.5,4.954,5
1102050,9.5,4.954,5
1102100,9.5,4.954,5
1102150,9.5,4.954,5
1102200,9.5,4.954,5
1102250,9.5,4.954,5
1102300,9.5,4.954,5
1102350,9.5,4.954,5
1102400,9.5,4.954,5
1102450,9.5,4.954,5
1102500,9.5,4.954,5
1102550,9.5,4.954,5
1102600,9.5,4.954,5
1102650,9.5,4.954,5
1102700,9.5,4.954,5
1102750,9.5,4.954,5
1102800,9.5,4.954,5
1102850,9.5,4.954,5
1102900,9.5,4.954,5
1102950,9.5,4.954,5
1103000,9.5,4.954,5
1103050,9.5,4.954,5
1103100,9.5,4.954,5
1103150,9.5,4.954,5
1103200,9.5,4.954,5
1103250,9.5,4.954,5
1103300,9.5,4.954,5
1103350,9.5,4.954,5
1103400,9.5,4.954,5
1103450,9.5,4.954,5
1103500,9.5,4.954,5
1103550,9.5,4.954,5
1103600,9.5,4.954,5
1103650,9.5,4.954,5
1103700,9.5,4.954,5
1103750,9.5,4.954,5
1103800,9.5,4.954,5
1103850,9.5,4.954,5
1103900,9.5,4.954,5
1103950,9.5,4.954,5
1104000,9.5,4.954,5
1104050,9.5,4.954,5
1104100,9.5,4.954,5
1104150,9.5,4.954,5
1104200,9.5,4.954,5
1104250,9.5,4.954,5
1104300,9.5,4.954,5
1104350,9.5,4.954,5
1104400,9.5,4.954,5
1104450,9.5,4.954,5
1104500,9.5,4.954,5
1104550,9.5,4.954,5
1104600,9.5,4.954,5
1104650,9.5,4.954,5
1104700,9.5,4.954,5
1104750,9.5,4.954,5
1104800,9.5,4.954,5
1104850,9.5,4.954,5
1104900,9.5,4.954,5
1104950,9.5,4.954,5
1105000,9.5,4.954,5
1105050,9.5,4.954,5
1105100,9.5,4.954,5
1105150,9.5,4.954,5
1105200,9.5,4.954,5
1105250,9.5,4.954,5
1105300,9.5,4.954,5
1105350,9.5,4.954,5
1105400,9.5,4.954,5
1105450,9.5,4.954,5
1105500,9.5,4.954,5
1105550,9.5,4.954,5
1105600,9.5,4.954,5
1105650,9.5,4.954,5
1105700,9.5,4.954,5
1105750,9.5,4.954,5
1105800,9.5,4.954,5
1105850,9.5,4.954,5
1105900,9.5,4.954,5
1105950,9.5,4.954,5
1106000,9.5,4.954,5
1106050,9.5,4.954,5
1106100,9.5,4.954,5
1106150,9.5,4.954,5
1106200,9.5,4.954,5
1106250,9.5,4.954,5
1106300,9.5,4.954,5
1106350,9.5,4.954,5
1106400,9.5,4.954,5
1106450,9.5,4.954,5
1106500,9.5,4.954,5
1106550,9.5,4.954,5
1106600,9.5,4.954,5
1106650,9.5,4.954,5
1106700,9.5,4.954,5
1106750,9.5,4.954,5
1106800,9.5,4.954,5
1106850,9.5,4.954,5
1106900,9.5,4.954,5
1106950,9.5,4.954,5
1107000,9.5,4.954,5
1107050,9.5,4.954,5
1107100,9.5,4.954,5
1107150,9.5,4.954,5
1107200,9.5,4.954,5
1107250,9.5,4.954,5
1107300,9.5,4.954,5
1107350,9.5,4.954,5
1107400,9.5,4.954,5
1107450,9.5,4.954,5
1107500,9.5,4.954,5
1107550,9.5,4.954,5
1107600,9.5,4.954,5
1107650,9.5,4.954,5
1107700,9.5,4.954,5
1107750,9.5,4.954,5
1107800,9.5,4.954,5
1107850,9.5,4.954,5
1107900,9.5,4.954,5
1107950,9.5,4.954,5
1108000,9.5,4.954,5
1108050,9.5,4.954,5
1108100,9.5,4.954,5
1108150,9.5,4.954,5
1108200,9.5,4.954,5
1108250,9.5,4.954,5
1108300,9.5,4.954,5
1108350,9.5,4.954,5
1108400,9.5,4.954,5
1108450,9.5,4.954,5
1108500,9.5,4.954,5
1108550,9.5,4.954,5
1108600,9.5,4.954,5
1108650,9.5,4.954,5
1108700,9.5,4.954,5
1108750,9.5,4.954,5
1108800,9.5,4.954,5
1108850,9.5,4.954,5
1108900,9.5,4.954,5
1108950,9.5,4.954,5
1109000,9.5,4.954,5
1109050,9.5,4.954,5
1109100,9.5,4.954,5
1109150,9.5,4.954,5
1109200,9.5,4.954,5
1109250,9.5,4.954,5
1109300,9.5,4.954,5
1109350,9.5,4.954,5
1109400,9.5,4.954,5
1109450,9.5,4.954,5
1109500,9.5,4.954,5
1109550,9.5,4.954,5
1109600,9.5,4.954,5
1109650,9.5,4.954,5
1109700,9.5,4.954,5
1109750,9.5,4.954,5
1109800,9.5,4.954,5
1109850,9.5,4.954,5
1109900,9.5,4.954,5
1109950,9.5,4.954,5
1110000,9.5,4.954,5
1110050,9.5,4.954,5
1110100,9.5,4.954,5
1110150,9.5,4.954,5
1110200,9.5,4.954,5
1110250,9.5,4.954,5
1110300,9.5,4.954,5
1110350,9.5,4.954,5
1110400,9.5,4.954,5
1110450,9.5,4.954,5
1110500,9.5,4.954,5
1110550,9.5,4.954,5
1110600,9.5,4.954,5
1110650,9.5,4.954,5
1110700,9.5,4.954,5
1110750,9.5,4.954,5
1110800,9.5,4.954,5
1110850,9.5,4.954,5
1110900,9.5,4.954,5
1110950,9.5,4.954,5
1111000,9.5,4.954,5
1111050,9.5,4.954,5
1111100,9.5,4.954,5
1111150,9.5,4.954,5
1111200,9.5,4.954,5
1111250,9.5,4.954,5
1111300,9.5,4.954,5
1111350,9.5,4.954,5
1111400,9.5,4.954,5
1111450,9.5,4.954,5
1111500,9.5,4.954,5
1111550,9.5,4.954,5
1111600,9.5,4.954,5
1111650,9.5,4.954,5
1111700,9.5,4.954,5
1111750,9.5,4.954,5
1111800,9.5,4.954,5
1111850,9.5,4.954,5
1111900,9.5,4.954,5
1111950,9.5,4.954,5
1112000,9.5,4.954,5
1112050,9.5,4.954,5
1112100,9.5,4.954,5
1112150,9.5,4.954,5
1112200,9.5,4.954,5
1112250,9.5,4.954,5
1112300,9.5,4.954,5
1112350,9.5,4.954,5
1112400,9.5,4.954,5
1112450,9.5,4.954,5
1112500,9.5,4.954,5
1112550,9.5,4.954,5
1112600,9.5,4.954,5
1112650,9.5,4.954,5
1112700,9.5,4.954,5
1112750,9.5,4.954,5
1112800,9.5,4.954,5
1112850,9.5,4.954,5
1112900,9.5,4.954,5
1112950,9.5,4.954,5
1113000,9.5,4.954,5
1113050,9.5,4.954,5
1113100,9.5,4.954,5
1113150,9.5,4.954,5
1113200,9.5,4.954,5
1113250,9.5,4.954,5
1113300,9.5,4.954,5
1113350,9.5,4.954,5
1113400,9.5,4.954,5
1113450,9.5,4.954,5
1113500,9.5,4.954,5
1113550,9.5,4.954,5
1113600,9.5,4.954,5
1113650,9.5,4.954,5
1113700,9.5,4.954,5
1113750,9.5,4.954,5
1113800,9.5,4.954,5
1113850,9.5,4.954,5
1113900,9.5,4.954,5
1113950,9.5,4.954,5
1114000,9.5,4.954,5
1114050,9.5,4.954,5
1114100,9.5,4.954,5
1114150,9.5,4.954,5
1114200,9.5,4.954,5
1114250,9.5,4.954,5
1114300,9.5,4.954,5
1114350,9.5,4.954,5
1114400,9.5,4.954,5
1114450,9.5,4.954,5
1114500,9.5,4.954,5
1114550,9.5,4.954,5
1114600,9.5,4.954,5
1114650,9.5,4.954,5
1114700,9.5,4.954,5
1114750,9.5,4.954,5
1114800,9.5,4.954,5
1114850,9.5,4.954,5
1114900,9.5,4.954,5
1114950,9.5,4.954,5
1115000,9.5,4.954,5
1115050,9.5,4.954,5
1115100,9.5,4.954,5
1115150,9.5,4.954,5
1115200,9.5,4.954,5
1115250,9.5,4.954,5
1115300,9.5,4.954,5
1115350,9.5,4.954,5
1115400,9.5,4.954,5
1115450,9.5,4.954,5
1115500,9.5,4.954,5
1115550,9.5,4.954,5
1115600,9.5,4.954,5
1115650,9.5,4.954,5
1115700,9.5,4.954,5
1115750,9.5,4.954,5
1115800,9.5,4.954,5
1115850,9.5,4.954,5
1115900,9.5,4.954,5
1115950,9.5,4.954,5
1116000,9.5,4.954,5
1116050,9.5,4.954,5
1116100,9.5,4.954,5
1116150,9.5,4.954,5
1116200,9.5,4.954,5
1116250,9.5,4.954,5
1116300,9.5,4.954,5
1116350,9.5,4.954,5
1116400,9.5,4.954,5
1116450,9.5,4.954,5
1116500,9.5,4.954,5
1116550,9.5,4.954,5
1116600,9.5,4.954,5
1116650,9.5,4.954,5
1116700,9.5,4.954,5
1116750,9.5,4.954,5
1116800,9.5,4.954,5
1116850,9.5,4.954,5
1116900,9.5,4.954,5
1116950,9.5,4.954,5
1117000,9.5,4.954,5
1117050,9.5,4.954,5
1117100,9.5,4.954,5
1117150,9.5,4.954,5
1117200,9.5,4.954,5
1117250,9.5,4.954,5
1117300,9.5,4.954,5
1117350,9.5,4.954,5
1117400,9.5,4.954,5
1117450,9.5,4.954,5
1117500,9.5,4.954,5
1117550,9.5,4.954,5
1117600,9.5,4.954,5
1117650,9.5,4.954,5
1117700,9.5,4.954,5
1117750,9.5,4.954,5
1117800,9.5,4.954,5
1117850,9.5,4.954,5
1117900,9.5,4.954,5
1117950,9.5,4.954,5
1118000,9.5,4.954,5
1118050,9.5,4.954,5
1118100,9.5,4.954,5
1118150,9.5,4.954,5
1118200,9.5,4.954,5
1118250,9.5,4.954,5
1118300,9.5,4.954,5
1118350,9.5,4.954,5
1118400,9.5,4.954,5
1118450,9.5,4.954,5
1118500,9.5,4.954,5
1118550,9.5,4.954,5
1118600,9.5,4.954,5
1118650,9.5,4.954,5
1118700,9.5,4.954,5
1118750,9.5,4.954,5
1118800,9.5,4.954,5
1118850,9.5,4.954,5
1118900,9.5,4.954,5
1118950,9.5,4.954,5
1119000,9.5,4.954,5
1119050,9.5,4.954,5
1119100,9.5,4.954,5
1119150,9.5,4.954,5
1119200,9.5,4.954,5
1119250,9.5,4.954,5
1119300,9.5,4.954,5
1119350,9.5,4.954,5
1119400,9.5,4.954,5
1119450,9.5,4.954,5
1119500,9.5,4.954,5
1119550,9.5,4.954,5
1119600,9.5,4.954,5
1119650,9.5,4.954,5
1119700,9.5,4.954,5
1119750,9.5,4.954,5
1119800,9.5,4.954,5
1119850,9.5,4.954,5
1119900,9.5,4.954,5
1119950,9.5,4.954,5
1120000,9.5,4.954,5
1120050,9.5,4.954,5
1120100,9.5,4.954,5
1120150,9.5,4.954,5
1120200,9.5,4.954,5
1120250,9.5,4.954,5
1120300,9.5,4.954,5
1120350,9.5,4.954,5
1120400,9.5,4.954,5
1120450,9.5,4.954,5
1120500,9.5,4.954,5
1120550,9.5,4.954,5
1120600,9.5,4.954,5
1120650,9.5,4.954,5
1120700,9.5,4.954,5
1120750,9.5,4.954,5
1120800,9.5,4.954,5
1120850,9.5,4.954,5
1120900,9.5,4.954,5
1120950,9.5,4.954,5
1121000,9.5,4.954,5
1121050,9.5,4.954,5
1121100,9.5,4.954,5
1121150,9.5,4.954,5
1121200,9.5,4.954,5
1121250,9.5,4.954,5
1121300,9.5,4.954,5
1121350,9.5,4.954,5
1121400,9.5,4.954,5
1121450,9.5,4.954,5
1121500,9.5,4.954,5
1121550,9.5,4.954,5
1121600,9.5,4.954,5
1121650,9.5,4.954,5
1121700,9.5,4.954,5
1121750,9.5,4.954,5
1121800,9.5,4.954,5
1121850,9.5,4.954,5
1121900,9.5,4.954,5
1121950,9.5,4.954,5
1122000,9.5,4.954,5
1122050,9.5,4.954,5
1122100,9.5,4.954,5
1122150,9.5,4.954,5
1122200,9.5,4.954,5
1122250,9.5,4.954,5
1122300,9.5,4.954,5
1122350,9.5,4.954,5
1122400,9.5,4.954,5
1122450,9.5,4.954,5
1122500,9.5,4.954,5
1122550,9.5,4.954,5
1122600,9.5,4.954,5
1122650,9.5,4.954,5
1122700,9.5,4.954,5
1122750,9.5,4.954,5
1122800,9.5,4.954,5
1122850,9.5,4.954,5
1122900,9.5,4.954,5
1122950,9.5,4.954,5
1123000,9.5,4.954,5
1123050,9.5,4.954,5
1123100,9.5,4.954,5
1123150,9.5,4.954,5
1123200,9.5,4.954,5
1123250,9.5,4.954,5
1123300,9.5,4.954,5
1123350,9.5,4.954,5
1123400,9.5,4.954,5
1123450,9.5,4.954,5
1123500,9.5,4.954,5
1123550,9.5,4.954,5
1123600,9.5,4.954,5
1123650,9.5,4.954,5
1123700,9.5,4.954,5
1123750,9.5,4.954,5
1123800,9.5,4.954,5
1123850,9.5,4.954,5
1123900,9.5,4.954,5
1123950,9.5,4.954,5
1124000,9.5,4.954,5
1124050,9.5,4.954,5
1124100,9.5,4.954,5
1124150,9.5,4.954,5
1124200,9.5,4.954,5
1124250,9.5,4.954,5
1124300,9.5,4.954,5
1124350,9.5,4.954,5
1124400,9.5,4.954,5
1124450,9.5,4.954,5
1124500,9.5,4.954,5
1124550,9.5,4.954,5
1124600,9.5,4.954,5
1124650,9.5,4.954,5
1124700,9.5,4.954,5
1124750,9.5,4.954,5
1124800,9.5,4.954,5
1124850,9.5,4.954,5
1124900,9.5,4.954,5
1124950,9.5,4.954,5
1125000,9.5,4.954,5
1125050,9.5,4.954,5
1125100,9.5,4.954,5
1125150,9.5,4.954,5
1125200,9.5,4.954,5
1125250,9.5,4.954,5
1125300,9.5,4.954,5
1125350,9.5,4.954,5
1125400,9.5,4.954,5
1125450,9.5,4.954,5
1125500,9.5,4.954,5
1125550,9.5,4.954,5
1125600,9.5,4.954,5
1125650,9.5,4.954,5
1125700,9.5,4.954,5
1125750,9.5,4.954,5
1125800,9.5,4.954,5
1125850,9.5,4.954,5
1125900,9.5,4.954,5
1125950,9.5,4.954,5
1126000,9.5,4.954,5
1126050,9.5,4.954,5
1126100,9.5,4.954,5
1126150,9.5,4.954,5
1126200,9.5,4.954,5
1126250,9.5,4.954,5
1126300,9.5,4.954,5
1126350,9.5,4.954,5
1126400,9.5,4.954,5
1126450,9.5,4.954,5
1126500,9.5,4.954,5
1126550,9.5,4.954,5
1126600,9.5,4.954,5
1126650,9.5,4.954,5
1126700,9.5,4.954,5
1126750,9.5,4.954,5
1126800,9.5,4.954,5
1126850,9.5,4.954,5
1126900,9.5,4.954,5
1126950,9.5,4.954,5
1127000,9.5,4.954,5
1127050,9.5,4.954,5
1127100,9.5,4.954,5
1127150,9.5,4.954,5
1127200,9.5,4.954,5
1127250,9.5,4.954,5
1127300,9.5,4.954,5
1127350,9.5,4.954,5
1127400,9.5,4.954,5
1127450,9.5,4.954,5
1127500,9.5,4.954,5
1127550,9.5,4.954,5
1127600,9.5,4.954,5
1127650,9.5,4.954,5
1127700,9.5,4.954,5
1127750,9.5,4.954,5
1127800,9.5,4.954,5
1127850,9.5,4.954,5
1127900,9.5,4.954,5
1127950,9.5,4.954,5
1128000,9.5,4.954,5
1128050,9.5,4.954,5
1128100,9.5,4.954,5
1128150,9.5,4.954,5
1128200,9.5,4.954,5
1128250,9.5,4.954,5
1128300,9.5,4.954,5
1128350,9.5,4.954,5
1128400,9.5,4.954,5
1128450,9.5,4.954,5
1128500,9.5,4.954,5
1128550,9.5,4.954,5
1128600,9.5,4.954,5
1128650,9.5,4.954,5
1128700,9.5,4.954,5
1128750,9.5,4.954,5
1128800,9.5,4.954,5
1128850,9.5,4.954,5
1128900,9.5,4.954,5
1128950,9.5,4.954,5
1129000,9.5,4.954,5
1129050,9.5,4.954,5
1129100,9.5,4.954,5
1129150,9.5,4.954,5
1129200,9.5,4.954,5
1129250,9.5,4.954,5
1129300,9.5,4.954,5
1129350,9.5,4.954,5
1129400,9.5,4.954,5
1129450,9.5,4.954,5
1129500,9.5,4.954,5
1129550,9.5,4.954,5
1129600,9.5,4.954,5
1129650,9.5,4.954,5
1129700,9.5,4.954,5
1129750,9.5,4.954,5
1129800,9.5,4.954,5
1129850,9.5,4.954,5
1129900,9.5,4.954,5
1129950,9.5,4.954,5
1130000,9.5,4.954,5
1130050,9.5,4.954,5
1130100,9.5,4.954,5
1130150,9.5,4.954,5
1130200,9.5,4.954,5
1130250,9.5,4.954,5
1130300,9.5,4.954,5
1130350,9.5,4.954,5
1130400,9.5,4.954,5
1130450,9.5,4.954,5
1130500,9.5,4.954,5
1130550,9.5,4.954,5
1130600,9.5,4.954,5
1130650,9.5,4.954,5
1130700,9.5,4.954,5
1130750,9.5,4.954,5
1130800,9.5,4.954,5
1130850,9.5,4.954,5
1130900,9.5,4.954,5
1130950,9.5,4.954,5
1131000,9.5,4.954,5
1131050,9.5,4.954,5
1131100,9.5,4.954,5
1131150,9.5,4.954,5
1131200,9.5,4.954,5
1131250,9.5,4.954,5
1131300,9.5,4.954,5
1131350,9.5,4.954,5
1131400,9.5,4.954,5
1131450,9.5,4.954,5
1131500,9.5,4.954,5
1131550,9.5,4.954,5
1131600,9.5,4.954,5
1131650,9.5,4.954,5
1131700,9.5,4.954,5
1131750,9.5,4.954,5
1131800,9.5,4.954,5
1131850,9.5,4.954,5
1131900,9.5,4.954,5
1131950,9.5,4.954,5
1132000,9.5,4.954,5
1132050,9.5,4.954,5
1132100,9.5,4.954,5
1132150,9.5,4.954,5
1132200,9.5,4.954,5
1132250,9.5,4.954,5
1132300,9.5,4.954,5
1132350,9.5,4.954,5
1132400,9.5,4.954,5
1132450,9.5,4.954,5
1132500,9.5,4.954,5
1132550,9.5,4.954,5
1132600,9.5,4.954,5
1132650,9.5,4.954,5
1132700,9.5,4.954,5
1132750,9.5,4.954,5
1132800,9.5,4.954,5
1132850,9.5,4.954,5
1132900,9.5,4.954,5
1132950,9.5,4.954,5
1133000,9.5,4.954,5
1133050,9.5,4.954,5
1133100,9.5,4.954,5
1133150,9.5,4.954,5
1133200,9.5,4.954,5
1133250,9.5,4.954,5
1133300,9.5,4.954,5
1133350,9.5,4.954,5
1133400,9.5,4.954,5
1133450,9.5,4.954,5
1133500,9.5,4.954,5
1133550,9.5,4.954,5
1133600,9.5,4.954,5
1133650,9.5,4.954,5
1133700,9.5,4.954,5
1133750,9.5,4.954,5
1133800,9.5,4.954,5
1133850,9.5,4.954,5
1133900,9.5,4.954,5
1133950,9.5,4.954,5
1134000,9.5,4.954,5
1134050,9.5,4.954,5
1134100,9.5,4.954,5
1134150,9.5,4.954,5
1134200,9.5,4.954,5
1134250,9.5,4.954,5
1134300,9.5,4.954,5
1134350,9.5,4.954,5
1134400,9.5,4.954,5
1134450,9.5,4.954,5
1134500,9.5,4.954,5
1134550,9.5,4.954,5
1134600,9.5,4.954,5
1134650,9.5,4.954,5
1134700,9.489,4.954,5
1134750,9.387,4.954,5
1134800,9.222,4.954,5
1134850,9.153,4.954,5
1134900,9.153,4.954,5
1134950,9.153,4.954,5
1135000,9.153,4.954,5
1135050,9.153,4.954,5
1135100,9.153,4.954,5
1135150,9.153,4.954,5
1135200,9.153,4.954,5
1135250,9.153,4.954,5
1135300,9.153,4.954,5
1135350,9.153,4.954,5
1135400,9.153,4.954,5
1135450,9.153,4.954,5
1135500,9.153,4.954,5
1135550,9.153,4.954,5
1135600,9.153,4.954,5
1135650,9.153,4.954,5
1135700,9.153,4.954,5
1135750,9.153,4.954,5
1135800,9.153,4.954,5
1135850,9.153,4.954,5
1135900,9.153,4.954,5
1135950,9.153,4.954,5
1136000,9.153,4.954,5
1136050,9.153,4.954,5
1136100,9.153,4.954,5
1136150,9.153,4.954,5
1136200,9.153,4.954,5
1136250,9.153,4.954,5
1136300,9.153,4.954,5
1136350,9.153,4.954,5
1136400,9.153,4.954,5
1136450,9.153,4.954,5
1136500,9.153,4.963,5
1136550,9.153,4.986,5
1136600,9.153,5.004,5
1136650,9.153,5.009,5
1136700,9.153,5.011,5
1136750,9.153,5.011,5
1136800,9.153,5.011,5
1136850,9.153,5.011,5
1136900,9.153,5.011,5
1136950,9.153,5.012,5
1137000,9.153,5.016,5
1137050,9.153,5.02,5
1137100,9.153,5.023,5
1137150,9.153,5.023,5
1137200,9.153,5.023,5
1137250,9.157,5.023,5
1137300,9.163,5.023,5
1137350,9.175,5.026,5
1137400,9.194,5.034,5
1137450,9.21,5.042,5
1137500,9.22,5.046,5
1137550,9.225,5.049,5
1137600,9.225,5.049,5
1137650,9.225,5.049,5
1137700,9.225,5.049,5
1137750,9.225,5.049,5
1137800,9.225,5.049,5
1137850,9.225,5.049,5
1137900,9.225,5.049,5
1137950,9.225,5.049,5
1138000,9.225,5.049,5
1138050,9.225,5.049,5
1138100,9.225,5.049,5
1138150,9.225,5.049,5
1138200,9.225,5.049,5
1138250,9.225,5.049,5
1138300,9.225,5.049,5
1138350,9.225,5.049,5
1138400,9.225,5.049,5
1138450,9.225,5.049,5
1138500,9.225,5.049,5
1138550,9.225,5.049,5
1138600,9.225,5.049,5
1138650,9.225,5.049,5
1138700,9.225,5.049,5
1138750,9.225,5.049,5
1138800,9.225,5.049,5
1138850,9.225,5.049,5
1138900,9.225,5.049,5
1138950,9.225,5.049,5
1139000,9.225,5.049,5
1139050,9.225,5.049,5
1139100,9.225,5.049,5
1139150,9.225,5.049,5
1139200,9.225,5.049,5
1139250,9.225,5.049,5
1139300,9.225,5.049,5
1139350,9.225,5.049,5
1139400,9.225,5.049,5
1139450,9.225,5.049,5
1139500,9.225,5.049,5
1139550,9.225,5.049,5
1139600,9.225,5.049,5
1139650,9.225,5.049,5
1139700,9.225,5.049,5
1139750,9.225,5.049,5
1139800,9.225,5.049,5
1139850,9.225,5.049,5
1139900,9.225,5.049,5
1139950,9.225,5.049,5
1140000,9.225,5.049,5
1140050,9.225,5.049,5
1140100,9.225,5.049,5
1140150,9.225,5.049,5
1140200,9.225,5.049,5
1140250,9.225,5.049,5
1140300,9.225,5.049,5
1140350,9.225,5.049,5
1140400,9.225,5.049,5
1140450,9.225,5.049,5
1140500,9.225,5.049,5
1140550,9.225,5.049,5
1140600,9.225,5.049,5
1140650,9.225,5.049,5
1140700,9.225,5.049,5
1140750,9.225,5.049,5
1140800,9.225,5.049,5
1140850,9.225,5.049,5
1140900,9.225,5.049,5
1140950,9.225,5.049,5
1141000,9.225,5.049,5
1141050,9.225,5.049,5
1141100,9.225,5.049,5
1141150,9.225,5.049,5
1141200,9.225,5.049,5
1141250,9.225,5.049,5
1141300,9.225,5.049,5
1141350,9.225,5.049,5
1141400,9.225,5.049,5
1141450,9.225,5.049,5
1141500,9.225,5.049,5
1141550,9.225,5.049,5
1141600,9.225,5.049,5
1141650,9.225,5.049,5
1141700,9.225,5.049,5
1141750,9.225,5.049,5
1141800,9.225,5.049,5
1141850,9.225,5.049,5
1141900,9.225,5.049,5
1141950,9.225,5.049,5
1142000,9.225,5.049,5
1142050,9.225,5.049,5
1142100,9.225,5.049,5
1142150,9.225,5.049,5
1142200,9.225,5.049,5
1142250,9.225,5.049,5
1142300,9.225,5.049,5
1142350,9.225,5.049,5
1142400,9.225,5.049,5
1142450,9.225,5.049,5
1142500,9.225,5.049,5
1142550,9.225,5.049,5
1142600,9.225,5.049,5
1142650,9.225,5.049,5
1142700,9.225,5.049,5
1142750,9.225,5.049,5
1142800,9.225,5.049,5
1142850,9.225,5.049,5
1142900,9.225,5.049,5
1142950,9.225,5.049,5
1143000,9.225,5.049,5
1143050,9.225,5.049,5
1143100,9.225,5.049,5
1143150,9.225,5.049,5
1143200,9.225,5.049,5
1143250,9.225,5.049,5
1143300,9.225,5.049,5
1143350,9.225,5.049,5
1143400,9.225,5.049,5
1143450,9.225,5.049,5
1143500,9.225,5.049,5
1143550,9.225,5.049,5
1143600,9.225,5.049,5
1143650,9.225,5.049,5
1143700,9.225,5.049,5
1143750,9.225,5.049,5
1143800,9.225,5.049,5
1143850,9.225,5.049,5
1143900,9.225,5.049,5
1143950,9.225,5.049,5
1144000,9.225,5.049,5
1144050,9.225,5.049,5
1144100,9.225,5.049,5
1144150,9.225,5.049,5
1144200,9.225,5.049,5
1144250,9.225,5.049,5
1144300,9.225,5.049,5
1144350,9.225,5.049,5
1144400,9.225,5.049,5
1144450,9.225,5.049,5
1144500,9.225,5.049,5
1144550,9.225,5.049,5
1144600,9.225,5.049,5
1144650,9.225,5.049,5
1144700,9.225,5.049,5
1144750,9.225,5.049,5
1144800,9.225,5.049,5
1144850,9.225,5.049,5
1144900,9.225,5.049,5
1144950,9.225,5.049,5
1145000,9.225,5.049,5
1145050,9.225,5.049,5
1145100,9.225,5.049,5
1145150,9.225,5.049,5
1145200,9.225,5.049,5
1145250,9.225,5.049,5
1145300,9.225,5.049,5
1145350,9.225,5.049,5
1145400,9.225,5.049,5
1145450,9.225,5.049,5
1145500,9.225,5.049,5
1145550,9.225,5.049,5
1145600,9.225,5.049,5
1145650,9.225,5.049,5
1145700,9.225,5.049,5
1145750,9.225,5.049,5
1145800,9.225,5.049,5
1145850,9.225,5.049,5
1145900,9.225,5.049,5
1145950,9.225,5.049,5
1146000,9.225,5.049,5
1146050,9.225,5.049,5
1146100,9.225,5.049,5
1146150,9.225,5.049,5
1146200,9.225,5.049,5
1146250,9.225,5.049,5
1146300,9.225,5.049,5
1146350,9.225,5.049,5
1146400,9.225,5.049,5
1146450,9.225,5.049,5
1146500,9.225,5.049,5
1146550,9.225,5.049,5
1146600,9.225,5.049,5
1146650,9.225,5.049,5
1146700,9.225,5.049,5
1146750,9.225,5.049,5
1146800,9.225,5.049,5
1146850,9.225,5.049,5
1146900,9.225,5.049,5
1146950,9.225,5.049,5
1147000,9.225,5.049,5
1147050,9.225,5.049,5
1147100,9.225,5.049,5
1147150,9.225,5.049,5
1147200,9.225,5.049,5
1147250,9.225,5.049,5
1147300,9.225,5.049,5
1147350,9.225,5.049,5
1147400,9.225,5.049,5
1147450,9.225,5.049,5
1147500,9.225,5.049,5
1147550,9.225,5.049,5
1147600,9.225,5.049,5
1147650,9.225,5.049,5
1147700,9.225,5.049,5
1147750,9.225,5.049,5
1147800,9.225,5.049,5
1147850,9.225,5.049,5
1147900,9.225,5.049,5
1147950,9.225,5.049,5
1148000,9.225,5.049,5
1148050,9.225,5.049,5
1148100,9.225,5.049,5
1148150,9.225,5.049,5
1148200,9.225,5.049,5
1148250,9.225,5.049,5
1148300,9.225,5.049,5
1148350,9.225,5.049,5
1148400,9.225,5.049,5
1148450,9.225,5.049,5
1148500,9.225,5.049,5
1148550,9.225,5.049,5
1148600,9.225,5.049,5
1148650,9.225,5.049,5
1148700,9.225,5.049,5
1148750,9.225,5.049,5
1148800,9.225,5.049,5
1148850,9.225,5.049,5
1148900,9.225,5.049,5
1148950,9.225,5.049,5
1149000,9.225,5.049,5
1149050,9.225,5.049,5
1149100,9.225,5.049,5
1149150,9.225,5.049,5
1149200,9.225,5.049,5
1149250,9.225,5.049,5
1149300,9.225,5.049,5
1149350,9.225,5.049,5
1149400,9.225,5.049,5
1149450,9.225,5.049,5
1149500,9.225,5.049,5
1149550,9.225,5.049,5
1149600,9.225,5.049,5
1149650,9.225,5.049,5
1149700,9.225,5.049,5
1149750,9.225,5.049,5
1149800,9.225,5.049,5
1149850,9.225,5.049,5
1149900,9.225,5.049,5
1149950,9.225,5.049,5
1150000,9.225,5.049,5
1150050,9.225,5.049,5
1150100,9.225,5.049,5
1150150,9.225,5.049,5
1150200,9.225,5.049,5
1150250,9.225,5.049,5
1150300,9.225,5.049,5
1150350,9.225,5.049,5
1150400,9.225,5.049,5
1150450,9.225,5.049,5
1150500,9.225,5.049,5
1150550,9.225,5.049,5
1150600,9.225,5.049,5
1150650,9.225,5.049,5
1150700,9.225,5.049,5
1150750,9.225,5.049,5
1150800,9.225,5.049,5
1150850,9.225,5.049,5
1150900,9.225,5.049,5
1150950,9.225,5.049,5
1151000,9.225,5.049,5
1151050,9.225,5.049,5
1151100,9.225,5.049,5
1151150,9.225,5.049,5
1151200,9.225,5.049,5
1151250,9.225,5.049,5
1151300,9.225,5.049,5
1151350,9.225,5.049,5
1151400,9.225,5.049,5
1151450,9.225,5.049,5
1151500,9.225,5.049,5
1151550,9.225,5.049,5
1151600,9.225,5.049,5
1151650,9.225,5.049,5
1151700,9.225,5.049,5
1151750,9.225,5.049,5
1151800,9.225,5.049,5
1151850,9.225,5.049,5
1151900,9.225,5.049,5
1151950,9.225,5.049,5
1152000,9.225,5.049,5
1152050,9.225,5.049,5
1152100,9.225,5.049,5
1152150,9.225,5.049,5
1152200,9.225,5.049,5
1152250,9.225,5.049,5
1152300,9.225,5.049,5
1152350,9.225,5.049,5
1152400,9.225,5.049,5
1152450,9.225,5.049,5
1152500,9.225,5.049,5
1152550,9.225,5.049,5
1152600,9.225,5.049,5
1152650,9.225,5.049,5
1152700,9.225,5.049,5
1152750,9.225,5.049,5
1152800,9.225,5.049,5
1152850,9.225,5.049,5
1152900,9.225,5.049,5
1152950,9.225,5.049,5
1153000,9.225,5.049,5
1153050,9.225,5.049,5
1153100,9.225,5.049,5
1153150,9.225,5.049,5
1153200,9.225,5.054,5
1153250,9.225,5.077,5
1153300,9.225,5.123,5
1153350,9.225,5.165,5
1153400,9.22,5.185,5
1153450,9.207,5.195,5
1153500,9.199,5.196,5
1153550,9.196,5.196,5
1153600,9.196,5.196,5
1153650,9.196,5.196,5
1153700,9.196,5.196,5
1153750,9.196,5.193,5
1153800,9.196,5.186,5
1153850,9.196,5.174,5
1153900,9.196,5.159,5
1153950,9.196,5.146,5
1154000,9.196,5.133,5
1154050,9.19,5.119,5
1154100,9.184,5.111,5
1154150,9.184,5.11,5
1154200,9.182,5.11,5
1154250,9.179,5.11,5
1154300,9.178,5.109,5
1154350,9.177,5.108,5
1154400,9.175,5.107,5
1154450,9.174,5.107,5
1154500,9.171,5.107,5
1154550,9.169,5.105,5
1154600,9.169,5.102,5
1154650,9.164,5.102,5
1154700,9.154,5.098,5
1154750,9.143,5.092,5
1154800,9.133,5.089,5
1154850,9.124,5.086,5
1154900,9.121,5.083,5
1154950,9.12,5.083,5
1155000,9.118,5.083,5
1155050,9.118,5.082,5
1155100,9.118,5.081,5
1155150,9.118,5.081,5
1155200,9.118,5.081,5
1155250,9.116,5.081,5
1155300,9.114,5.081,5
1155350,9.114,5.081,5
1155400,9.114,5.081,5
1155450,9.114,5.081,5
1155500,9.114,5.081,5
1155550,9.114,5.08,5
1155600,9.114,5.079,5
1155650,9.114,5.078,5
1155700,9.113,5.077,5
1155750,9.111,5.076,5
1155800,9.109,5.076,5
1155850,9.109,5.075,5
1155900,9.109,5.074,5
1155950,9.108,5.074,5
1156000,9.105,5.074,5
1156050,9.105,5.073,5
1156100,9.105,5.071,5
1156150,9.105,5.071,5
1156200,9.105,5.071,5
1156250,9.105,5.07,5
1156300,9.105,5.07,5
1156350,9.104,5.07,5
1156400,9.103,5.07,5
1156450,9.103,5.07,5
1156500,9.103,5.07,5
1156550,9.103,5.07,5
1156600,9.103,5.07,5
1156650,9.103,5.07,5
1156700,9.103,5.07,5
1156750,9.103,5.07,5
1156800,9.103,5.07,5
1156850,9.103,5.07,5
1156900,9.103,5.07,5
1156950,9.103,5.07,5
1157000,9.103,5.07,5
1157050,9.103,5.07,5
1157100,9.103,5.07,5
1157150,9.103,5.07,5
1157200,9.103,5.07,5
1157250,9.103,5.07,5
1157300,9.103,5.072,5
1157350,9.103,5.082,5
1157400,9.103,5.097,5
1157450,9.103,5.108,5
1157500,9.103,5.115,5
1157550,9.103,5.12,5
1157600,9.103,5.124,5
1157650,9.103,5.128,5
1157700,9.103,5.141,5
1157750,9.103,5.181,5
1157800,9.103,5.237,5
1157850,9.103,5.278,5
1157900,9.103,5.294,5
1157950,9.103,5.294,5
1158000,9.103,5.294,5
1158050,9.103,5.294,5
1158100,9.103,5.294,5
1158150,9.103,5.294,5
1158200,9.103,5.294,5
1158250,9.103,5.294,5
1158300,9.103,5.294,5
1158350,9.103,5.294,5
1158400,9.103,5.294,5
1158450,9.103,5.294,5
1158500,9.103,5.294,5
1158550,9.103,5.294,5
1158600,9.103,5.294,5
1158650,9.103,5.294,5
1158700,9.103,5.294,5
1158750,9.103,5.302,5
1158800,9.103,5.327,5
1158850,9.103,5.373,5
1158900,9.103,5.424,5
1158950,9.103,5.458,5
1159000,9.103,5.478,5
1159050,9.103,5.492,5
1159100,9.103,5.508,5
1159150,9.103,5.528,5
1159200,9.103,5.565,5
1159250,9.103,5.612,5
1159300,9.103,5.649,5
1159350,9.103,5.68,5
1159400,9.103,5.718,5
1159450,9.103,5.754,5
1159500,9.099,5.786,5
1159550,9.093,5.8,5
1159600,9.092,5.804,5
1159650,9.091,5.804,5
1159700,9.088,5.804,5
1159750,9.084,5.804,5
1159800,9.081,5.804,5
1159850,9.081,5.804,5
1159900,9.081,5.804,5
1159950,9.081,5.804,5
1160000,9.081,5.804,5
1160050,9.08,5.804,5
1160100,9.078,5.804,5
1160150,9.078,5.804,5
1160200,9.076,5.802,5
1160250,9.073,5.795,5
1160300,9.073,5.787,5
1160350,9.073,5.782,5
1160400,9.073,5.771,5
1160450,9.066,5.757,5
1160500,9.049,5.743,5
1160550,9.037,5.731,5
1160600,9.031,5.729,5
1160650,9.026,5.729,5
1160700,9.023,5.729,5
1160750,9.02,5.729,5
1160800,9.016,5.729,5
1160850,9.011,5.729,5
1160900,9.005,5.729,5
1160950,9.001,5.729,5
1161000,8.996,5.729,5
1161050,8.983,5.729,5
1161100,8.969,5.729,5
1161150,8.961,5.729,5
1161200,8.95,5.729,5
1161250,8.945,5.729,5
1161300,8.944,5.729,5
1161350,8.944,5.739,5
1161400,8.934,5.778,5
1161450,8.901,5.83,5
1161500,8.873,5.854,5
1161550,8.867,5.855,5
1161600,8.862,5.855,5
1161650,8.862,5.855,5
1161700,8.862,5.855,5
1161750,8.862,5.855,5
1161800,8.862,5.855,5
1161850,8.862,5.855,5
1161900,8.862,5.855,5
1161950,8.862,5.855,5
1162000,8.862,5.855,5
1162050,8.862,5.855,5
1162100,8.862,5.855,5
1162150,8.862,5.855,5
1162200,8.862,5.855,5
1162250,8.862,5.855,5
1162300,8.862,5.848,5
1162350,8.862,5.838,5
1162400,8.861,5.833,5
1162450,8.858,5.83,5
1162500,8.857,5.824,5
1162550,8.853,5.822,5
1162600,8.847,5.82,5
1162650,8.847,5.815,5
1162700,8.844,5.815,5
1162750,8.84,5.812,5
1162800,8.834,5.808,5
1162850,8.828,5.807,5
1162900,8.823,5.805,5
1162950,8.817,5.8,5
1163000,8.811,5.796,5
1163050,8.808,5.794,5
1163100,8.807,5.79,5
1163150,8.806,5.788,5
1163200,8.802,5.785,5
1163250,8.801,5.783,5
1163300,8.801,5.781,5
1163350,8.799,5.777,5
1163400,8.796,5.774,5
1163450,8.792,5.77,5
1163500,8.786,5.763,5
1163550,8.779,5.76,5
1163600,8.775,5.759,5
1163650,8.772,5.755,5
1163700,8.767,5.75,5
1163750,8.762,5.747,5
1163800,8.755,5.746,5
1163850,8.75,5.743,5
1163900,8.746,5.742,5
1163950,8.743,5.742,5
1164000,8.743,5.742,5
1164050,8.743,5.742,5
1164100,8.743,5.742,5
1164150,8.743,5.742,5
1164200,8.743,5.742,5
1164250,8.743,5.742,5
1164300,8.743,5.742,5
1164350,8.743,5.742,5
1164400,8.743,5.742,5
1164450,8.743,5.742,5
1164500,8.743,5.742,5
1164550,8.743,5.742,5
1164600,8.743,5.742,5
1164650,8.743,5.742,5
1164700,8.743,5.742,5
1164750,8.743,5.742,5
1164800,8.743,5.742,5
1164850,8.743,5.742,5
1164900,8.743,5.741,5
1164950,8.743,5.739,5
1165000,8.743,5.738,5
1165050,8.743,5.736,5
1165100,8.743,5.734,5
1165150,8.743,5.73,5
1165200,8.743,5.729,5
1165250,8.741,5.726,5
1165300,8.738,5.724,5
1165350,8.734,5.723,5
1165400,8.729,5.719,5
1165450,8.725,5.713,5
1165500,8.722,5.709,5
1165550,8.712,5.708,5
1165600,8.705,5.706,5
1165650,8.704,5.703,5
1165700,8.702,5.696,5
1165750,8.702,5.693,5
1165800,8.701,5.693,5
1165850,8.699,5.693,5
1165900,8.697,5.692,5
1165950,8.695,5.69,5
1166000,8.684,5.688,5
1166050,8.668,5.679,5
1166100,8.658,5.664,5
1166150,8.65,5.657,5
1166200,8.644,5.657,5
1166250,8.644,5.655,5
1166300,8.644,5.653,5
1166350,8.644,5.652,5
1166400,8.644,5.649,5
1166450,8.644,5.649,5
1166500,8.644,5.649,5
1166550,8.644,5.649,5
1166600,8.644,5.649,5
1166650,8.644,5.649,5
1166700,8.644,5.649,5
1166750,8.644,5.649,5
1166800,8.644,5.649,5
1166850,8.644,5.649,5
1166900,8.644,5.649,5
1166950,8.644,5.648,5
1167000,8.644,5.647,5
1167050,8.644,5.644,5
1167100,8.644,5.64,5
1167150,8.644,5.638,5
1167200,8.644,5.635,5
1167250,8.644,5.629,5
1167300,8.644,5.622,5
1167350,8.644,5.611,5
1167400,8.643,5.602,5
1167450,8.638,5.594,5
1167500,8.631,5.589,5
1167550,8.626,5.583,5
1167600,8.62,5.58,5
1167650,8.615,5.576,5
1167700,8.61,5.57,5
1167750,8.604,5.565,5
1167800,8.598,5.559,5
1167850,8.597,5.557,5
1167900,8.595,5.556,5
1167950,8.59,5.554,5
1168000,8.582,5.553,5
1168050,8.555,5.546,5
1168100,8.516,5.536,5
1168150,8.498,5.531,5
1168200,8.498,5.525,5
1168250,8.498,5.522,5
1168300,8.498,5.515,5
1168350,8.498,5.506,5
1168400,8.498,5.501,5
1168450,8.498,5.496,5
1168500,8.498,5.492,5
1168550,8.498,5.485,5
1168600,8.498,5.48,5
1168650,8.498,5.473,5
1168700,8.498,5.466,5
1168750,8.498,5.454,5
1168800,8.498,5.436,5
1168850,8.498,5.419,5
1168900,8.498,5.403,5
1168950,8.498,5.394,5
1169000,8.498,5.392,5
1169050,8.498,5.388,5
1169100,8.502,5.38,5
1169150,8.509,5.373,5
1169200,8.512,5.366,5
1169250,8.517,5.356,5
1169300,8.524,5.347,5
1169350,8.53,5.341,5
1169400,8.543,5.325,5
1169450,8.564,5.304,5
1169500,8.579,5.288,5
1169550,8.584,5.273,5
1169600,8.591,5.263,5
1169650,8.597,5.259,5
1169700,8.598,5.256,5
1169750,8.599,5.253,5
1169800,8.601,5.253,5
1169850,8.603,5.253,5
1169900,8.603,5.252,5
1169950,8.603,5.251,5
1170000,8.603,5.251,5
1170050,8.603,5.251,5
1170100,8.603,5.251,5
1170150,8.603,5.25,5
1170200,8.603,5.249,5
1170250,8.603,5.248,5
1170300,8.603,5.248,5
1170350,8.603,5.248,5
1170400,8.603,5.248,5
1170450,8.603,5.248,5
1170500,8.603,5.248,5
1170550,8.603,5.248,5
1170600,8.603,5.248,5
1170650,8.603,5.248,5
1170700,8.603,5.248,5
1170750,8.603,5.248,5
1170800,8.603,5.248,5
1170850,8.603,5.248,5
1170900,8.603,5.248,5
1170950,8.603,5.248,5
1171000,8.603,5.248,5
1171050,8.603,5.248,5
1171100,8.603,5.248,5
1171150,8.603,5.248,5
1171200,8.603,5.248,5
1171250,8.603,5.248,5
1171300,8.603,5.248,5
1171350,8.603,5.248,5
1171400,8.603,5.248,5
1171450,8.603,5.248,5
1171500,8.603,5.248,5
1171550,8.603,5.248,5
1171600,8.603,5.248,5
1171650,8.603,5.248,5
1171700,8.603,5.252,5
1171750,8.603,5.258,5
1171800,8.603,5.26,5
1171850,8.603,5.26,5
1171900,8.603,5.265,5
1171950,8.603,5.271,5
1172000,8.603,5.271,5
1172050,8.603,5.271,5
1172100,8.603,5.271,5
1172150,8.603,5.271,5
1172200,8.603,5.271,5
1172250,8.603,5.271,5
1172300,8.603,5.271,5
1172350,8.603,5.271,5
1172400,8.603,5.271,5
1172450,8.603,5.271,5
1172500,8.603,5.271,5
1172550,8.603,5.271,5
1172600,8.603,5.271,5
1172650,8.603,5.271,5
1172700,8.603,5.271,5
1172750,8.603,5.271,5
1172800,8.603,5.271,5
1172850,8.603,5.271,5
1172900,8.603,5.271,5
1172950,8.603,5.271,5
1173000,8.603,5.271,5
1173050,8.603,5.271,5
1173100,8.603,5.271,5
1173150,8.603,5.271,5
1173200,8.603,5.271,5
1173250,8.603,5.271,5
1173300,8.603,5.271,5
1173350,8.603,5.271,5
1173400,8.603,5.271,5
1173450,8.603,5.271,5
1173500,8.603,5.271,5
1173550,8.603,5.271,5
1173600,8.603,5.271,5
1173650,8.603,5.271,5
1173700,8.603,5.271,5
1173750,8.603,5.271,5
1173800,8.603,5.271,5
1173850,8.603,5.271,5
1173900,8.603,5.271,5
1173950,8.603,5.271,5
1174000,8.603,5.271,5
1174050,8.603,5.271,5
1174100,8.603,5.271,5
1174150,8.603,5.271,5
1174200,8.603,5.271,5
1174250,8.603,5.271,5
1174300,8.603,5.271,5
1174350,8.603,5.271,5
1174400,8.603,5.271,5
1174450,8.603,5.271,5
1174500,8.603,5.271,5
1174550,8.603,5.271,5
1174600,8.603,5.271,5
1174650,8.603,5.271,5
1174700,8.603,5.271,5
1174750,8.603,5.271,5
1174800,8.603,5.271,5
1174850,8.603,5.271,5
1174900,8.603,5.271,5
1174950,8.603,5.271,5
1175000,8.603,5.271,5
1175050,8.603,5.271,5
1175100,8.603,5.271,5
1175150,8.603,5.271,5
1175200,8.603,5.271,5
1175250,8.603,5.271,5
1175300,8.603,5.271,5
1175350,8.603,5.271,5
1175400,8.603,5.271,5
1175450,8.603,5.271,5
1175500,8.603,5.271,5
1175550,8.603,5.271,5
1175600,8.603,5.271,5
1175650,8.603,5.271,5
1175700,8.603,5.271,5
1175750,8.603,5.271,5
1175800,8.603,5.271,5
1175850,8.603,5.271,5
1175900,8.603,5.271,5
1175950,8.603,5.271,5
1176000,8.603,5.271,5
1176050,8.603,5.271,5
1176100,8.603,5.271,5
1176150,8.603,5.271,5
1176200,8.603,5.271,5
1176250,8.603,5.271,5
1176300,8.603,5.271,5
1176350,8.603,5.271,5
1176400,8.603,5.271,5
1176450,8.603,5.271,5
1176500,8.603,5.271,5
1176550,8.603,5.271,5
1176600,8.603,5.271,5
1176650,8.603,5.271,5
1176700,8.603,5.271,5
1176750,8.603,5.271,5
1176800,8.603,5.271,5
1176850,8.603,5.271,5
1176900,8.603,5.271,5
1176950,8.603,5.271,5
1177000,8.603,5.271,5
1177050,8.603,5.271,5
1177100,8.603,5.271,5
1177150,8.603,5.271,5
1177200,8.603,5.271,5
1177250,8.603,5.271,5
1177300,8.603,5.271,5
1177350,8.603,5.271,5
1177400,8.603,5.271,5
1177450,8.603,5.271,5
1177500,8.603,5.271,5
1177550,8.603,5.271,5
1177600,8.603,5.271,5
1177650,8.603,5.271,5
1177700,8.603,5.271,5
1177750,8.603,5.271,5
1177800,8.603,5.271,5
1177850,8.603,5.271,5
1177900,8.603,5.271,5
1177950,8.603,5.271,5
1178000,8.603,5.271,5
1178050,8.603,5.271,5
1178100,8.603,5.271,5
1178150,8.603,5.271,5
1178200,8.602,5.271,5
1178250,8.601,5.271,5
1178300,8.6,5.271,5
1178350,8.6,5.271,5
1178400,8.6,5.271,5
1178450,8.6,5.271,5
1178500,8.6,5.271,5
1178550,8.6,5.271,5
1178600,8.6,5.271,5
1178650,8.599,5.271,5
1178700,8.598,5.271,5
1178750,8.597,5.271,5
1178800,8.597,5.271,5
1178850,8.597,5.271,5
1178900,8.597,5.271,5
1178950,8.597,5.271,5
1179000,8.597,5.271,5
1179050,8.597,5.271,5
1179100,8.597,5.271,5
1179150,8.593,5.271,5
1179200,8.586,5.271,5
1179250,8.585,5.27,5
1179300,8.584,5.27,5
1179350,8.583,5.27,5
1179400,8.582,5.269,5
1179450,8.582,5.268,5
1179500,8.563,5.266,5
1179550,8.526,5.258,5
1179600,8.497,5.246,5
1179650,8.496,5.242,5
1179700,8.496,5.242,5
1179750,8.496,5.241,5
1179800,8.496,5.238,5
1179850,8.496,5.237,5
1179900,8.496,5.237,5
1179950,8.496,5.237,5
1180000,8.496,5.236,5
1180050,8.496,5.235,5
1180100,8.496,5.235,5
1180150,8.496,5.235,5
1180200,8.496,5.235,5
1180250,8.496,5.235,5
1180300,8.496,5.235,5
1180350,8.496,5.235,5
1180400,8.496,5.235,5
1180450,8.496,5.235,5
1180500,8.496,5.235,5
1180550,8.496,5.235,5
1180600,8.496,5.235,5
1180650,8.496,5.235,5
1180700,8.496,5.235,5
1180750,8.496,5.235,5
1180800,8.496,5.235,5
1180850,8.496,5.235,5
1180900,8.496,5.235,5
1180950,8.496,5.235,5
1181000,8.496,5.235,5
1181050,8.496,5.235,5
1181100,8.496,5.235,5
1181150,8.496,5.235,5
1181200,8.496,5.235,5
1181250,8.496,5.235,5
1181300,8.496,5.235,5
1181350,8.496,5.235,5
1181400,8.496,5.235,5
1181450,8.496,5.235,5
1181500,8.496,5.235,5
1181550,8.496,5.235,5
1181600,8.496,5.235,5
1181650,8.496,5.235,5
1181700,8.496,5.235,5
1181750,8.496,5.235,5
1181800,8.496,5.235,5
1181850,8.496,5.235,5
1181900,8.496,5.235,5
1181950,8.496,5.235,5
1182000,8.496,5.235,5
1182050,8.496,5.235,5
1182100,8.496,5.235,5
1182150,8.496,5.235,5
1182200,8.496,5.235,5
1182250,8.496,5.235,5
1182300,8.496,5.235,5
1182350,8.496,5.235,5
1182400,8.496,5.235,5
1182450,8.496,5.235,5
1182500,8.496,5.235,5
1182550,8.496,5.235,5
1182600,8.496,5.235,5
1182650,8.496,5.235,5
1182700,8.496,5.235,5
1182750,8.496,5.235,5
1182800,8.496,5.235,5
1182850,8.496,5.235,5
1182900,8.496,5.235,5
1182950,8.496,5.235,5
1183000,8.496,5.235,5
1183050,8.496,5.235,5
1183100,8.496,5.235,5
1183150,8.496,5.235,5
1183200,8.496,5.235,5
1183250,8.496,5.235,5
1183300,8.496,5.235,5
1183350,8.496,5.235,5
1183400,8.496,5.235,5
1183450,8.496,5.235,5
1183500,8.496,5.235,5
1183550,8.496,5.235,5
1183600,8.496,5.235,5
1183650,8.496,5.235,5
1183700,8.496,5.235,5
1183750,8.496,5.235,5
1183800,8.496,5.235,5
1183850,8.496,5.235,5
1183900,8.496,5.235,5
1183950,8.496,5.235,5
1184000,8.496,5.235,5
1184050,8.496,5.235,5
1184100,8.496,5.235,5
1184150,8.496,5.235,5
1184200,8.496,5.235,5
1184250,8.496,5.235,5
1184300,8.496,5.235,5
1184350,8.496,5.235,5
1184400,8.496,5.235,5
1184450,8.496,5.235,5
1184500,8.496,5.235,5
1184550,8.496,5.235,5
1184600,8.496,5.235,5
1184650,8.496,5.235,5
1184700,8.496,5.235,5
1184750,8.496,5.235,5
1184800,8.496,5.235,5
1184850,8.496,5.235,5
1184900,8.496,5.235,5
1184950,8.496,5.235,5
1185000,8.496,5.235,5
1185050,8.496,5.235,5
1185100,8.496,5.235,5
1185150,8.496,5.235,5
1185200,8.496,5.235,5
1185250,8.496,5.235,5
1185300,8.496,5.235,5
1185350,8.496,5.235,5
1185400,8.496,5.235,5
1185450,8.496,5.235,5
1185500,8.496,5.235,5
1185550,8.496,5.235,5
1185600,8.496,5.235,5
1185650,8.496,5.235,5
1185700,8.496,5.235,5
1185750,8.496,5.235,5
1185800,8.496,5.235,5
1185850,8.496,5.235,5
1185900,8.496,5.235,5
1185950,8.496,5.235,5
1186000,8.496,5.235,5
1186050,8.496,5.235,5
1186100,8.496,5.235,5
1186150,8.496,5.235,5
1186200,8.496,5.235,5
1186250,8.496,5.235,5
1186300,8.496,5.235,5
1186350,8.496,5.235,5
1186400,8.496,5.235,5
1186450,8.496,5.235,5
1186500,8.496,5.235,5
1186550,8.496,5.235,5
1186600,8.496,5.235,5
1186650,8.496,5.235,5
1186700,8.496,5.235,5
1186750,8.496,5.235,5
1186800,8.496,5.235,5
1186850,8.496,5.235,5
1186900,8.496,5.235,5
1186950,8.496,5.235,5
1187000,8.496,5.235,5
1187050,8.496,5.235,5
1187100,8.496,5.235,5
1187150,8.496,5.235,5
1187200,8.496,5.235,5
1187250,8.496,5.235,5
1187300,8.496,5.235,5
1187350,8.496,5.235,5
1187400,8.496,5.235,5
1187450,8.496,5.235,5
1187500,8.496,5.235,5
1187550,8.496,5.235,5
1187600,8.496,5.235,5
1187650,8.496,5.235,5
1187700,8.496,5.235,5
1187750,8.496,5.235,5
1187800,8.496,5.235,5
1187850,8.496,5.235,5
1187900,8.496,5.235,5
1187950,8.496,5.235,5
1188000,8.496,5.235,5
1188050,8.496,5.235,5
1188100,8.496,5.235,5
1188150,8.496,5.235,5
1188200,8.496,5.235,5
1188250,8.496,5.235,5
1188300,8.496,5.235,5
1188350,8.496,5.235,5
1188400,8.496,5.235,5
1188450,8.496,5.235,5
1188500,8.496,5.235,5
1188550,8.496,5.235,5
1188600,8.496,5.235,5
1188650,8.496,5.235,5
1188700,8.496,5.235,5
1188750,8.496,5.235,5
1188800,8.496,5.235,5
1188850,8.496,5.235,5
1188900,8.496,5.235,5
1188950,8.496,5.235,5
1189000,8.496,5.235,5
1189050,8.496,5.235,5
1189100,8.496,5.235,5
1189150,8.496,5.235,5
1189200,8.496,5.235,5
1189250,8.496,5.235,5
1189300,8.496,5.235,5
1189350,8.496,5.235,5
1189400,8.496,5.235,5
1189450,8.496,5.235,5
1189500,8.496,5.235,5
1189550,8.496,5.235,5
1189600,8.496,5.235,5
1189650,8.496,5.233,5
1189700,8.496,5.222,5
1189750,8.496,5.212,5
1189800,8.496,5.212,5
1189850,8.496,5.212,5
1189900,8.496,5.212,5
1189950,8.496,5.212,5
1190000,8.496,5.212,5
1190050,8.496,5.208,5
1190100,8.496,5.199,5
1190150,8.496,5.192,5
1190200,8.496,5.187,5
1190250,8.496,5.183,5
1190300,8.496,5.183,5
1190350,8.496,5.182,5
1190400,8.496,5.181,5
1190450,8.496,5.18,5
1190500,8.496,5.18,5
1190550,8.496,5.18,5
1190600,8.514,5.18,5
1190650,8.596,5.169,5
1190700,8.736,5.144,5
1190750,8.885,5.125,5
1190800,9.068,5.118,5
1190850,9.325,5.118,5
1190900,9.5,5.118,5
1190950,9.5,5.118,5
1191000,9.5,5.118,5
1191050,9.5,5.118,5
1191100,9.5,5.118,5
1191150,9.5,5.118,5
1191200,9.5,5.118,5
1191250,9.5,5.118,5
1191300,9.5,5.118,5
1191350,9.5,5.118,5
1191400,9.499,5.118,5
1191450,9.493,5.118,5
1191500,9.482,5.118,5
1191550,9.45,5.118,5
1191600,9.361,5.118,5
1191650,9.192,5.118,5
1191700,9.016,5.118,5
1191750,8.95,5.118,5
1191800,8.946,5.118,5
1191850,8.946,5.118,5
1191900,8.946,5.118,5
1191950,8.946,5.118,5
1192000,8.944,5.118,5
1192050,8.929,5.118,5
1192100,8.894,5.116,5
1192150,8.847,5.107,5
1192200,8.801,5.095,5
1192250,8.774,5.087,5
1192300,8.767,5.079,5
1192350,8.767,5.076,5
1192400,8.767,5.074,5
1192450,8.766,5.071,5
1192500,8.762,5.068,5
1192550,8.757,5.067,5
1192600,8.754,5.067,5
1192650,8.749,5.061,5
1192700,8.733,5.049,5
1192750,8.704,5.033,5
1192800,8.682,5.018,5
1192850,8.672,5.011,5
1192900,8.67,5.008,5
1192950,8.669,5.007,5
1193000,8.669,5.006,5
1193050,8.669,5.005,5
1193100,8.666,5.005,5
1193150,8.661,5.005,5
1193200,8.661,5.005,5
1193250,8.657,5.005,5
1193300,8.651,5.005,5
1193350,8.647,5.005,5
1193400,8.633,5.005,5
1193450,8.594,5.005,5
1193500,8.545,5.005,5
1193550,8.52,5.005,5
1193600,8.517,5.005,5
1193650,8.516,5.005,5
1193700,8.516,5.005,5
1193750,8.516,5.005,5
1193800,8.516,5.005,5
1193850,8.516,5.005,5
1193900,8.516,5.005,5
1193950,8.516,5.005,5
1194000,8.516,5.005,5
1194050,8.516,5.005,5
1194100,8.516,5.005,5
1194150,8.516,5.005,5
1194200,8.516,5.005,5
1194250,8.516,5.005,5
1194300,8.516,5.005,5
1194350,8.516,5.005,5
1194400,8.516,5.005,5
1194450,8.516,5.005,5
1194500,8.516,5.005,5
1194550,8.516,5.005,5
1194600,8.516,5.005,5
1194650,8.516,5.005,5
1194700,8.516,5.005,5
1194750,8.516,5.005,5
1194800,8.516,5.005,5
1194850,8.516,5.005,5
1194900,8.516,5.005,5
1194950,8.516,5.005,5
1195000,8.516,5.005,5
1195050,8.516,5.005,5
1195100,8.516,5.005,5
1195150,8.516,5.005,5
1195200,8.516,5.005,5
1195250,8.516,5.005,5
1195300,8.516,5.005,5
1195350,8.516,5.005,5
1195400,8.516,5.005,5
1195450,8.516,5.005,5
1195500,8.516,5.005,5
1195550,8.516,5.005,5
1195600,8.516,5.005,5
1195650,8.516,5.005,5
1195700,8.516,5.005,5
1195750,8.516,5.005,5
1195800,8.516,5.005,5
1195850,8.516,5.005,5
1195900,8.516,5.005,5
1195950,8.516,5.005,5
1196000,8.516,5.005,5
1196050,8.516,5.005,5
1196100,8.516,5.005,5
1196150,8.516,5.005,5
1196200,8.516,5.005,5
1196250,8.516,5.005,5
1196300,8.516,5.005,5
1196350,8.516,5.005,5
1196400,8.516,5.005,5
1196450,8.515,5.005,5
1196500,8.514,5.005,5
1196550,8.514,5.005,5
1196600,8.511,5.005,5
1196650,8.507,5.005,5
1196700,8.505,5.005,5
1196750,8.505,5.005,5
1196800,8.505,5.005,5
1196850,8.505,5.005,5
1196900,8.505,5.005,5
1196950,8.505,5.005,5
1197000,8.505,5.005,5
1197050,8.505,5.005,5
1197100,8.505,5.005,5
1197150,8.505,5.005,5
1197200,8.505,5.005,5
1197250,8.505,5.005,5
1197300,8.505,5.005,5
1197350,8.505,5.005,5
1197400,8.505,5.005,5
1197450,8.505,5.005,5
1197500,8.505,5.005,5
1197550,8.505,5.005,5
1197600,8.505,5.005,5
1197650,8.505,5.005,5
1197700,8.505,5.005,5
1197750,8.505,5.005,5
1197800,8.505,5.005,5
1197850,8.505,5.005,5
1197900,8.505,5.005,5
1197950,8.505,5.005,5
1198000,8.505,5.005,5
1198050,8.505,5.005,5
1198100,8.505,5.005,5
1198150,8.505,5.005,5
1198200,8.505,5.005,5
1198250,8.505,5.005,5
1198300,8.505,5.005,5
1198350,8.505,5.005,5
1198400,8.505,5.005,5
1198450,8.505,5.005,5
1198500,8.505,5.005,5
1198550,8.505,5.005,5
1198600,8.505,5.005,5
1198650,8.505,5.005,5
1198700,8.505,5.005,5
1198750,8.505,5.005,5
1198800,8.505,5.005,5
1198850,8.505,5.005,5
1198900,8.505,5.005,5
1198950,8.505,5.005,5
1199000,8.505,5.005,5
1199050,8.505,5.005,5
1199100,8.505,5.005,5
1199150,8.505,5.005,5
1199200,8.505,5.005,5
1199250,8.505,5.005,5
1199300,8.505,5.005,5
1199350,8.505,5.005,5
1199400,8.505,5.005,5
1199450,8.505,5.005,5
1199500,8.505,5.005,5
1199550,8.505,5.005,5
1199600,8.505,5.005,5
1199650,8.505,5.005,5
1199700,8.505,5.005,5
1199750,8.505,5.005,5
1199800,8.505,5.005,5
1199850,8.505,5.005,5
1199900,8.505,5.005,5
1199950,8.505,5.005,5
1200000,8.505,5.005,5
1200050,8.505,5.005,5
1200100,8.505,5.005,5
1200150,8.505,5.005,5
1200200,8.505,5.005,5
1200250,8.505,5.005,5
1200300,8.505,5.005,5
1200350,8.505,5.005,5
1200400,8.505,5.005,5
1200450,8.505,5.005,5
1200500,8.505,5.005,5
1200550,8.505,5.005,5
1200600,8.505,5.005,5
1200650,8.505,5.005,5
1200700,8.505,5.005,5
1200750,8.505,5.005,5
1200800,8.505,5.005,5
1200850,8.505,5.005,5
1200900,8.505,5.005,5
1200950,8.505,5.005,5
1201000,8.505,5.005,5
1201050,8.505,5.005,5
1201100,8.505,5.005,5
1201150,8.505,5.005,5
1201200,8.505,5.005,5
1201250,8.505,5.005,5
1201300,8.505,5.005,5
1201350,8.505,5.005,5
1201400,8.505,5.005,5
1201450,8.505,5.005,5
1201500,8.505,5.005,5
1201550,8.505,5.005,5
1201600,8.505,5.005,5
1201650,8.505,5.005,5
1201700,8.505,5.005,5
1201750,8.505,5.005,5
1201800,8.505,5.005,5
1201850,8.505,5.005,5
1201900,8.505,5.005,5
1201950,8.505,5.005,5
1202000,8.505,5.005,5
1202050,8.505,5.005,5
1202100,8.505,5.005,5
1202150,8.505,5.005,5
1202200,8.505,5.005,5
1202250,8.505,5.005,5
1202300,8.505,5.005,5
1202350,8.505,5.005,5
1202400,8.505,5.005,5
1202450,8.505,5.005,5
1202500,8.505,5.005,5
1202550,8.505,5.005,5
1202600,8.505,5.005,5
1202650,8.505,5.005,5
1202700,8.505,5.005,5
1202750,8.505,5.005,5
1202800,8.505,5.005,5
1202850,8.505,5.005,5
1202900,8.505,5.005,5
1202950,8.505,5.005,5
1203000,8.505,5.005,5
1203050,8.505,5.005,5
1203100,8.505,5.005,5
1203150,8.505,5.005,5
1203200,8.505,5.005,5
1203250,8.505,5.005,5
1203300,8.505,5.005,5
1203350,8.505,5.005,5
1203400,8.505,5.005,5
1203450,8.505,5.005,5
1203500,8.505,5.005,5
1203550,8.505,5.005,5
1203600,8.505,5.005,5
1203650,8.505,5.005,5
1203700,8.505,5.005,5
1203750,8.505,5.005,5
1203800,8.505,5.005,5
1203850,8.505,5.005,5
1203900,8.505,5.005,5
1203950,8.505,5.005,5
1204000,8.505,5.005,5
1204050,8.505,5.005,5
1204100,8.505,5.005,5
1204150,8.505,5.005,5
1204200,8.505,5.005,5
1204250,8.503,5.005,5
1204300,8.501,5.005,5
1204350,8.498,5.005,5
1204400,8.498,5.005,5
1204450,8.497,5.005,5
1204500,8.495,5.005,5
1204550,8.486,5.005,5
1204600,8.441,5.005,5
1204650,8.378,5.005,5
1204700,8.354,5.005,5
1204750,8.352,5.005,5
1204800,8.352,5.005,5
1204850,8.352,5.005,5
1204900,8.352,5.005,5
1204950,8.352,5.005,5
1205000,8.352,5.005,5
1205050,8.352,5.005,5
1205100,8.352,5.005,5
1205150,8.352,5.005,5
1205200,8.352,5.005,5
1205250,8.352,5.005,5
1205300,8.352,5.005,5
1205350,8.352,5.005,5
1205400,8.352,5.002,5
1205450,8.352,5.0,5
1205500,8.352,5.0,5
1205550,8.352,5.0,5
1205600,8.352,5.0,5
1205650,8.352,5.0,5
1205700,8.352,5.0,5
1205750,8.352,5.0,5
1205800,8.352,5.0,5
1205850,8.352,5.0,5
1205900,8.352,5.0,5
1205950,8.352,5.0,5
1206000,8.352,5.0,5
1206050,8.352,5.0,5
1206100,8.352,5.0,5
1206150,8.352,5.0,5
1206200,8.352,5.0,5
1206250,8.352,5.0,5
1206300,8.352,5.0,5
1206350,8.352,5.0,5
1206400,8.352,5.0,5
1206450,8.352,5.0,5
1206500,8.352,5.0,5
1206550,8.352,5.0,5
1206600,8.352,5.0,5
1206650,8.352,5.0,5
1206700,8.352,5.0,5
1206750,8.352,5.0,5
1206800,8.352,5.0,5
1206850,8.352,5.0,5
1206900,8.352,5.0,5
1206950,8.352,5.0,5
1207000,8.352,5.0,5
1207050,8.352,5.0,5
1207100,8.352,5.0,5
1207150,8.352,5.0,5
1207200,8.352,5.0,5
1207250,8.352,5.0,5
1207300,8.352,5.0,5
1207350,8.352,5.0,5
1207400,8.352,5.0,5
1207450,8.352,5.0,5
1207500,8.352,5.0,5
1207550,8.352,5.0,5
1207600,8.352,5.0,5
1207650,8.352,5.0,5
1207700,8.352,5.0,5
1207750,8.352,5.0,5
1207800,8.352,5.0,5
1207850,8.352,5.0,5
1207900,8.352,5.0,5
1207950,8.352,5.0,5
1208000,8.352,5.0,5
1208050,8.352,5.0,5
1208100,8.352,5.0,5
1208150,8.352,5.0,5
1208200,8.352,5.0,5
1208250,8.352,5.0,5
1208300,8.352,5.0,5
1208350,8.352,5.0,5
1208400,8.352,5.0,5
1208450,8.352,5.0,5
1208500,8.352,5.0,5
1208550,8.352,5.0,5
1208600,8.352,5.0,5
1208650,8.352,5.0,5
1208700,8.352,5.0,5
1208750,8.352,5.0,5
1208800,8.352,5.0,5
1208850,8.352,5.0,5
1208900,8.352,5.0,5
1208950,8.352,5.0,5
1209000,8.352,5.0,5
1209050,8.352,5.0,5
1209100,8.352,5.0,5
1209150,8.352,5.0,5
1209200,8.352,5.0,5
1209250,8.352,5.0,5
1209300,8.352,5.0,5
1209350,8.352,5.0,5
1209400,8.352,5.0,5
1209450,8.352,5.0,5
1209500,8.352,5.0,5
1209550,8.352,5.0,5
1209600,8.352,5.0,5
1209650,8.352,5.0,5
1209700,8.352,5.0,5
1209750,8.352,5.0,5
1209800,8.352,5.0,5
1209850,8.352,5.0,5
1209900,8.352,5.0,5
1209950,8.352,5.0,5
1210000,8.352,5.0,5
1210050,8.352,5.0,5
1210100,8.352,5.0,5
1210150,8.352,5.0,5
1210200,8.352,5.0,5
1210250,8.352,5.0,5
1210300,8.352,5.0,5
1210350,8.352,5.0,5
1210400,8.352,5.0,5
1210450,8.352,5.0,5
1210500,8.352,5.0,5
1210550,8.352,5.0,5
1210600,8.352,5.0,5
1210650,8.352,5.0,5
1210700,8.352,5.0,5
1210750,8.352,5.0,5
1210800,8.352,5.0,5
1210850,8.352,5.0,5
1210900,8.352,5.0,5
1210950,8.352,5.0,5
1211000,8.352,5.0,5
1211050,8.352,5.0,5
1211100,8.352,5.0,5
1211150,8.352,5.0,5
1211200,8.352,5.0,5
1211250,8.352,5.0,5
1211300,8.352,5.0,5
1211350,8.352,5.0,5
1211400,8.352,5.0,5
1211450,8.352,5.0,5
1211500,8.352,5.0,5
1211550,8.352,5.0,5
1211600,8.352,5.0,5
1211650,8.352,5.0,5
1211700,8.352,5.0,5
1211750,8.352,5.0,5
1211800,8.352,5.0,5
1211850,8.352,5.0,5
1211900,8.352,5.0,5
1211950,8.352,5.0,5
1212000,8.352,5.0,5
1212050,8.352,5.0,5
1212100,8.352,5.0,5
1212150,8.352,5.0,5
1212200,8.352,5.0,5
1212250,8.352,5.0,5
1212300,8.35,5.0,5
1212350,8.347,5.0,5
1212400,8.346,5.0,5
1212450,8.343,5.0,5
1212500,8.341,5.0,5
1212550,8.338,5.0,5
1212600,8.336,5.0,5
1212650,8.335,5.0,5
1212700,8.334,5.0,5
1212750,8.328,5.0,5
1212800,8.306,5.0,5
1212850,8.279,5.0,5
1212900,8.273,5.0,5
1212950,8.273,5.0,5
1213000,8.273,5.0,5
1213050,8.272,5.0,5
1213100,8.272,5.0,5
1213150,8.272,5.0,5
1213200,8.272,5.0,5
1213250,8.272,5.0,5
1213300,8.272,5.0,5
1213350,8.272,5.0,5
1213400,8.272,5.0,5
1213450,8.272,5.0,5
1213500,8.272,5.0,5
1213550,8.272,5.0,5
1213600,8.272,5.0,5
1213650,8.272,5.0,5
1213700,8.272,5.0,5
1213750,8.272,5.0,5
1213800,8.272,5.0,5
1213850,8.272,5.0,5
1213900,8.272,5.0,5
1213950,8.272,5.0,5
1214000,8.272,5.0,5
1214050,8.272,5.0,5
1214100,8.272,5.0,5
1214150,8.272,5.0,5
1214200,8.272,5.0,5
1214250,8.272,5.0,5
1214300,8.272,5.0,5
1214350,8.272,5.0,5
1214400,8.272,5.0,5
1214450,8.272,5.0,5
1214500,8.272,5.0,5
1214550,8.272,5.0,5
1214600,8.272,5.0,5
1214650,8.272,5.0,5
1214700,8.272,5.0,5
1214750,8.272,5.0,5
1214800,8.272,5.0,5
1214850,8.272,5.0,5
1214900,8.272,5.0,5
1214950,8.272,5.0,5
1215000,8.272,5.0,5
1215050,8.272,5.0,5
1215100,8.272,5.0,5
1215150,8.272,5.0,5
1215200,8.272,5.0,5
1215250,8.272,5.0,5
1215300,8.272,5.0,5
1215350,8.272,5.0,5
1215400,8.272,5.0,5
1215450,8.272,5.0,5
1215500,8.272,5.0,5
1215550,8.272,5.0,5
1215600,8.272,5.0,5
1215650,8.272,5.0,5
1215700,8.272,5.0,5
1215750,8.272,5.0,5
1215800,8.272,5.0,5
1215850,8.272,5.0,5
1215900,8.272,5.0,5
1215950,8.272,5.0,5
1216000,8.272,5.0,5
1216050,8.272,5.0,5
1216100,8.272,5.0,5
1216150,8.272,5.0,5
1216200,8.272,5.0,5
1216250,8.272,5.0,5
1216300,8.272,5.0,5
1216350,8.272,5.0,5
1216400,8.272,5.0,5
1216450,8.272,5.0,5
1216500,8.272,5.0,5
1216550,8.272,5.0,5
1216600,8.272,5.0,5
1216650,8.272,4.999,5
1216700,8.272,4.998,5
1216750,8.272,4.996,5
1216800,8.272,4.993,5
1216850,8.272,4.993,5
1216900,8.272,4.993,5
1216950,8.272,4.993,5
1217000,8.272,4.993,5
1217050,8.272,4.993,5
1217100,8.272,4.993,5
1217150,8.272,4.993,5
1217200,8.272,4.993,5
1217250,8.272,4.993,5
1217300,8.272,4.993,5
1217350,8.272,4.993,5
1217400,8.272,4.993,5
1217450,8.272,4.993,5
1217500,8.272,4.993,5
1217550,8.272,4.993,5
1217600,8.272,4.993,5
1217650,8.272,4.993,5
1217700,8.272,4.993,5
1217750,8.272,4.993,5
1217800,8.272,4.993,5
1217850,8.272,4.993,5
1217900,8.272,4.993,5
1217950,8.272,4.993,5
1218000,8.272,4.993,5
1218050,8.272,4.993,5
1218100,8.272,4.993,5
1218150,8.272,4.993,5
1218200,8.272,4.993,5
1218250,8.272,4.993,5
1218300,8.272,4.993,5
1218350,8.272,4.993,5
1218400,8.272,4.993,5
1218450,8.272,4.993,5
1218500,8.272,4.993,5
1218550,8.272,4.993,5
1218600,8.272,4.993,5
1218650,8.272,4.993,5
1218700,8.272,4.993,5
1218750,8.272,4.993,5
1218800,8.272,4.993,5
1218850,8.272,4.993,5
1218900,8.272,4.993,5
1218950,8.272,4.993,5
1219000,8.272,4.993,5
1219050,8.272,4.993,5
1219100,8.272,4.993,5
1219150,8.272,4.993,5
1219200,8.272,4.993,5
1219250,8.272,4.993,5
1219300,8.272,4.993,5
1219350,8.272,4.993,5
1219400,8.272,4.993,5
1219450,8.272,4.993,5
1219500,8.272,4.993,5
1219550,8.272,4.993,5
1219600,8.272,4.993,5
1219650,8.272,4.993,5
1219700,8.272,4.993,5
1219750,8.272,4.993,5
1219800,8.272,4.993,5
1219850,8.272,4.993,5
1219900,8.272,4.993,5
1219950,8.272,4.993,5
1220000,8.272,4.993,5
1220050,8.272,4.993,5
1220100,8.272,4.993,5
1220150,8.272,4.993,5
1220200,8.272,4.993,5
1220250,8.272,4.993,5
1220300,8.272,4.993,5
1220350,8.272,4.992,5
1220400,8.272,4.992,5
1220450,8.272,4.992,5
1220500,8.272,4.992,5
1220550,8.272,4.992,5
1220600,8.272,4.992,5
1220650,8.272,4.992,5
1220700,8.272,4.992,5
1220750,8.272,4.992,5
1220800,8.272,4.992,5
1220850,8.272,4.992,5
1220900,8.272,4.992,5
1220950,8.272,4.992,5
1221000,8.272,4.992,5
1221050,8.272,4.992,5
1221100,8.272,4.992,5
1221150,8.272,4.992,5
1221200,8.272,4.992,5
1221250,8.272,4.992,5
1221300,8.272,4.992,5
1221350,8.272,4.992,5
1221400,8.272,4.992,5
1221450,8.272,4.992,5
1221500,8.272,4.992,5
1221550,8.272,4.992,5
1221600,8.272,4.992,5
1221650,8.272,4.992,5
1221700,8.272,4.992,5
1221750,8.272,4.992,5
1221800,8.272,4.992,5
1221850,8.272,4.992,5
1221900,8.272,4.992,5
1221950,8.272,4.991,5
1222000,8.272,4.988,5
1222050,8.272,4.985,5
1222100,8.272,4.985,5
1222150,8.272,4.985,5
1222200,8.272,4.985,5
1222250,8.272,4.985,5
1222300,8.272,4.985,5
1222350,8.272,4.985,5
1222400,8.272,4.985,5
1222450,8.272,4.985,5
1222500,8.272,4.985,5
1222550,8.272,4.985,5
1222600,8.272,4.985,5
1222650,8.272,4.985,5
1222700,8.272,4.985,5
1222750,8.272,4.985,5
1222800,8.272,4.985,5
1222850,8.272,4.985,5
1222900,8.272,4.985,5
1222950,8.272,4.985,5
1223000,8.272,4.985,5
1223050,8.272,4.985,5
1223100,8.272,4.985,5
1223150,8.272,4.985,5
1223200,8.272,4.985,5
1223250,8.272,4.985,5
1223300,8.272,4.985,5
1223350,8.272,4.985,5
1223400,8.272,4.985,5
1223450,8.272,4.985,5
1223500,8.272,4.985,5
1223550,8.272,4.985,5
1223600,8.272,4.985,5
1223650,8.272,4.985,5
1223700,8.272,4.985,5
1223750,8.272,4.985,5
1223800,8.272,4.985,5
1223850,8.272,4.985,5
1223900,8.272,4.985,5
1223950,8.272,4.985,5
1224000,8.272,4.985,5
1224050,8.272,4.985,5
1224100,8.272,4.985,5
1224150,8.272,4.985,5
1224200,8.272,4.985,5
1224250,8.272,4.985,5
1224300,8.272,4.985,5
1224350,8.272,4.985,5
1224400,8.272,4.985,5
1224450,8.272,4.985,5
1224500,8.272,4.985,5
1224550,8.272,4.985,5
1224600,8.272,4.985,5
1224650,8.272,4.985,5
1224700,8.272,4.985,5
1224750,8.272,4.985,5
1224800,8.272,4.985,5
1224850,8.272,4.985,5
1224900,8.272,4.985,5
1224950,8.272,4.985,5
1225000,8.272,4.985,5
1225050,8.272,4.985,5
1225100,8.272,4.985,5
1225150,8.272,4.985,5
1225200,8.272,4.985,5
1225250,8.272,4.985,5
1225300,8.272,4.985,5
1225350,8.272,4.985,5
1225400,8.272,4.985,5
1225450,8.272,4.985,5
1225500,8.272,4.985,5
1225550,8.272,4.985,5
1225600,8.272,4.985,5
1225650,8.272,4.985,5
1225700,8.272,4.985,5
1225750,8.272,4.985,5
1225800,8.272,4.985,5
1225850,8.272,4.985,5
1225900,8.272,4.985,5
1225950,8.272,4.985,5
1226000,8.272,4.985,5
1226050,8.272,4.985,5
1226100,8.272,4.985,5
1226150,8.272,4.985,5
1226200,8.272,4.985,5
1226250,8.272,4.985,5
1226300,8.272,4.985,5
1226350,8.272,4.985,5
1226400,8.272,4.985,5
1226450,8.272,4.985,5
1226500,8.272,4.985,5
1226550,8.272,4.985,5
1226600,8.272,4.985,5
1226650,8.272,4.985,5
1226700,8.272,4.985,5
1226750,8.272,4.985,5
1226800,8.272,4.985,5
1226850,8.272,4.985,5
1226900,8.272,4.985,5
1226950,8.272,4.985,5
1227000,8.272,4.985,5
1227050,8.272,4.985,5
1227100,8.272,4.985,5
1227150,8.272,4.985,5
1227200,8.272,4.985,5
1227250,8.272,4.985,5
1227300,8.272,4.985,5
1227350,8.272,4.985,5
1227400,8.272,4.985,5
1227450,8.272,4.985,5
1227500,8.272,4.985,5
1227550,8.272,4.985,5
1227600,8.272,4.985,5
1227650,8.272,4.985,5
1227700,8.272,4.985,5
1227750,8.272,4.985,5
1227800,8.272,4.985,5
1227850,8.272,4.985,5
1227900,8.272,4.985,11
1227950,8.272,4.985,11
1228000,8.272,4.985,11
1228050,8.272,4.985,11
1228100,8.272,4.985,11
1228150,8.272,4.985,11
1228200,8.272,4.985,11
1228250,8.269,4.985,11
1228300,8.261,4.985,11
1228350,8.199,4.985,11
1228400,7.904,4.985,11
1228450,7.15,4.981,11
1228500,6.004,4.983,11
1228550,5.155,5.0,11
1228600,5.0,5.0,11
1228650,5.0,5.0,11
1228700,5.0,5.0,11
1228750,5.0,5.0,11
1228800,5.0,5.0,11
1228850,5.0,5.0,11
1228900,5.0,5.0,11
1228950,5.0,5.0,11
1229000,5.0,5.0,11
1229050,5.0,5.0,11
1229100,5.0,5.0,11
1229150,5.0,5.0,11
1229200,5.0,5.0,11
1229250,5.0,5.0,11
1229300,5.0,5.0,11
1229350,5.0,5.0,11
1229400,5.0,5.0,11
1229450,5.0,5.0,11
1229500,5.0,5.0,11
1229550,5.0,5.0,11
1229600,5.0,5.0,11
1229650,5.0,5.0,11
1229700,5.0,5.0,11
1229750,5.0,5.0,11
1229800,5.0,5.0,11
1229850,5.0,5.0,11
1229900,5.0,5.0,11
1229950,5.0,5.0,11
1230000,5.0,5.0,11
1230050,5.0,5.0,11
1230100,5.0,5.0,11
1230150,5.0,5.0,11
1230200,5.0,5.0,11
1230250,5.0,5.0,11
1230300,5.0,5.0,11
1230350,5.0,5.0,11
1230400,5.0,5.0,11
1230450,5.0,5.0,11
1230500,5.0,5.0,11
1230550,5.0,5.0,11
1230600,5.0,5.0,11
1230650,5.0,5.0,11
1230700,5.0,5.0,11
1230750,5.0,5.0,11
1230800,5.0,5.0,11
1230850,5.0,5.0,11
1230900,5.0,5.0,11
1230950,5.0,5.0,11
1231000,5.0,5.0,11
1231050,5.0,5.0,11
1231100,5.0,5.0,11
1231150,5.0,5.0,11
1231200,5.0,5.0,11
1231250,5.0,5.0,11
1231300,5.0,5.0,11
1231350,5.0,5.0,11
1231400,5.0,5.0,11
1231450,5.0,5.0,11
1231500,5.0,5.0,11
1231550,5.0,5.0,11
1231600,5.0,5.0,11
1231650,5.0,5.0,11
1231700,5.0,5.0,11
1231750,5.0,5.0,11
1231800,5.0,5.0,11
1231850,5.0,5.0,11
1231900,5.0,5.0,11
1231950,5.0,5.0,11
1232000,5.0,5.0,11
1232050,5.0,5.0,11
1232100,5.0,5.0,11
1232150,5.0,5.0,11
1232200,5.0,5.0,11
1232250,5.0,5.0,11
1232300,5.0,5.0,11
1232350,5.0,5.0,11
1232400,5.0,5.0,11
1232450,5.0,5.0,11
1232500,5.0,5.0,11
1232550,5.0,5.0,11
1232600,5.0,5.0,11
1232650,5.0,5.0,11
1232700,5.0,5.0,11
1232750,5.0,5.0,11
1232800,5.0,5.0,11
1232850,5.0,5.0,11
1232900,5.0,5.0,11
1232950,5.0,5.0,11
1233000,5.0,5.0,11
1233050,5.0,5.0,11
1233100,5.0,5.0,11
1233150,5.0,5.0,11
1233200,5.0,5.0,11
1233250,5.0,5.0,11
1233300,5.0,5.0,11
1233350,5.0,5.0,11
1233400,5.0,5.0,11
1233450,5.0,5.0,11
1233500,5.0,5.0,11
1233550,5.0,5.0,11
1233600,5.0,5.0,11
1233650,5.0,5.0,11
1233700,5.0,5.0,11
1233750,5.0,5.0,11
1233800,5.0,5.0,11
1233850,5.0,5.0,11
1233900,5.0,5.0,11
1233950,5.0,5.0,11
1234000,5.0,5.0,11
1234050,5.0,5.0,11
1234100,5.0,5.0,11
1234150,5.0,5.0,11
1234200,5.0,5.0,11
1234250,5.0,5.0,11
1234300,5.0,5.0,11
1234350,5.0,5.0,11
1234400,5.0,5.0,11
1234450,5.0,5.0,11
1234500,5.0,5.0,11
1234550,5.0,5.0,11
1234600,5.0,5.0,11
1234650,5.0,5.0,11
1234700,5.0,5.0,11
1234750,5.0,5.0,11
1234800,5.0,5.0,11
1234850,5.0,5.0,11
1234900,5.0,5.0,11
1234950,5.0,5.0,11
1235000,5.0,5.0,11
1235050,5.0,5.0,11
1235100,5.0,5.0,11
1235150,5.0,5.0,11
1235200,5.0,5.0,11
1235250,5.0,5.0,11
1235300,5.0,5.0,11
1235350,5.0,5.0,11
1235400,5.0,5.0,11
1235450,5.0,5.0,11
1235500,5.0,5.0,11
1235550,5.0,5.0,11
1235600,5.0,5.0,11
1235650,5.0,5.0,11
1235700,5.0,5.0,11
1235750,5.0,5.0,11
1235800,5.0,5.0,11
1235850,5.0,5.0,11
1235900,5.0,5.0,11
1235950,5.0,5.0,11
1236000,5.0,5.0,11
1236050,5.0,5.0,11
1236100,5.0,5.0,11
1236150,5.0,5.0,11
1236200,5.0,5.0,11
1236250,5.0,5.0,11
1236300,5.0,5.0,11
1236350,5.0,5.0,11
1236400,5.0,5.0,11
1236450,5.0,5.0,11
1236500,5.0,5.0,11
1236550,5.0,5.0,11
1236600,5.0,5.0,11
1236650,5.0,5.0,11
1236700,5.0,5.0,11
1236750,5.0,5.0,11
1236800,5.0,5.0,11
1236850,5.0,5.0,11
1236900,5.0,5.0,11
1236950,5.0,5.0,11
1237000,5.0,5.0,11
1237050,5.0,5.0,11
1237100,5.0,5.0,11
1237150,5.0,5.0,11
1237200,5.0,5.0,11
1237250,5.0,5.0,11
1237300,5.0,5.0,11
1237350,5.0,5.0,11
1237400,5.0,5.0,11
1237450,5.0,5.0,11
1237500,5.0,5.0,11
1237550,5.0,5.0,11
1237600,5.0,5.0,11
1237650,5.0,5.0,11
1237700,5.0,5.0,11
1237750,5.0,5.0,11
1237800,5.0,5.0,11
1237850,5.0,5.0,11
1237900,5.0,5.0,11
1237950,5.0,5.0,11
1238000,5.0,5.0,11
1238050,5.0,5.0,11
1238100,5.0,5.0,11
1238150,5.0,5.0,11
1238200,5.0,5.0,11
1238250,5.0,5.0,11
1238300,5.0,5.0,11
1238350,5.0,5.0,11
1238400,5.0,5.0,11
1238450,5.0,5.0,11
1238500,5.0,5.0,11
1238550,5.0,5.0,11
1238600,5.0,5.0,11
1238650,5.0,5.0,11
1238700,5.0,5.0,11
1238750,5.0,5.0,11
1238800,5.0,5.0,11
1238850,5.0,5.0,11
1238900,5.0,5.0,11
1238950,5.0,5.0,11
1239000,5.0,5.0,11
1239050,5.0,5.0,11
1239100,5.0,5.0,11
1239150,5.0,5.0,11
1239200,5.0,5.0,11
1239250,5.0,5.0,11
1239300,5.0,5.0,11
1239350,5.0,5.0,11
1239400,5.0,5.0,11
1239450,5.0,5.0,11
1239500,5.0,5.0,11
1239550,5.0,5.0,11
1239600,5.0,5.0,11
1239650,5.0,5.0,11
1239700,5.0,5.0,11
1239750,5.0,5.0,11
1239800,5.0,5.0,11
1239850,5.0,5.0,11
1239900,5.0,5.0,11
1239950,5.0,5.0,11
1240000,5.0,5.0,11
1240050,5.0,5.0,11
1240100,5.0,5.0,11
1240150,5.0,5.0,11
1240200,5.0,5.0,11
1240250,5.0,5.0,11
1240300,5.0,5.0,11
1240350,5.0,5.0,11
1240400,5.0,5.0,11
1240450,5.0,5.0,11
1240500,5.0,5.0,11
1240550,5.0,5.0,11
1240600,5.0,5.0,11
1240650,5.0,5.0,11
1240700,5.0,5.0,11
1240750,5.0,5.0,11
1240800,5.0,5.0,11
1240850,5.0,5.0,11
1240900,5.0,5.0,11
1240950,5.0,5.0,11
1241000,5.0,5.0,11
1241050,5.0,5.0,11
1241100,5.0,5.0,11
1241150,5.0,5.0,11
1241200,5.0,5.0,11
1241250,5.0,5.0,11
1241300,5.0,5.0,11
1241350,5.0,5.0,11
1241400,5.0,5.0,11
1241450,5.0,5.0,11
1241500,5.0,5.0,11
1241550,5.0,5.0,11
1241600,5.0,5.0,11
1241650,5.0,5.0,11
1241700,5.0,5.0,11
1241750,5.0,5.0,11
1241800,5.0,5.0,11
1241850,5.0,5.0,11
1241900,5.0,5.0,11
1241950,5.0,5.0,11
1242000,5.0,5.0,11
1242050,5.0,5.0,11
1242100,5.0,5.0,11
1242150,5.0,5.0,11
1242200,5.0,5.0,11
1242250,5.0,5.0,11
1242300,5.0,5.0,11
1242350,5.0,5.0,11
1242400,5.0,5.0,11
1242450,5.0,5.0,11
1242500,5.0,5.0,11
1242550,5.0,5.0,11
1242600,5.0,5.0,11
1242650,5.0,5.0,11
1242700,5.0,5.0,11
1242750,5.0,5.0,11
1242800,5.0,5.0,11
1242850,5.0,5.0,11
1242900,5.0,5.0,11
1242950,5.0,5.0,11
1243000,5.0,5.0,11
1243050,5.0,5.0,11
1243100,5.0,5.0,11
1243150,5.0,5.0,11
1243200,5.0,5.0,11
1243250,5.0,5.0,11
1243300,5.0,5.0,11
1243350,5.0,5.0,11
1243400,5.0,5.0,11
1243450,5.0,5.0,11
1243500,5.0,5.0,11
1243550,5.0,5.0,11
1243600,5.0,5.0,11
1243650,5.0,5.0,11
1243700,5.0,5.0,11
1243750,5.0,5.0,11
1243800,5.0,5.0,11
1243850,5.0,5.0,11
1243900,5.0,5.0,11
1243950,5.0,5.0,11
1244000,5.0,5.0,11
1244050,5.0,5.0,11
1244100,5.0,5.0,11
1244150,5.0,5.0,11
1244200,5.0,5.0,11
1244250,5.0,5.0,11
1244300,5.0,5.0,11
1244350,5.0,5.0,11
1244400,5.0,5.0,11
1244450,5.0,5.0,11
1244500,5.0,5.0,11
1244550,5.0,5.0,11
1244600,5.0,5.0,11
1244650,5.0,5.0,11
1244700,5.0,5.0,11
1244750,5.0,5.0,11
1244800,5.0,5.0,11
1244850,5.0,5.0,11
1244900,5.0,5.0,11
1244950,5.0,5.0,11
1245000,5.0,5.0,11
1245050,5.0,5.0,11
1245100,5.0,5.0,11
1245150,5.0,5.0,11
1245200,5.0,5.0,11
1245250,5.0,5.0,11
1245300,5.0,5.0,11
1245350,5.0,5.0,11
1245400,5.0,5.0,11
1245450,5.0,5.0,11
1245500,5.0,5.0,11
1245550,5.0,5.0,11
1245600,5.0,5.0,11
1245650,5.0,5.0,11
1245700,5.0,5.0,11
1245750,5.0,5.0,11
1245800,5.0,5.0,11
1245850,5.0,5.0,11
1245900,5.0,5.0,11
1245950,5.0,5.0,11
1246000,5.0,5.0,11
1246050,5.0,5.0,11
1246100,5.0,5.0,11
1246150,5.0,5.0,11
1246200,5.0,5.0,11
1246250,5.0,5.0,11
1246300,5.0,5.0,11
1246350,5.0,5.0,11
1246400,5.0,5.0,11
1246450,5.0,5.0,11
1246500,5.0,5.0,11
1246550,5.0,5.0,11
1246600,5.0,5.0,11
1246650,5.0,5.0,11
1246700,5.0,5.0,11
1246750,5.0,5.0,11
1246800,5.0,5.0,11
1246850,5.0,5.0,11
1246900,5.0,5.0,11
1246950,5.0,5.0,11
1247000,5.0,5.0,11
1247050,5.0,5.0,11
1247100,5.0,5.0,11
1247150,5.0,5.0,11
1247200,5.0,5.0,11
1247250,5.0,5.0,11
1247300,5.0,5.0,11
1247350,5.0,5.0,11
1247400,5.0,5.0,11
1247450,5.0,5.0,11
1247500,5.0,5.0,11
1247550,5.0,5.0,11
1247600,5.0,5.0,11
1247650,5.0,5.0,11
1247700,5.0,5.0,11
1247750,5.0,5.0,11
1247800,5.0,5.0,11
1247850,5.0,5.0,11
1247900,5.0,5.0,11
1247950,5.0,5.0,11
1248000,5.0,5.0,11
1248050,5.0,5.0,11
1248100,5.0,5.0,11
1248150,5.0,5.0,11
1248200,5.0,5.0,11
1248250,5.0,5.0,11
1248300,5.0,5.0,11
1248350,5.0,5.0,11
1248400,5.0,5.0,11
1248450,5.0,5.0,11
1248500,5.0,5.0,11
1248550,5.0,5.0,11
1248600,5.0,5.0,11
1248650,5.0,5.0,11
1248700,5.0,5.0,11
1248750,5.0,5.0,11
1248800,5.0,5.0,11
1248850,5.0,5.0,11
1248900,5.0,5.0,11
1248950,5.0,5.0,11
1249000,5.0,5.0,11
1249050,5.0,5.0,11
1249100,5.0,5.0,11
1249150,5.0,5.0,11
1249200,5.0,5.0,11
1249250,5.0,5.0,11
1249300,5.0,5.0,11
1249350,5.0,5.0,11
1249400,5.0,5.0,11
1249450,5.0,5.0,11
1249500,5.0,5.0,11
1249550,5.0,5.0,11
1249600,5.0,5.0,11
1249650,5.0,5.0,11
1249700,5.0,5.0,11
1249750,5.0,5.0,11
1249800,5.0,5.0,11
1249850,5.0,5.0,11
1249900,5.0,5.0,11
1249950,5.0,5.0,11
1250000,5.0,5.0,11
1250050,5.0,5.0,11
1250100,5.0,5.0,11
1250150,5.0,5.0,11
1250200,5.0,5.0,11
1250250,5.0,5.0,11
1250300,5.0,5.0,11
1250350,5.0,5.0,11
1250400,5.0,5.0,11
1250450,5.0,5.0,11
1250500,5.0,5.0,11
1250550,5.0,5.0,11
1250600,5.0,5.0,11
1250650,5.0,5.0,11
1250700,5.0,5.0,11
1250750,5.0,5.0,11
1250800,5.0,5.0,11
1250850,5.0,5.0,11
1250900,5.0,5.0,11
1250950,5.0,5.0,11
1251000,5.0,5.0,11
1251050,5.0,5.0,11
1251100,5.0,5.0,11
1251150,5.0,5.0,11
1251200,5.0,5.0,11
1251250,5.0,5.0,11
1251300,5.0,5.0,11
1251350,5.0,5.0,11
1251400,5.0,5.0,11
1251450,5.0,5.0,11
1251500,5.0,5.0,11
1251550,5.0,5.0,11
1251600,5.0,5.0,11
1251650,5.0,5.0,11
1251700,5.0,5.0,11
1251750,5.0,5.0,11
1251800,5.0,5.0,11
1251850,5.0,5.0,11
1251900,5.0,5.0,11
1251950,5.0,5.0,11
1252000,5.0,5.0,11
1252050,5.0,5.0,11
1252100,5.0,5.0,11
1252150,5.0,5.0,11
1252200,5.0,5.0,11
1252250,5.0,5.0,11
1252300,5.0,5.0,11
1252350,5.0,5.0,11
1252400,5.0,5.0,11
1252450,5.0,5.0,11
1252500,5.0,5.0,11
1252550,5.0,5.0,11
1252600,5.0,5.0,11
1252650,5.0,5.0,11
1252700,5.0,5.0,11
1252750,5.0,5.0,11
1252800,5.0,5.0,11
1252850,5.0,5.0,11
1252900,5.0,5.0,11
1252950,5.0,5.0,11
1253000,5.0,5.0,11
1253050,5.0,5.0,11
1253100,5.0,5.0,11
1253150,5.0,5.0,11
1253200,5.0,5.0,11
1253250,5.0,5.0,11
1253300,5.0,5.0,11
1253350,5.0,5.0,11
1253400,5.0,5.0,11
1253450,5.0,5.0,11
1253500,5.0,5.0,11
1253550,5.0,5.0,11
1253600,5.0,5.0,11
1253650,5.0,5.0,11
1253700,5.0,5.0,11
1253750,5.0,5.0,11
1253800,5.0,5.0,11
1253850,5.0,5.0,11
1253900,5.0,5.0,11
1253950,5.0,5.0,11
1254000,5.0,5.0,11
1254050,5.0,5.0,11
1254100,5.0,5.0,11
1254150,5.0,5.0,11
1254200,5.0,5.0,11
1254250,5.0,5.0,11
1254300,5.0,5.0,11
1254350,5.0,5.0,11
1254400,5.0,5.0,11
1254450,5.0,5.0,11
1254500,5.0,5.0,11
1254550,5.0,5.0,11
1254600,5.0,5.0,11
1254650,5.0,5.0,11
1254700,5.0,5.0,11
1254750,5.0,5.0,11
1254800,5.0,5.0,11
1254850,5.0,5.0,11
1254900,5.0,5.0,11
1254950,5.0,5.0,11
1255000,5.0,5.0,11
1255050,5.0,5.0,11
1255100,5.0,5.0,11
1255150,5.0,5.0,11
1255200,5.0,5.0,11
1255250,5.0,5.0,11
1255300,5.0,5.0,11
1255350,5.0,5.0,11
1255400,5.0,5.0,11
1255450,5.0,5.0,11
1255500,5.0,5.0,11
1255550,5.0,5.0,11
1255600,5.0,5.0,11
1255650,5.0,5.0,11
1255700,5.0,5.0,11
1255750,5.0,5.0,11
1255800,5.0,5.0,11
1255850,5.0,5.0,11
1255900,5.0,5.0,11
1255950,5.0,5.0,11
1256000,5.0,5.0,11
1256050,5.0,5.0,11
1256100,5.0,5.0,11
1256150,5.0,5.0,11
1256200,5.0,5.0,11
1256250,5.0,5.0,11
1256300,5.0,5.0,11
1256350,5.0,5.0,11
1256400,5.0,5.0,11
1256450,5.0,5.0,11
1256500,5.0,5.0,11
1256550,5.0,5.0,11
1256600,5.0,5.0,11
1256650,5.0,5.0,11
1256700,5.0,5.0,11
1256750,5.0,5.0,11
1256800,5.0,5.0,11
1256850,5.0,5.0,11
1256900,5.0,5.0,11
1256950,5.0,5.0,11
1257000,5.0,5.0,11
1257050,5.0,5.0,11
1257100,5.0,5.0,11
1257150,5.0,5.0,11
1257200,5.0,5.0,11
1257250,5.0,5.0,11
1257300,5.0,5.0,11
1257350,5.0,5.0,11
1257400,5.0,5.0,11
1257450,5.0,5.0,11
1257500,5.0,5.0,11
1257550,5.0,5.0,11
1257600,5.0,5.0,11
1257650,5.0,5.0,11
1257700,5.0,5.0,11
1257750,5.0,5.0,11
1257800,5.0,5.0,11
1257850,5.0,5.0,11
1257900,5.0,5.0,11
1257950,5.0,5.0,11
1258000,5.0,5.0,11
1258050,5.0,5.0,11
1258100,5.0,5.0,11
1258150,5.0,5.0,11
1258200,5.0,5.0,11
1258250,5.0,5.0,11
1258300,5.0,5.0,11
1258350,5.0,5.0,11
1258400,5.0,5.0,11
1258450,5.0,5.0,11
1258500,5.0,5.0,11
1258550,5.0,5.0,11
1258600,5.0,5.0,11
1258650,5.0,5.0,11
1258700,5.0,5.0,11
1258750,5.0,5.0,11
1258800,5.0,5.0,11
1258850,5.0,5.0,11
1258900,5.0,5.0,11
1258950,5.0,5.0,11
1259000,5.0,5.0,11
1259050,5.0,5.0,11
1259100,5.0,5.0,11
1259150,5.0,5.0,11
1259200,5.0,5.0,11
1259250,5.0,5.0,11
1259300,5.0,5.0,11
1259350,5.0,5.0,11
1259400,5.0,5.0,11
1259450,5.0,5.0,11
1259500,5.0,5.0,11
1259550,5.0,5.0,11
1259600,5.0,5.0,11
1259650,5.0,5.0,11
1259700,5.0,5.0,11
1259750,5.0,5.0,11
1259800,5.0,5.0,11
1259850,5.0,5.0,11
1259900,5.0,5.0,11
1259950,5.0,5.0,11
1260000,5.0,5.0,11
1260050,5.0,5.0,11
1260100,5.0,5.0,11
1260150,5.0,5.0,11
1260200,5.0,5.0,11
1260250,5.0,5.0,11
1260300,5.0,5.0,11
1260350,5.0,5.0,11
1260400,5.0,5.0,11
1260450,5.0,5.0,11
1260500,5.0,5.0,11
1260550,5.0,5.0,11
1260600,5.0,5.0,11
1260650,5.0,5.0,11
1260700,5.0,5.0,11
1260750,5.0,5.0,11
1260800,5.0,5.0,11
1260850,5.0,5.0,11
1260900,5.0,5.0,11
1260950,5.0,5.0,11
1261000,5.0,5.0,11
1261050,5.0,5.0,11
1261100,5.0,5.0,11
1261150,5.0,5.0,11
1261200,5.0,5.0,11
1261250,5.0,5.0,11
1261300,5.0,5.0,11
1261350,5.0,5.0,11
1261400,5.0,5.0,11
1261450,5.0,5.0,11
1261500,5.0,5.0,11
1261550,5.0,5.0,11
1261600,5.0,5.0,11
1261650,5.0,5.0,11
1261700,5.0,5.0,11
1261750,5.0,5.0,11
1261800,5.0,5.0,11
1261850,5.0,5.0,11
1261900,5.0,5.0,11
1261950,5.0,5.0,11
1262000,5.0,5.0,11
1262050,5.0,5.0,11
1262100,5.0,5.0,11
1262150,5.0,5.0,11
1262200,5.0,5.0,11
1262250,5.0,5.0,11
1262300,5.0,5.0,11
1262350,5.0,5.0,11
1262400,5.0,5.0,11
1262450,5.0,5.0,11
1262500,5.0,5.0,11
1262550,5.0,5.0,11
1262600,5.0,5.0,11
1262650,5.0,5.0,11
1262700,5.0,5.0,11
1262750,5.0,5.0,11
1262800,5.0,5.0,11
1262850,5.0,5.0,11
1262900,5.0,5.0,11
1262950,5.0,5.0,11
1263000,5.0,5.0,11
1263050,5.0,5.0,11
1263100,5.0,5.0,11
1263150,5.0,5.0,11
1263200,5.0,5.0,11
1263250,5.0,5.0,11
1263300,5.0,5.0,11
1263350,5.0,5.0,11
1263400,5.0,5.0,11
1263450,5.0,5.0,11
1263500,5.0,5.0,11
1263550,5.0,5.0,11
1263600,5.0,5.0,11
1263650,5.0,5.0,11
1263700,5.0,5.0,11
1263750,5.0,5.0,11
1263800,5.0,5.0,11
1263850,5.0,5.0,11
1263900,5.0,5.0,11
1263950,5.0,5.0,11
1264000,5.0,5.0,11
1264050,5.0,5.0,11
1264100,5.0,5.0,11
1264150,5.0,5.0,11
1264200,5.0,5.0,11
1264250,5.0,5.0,11
1264300,5.0,5.0,11
1264350,5.0,5.0,11
1264400,5.0,5.0,11
1264450,5.0,5.0,11
1264500,5.0,5.0,11
1264550,5.0,5.0,11
1264600,5.0,5.0,11
1264650,5.0,5.0,11
1264700,5.0,5.0,11
1264750,5.0,5.0,11
1264800,5.0,5.0,11
1264850,5.0,5.0,11
1264900,5.0,5.0,11
1264950,5.0,5.0,11
1265000,5.0,5.0,11
1265050,5.0,5.0,11
1265100,5.0,5.0,11
1265150,5.0,5.0,11
1265200,5.0,5.0,11
1265250,5.0,5.0,11
1265300,5.0,5.0,11
1265350,5.0,5.0,11
1265400,5.0,5.0,11
1265450,5.0,5.0,11
1265500,5.0,5.0,11
1265550,5.0,5.0,11
1265600,5.0,5.0,11
1265650,5.0,5.0,11
1265700,5.0,5.0,11
1265750,5.0,5.0,11
1265800,5.0,5.0,11
1265850,5.0,5.0,11
1265900,5.0,5.0,11
1265950,5.0,5.0,11
1266000,5.0,5.0,11
1266050,5.0,5.0,11
1266100,5.0,5.0,11
1266150,5.0,5.0,11
1266200,5.0,5.0,11
1266250,5.0,5.0,11
1266300,5.0,5.0,11
1266350,5.0,5.0,11
1266400,5.0,5.0,11
1266450,5.0,5.0,11
1266500,5.0,5.0,11
1266550,5.0,5.0,11
1266600,5.0,5.0,11
1266650,5.0,5.0,11
1266700,5.0,5.0,11
1266750,5.0,5.0,11
1266800,5.0,5.0,11
1266850,5.0,5.0,11
1266900,5.0,5.0,11
1266950,5.0,5.0,11
1267000,5.0,5.0,11
1267050,5.0,5.0,11
1267100,5.0,5.0,11
1267150,5.0,5.0,11
1267200,5.0,5.0,11
1267250,5.0,5.0,11
1267300,5.0,5.0,11
1267350,5.0,5.0,11
1267400,5.0,5.0,11
1267450,5.0,5.0,11
1267500,5.0,5.0,11
1267550,5.0,5.0,11
1267600,5.0,5.0,11
1267650,5.0,5.0,11
1267700,5.0,5.0,11
1267750,5.0,5.0,11
1267800,5.0,5.0,11
1267850,5.0,5.0,11
1267900,5.0,5.0,11
1267950,5.0,5.0,11
1268000,5.0,5.0,11
1268050,5.0,5.0,11
1268100,5.0,5.0,11
1268150,5.0,5.0,11
1268200,5.0,5.0,11
1268250,5.0,5.0,11
1268300,5.0,5.0,11
1268350,5.0,5.0,11
1268400,5.0,5.0,11
1268450,5.0,5.0,11
1268500,5.0,5.0,11
1268550,5.0,5.0,11
1268600,5.0,5.0,11
1268650,5.0,5.0,11
1268700,5.0,5.0,11
1268750,5.0,5.0,11
1268800,5.0,5.0,11
1268850,5.0,5.0,11
1268900,5.0,5.0,11
1268950,5.0,5.0,11
1269000,5.0,5.0,11
1269050,5.0,5.0,11
1269100,5.0,5.0,11
1269150,5.0,5.0,11
1269200,5.0,5.0,11
1269250,5.0,5.0,11
1269300,5.0,5.0,11
1269350,5.0,5.0,11
1269400,5.0,5.0,11
1269450,5.0,5.0,11
1269500,5.0,5.0,11
1269550,5.0,5.0,11
1269600,5.0,5.0,11
1269650,5.0,5.0,11
1269700,5.0,5.0,11
1269750,5.0,5.0,11
1269800,5.0,5.0,11
1269850,5.0,5.0,11
1269900,5.0,5.0,11
1269950,5.0,5.0,11
1270000,5.0,5.0,11
1270050,5.0,5.0,11
1270100,5.0,5.0,11
1270150,5.0,5.0,11
1270200,5.0,5.0,11
1270250,5.0,5.0,11
1270300,5.0,5.0,11
1270350,5.0,5.0,11
1270400,5.0,5.0,11
1270450,5.0,5.0,11
1270500,5.0,5.0,11
1270550,5.0,5.0,11
1270600,5.0,5.0,11
1270650,5.0,5.0,11
1270700,5.0,5.0,11
1270750,5.0,5.0,11
1270800,5.0,5.0,11
1270850,5.0,5.0,11
1270900,5.0,5.0,11
1270950,5.0,5.0,11
1271000,5.0,5.0,11
1271050,5.0,5.0,11
1271100,5.0,5.0,11
1271150,5.0,5.0,11
1271200,5.0,5.0,11
1271250,5.0,5.0,11
1271300,5.0,5.0,11
1271350,5.0,5.0,11
1271400,5.0,5.0,11
1271450,5.0,5.0,11
1271500,5.0,5.0,11
1271550,5.0,5.0,11
1271600,5.0,5.0,11
1271650,5.0,5.0,11
1271700,5.0,5.0,11
1271750,5.0,5.0,11
1271800,5.0,5.0,11
1271850,5.0,5.0,11
1271900,5.0,5.0,11
1271950,5.0,5.0,11
1272000,5.0,5.0,11
1272050,5.0,5.0,11
1272100,5.0,5.0,11
1272150,5.0,5.0,11
1272200,5.0,5.0,11
1272250,5.0,5.0,11
1272300,5.0,5.0,11
1272350,5.0,5.0,11
1272400,5.0,5.0,11
1272450,5.0,5.0,11
1272500,5.0,5.0,11
1272550,5.0,5.0,11
1272600,5.0,5.0,11
1272650,5.0,5.0,11
1272700,5.0,5.0,11
1272750,5.0,5.0,11
1272800,5.0,5.0,11
1272850,5.0,5.0,11
1272900,5.0,5.0,11
1272950,5.0,5.0,11
1273000,5.0,5.0,11
1273050,5.0,5.0,11
1273100,5.0,5.0,11
1273150,5.0,5.0,11
1273200,5.0,5.0,11
1273250,5.0,5.0,11
1273300,5.0,5.0,11
1273350,5.0,5.0,11
1273400,5.0,5.0,11
1273450,5.0,5.0,11
1273500,5.0,5.0,11
1273550,5.0,5.0,11
1273600,5.0,5.0,11
1273650,5.0,5.0,11
1273700,5.0,5.0,11
1273750,5.0,5.0,11
1273800,5.0,5.0,11
1273850,5.0,5.0,11
1273900,5.0,5.0,11
1273950,5.0,5.0,11
1274000,5.0,5.0,11
1274050,5.0,5.0,11
1274100,5.0,5.0,11
1274150,5.0,5.0,11
1274200,5.0,5.0,11
1274250,5.0,5.0,11
1274300,5.0,5.0,11
1274350,5.0,5.0,11
1274400,5.0,5.0,11
1274450,5.0,5.0,11
1274500,5.0,5.0,11
1274550,5.0,5.0,11
1274600,5.0,5.0,11
1274650,5.0,5.0,11
1274700,5.0,5.0,11
1274750,5.0,5.0,11
1274800,5.0,5.0,11
1274850,5.0,5.0,11
1274900,5.0,5.0,11
1274950,5.0,5.0,11
1275000,5.0,5.0,11
1275050,5.0,5.0,11
1275100,5.0,5.0,11
1275150,5.0,5.0,11
1275200,5.0,5.0,11
1275250,5.0,5.0,11
1275300,5.0,5.0,11
1275350,5.0,5.0,11
1275400,5.0,5.0,11
1275450,5.0,5.0,11
1275500,5.0,5.0,11
1275550,5.0,5.0,11
1275600,5.0,5.0,11
1275650,5.0,5.0,11
1275700,5.0,5.0,11
1275750,5.0,5.0,11
1275800,5.0,5.0,11
1275850,5.0,5.0,11
1275900,5.0,5.0,11
1275950,5.0,5.0,11
1276000,5.0,5.0,11
1276050,5.0,5.0,11
1276100,5.0,5.0,11
1276150,5.0,5.0,11
1276200,5.0,5.0,11
1276250,5.0,5.0,11
1276300,5.0,5.0,11
1276350,5.0,5.0,11
1276400,5.0,5.0,11
1276450,5.0,5.0,11
1276500,5.0,5.0,11
1276550,5.0,5.0,11
1276600,5.0,5.0,11
1276650,5.0,5.0,11
1276700,5.0,5.0,11
1276750,5.0,5.0,11
1276800,5.0,5.0,11
1276850,5.0,5.0,11
1276900,5.0,5.0,11
1276950,5.0,5.0,11
1277000,5.0,5.0,11
1277050,5.0,5.0,11
1277100,5.0,5.0,11
1277150,5.0,5.0,11
1277200,5.0,5.0,11
1277250,5.0,5.0,11
1277300,5.0,5.0,11
1277350,5.0,5.0,11
1277400,5.0,5.0,11
1277450,5.0,5.0,11
1277500,5.0,5.0,11
1277550,5.0,5.0,11
1277600,5.0,5.0,11
1277650,5.0,5.0,11
1277700,5.0,5.0,11
1277750,5.0,5.0,11
1277800,5.0,5.0,11
1277850,5.0,5.0,11
1277900,5.0,5.0,11
1277950,5.0,5.0,11
1278000,5.0,5.0,11
1278050,5.0,5.0,11
1278100,5.0,5.0,11
1278150,5.0,5.0,11
1278200,5.0,5.0,11
1278250,5.0,5.0,11
1278300,5.0,5.0,11
1278350,5.0,5.0,11
1278400,5.0,5.0,11
1278450,5.0,5.0,11
1278500,5.0,5.0,11
1278550,5.0,5.0,11
1278600,5.0,5.0,11
1278650,5.0,5.0,11
1278700,5.0,5.0,11
1278750,5.0,5.0,11
1278800,5.0,5.0,11
1278850,5.0,5.0,11
1278900,5.0,5.0,11
1278950,5.0,5.0,11
1279000,5.0,5.0,11
1279050,5.0,5.0,11
1279100,5.0,5.0,11
1279150,5.0,5.0,11
1279200,5.0,5.0,11
1279250,5.0,5.0,11
1279300,5.0,5.0,11
1279350,5.0,5.0,11
1279400,5.0,5.0,11
1279450,5.0,5.0,11
1279500,5.0,5.0,11
1279550,5.0,5.0,11
1279600,5.0,5.0,11
1279650,5.0,5.0,11
1279700,5.0,5.0,11
1279750,5.0,5.0,11
1279800,5.0,5.0,11
1279850,5.0,5.0,11
1279900,5.0,5.0,11
1279950,5.0,5.0,11
1280000,5.0,5.0,11
1280050,5.0,5.0,11
1280100,5.0,5.0,11
1280150,5.0,5.0,11
1280200,5.0,5.0,11
1280250,5.0,5.0,11
1280300,5.0,5.0,11
1280350,5.0,5.0,11
1280400,5.0,5.0,11
1280450,5.0,5.0,11
1280500,5.0,5.0,11
1280550,5.0,5.0,11
1280600,5.0,5.0,11
1280650,5.0,5.0,11
1280700,5.0,5.0,11
1280750,5.0,5.0,11
1280800,5.0,5.0,11
1280850,5.0,5.0,11
1280900,5.0,5.0,11
1280950,5.0,5.0,11
1281000,5.0,5.0,11
1281050,5.0,5.0,11
1281100,5.0,5.0,11
1281150,5.0,5.0,11
1281200,5.0,5.0,11
1281250,5.0,5.0,11
1281300,5.0,5.0,11
1281350,5.0,5.0,11
1281400,5.0,5.0,11
1281450,5.0,5.0,11
1281500,5.0,5.0,11
1281550,5.0,5.0,11
1281600,5.0,5.0,11
1281650,5.0,5.0,11
1281700,5.0,5.0,11
1281750,5.0,5.0,11
1281800,5.0,5.0,11
1281850,5.0,5.0,11
1281900,5.0,5.0,11
1281950,5.0,5.0,11
1282000,5.0,5.0,11
1282050,5.0,5.0,11
1282100,5.0,5.0,11
1282150,5.0,5.0,11
1282200,5.0,5.0,11
1282250,5.0,5.0,11
1282300,5.0,5.0,11
1282350,5.0,5.0,11
1282400,5.0,5.0,11
1282450,5.0,5.0,11
1282500,5.0,5.0,11
1282550,5.0,5.0,11
1282600,5.0,5.0,11
1282650,5.0,5.0,11
1282700,5.0,5.0,11
1282750,5.0,5.0,11
1282800,5.0,5.0,11
1282850,5.0,5.0,11
1282900,5.0,5.0,11
1282950,5.0,5.0,11
1283000,5.0,5.0,11
1283050,5.0,5.0,11
1283100,5.0,5.0,11
1283150,5.0,5.0,11
1283200,5.0,5.0,11
1283250,5.0,5.0,11
1283300,5.0,5.0,11
1283350,5.0,5.0,11
1283400,5.0,5.0,11
1283450,5.0,5.0,11
1283500,5.0,5.0,11
1283550,5.0,5.0,11
1283600,5.0,5.0,11
1283650,5.0,5.0,11
1283700,5.0,5.0,11
1283750,5.0,5.0,11
1283800,5.0,5.0,11
1283850,5.0,5.0,11
1283900,5.0,5.0,11
1283950,5.0,5.0,11
1284000,5.0,5.0,11
1284050,5.0,5.0,11
1284100,5.0,5.0,11
1284150,5.0,5.0,11
1284200,5.0,5.0,11
1284250,5.0,5.0,11
1284300,5.0,5.0,11
1284350,5.0,5.0,11
1284400,5.0,5.0,11
1284450,5.0,5.0,11
1284500,5.0,5.0,11
1284550,5.0,5.0,11
1284600,5.0,5.0,11
1284650,5.0,5.0,11
1284700,5.0,5.0,11
1284750,5.0,5.0,11
1284800,5.0,5.0,11
1284850,5.0,5.0,11
1284900,5.0,5.0,11
1284950,5.0,5.0,11
1285000,5.0,5.0,11
1285050,5.0,5.0,11
1285100,5.0,5.0,11
1285150,5.0,5.0,11
1285200,5.0,5.0,11
1285250,5.0,5.0,11
1285300,5.0,5.0,11
1285350,5.0,5.0,11
1285400,5.0,5.0,11
1285450,5.0,5.0,11
1285500,5.0,5.0,11
1285550,5.0,5.0,11
1285600,5.0,5.0,11
1285650,5.0,5.0,11
1285700,5.0,5.0,11
1285750,5.0,5.0,11
1285800,5.0,5.0,11
1285850,5.0,5.0,11
1285900,5.0,5.0,11
1285950,5.0,5.0,11
1286000,5.0,5.0,11
1286050,5.0,5.0,11
1286100,5.0,5.0,11
1286150,5.0,5.0,11
1286200,5.0,5.0,11
1286250,5.0,5.0,11
1286300,5.0,5.0,11
1286350,5.0,5.0,11
1286400,5.0,5.0,11
1286450,5.0,5.0,11
1286500,5.0,5.0,11
1286550,5.0,5.0,11
1286600,5.0,5.0,11
1286650,5.0,5.0,11
1286700,5.0,5.0,11
1286750,5.0,5.0,11
1286800,5.0,5.0,11
1286850,5.0,5.0,11
1286900,5.0,5.0,11
1286950,5.0,5.0,11
1287000,5.0,5.0,11
1287050,5.0,5.0,11
1287100,5.0,5.0,11
1287150,5.0,5.0,11
1287200,5.0,5.0,11
1287250,5.0,5.0,11
1287300,5.0,5.0,11
1287350,5.0,5.0,11
1287400,5.0,5.0,11
1287450,5.0,5.0,11
1287500,5.0,5.0,11
1287550,5.0,5.0,11
1287600,5.0,5.0,11
1287650,5.0,5.0,11
1287700,5.0,5.0,11
1287750,5.0,5.0,11
1287800,5.0,5.0,11
1287850,5.0,5.0,11
1287900,5.0,5.0,11
1287950,5.0,5.0,11
1288000,5.0,5.0,11
1288050,5.0,5.0,11
1288100,5.0,5.0,11
1288150,5.0,5.0,11
1288200,5.0,5.0,11
1288250,5.0,5.0,11
1288300,5.0,5.0,11
1288350,5.0,5.0,11
1288400,5.0,5.0,11
1288450,5.0,5.0,11
1288500,5.0,5.0,11
1288550,5.0,5.0,11
1288600,5.0,5.0,11
1288650,5.0,5.0,11
1288700,5.0,5.0,11
1288750,5.0,5.0,11
1288800,5.0,5.0,11
1288850,5.0,5.0,11
1288900,5.0,5.0,11
1288950,5.0,5.0,11
1289000,5.0,5.0,11
1289050,5.0,5.0,11
1289100,5.0,5.0,11
1289150,5.0,5.0,11
1289200,5.0,5.0,11
1289250,5.0,5.0,11
1289300,5.0,5.0,11
1289350,5.0,5.0,11
1289400,5.0,5.0,11
1289450,5.0,5.0,11
1289500,5.0,5.0,11
1289550,5.0,5.0,11
1289600,5.0,5.0,11
1289650,5.0,5.0,11
1289700,5.0,5.0,11
1289750,5.0,5.0,11
1289800,5.0,5.0,11
1289850,5.0,5.0,11
1289900,5.0,5.0,11
1289950,5.0,5.0,11
1290000,5.0,5.0,11
1290050,5.0,5.0,11
1290100,5.0,5.0,11
1290150,5.0,5.0,11
1290200,5.0,5.0,11
1290250,5.0,5.0,11
1290300,5.0,5.0,11
1290350,5.0,5.0,11
1290400,5.0,5.0,11
1290450,5.0,5.0,11
1290500,5.0,5.0,11
1290550,5.0,5.0,11
1290600,5.0,5.0,11
1290650,5.0,5.0,11
1290700,5.0,5.0,11
1290750,5.0,5.0,11
1290800,5.0,5.0,11
1290850,5.0,5.0,11
1290900,5.0,5.0,11
1290950,5.0,5.0,11
1291000,5.0,5.0,11
1291050,5.0,5.0,11
1291100,5.0,5.0,11
1291150,5.0,5.0,11
1291200,5.0,5.0,11
1291250,5.0,5.0,11
1291300,5.0,5.0,11
1291350,5.0,5.0,11
1291400,5.0,5.0,11
1291450,5.0,5.0,11
1291500,5.0,5.0,11
1291550,5.0,5.0,11
1291600,5.0,5.0,11
1291650,5.0,5.0,11
1291700,5.0,5.0,11
1291750,5.0,5.0,11
1291800,5.0,5.0,11
1291850,5.0,5.0,11
1291900,5.0,5.0,11
1291950,5.0,5.0,11
1292000,5.0,5.0,11
1292050,5.0,5.0,11
1292100,5.0,5.0,11
1292150,5.0,5.0,11
1292200,5.0,5.0,11
1292250,5.0,5.0,11
1292300,5.0,5.0,11
1292350,5.0,5.0,11
1292400,5.0,5.0,11
1292450,5.0,5.0,11
1292500,5.0,5.0,11
1292550,5.0,5.0,11
1292600,5.0,5.0,11
1292650,5.0,5.0,11
1292700,5.0,5.0,11
1292750,5.0,5.0,11
1292800,5.0,5.0,11
1292850,5.0,5.0,11
1292900,5.0,5.0,11
1292950,5.0,5.0,11
1293000,5.0,5.0,11
1293050,5.0,5.0,11
1293100,5.0,5.0,11
1293150,5.0,5.0,11
1293200,5.0,5.0,11
1293250,5.0,5.0,11
1293300,5.0,5.0,11
1293350,5.0,5.0,11
1293400,5.0,5.0,11
1293450,5.0,5.0,11
1293500,5.0,5.0,11
1293550,5.0,5.0,11
1293600,5.0,5.0,11
1293650,5.0,5.0,11
1293700,5.0,5.0,11
1293750,5.0,5.0,11
1293800,5.0,5.0,11
1293850,5.0,5.0,11
1293900,5.0,5.0,11
1293950,5.0,5.0,11
1294000,5.0,5.0,11
1294050,5.0,5.0,11
1294100,5.0,5.0,11
1294150,5.0,5.0,11
1294200,5.0,5.0,11
1294250,5.0,5.0,11
1294300,5.0,5.0,11
1294350,5.0,5.0,11
1294400,5.0,5.0,11
1294450,5.0,5.0,11
1294500,5.0,5.0,11
1294550,5.0,5.0,11
1294600,5.0,5.0,11
1294650,5.0,5.0,11
1294700,5.0,5.0,11
1294750,5.0,5.0,11
1294800,5.0,5.0,11
1294850,5.0,5.0,11
1294900,5.0,5.0,11
1294950,5.0,5.0,11
1295000,5.0,5.0,11
1295050,5.0,5.0,11
1295100,5.0,5.0,11
1295150,5.0,5.0,11
1295200,5.0,5.0,11
1295250,5.0,5.0,11
1295300,5.0,5.0,11
1295350,5.0,5.0,11
1295400,5.0,5.0,11
1295450,5.0,5.0,11
1295500,5.0,5.0,11
1295550,5.0,5.0,11
1295600,5.0,5.0,11
1295650,5.0,5.0,11
1295700,5.0,5.0,11
1295750,5.0,5.0,11
1295800,5.0,5.0,11
1295850,5.0,5.0,11
1295900,5.0,5.0,11
1295950,5.0,5.0,11
1296000,5.0,5.0,11
1296050,5.0,5.0,11
1296100,5.0,5.0,11
1296150,5.0,5.0,11
1296200,5.0,5.0,11
1296250,5.0,5.0,11
1296300,5.0,5.0,11
1296350,5.0,5.0,11
1296400,5.0,5.0,11
1296450,5.0,5.0,11
1296500,5.0,5.0,11
1296550,5.0,5.0,11
1296600,5.0,5.0,11
1296650,5.0,5.0,11
1296700,5.0,5.0,11
1296750,5.0,5.0,11
1296800,5.0,5.0,11
1296850,5.0,5.0,11
1296900,5.0,5.0,11
1296950,5.0,5.0,11
1297000,5.0,5.0,11
1297050,5.0,5.0,11
1297100,5.0,5.0,11
1297150,5.0,5.0,11
1297200,5.0,5.0,11
1297250,5.0,5.0,11
1297300,5.0,5.0,11
1297350,5.0,5.0,11
1297400,5.0,5.0,11
1297450,5.0,5.0,11
1297500,5.0,5.0,11
1297550,5.0,5.0,11
1297600,5.0,5.0,11
1297650,5.0,5.0,11
1297700,5.0,5.0,11
1297750,5.0,5.0,11
1297800,5.0,5.0,11
1297850,5.0,5.0,11
1297900,5.0,5.0,11
1297950,5.0,5.0,11
1298000,5.0,5.0,11
1298050,5.0,5.0,11
1298100,5.0,5.0,11
1298150,5.0,5.0,11
1298200,5.0,5.0,11
1298250,5.0,5.0,11
1298300,5.0,5.0,11
1298350,5.0,5.0,11
1298400,5.0,5.0,11
1298450,5.0,5.0,11
1298500,5.0,5.0,11
1298550,5.0,5.0,11
1298600,5.0,5.0,11
1298650,5.0,5.0,11
1298700,5.0,5.0,11
1298750,5.0,5.0,11
1298800,5.0,5.0,11
1298850,5.0,5.0,11
1298900,5.0,5.0,11
1298950,5.0,5.0,11
1299000,5.0,5.0,11
1299050,5.0,5.0,11
1299100,5.0,5.0,11
1299150,5.0,5.0,11
1299200,5.0,5.0,11
1299250,5.0,5.0,11
1299300,5.0,5.0,11
1299350,5.0,5.0,11
1299400,5.0,5.0,11
1299450,5.0,5.0,11
1299500,5.0,5.0,11
1299550,5.0,5.0,11
1299600,5.0,5.0,11
1299650,5.0,5.0,11
1299700,5.0,5.0,11
1299750,5.0,5.0,11
1299800,5.0,5.0,11
1299850,5.0,5.0,11
1299900,5.0,5.0,11
1299950,5.0,5.0,11
1300000,5.0,5.0,11
1300050,5.0,5.0,11
1300100,5.0,5.0,11
1300150,5.0,5.0,11
1300200,5.0,5.0,11
1300250,5.0,5.0,11
1300300,5.0,5.0,11
1300350,5.0,5.0,11
1300400,5.0,5.0,11
1300450,5.0,5.0,11
1300500,5.0,5.0,11
1300550,5.0,5.0,11
1300600,5.0,5.0,11
1300650,5.0,5.0,11
1300700,5.0,5.0,11
1300750,5.0,5.0,11
1300800,5.0,5.0,11
1300850,5.0,5.0,11
1300900,5.0,5.0,11
1300950,5.0,5.0,11
1301000,5.0,5.0,11
1301050,5.0,5.0,11
1301100,5.0,5.0,11
1301150,5.0,5.0,11
1301200,5.0,5.0,11
1301250,5.0,5.0,11
1301300,5.0,5.0,11
1301350,5.0,5.0,11
1301400,5.0,5.0,11
1301450,5.0,5.0,11
1301500,5.0,5.0,11
1301550,5.0,5.0,11
1301600,5.0,5.0,11
1301650,5.0,5.0,11
1301700,5.0,5.0,11
1301750,5.0,5.0,11
1301800,5.0,5.0,11
1301850,5.0,5.0,11
1301900,5.0,5.0,11
1301950,5.0,5.0,11
1302000,5.0,5.0,11
1302050,5.0,5.0,11
1302100,5.0,5.0,11
1302150,5.0,5.0,11
1302200,5.0,5.0,11
1302250,5.0,5.0,11
1302300,5.0,5.0,11
1302350,5.0,5.0,11
1302400,5.0,5.0,11
1302450,5.0,5.0,11
1302500,5.0,5.0,11
1302550,5.0,5.0,11
1302600,5.0,5.0,11
1302650,5.0,5.0,11
1302700,5.0,5.0,11
1302750,5.0,5.0,11
1302800,5.0,5.0,11
1302850,5.0,5.0,11
1302900,5.0,5.0,11
1302950,5.0,5.0,11
1303000,5.0,5.0,11
1303050,5.0,5.0,11
1303100,5.0,5.0,11
1303150,5.0,5.0,11
1303200,5.0,5.0,11
1303250,5.0,5.0,11
1303300,5.0,5.0,11
1303350,5.0,5.0,11
1303400,5.0,5.0,11
1303450,5.0,5.0,11
1303500,5.0,5.0,11
1303550,5.0,5.0,11
1303600,5.0,5.0,11
1303650,5.0,5.0,11
1303700,5.0,5.0,11
1303750,5.0,5.0,11
1303800,5.0,5.0,11
1303850,5.0,5.0,11
1303900,5.0,5.0,11
1303950,5.0,5.0,11
1304000,5.0,5.0,11
1304050,5.0,5.0,11
1304100,5.0,5.0,11
1304150,5.0,5.0,11
1304200,5.0,5.0,11
1304250,5.0,5.0,11
1304300,5.0,5.0,11
1304350,5.0,5.0,11
1304400,5.0,5.0,11
1304450,5.0,5.0,11
1304500,5.0,5.0,11
1304550,5.0,5.0,11
1304600,5.0,5.0,11
1304650,5.0,5.0,11
1304700,5.0,5.0,11
1304750,5.0,5.0,11
1304800,5.0,5.0,11
1304850,5.0,5.0,11
1304900,5.0,5.0,11
1304950,5.0,5.0,11
1305000,5.0,5.0,11
1305050,5.0,5.0,11
1305100,5.0,5.0,11
1305150,5.0,5.0,11
1305200,5.0,5.0,11
1305250,5.0,5.0,11
1305300,5.0,5.0,11
1305350,5.0,5.0,11
1305400,5.0,5.0,11
1305450,5.0,5.0,11
1305500,5.0,5.0,11
1305550,5.0,5.0,11
1305600,5.0,5.0,11
1305650,5.0,5.0,11
1305700,5.0,5.0,11
1305750,5.0,5.0,11
1305800,5.0,5.0,11
1305850,5.0,5.0,11
1305900,5.0,5.0,11
1305950,5.0,5.0,11
1306000,5.0,5.0,11
1306050,5.0,5.0,11
1306100,5.0,5.0,11
1306150,5.0,5.0,11
1306200,5.0,5.0,11
1306250,5.0,5.0,11
1306300,5.0,5.0,11
1306350,5.0,5.0,11
1306400,5.0,5.0,11
1306450,5.0,5.0,11
1306500,5.0,5.0,11
1306550,5.0,5.0,11
1306600,5.0,5.0,11
1306650,5.0,5.0,11
1306700,5.0,5.0,11
1306750,5.0,5.0,11
1306800,5.0,5.0,11
1306850,5.0,5.0,11
1306900,5.0,5.0,11
1306950,5.0,5.0,11
1307000,5.0,5.0,11
1307050,5.0,5.0,11
1307100,5.0,5.0,11
1307150,5.0,5.0,11
1307200,5.0,5.0,11
1307250,5.0,5.0,11
1307300,5.0,5.0,11
1307350,5.0,5.0,11
1307400,5.0,5.0,11
1307450,5.0,5.0,11
1307500,5.0,5.0,11
1307550,5.0,5.0,11
1307600,5.0,5.0,11
1307650,5.0,5.0,11
1307700,5.0,5.0,11
1307750,5.0,5.0,11
1307800,5.0,5.0,11
1307850,5.0,5.0,11
1307900,5.0,5.0,11
1307950,5.0,5.0,11
1308000,5.0,5.0,11
1308050,5.0,5.0,11
1308100,5.0,5.0,11
1308150,5.0,5.0,11
1308200,5.0,5.0,11
1308250,5.0,5.0,11
1308300,5.0,5.0,11
1308350,5.0,5.0,11
1308400,5.0,5.0,11
1308450,5.0,5.0,11
1308500,5.0,5.0,11
1308550,5.0,5.0,11
1308600,5.0,5.0,11
1308650,5.0,5.0,11
1308700,5.0,5.0,11
1308750,5.0,5.0,11
1308800,5.0,5.0,11
1308850,5.0,5.0,11
1308900,5.0,5.0,11
1308950,5.0,5.0,11
1309000,5.0,5.0,11
1309050,5.0,5.0,11
1309100,5.0,5.0,11
1309150,5.0,5.0,11
1309200,5.0,5.0,11
1309250,5.0,5.0,11
1309300,5.0,5.0,11
1309350,5.0,5.0,11
1309400,5.0,5.0,11
1309450,5.0,5.0,11
1309500,5.0,5.0,11
1309550,5.0,5.0,11
1309600,5.0,5.0,11
1309650,5.0,5.0,11
1309700,5.0,5.0,11
1309750,5.0,5.0,11
1309800,5.0,5.0,11
1309850,5.0,5.0,11
1309900,5.0,5.0,11
1309950,5.0,5.0,11
1310000,5.0,5.0,11
1310050,5.0,5.0,11
1310100,5.0,5.0,11
1310150,5.0,5.0,11
1310200,5.0,5.0,11
1310250,5.0,5.0,11
1310300,5.0,5.0,11
1310350,5.0,5.0,11
1310400,5.0,5.0,11
1310450,5.0,5.0,11
1310500,5.0,5.0,11
1310550,5.0,5.0,11
1310600,5.0,5.0,11
1310650,5.0,5.0,11
1310700,5.0,5.0,11
1310750,5.0,5.0,11
1310800,5.0,5.0,11
1310850,5.0,5.0,11
1310900,5.0,5.0,11
1310950,5.0,5.0,11
1311000,5.0,5.0,11
1311050,5.0,5.0,11
1311100,5.0,5.0,11
1311150,5.0,5.0,11
1311200,5.0,5.0,11
1311250,5.0,5.0,11
1311300,5.0,5.0,11
1311350,5.0,5.0,11
1311400,5.0,5.0,11
1311450,5.0,5.0,11
1311500,5.0,5.0,11
1311550,5.0,5.0,11
1311600,5.0,5.0,11
1311650,5.0,5.0,11
1311700,5.0,5.0,11
1311750,5.0,5.0,11
1311800,5.0,5.0,11
1311850,5.0,5.0,11
1311900,5.0,5.0,11
1311950,5.0,5.0,11
1312000,5.0,5.0,11
1312050,5.0,5.0,11
1312100,5.0,5.0,11
1312150,5.0,5.0,11
1312200,5.0,5.0,11
1312250,5.0,5.0,11
1312300,5.0,5.0,11
1312350,5.0,5.0,11
1312400,5.0,5.0,11
1312450,5.0,5.0,11
1312500,5.0,5.0,11
1312550,5.0,5.0,11
1312600,5.0,5.0,11
1312650,5.0,5.0,11
1312700,5.0,5.0,11
1312750,5.0,5.0,11
1312800,5.0,5.0,11
1312850,5.0,5.0,11
1312900,5.0,5.0,11
1312950,5.0,5.0,11
1313000,5.0,5.0,11
1313050,5.0,5.0,11
1313100,5.0,5.0,11
1313150,5.0,5.0,11
1313200,5.0,5.0,11
1313250,5.0,5.0,11
1313300,5.0,5.0,11
1313350,5.0,5.0,11
1313400,5.0,5.0,11
1313450,5.0,5.0,11
1313500,5.0,5.0,11
1313550,5.0,5.0,11
1313600,5.0,5.0,11
1313650,5.0,5.0,11
1313700,5.0,5.0,11
1313750,5.0,5.0,11
1313800,5.0,5.0,11
1313850,5.0,5.0,11
1313900,5.0,5.0,11
1313950,5.0,5.0,11
1314000,5.0,5.0,11
1314050,5.0,5.0,11
1314100,5.0,5.0,11
1314150,5.0,5.0,11
1314200,5.0,5.0,11
1314250,5.0,5.0,11
1314300,5.0,5.0,11
1314350,5.0,5.0,11
1314400,5.0,5.0,11
1314450,5.0,5.0,11
1314500,5.0,5.0,11
1314550,5.0,5.0,11
1314600,5.0,5.0,11
1314650,5.0,5.0,11
1314700,5.0,5.0,11
1314750,5.0,5.0,11
1314800,5.0,5.0,11
1314850,5.0,5.0,11
1314900,5.0,5.0,11
1314950,5.0,5.0,11
1315000,5.0,5.0,11
1315050,5.0,5.0,11
1315100,5.0,5.0,11
1315150,5.0,5.0,11
1315200,5.0,5.0,11
1315250,5.0,5.0,11
1315300,5.0,5.0,11
1315350,5.0,5.0,11
1315400,5.0,5.0,11
1315450,5.0,5.0,11
1315500,5.0,5.0,11
1315550,5.0,5.0,11
1315600,5.0,5.0,11
1315650,5.0,5.0,11
1315700,5.0,5.0,11
1315750,5.0,5.0,11
1315800,5.0,5.0,11
1315850,5.0,5.0,11
1315900,5.0,5.0,11
1315950,5.0,5.0,11
1316000,5.0,5.0,11
1316050,5.0,5.0,11
1316100,5.0,5.0,11
1316150,5.0,5.0,11
1316200,5.0,5.0,11
1316250,5.0,5.0,11
1316300,5.0,5.0,11
1316350,5.0,5.0,11
1316400,5.0,5.0,11
1316450,5.0,5.0,11
1316500,5.0,5.0,11
1316550,5.0,5.0,11
1316600,5.0,5.0,11
1316650,5.0,5.0,11
1316700,5.0,5.0,11
1316750,5.0,5.0,11
1316800,5.0,5.0,11
1316850,5.0,5.0,11
1316900,5.0,5.0,11
1316950,5.0,5.0,11
1317000,5.0,5.0,11
1317050,5.0,5.0,11
1317100,5.0,5.0,11
1317150,5.0,5.0,11
1317200,5.0,5.0,11
1317250,5.0,5.0,11
1317300,5.0,5.0,11
1317350,5.0,5.0,11
1317400,5.0,5.0,11
1317450,5.0,5.0,11
1317500,5.0,5.0,11
1317550,5.0,5.0,11
1317600,5.0,5.0,11
1317650,5.0,5.0,11
1317700,5.0,5.0,11
1317750,5.0,5.0,11
1317800,5.0,5.0,11
1317850,5.0,5.0,11
1317900,5.0,5.0,11
1317950,5.0,5.0,11
1318000,5.0,5.0,11
1318050,5.0,5.0,11
1318100,5.0,5.0,11
1318150,5.0,5.0,11
1318200,5.0,5.0,11
1318250,5.0,5.0,11
1318300,5.0,5.0,11
1318350,5.0,5.0,11
1318400,5.0,5.0,11
1318450,5.0,5.0,11
1318500,5.0,5.0,11
1318550,5.0,5.0,11
1318600,5.0,5.0,11
1318650,5.0,5.0,11
1318700,5.0,5.0,11
1318750,5.0,5.0,11
1318800,5.0,5.0,11
1318850,5.0,5.0,11
1318900,5.0,5.0,11
1318950,5.0,5.0,11
1319000,5.0,5.0,11
1319050,5.0,5.0,11
1319100,5.0,5.0,11
1319150,5.0,5.0,11
1319200,5.0,5.0,11
1319250,5.0,5.0,11
1319300,5.0,5.0,11
1319350,5.0,5.0,11
1319400,5.0,5.0,11
1319450,5.0,5.0,11
1319500,5.0,5.0,11
1319550,5.0,5.0,11
1319600,5.0,5.0,11
1319650,5.0,5.0,11
1319700,5.0,5.0,11
1319750,5.0,5.0,11
1319800,5.0,5.0,11
1319850,5.0,5.0,11
1319900,5.0,5.0,11
1319950,5.0,5.0,11
1320000,5.0,5.0,11
1320050,5.0,5.0,11
1320100,5.0,5.0,11
1320150,5.0,5.0,11
1320200,5.0,5.0,11
1320250,5.0,5.0,11
1320300,5.0,5.0,11
1320350,5.0,5.0,11
1320400,5.0,5.0,11
1320450,5.0,5.0,11
1320500,5.0,5.0,11
1320550,5.0,5.0,11
1320600,5.0,5.0,11
1320650,5.0,5.0,11
1320700,5.0,5.0,11
1320750,5.0,5.0,11
1320800,5.0,5.0,11
1320850,5.0,5.0,11
1320900,5.0,5.0,11
1320950,5.0,5.0,11
1321000,5.0,5.0,11
1321050,5.0,5.0,11
1321100,5.0,5.0,11
1321150,5.0,5.0,11
1321200,5.0,5.0,11
1321250,5.0,5.0,11
1321300,5.0,5.0,11
1321350,5.0,5.0,11
1321400,5.0,5.0,11
1321450,5.0,5.0,11
1321500,5.0,5.0,11
1321550,5.0,5.0,11
1321600,5.0,5.0,11
1321650,5.0,5.0,11
1321700,5.0,5.0,11
1321750,5.0,5.0,11
1321800,5.0,5.0,11
1321850,5.0,5.0,11
1321900,5.0,5.0,11
1321950,5.0,5.0,11
1322000,5.0,5.0,11
1322050,5.0,5.0,11
1322100,5.0,5.0,11
1322150,5.0,5.0,11
1322200,5.0,5.0,11
1322250,5.0,5.0,11
1322300,5.0,5.0,11
1322350,5.0,5.0,11
1322400,5.0,5.0,11
1322450,5.0,5.0,11
1322500,5.0,5.0,11
1322550,5.0,5.0,11
1322600,5.0,5.0,11
1322650,5.0,5.0,11
1322700,5.0,5.0,11
1322750,5.0,5.0,11
1322800,5.0,5.0,11
1322850,5.0,5.0,11
1322900,5.0,5.0,11
1322950,5.0,5.0,11
1323000,5.0,5.0,11
1323050,5.0,5.0,11
1323100,5.0,5.0,11
1323150,5.0,5.0,11
1323200,5.0,5.0,11
1323250,5.0,5.0,11
1323300,5.0,5.0,11
1323350,5.0,5.0,11
1323400,5.0,5.0,11
1323450,5.0,5.0,11
1323500,5.0,5.0,11
1323550,5.0,5.0,11
1323600,5.0,5.0,11
1323650,5.0,5.0,11
1323700,5.0,5.0,11
1323750,5.0,5.0,11
1323800,5.0,5.0,11
1323850,5.0,5.0,11
1323900,5.0,5.0,11
1323950,5.0,5.0,11
1324000,5.0,5.0,11
1324050,5.0,5.0,11
1324100,5.0,5.0,11
1324150,5.0,5.0,11
1324200,5.0,5.0,11
1324250,5.0,5.0,11
1324300,5.0,5.0,11
1324350,5.0,5.0,11
1324400,5.0,5.0,11
1324450,5.0,5.0,11
1324500,5.0,5.0,11
1324550,5.0,5.0,11
1324600,5.0,5.0,11
1324650,5.0,5.0,11
1324700,5.0,5.0,11
1324750,5.0,5.0,11
1324800,5.0,5.0,11
1324850,5.0,5.0,11
1324900,5.0,5.0,11
1324950,5.0,5.0,11
1325000,5.0,5.0,11
1325050,5.0,5.0,11
1325100,5.0,5.0,11
1325150,5.0,5.0,11
1325200,5.0,5.0,11
1325250,5.0,5.0,11
1325300,5.0,5.0,11
1325350,5.0,5.0,11
1325400,5.0,5.0,11
1325450,5.0,5.0,11
1325500,5.0,5.0,11
1325550,5.0,5.0,11
1325600,5.0,5.0,11
1325650,5.0,5.0,11
1325700,5.0,5.0,11
1325750,5.0,5.0,11
1325800,5.0,5.0,11
1325850,5.0,5.0,11
1325900,5.0,5.0,11
1325950,5.0,5.0,11
1326000,5.0,5.0,11
1326050,5.0,5.0,11
1326100,5.0,5.0,11
1326150,5.0,5.0,11
1326200,5.0,5.0,11
1326250,5.0,5.0,11
1326300,5.0,5.0,11
1326350,5.0,5.0,11
1326400,5.0,5.0,11
1326450,5.0,5.0,11
1326500,5.0,5.0,11
1326550,5.0,5.0,11
1326600,5.0,5.0,11
1326650,5.0,5.0,11
1326700,5.0,5.0,11
1326750,5.0,5.0,11
1326800,5.0,5.0,11
1326850,5.0,5.0,11
1326900,5.0,5.0,11
1326950,5.0,5.0,11
1327000,5.0,5.0,11
1327050,5.0,5.0,11
1327100,5.0,5.0,11
1327150,5.0,5.0,11
1327200,5.0,5.0,11
1327250,5.0,5.0,11
1327300,5.0,5.0,11
1327350,5.0,5.0,11
1327400,5.0,5.0,11
1327450,5.0,5.0,11
1327500,5.0,5.0,11
1327550,5.0,5.0,11
1327600,5.0,5.0,11
1327650,5.0,5.0,11
1327700,5.0,5.0,11
1327750,5.0,5.0,11
1327800,5.0,5.0,11
1327850,5.0,5.0,11
1327900,5.0,5.0,11
1327950,5.0,5.0,11
1328000,5.0,5.0,11
1328050,5.0,5.0,11
1328100,5.0,5.0,11
1328150,5.0,5.0,11
1328200,5.0,5.0,11
1328250,5.0,5.0,11
1328300,5.0,5.0,11
1328350,5.0,5.0,11
1328400,5.0,5.0,11
1328450,5.0,5.0,11
1328500,5.0,5.0,11
1328550,5.0,5.0,11
1328600,5.0,5.0,11
1328650,5.0,5.0,11
1328700,5.0,5.0,11
1328750,5.0,5.0,11
1328800,5.0,5.0,11
1328850,5.0,5.0,11
1328900,5.0,5.0,11
1328950,5.0,5.0,11
1329000,5.0,5.0,11
1329050,5.0,5.0,11
1329100,5.0,5.0,11
1329150,5.0,5.0,11
1329200,5.0,5.0,11
1329250,5.0,5.0,11
1329300,5.0,5.0,11
1329350,5.0,5.0,11
1329400,5.0,5.0,11
1329450,5.0,5.0,11
1329500,5.0,5.0,11
1329550,5.0,5.0,11
1329600,5.0,5.0,11
1329650,5.0,5.0,11
1329700,5.0,5.0,11
1329750,5.0,5.0,11
1329800,5.0,5.0,11
1329850,5.0,5.0,11
1329900,5.0,5.0,11
1329950,5.0,5.0,11
1330000,5.0,5.0,11
1330050,5.0,5.0,11
1330100,5.0,5.0,11
1330150,5.0,5.0,11
1330200,5.0,5.0,11
1330250,5.0,5.0,11
1330300,5.0,5.0,11
1330350,5.0,5.0,11
1330400,5.0,5.0,11
1330450,5.0,5.0,11
1330500,5.0,5.0,11
1330550,5.0,5.0,11
1330600,5.0,5.0,11
1330650,5.0,5.0,11
1330700,5.0,5.0,11
1330750,5.0,5.0,11
1330800,5.0,5.0,11
1330850,5.0,5.0,11
1330900,5.0,5.0,11
1330950,5.0,5.0,11
1331000,5.0,5.0,11
1331050,5.0,5.0,11
1331100,5.0,5.0,11
1331150,5.0,5.0,11
1331200,5.0,5.0,11
1331250,5.0,5.0,11
1331300,5.0,5.0,11
1331350,5.0,5.0,11
1331400,5.0,5.0,11
1331450,5.0,5.0,11
1331500,5.0,5.0,11
1331550,5.0,5.0,11
1331600,5.0,5.0,11
1331650,5.0,5.0,11
1331700,5.0,5.0,11
1331750,5.0,5.0,11
1331800,5.0,5.0,11
1331850,5.0,5.0,11
1331900,5.0,5.0,11
1331950,5.0,5.0,11
1332000,5.0,5.0,11
1332050,5.0,5.0,11
1332100,5.0,5.0,11
1332150,5.0,5.0,11
1332200,5.0,5.0,11
1332250,5.0,5.0,11
1332300,5.0,5.0,11
1332350,5.0,5.0,11
1332400,5.0,5.0,11
1332450,5.0,5.0,11
1332500,5.0,5.0,11
1332550,5.0,5.0,11
1332600,5.0,5.0,11
1332650,5.0,5.0,11
1332700,5.0,5.0,11
1332750,5.0,5.0,11
1332800,5.0,5.0,11
1332850,5.0,5.0,11
1332900,5.0,5.0,11
1332950,5.0,5.0,11
1333000,5.0,5.0,11
1333050,5.0,5.0,11
1333100,5.0,5.0,11
1333150,5.0,5.0,11
1333200,5.0,5.0,11
1333250,5.0,5.0,11
1333300,5.0,5.0,11
1333350,5.0,5.0,11
1333400,5.0,5.0,11
1333450,5.0,5.0,11
1333500,5.0,5.0,11
1333550,5.0,5.0,11
1333600,5.0,5.0,11
1333650,5.0,5.0,11
1333700,5.0,5.0,11
1333750,5.0,5.0,11
1333800,5.0,5.0,11
1333850,5.0,5.0,11
1333900,5.0,5.0,11
1333950,5.0,5.0,11
1334000,5.0,5.0,11
1334050,5.0,5.0,11
1334100,5.0,5.0,11
1334150,5.0,5.0,11
1334200,5.0,5.0,11
1334250,5.0,5.0,11
1334300,5.0,5.0,11
1334350,5.0,5.0,11
1334400,5.0,5.0,11
1334450,5.0,5.0,11
1334500,5.0,5.0,11
1334550,5.0,5.0,11
1334600,5.0,5.0,11
1334650,5.0,5.0,11
1334700,5.0,5.0,11
1334750,5.0,5.0,11
1334800,5.0,5.0,11
1334850,5.0,5.0,11
1334900,5.0,5.0,11
1334950,5.0,5.0,11
1335000,5.0,5.0,11
1335050,5.0,5.0,11
1335100,5.0,5.0,11
1335150,5.0,5.0,11
1335200,5.0,5.0,11
1335250,5.0,5.0,11
1335300,5.0,5.0,11
1335350,5.0,5.0,11
1335400,5.0,5.0,11
1335450,5.0,5.0,11
1335500,5.0,5.0,11
1335550,5.0,5.0,11
1335600,5.0,5.0,11
1335650,5.0,5.0,11
1335700,5.0,5.0,11
1335750,5.0,5.0,11
1335800,5.0,5.0,11
1335850,5.0,5.0,11
1335900,5.0,5.0,11
1335950,5.0,5.0,11
1336000,5.0,5.0,11
1336050,5.0,5.0,11
1336100,5.0,5.0,11
1336150,5.0,5.0,11
1336200,5.0,5.0,11
1336250,5.0,5.0,11
1336300,5.0,5.0,11
1336350,5.0,5.0,11
1336400,5.0,5.0,11
1336450,5.0,5.0,11
1336500,5.0,5.0,11
1336550,5.0,5.0,11
1336600,5.0,5.0,11
1336650,5.0,5.0,11
1336700,5.0,5.0,11
1336750,5.0,5.0,11
1336800,5.0,5.0,11
1336850,5.0,5.0,11
1336900,5.0,5.0,11
1336950,5.0,5.0,11
1337000,5.0,5.0,11
1337050,5.0,5.0,11
1337100,5.0,5.0,11
1337150,5.0,5.0,11
1337200,5.0,5.0,11
1337250,5.0,5.0,11
1337300,5.0,5.0,11
1337350,5.0,5.0,11
1337400,5.0,5.0,11
1337450,5.0,5.0,11
1337500,5.0,5.0,11
1337550,5.0,5.0,11
1337600,5.0,5.0,11
1337650,5.0,5.0,11
1337700,5.0,5.0,11
1337750,5.0,5.0,11
1337800,5.0,5.0,11
1337850,5.0,5.0,11
1337900,5.0,5.0,11
1337950,5.0,5.0,11
1338000,5.0,5.0,11
1338050,5.0,5.0,11
1338100,5.0,5.0,11
1338150,5.0,5.0,11
1338200,5.0,5.0,11
1338250,5.0,5.0,11
1338300,5.0,5.0,11
1338350,5.0,5.0,11
1338400,5.0,5.0,11
1338450,5.0,5.0,11
1338500,5.0,5.0,11
1338550,5.0,5.0,11
1338600,5.0,5.0,11
1338650,5.0,5.0,11
1338700,5.0,5.0,11
1338750,5.0,5.0,11
1338800,5.0,5.0,11
1338850,5.0,5.0,11
1338900,5.0,5.0,11
1338950,5.0,5.0,11
1339000,5.0,5.0,11
1339050,5.0,5.0,11
1339100,5.0,5.0,11
1339150,5.0,5.0,11
1339200,5.0,5.0,11
1339250,5.0,5.0,11
1339300,5.0,5.0,11
1339350,5.0,5.0,11
1339400,5.0,5.0,11
1339450,5.0,5.0,11
1339500,5.0,5.0,11
1339550,5.0,5.0,11
1339600,5.0,5.0,11
1339650,5.0,5.0,11
1339700,5.0,5.0,11
1339750,5.0,5.0,11
1339800,5.0,5.0,11
1339850,5.0,5.0,11
1339900,5.0,5.0,11
1339950,5.0,5.0,11
1340000,5.0,5.0,11
1340050,5.0,5.0,11
1340100,5.0,5.0,11
1340150,5.0,5.0,11
1340200,5.0,5.0,11
1340250,5.0,5.0,11
1340300,5.0,5.0,11
1340350,5.0,5.0,11
1340400,5.0,5.0,11
1340450,5.0,5.0,11
1340500,5.0,5.0,11
1340550,5.0,5.0,11
1340600,5.0,5.0,11
1340650,5.0,5.0,11
1340700,5.0,5.0,11
1340750,5.0,5.0,11
1340800,5.0,5.0,11
1340850,5.0,5.0,11
1340900,5.0,5.0,11
1340950,5.0,5.0,11
1341000,5.0,5.0,11
1341050,5.0,5.0,11
1341100,5.0,5.0,11
1341150,5.0,5.0,11
1341200,5.0,5.0,11
1341250,5.0,5.0,11
1341300,5.0,5.0,11
1341350,5.0,5.0,11
1341400,5.0,5.0,11
1341450,5.0,5.0,11
1341500,5.0,5.0,11
1341550,5.0,5.0,11
1341600,5.0,5.0,11
1341650,5.0,5.0,11
1341700,5.0,5.0,11
1341750,5.0,5.0,11
1341800,5.0,5.0,11
1341850,5.0,5.0,11
1341900,5.0,5.0,11
1341950,5.0,5.0,11
1342000,5.0,5.0,11
1342050,5.0,5.0,11
1342100,5.0,5.0,11
1342150,5.0,5.0,11
1342200,5.0,5.0,11
1342250,5.0,5.0,11
1342300,5.0,5.0,11
1342350,5.0,5.0,11
1342400,5.0,5.0,11
1342450,5.0,5.0,11
1342500,5.0,5.0,11
1342550,5.0,5.0,11
1342600,5.0,5.0,11
1342650,5.0,5.0,11
1342700,5.0,5.0,11
1342750,5.0,5.0,11
1342800,5.0,5.0,11
1342850,5.0,5.0,11
1342900,5.0,5.0,11
1342950,5.0,5.0,11
1343000,5.0,5.0,11
1343050,5.0,5.0,11
1343100,5.0,5.0,11
1343150,5.0,5.0,11
1343200,5.0,5.0,11
1343250,5.0,5.0,11
1343300,5.0,5.0,11
1343350,5.0,5.0,11
1343400,5.0,5.0,11
1343450,5.0,5.0,11
1343500,5.0,5.0,11
1343550,5.0,5.0,11
1343600,5.0,5.0,11
1343650,5.0,5.0,11
1343700,5.0,5.0,11
1343750,5.0,5.0,11
1343800,5.0,5.0,11
1343850,5.0,5.0,11
1343900,5.0,5.0,11
1343950,5.0,5.0,11
1344000,5.0,5.0,11
1344050,5.0,5.0,11
1344100,5.0,5.0,11
1344150,5.0,5.0,11
1344200,5.0,5.0,11
1344250,5.0,5.0,11
1344300,5.0,5.0,11
1344350,5.0,5.0,11
1344400,5.0,5.0,11
1344450,5.0,5.0,11
1344500,5.0,5.0,11
1344550,5.0,5.0,11
1344600,5.0,5.0,11
1344650,5.0,5.0,11
1344700,5.0,5.0,11
1344750,5.0,5.0,11
1344800,5.0,5.0,11
1344850,5.0,5.0,11
1344900,5.0,5.0,11
1344950,5.0,5.0,11
1345000,5.0,5.0,11
1345050,5.0,5.0,11
1345100,5.0,5.0,11
1345150,5.0,5.0,11
1345200,5.0,5.0,11
1345250,5.0,5.0,11
1345300,5.0,5.0,11
1345350,5.0,5.0,11
1345400,5.0,5.0,11
1345450,5.0,5.0,11
1345500,5.0,5.0,11
1345550,5.0,5.0,11
1345600,5.0,5.0,11
1345650,5.0,5.0,11
1345700,5.0,5.0,11
1345750,5.0,5.0,11
1345800,5.0,5.0,11
1345850,5.0,5.0,11
1345900,5.0,5.0,11
1345950,5.0,5.0,11
1346000,5.0,5.0,11
1346050,5.0,5.0,11
1346100,5.0,5.0,11
1346150,5.0,5.0,11
1346200,5.0,5.0,11
1346250,5.0,5.0,11
1346300,5.0,5.0,11
1346350,5.0,5.0,11
1346400,5.0,5.0,11
1346450,5.0,5.0,11
1346500,5.0,5.0,11
1346550,5.0,5.0,11
1346600,5.0,5.0,11
1346650,5.0,5.0,11
1346700,5.0,5.0,11
1346750,5.0,5.0,11
1346800,5.0,5.0,11
1346850,5.0,5.0,11
1346900,5.0,5.0,11
1346950,5.0,5.0,11
1347000,5.0,5.0,11
1347050,5.0,5.0,11
1347100,5.0,5.0,11
1347150,5.0,5.0,11
1347200,5.0,5.0,11
1347250,5.0,5.0,11
1347300,5.0,5.0,11
1347350,5.0,5.0,11
1347400,5.0,5.0,11
1347450,5.0,5.0,11
1347500,5.0,5.0,11
1347550,5.0,5.0,11
1347600,5.0,5.0,11
1347650,5.0,5.0,11
1347700,5.0,5.0,11
1347750,5.0,5.0,11
1347800,5.0,5.0,11
1347850,5.0,5.0,11
1347900,5.0,5.0,4
1347950,5.0,5.0,4
1348000,5.0,5.0,4
1348050,5.0,5.0,4
1348100,5.0,5.0,4
1348150,5.0,5.0,4
1348200,5.0,5.0,4
1348250,5.0,5.0,4
1348300,5.0,5.0,4
1348350,5.0,5.0,4
1348400,5.0,5.0,4
1348450,5.0,5.0,4
1348500,5.0,5.0,4
1348550,5.0,5.0,4
1348600,5.0,5.0,4
1348650,5.0,5.0,4
1348700,5.0,5.0,4
1348750,5.0,5.0,4
1348800,5.0,5.0,4
1348850,5.0,5.0,4
1348900,5.0,5.0,4
1348950,5.0,5.0,4
1349000,5.0,5.0,4
1349050,5.0,5.0,4
1349100,5.0,5.0,4
1349150,5.0,5.0,4
1349200,5.0,5.0,4
1349250,5.0,5.0,4
1349300,5.0,5.0,4
1349350,5.0,5.0,4
1349400,5.0,5.0,4
1349450,5.0,5.0,4
1349500,5.0,5.0,4
1349550,5.0,5.0,4
1349600,5.0,5.0,4
1349650,5.0,5.0,4
1349700,5.0,5.0,4
1349750,5.0,5.0,4
1349800,5.0,5.0,4
1349850,5.0,5.0,4
1349900,5.0,5.0,4
1349950,5.0,5.0,4
1350000,5.0,5.0,4
1350050,5.0,5.0,4
1350100,5.0,5.0,4
1350150,5.0,5.0,4
1350200,5.0,5.0,4
1350250,5.0,5.0,4
1350300,5.0,5.0,4
1350350,5.0,5.0,4
1350400,5.0,5.0,4
1350450,5.0,5.0,4
1350500,5.0,5.0,4
1350550,5.0,5.0,4
1350600,5.0,5.0,4
1350650,5.0,5.0,4
1350700,5.0,5.0,4
1350750,5.0,5.0,4
1350800,5.0,5.0,4
1350850,5.0,5.0,4
1350900,5.0,5.0,4
1350950,5.0,5.0,4
1351000,5.0,5.0,4
1351050,5.0,5.0,4
1351100,5.0,5.0,4
1351150,5.0,5.0,4
1351200,5.0,5.0,4
1351250,5.0,5.0,4
1351300,5.0,5.0,4
1351350,5.0,5.0,4
1351400,5.0,5.0,4
1351450,5.0,5.0,4
1351500,5.0,5.0,4
1351550,5.0,5.0,4
1351600,5.0,5.0,4
1351650,5.0,5.0,4
1351700,5.0,5.0,4
1351750,5.0,5.0,4
1351800,5.0,5.0,4
1351850,5.0,5.0,4
1351900,5.0,5.0,4
1351950,5.0,5.0,4
1352000,5.0,5.0,4
1352050,5.0,5.0,4
1352100,5.0,5.0,4
1352150,5.0,5.0,4
1352200,5.0,5.0,4
1352250,5.0,5.0,4
1352300,5.0,5.0,4
1352350,5.0,5.0,4
1352400,5.0,5.0,4
1352450,5.0,5.0,4
1352500,5.0,5.0,4
1352550,5.0,5.0,4
1352600,5.0,5.0,4
1352650,5.0,5.0,4
1352700,5.0,5.0,4
1352750,5.0,5.0,4
1352800,5.0,5.0,4
1352850,5.0,5.0,4
1352900,5.0,5.0,4
1352950,5.0,5.0,4
1353000,5.0,5.0,4
1353050,5.0,5.0,4
1353100,5.0,5.0,4
1353150,5.0,5.0,4
1353200,5.0,5.0,4
1353250,5.0,5.0,4
1353300,5.0,5.0,4
1353350,5.0,5.0,4
1353400,5.0,5.0,4
1353450,5.0,5.0,4
1353500,5.0,5.0,4
1353550,5.0,5.0,4
1353600,5.0,5.0,4
1353650,5.0,5.0,4
1353700,5.0,5.0,4
1353750,5.0,5.0,4
1353800,5.0,5.0,4
1353850,5.0,5.0,4
1353900,5.0,5.0,4
1353950,5.0,5.0,4
1354000,5.0,5.0,4
1354050,5.0,5.0,4
1354100,5.0,5.0,4
1354150,5.0,5.0,4
1354200,5.0,5.0,4
1354250,5.0,5.0,4
1354300,5.0,5.0,4
1354350,5.0,5.0,4
1354400,5.0,5.0,4
1354450,5.0,5.0,4
1354500,5.0,5.0,4
1354550,5.0,5.0,4
1354600,5.0,5.0,4
1354650,5.0,5.0,4
1354700,5.0,5.0,4
1354750,5.0,5.0,4
1354800,5.0,5.0,4
1354850,5.0,5.0,4
1354900,5.0,5.0,4
1354950,5.0,5.0,4
1355000,5.0,5.0,4
1355050,5.0,5.0,4
1355100,5.0,5.0,4
1355150,5.0,5.0,4
1355200,5.0,5.0,4
1355250,5.0,5.0,4
1355300,5.0,5.0,4
1355350,5.0,5.0,4
1355400,5.0,5.0,4
1355450,5.0,5.0,4
1355500,5.0,5.0,4
1355550,5.0,5.0,4
1355600,5.0,5.0,4
1355650,5.0,5.0,4
1355700,5.0,5.0,4
1355750,5.0,5.0,4
1355800,5.0,5.0,4
1355850,5.0,5.0,4
1355900,5.0,5.0,4
1355950,5.0,5.0,4
1356000,5.0,5.0,4
1356050,5.0,5.0,4
1356100,5.0,5.0,4
1356150,5.0,5.0,4
1356200,5.0,5.0,4
1356250,5.0,5.0,4
1356300,5.0,5.0,4
1356350,5.0,5.0,4
1356400,5.0,5.0,4
1356450,5.0,5.0,4
1356500,5.0,5.0,4
1356550,5.0,5.0,4
1356600,5.0,5.0,4
1356650,5.0,5.0,4
1356700,5.0,5.0,4
1356750,5.0,5.0,4
1356800,5.0,5.0,4
1356850,5.0,5.0,4
1356900,5.0,5.0,4
1356950,5.0,5.0,4
1357000,5.0,5.0,4
1357050,5.0,5.0,4
1357100,5.0,5.0,4
1357150,5.0,5.0,4
1357200,5.0,5.0,4
1357250,5.0,5.0,4
1357300,5.0,5.0,4
1357350,5.0,5.0,4
1357400,5.0,5.0,4
1357450,5.0,5.0,4
1357500,5.0,5.0,4
1357550,5.0,5.0,4
1357600,5.0,5.0,4
1357650,5.0,5.0,4
1357700,5.0,5.0,4
1357750,5.0,5.0,4
1357800,5.0,5.0,4
1357850,5.0,5.0,4
1357900,5.0,5.0,4
1357950,5.0,5.0,4
1358000,5.0,5.0,4
1358050,5.0,5.0,4
1358100,5.0,5.0,4
1358150,5.0,5.0,4
1358200,5.0,5.0,4
1358250,5.0,5.0,4
1358300,5.0,5.0,4
1358350,5.0,5.0,4
1358400,5.0,5.0,4
1358450,5.0,5.0,4
1358500,5.0,5.0,4
1358550,5.0,5.0,4
1358600,5.0,5.0,4
1358650,5.0,5.0,4
1358700,5.0,5.0,4
1358750,5.0,5.0,4
1358800,5.0,5.0,4
1358850,5.0,5.0,4
1358900,5.0,5.0,4
1358950,5.0,5.0,4
1359000,5.0,5.0,4
1359050,5.0,5.0,4
1359100,5.0,5.0,4
1359150,5.0,5.0,4
1359200,5.0,5.0,4
1359250,5.0,5.0,4
1359300,5.0,5.0,4
1359350,5.0,5.0,4
1359400,5.0,5.0,4
1359450,5.0,5.0,4
1359500,5.0,5.0,4
1359550,5.0,5.0,4
1359600,5.0,5.0,4
1359650,5.0,5.0,4
1359700,5.0,5.0,4
1359750,5.0,5.0,4
1359800,5.0,5.0,4
1359850,5.0,5.0,4
1359900,5.0,5.0,4
1359950,5.0,5.0,4
1360000,5.0,5.0,4
1360050,5.0,5.0,4
1360100,5.0,5.0,4
1360150,5.0,5.0,4
1360200,5.0,5.0,4
1360250,5.0,5.0,4
1360300,5.0,5.0,4
1360350,5.0,5.0,4
1360400,5.0,5.0,4
1360450,5.0,5.0,4
1360500,5.0,5.0,4
1360550,5.0,5.0,4
1360600,5.0,5.0,4
1360650,5.0,5.0,4
1360700,5.0,5.0,4
1360750,5.0,5.0,4
1360800,5.0,5.0,4
1360850,5.0,5.0,4
1360900,5.0,5.0,4
1360950,5.0,5.0,4
1361000,5.0,5.0,4
1361050,5.0,5.0,4
1361100,5.0,5.0,4
1361150,5.0,5.0,4
1361200,5.0,5.0,4
1361250,5.0,5.0,4
1361300,5.0,5.0,4
1361350,5.0,5.0,4
1361400,5.0,5.0,4
1361450,5.0,5.0,4
1361500,5.0,5.0,4
1361550,5.0,5.0,4
1361600,5.0,5.0,4
1361650,5.0,5.0,4
1361700,5.0,5.0,4
1361750,5.0,5.0,4
1361800,5.0,5.0,4
1361850,5.0,5.0,4
1361900,5.0,5.0,4
1361950,5.0,5.0,4
1362000,5.0,5.0,4
1362050,5.0,5.0,4
1362100,5.0,5.0,4
1362150,5.0,5.0,4
1362200,5.0,5.0,4
1362250,5.0,5.0,4
1362300,5.0,5.0,4
1362350,5.0,5.0,4
1362400,5.0,5.0,4
1362450,5.0,5.0,4
1362500,5.0,5.0,4
1362550,5.0,5.0,4
1362600,5.0,5.0,4
1362650,5.0,5.0,4
1362700,5.0,5.0,4
1362750,5.0,5.0,4
1362800,5.0,5.0,4
1362850,5.0,5.0,4
1362900,5.0,5.0,4
1362950,5.0,5.0,4
1363000,5.0,5.0,4
1363050,5.0,5.0,4
1363100,5.0,5.0,4
1363150,5.0,5.0,4
1363200,5.0,5.0,4
1363250,5.0,5.0,4
1363300,5.0,5.0,4
1363350,5.0,5.0,4
1363400,5.0,5.0,4
1363450,5.0,5.0,4
1363500,5.0,5.0,4
1363550,5.0,5.0,4
1363600,5.0,5.0,4
1363650,5.0,5.0,4
1363700,5.0,5.0,4
1363750,5.0,5.0,4
1363800,5.0,5.0,4
1363850,5.0,5.0,4
1363900,5.0,5.0,4
1363950,5.0,5.0,4
1364000,5.0,5.0,4
1364050,5.0,5.0,4
1364100,5.0,5.0,4
1364150,5.0,5.0,4
1364200,5.0,5.0,4
1364250,5.0,5.0,4
1364300,5.0,5.0,4
1364350,5.0,5.0,4
1364400,5.0,5.0,4
1364450,5.0,5.0,4
1364500,5.0,5.0,4
1364550,5.0,5.0,4
1364600,5.0,5.0,4
1364650,5.0,5.0,4
1364700,5.0,5.0,4
1364750,5.0,5.0,4
1364800,5.0,5.0,4
1364850,5.0,5.0,4
1364900,5.0,5.0,4
1364950,5.0,5.0,4
1365000,5.0,5.0,4
1365050,5.0,5.0,4
1365100,5.0,5.0,4
1365150,5.0,5.0,4
1365200,5.0,5.0,4
1365250,5.0,5.0,4
1365300,5.0,5.0,4
1365350,5.0,5.0,4
1365400,5.0,5.0,4
1365450,5.0,5.0,4
1365500,5.0,5.0,4
1365550,5.0,5.0,4
1365600,5.0,5.0,4
1365650,5.0,5.0,4
1365700,5.0,5.0,4
1365750,5.0,5.0,4
1365800,5.0,5.0,4
1365850,5.0,5.0,4
1365900,5.0,5.0,4
1365950,5.0,5.0,4
1366000,5.0,5.0,4
1366050,5.0,5.0,4
1366100,5.0,5.0,4
1366150,5.0,5.0,4
1366200,5.0,5.0,4
1366250,5.0,5.0,4
1366300,5.0,5.0,4
1366350,5.0,5.0,4
1366400,5.0,5.0,4
1366450,5.0,5.0,4
1366500,5.0,5.0,4
1366550,5.0,5.0,4
1366600,5.0,5.0,4
1366650,5.0,5.0,4
1366700,5.0,5.0,4
1366750,5.0,5.0,4
1366800,5.0,5.0,4
1366850,5.0,5.0,4
1366900,5.0,5.0,4
1366950,5.0,5.0,4
1367000,5.0,5.0,4
1367050,5.0,5.0,4
1367100,5.0,5.0,4
1367150,5.0,5.0,4
1367200,5.0,5.0,4
1367250,5.0,5.0,4
1367300,5.0,5.0,4
1367350,5.0,5.0,4
1367400,5.0,5.0,4
1367450,5.0,5.0,4
1367500,5.0,5.0,4
1367550,5.0,5.0,4
1367600,5.0,5.0,4
1367650,5.0,5.0,4
1367700,5.0,5.0,4
1367750,5.0,5.0,4
1367800,5.0,5.0,4
1367850,5.0,5.0,4
1367900,5.0,5.0,4
1367950,5.0,5.0,4
1368000,5.0,5.0,4
1368050,5.0,5.0,4
1368100,5.0,5.0,4
1368150,5.0,5.0,4
1368200,5.0,5.0,4
1368250,5.0,5.0,4
1368300,5.0,5.0,4
1368350,5.0,5.0,4
1368400,5.0,5.0,4
1368450,5.0,5.0,4
1368500,5.0,5.0,4
1368550,5.0,5.0,4
1368600,5.0,5.0,4
1368650,5.0,5.0,4
1368700,5.0,5.0,4
1368750,5.0,5.0,4
1368800,5.0,5.0,4
1368850,5.0,5.0,4
1368900,5.0,5.0,4
1368950,5.0,5.0,4
1369000,5.0,5.0,4
1369050,5.0,5.0,4
1369100,5.0,5.0,4
1369150,5.0,5.0,4
1369200,5.0,5.0,4
1369250,5.0,5.0,4
1369300,5.0,5.0,4
1369350,5.0,5.0,4
1369400,5.0,5.0,4
1369450,5.0,5.0,4
1369500,5.0,5.0,4
1369550,5.0,5.0,4
1369600,5.0,5.0,4
1369650,5.0,5.0,4
1369700,5.0,5.0,4
1369750,5.0,5.0,4
1369800,5.0,5.0,4
1369850,5.0,5.0,4
1369900,5.0,5.0,4
1369950,5.0,5.0,4
1370000,5.0,5.0,4
1370050,5.0,5.0,4
1370100,5.0,5.0,4
1370150,5.0,5.0,4
1370200,5.0,5.0,4
1370250,5.0,5.0,4
1370300,5.0,5.0,4
1370350,5.0,5.0,4
1370400,5.0,5.0,4
1370450,5.0,5.0,4
1370500,5.0,5.0,4
1370550,5.0,5.0,4
1370600,5.0,5.0,4
1370650,5.0,5.0,4
1370700,5.0,5.0,4
1370750,5.0,5.0,4
1370800,5.0,5.0,4
1370850,5.0,5.0,4
1370900,5.0,5.0,4
1370950,5.0,5.0,4
1371000,5.0,5.0,4
1371050,5.0,5.0,4
1371100,5.0,5.0,4
1371150,5.0,5.0,4
1371200,5.0,5.0,4
1371250,5.0,5.0,4
1371300,5.0,5.0,4
1371350,5.0,5.0,4
1371400,5.0,5.0,4
1371450,5.0,5.0,4
1371500,5.0,5.0,4
1371550,5.0,5.0,4
1371600,5.0,5.0,4
1371650,5.0,5.0,4
1371700,5.0,5.0,4
1371750,5.0,5.0,4
1371800,5.0,5.0,4
1371850,5.0,5.0,4
1371900,5.0,5.0,4
1371950,5.0,5.0,4
1372000,5.0,5.0,4
1372050,5.0,5.0,4
1372100,5.0,5.0,4
1372150,5.0,5.0,4
1372200,5.0,5.0,4
1372250,5.0,5.0,4
1372300,5.0,5.0,4
1372350,5.0,5.0,4
1372400,5.0,5.0,4
1372450,5.0,5.0,4
1372500,5.0,5.0,4
1372550,5.0,5.0,4
1372600,5.0,5.0,4
1372650,5.0,5.0,4
1372700,5.0,5.0,4
1372750,5.0,5.0,4
1372800,5.0,5.0,4
1372850,5.0,5.0,4
1372900,5.0,5.0,4
1372950,5.0,5.0,4
1373000,5.0,5.0,4
1373050,5.0,5.0,4
1373100,5.0,5.0,4
1373150,5.0,5.0,4
1373200,5.0,5.0,4
1373250,5.0,5.0,4
1373300,5.0,5.0,4
1373350,5.0,5.0,4
1373400,5.0,5.0,4
1373450,5.0,5.0,4
1373500,5.0,5.0,4
1373550,5.0,5.0,4
1373600,5.0,5.0,4
1373650,5.0,5.0,4
1373700,5.0,5.0,4
1373750,5.0,5.0,4
1373800,5.0,5.0,4
1373850,5.0,5.0,4
1373900,5.0,5.0,4
1373950,5.0,5.0,4
1374000,5.0,5.0,4
1374050,5.0,5.0,4
1374100,5.0,5.0,4
1374150,5.0,5.0,4
1374200,5.0,5.0,4
1374250,5.0,5.0,4
1374300,5.0,5.0,4
1374350,5.0,5.0,4
1374400,5.0,5.0,4
1374450,5.0,5.0,4
1374500,5.0,5.0,4
1374550,5.0,5.0,4
1374600,5.0,5.0,4
1374650,5.0,5.0,4
1374700,5.0,5.0,4
1374750,5.0,5.0,4
1374800,5.0,5.0,4
1374850,5.0,5.0,4
1374900,5.0,5.0,4
1374950,5.0,5.0,4
1375000,5.0,5.0,4
1375050,5.0,5.0,4
1375100,5.0,5.0,4
1375150,5.0,5.0,4
1375200,5.0,5.0,4
1375250,5.0,5.0,4
1375300,5.0,5.0,4
1375350,5.0,5.0,4
1375400,5.0,5.0,4
1375450,5.0,5.0,4
1375500,5.0,5.0,4
1375550,5.0,5.0,4
1375600,5.0,5.0,4
1375650,5.0,5.0,4
1375700,5.0,5.0,4
1375750,5.0,5.0,4
1375800,5.0,5.0,4
1375850,5.0,5.0,4
1375900,5.0,5.0,4
1375950,5.0,5.0,4
1376000,5.0,5.0,4
1376050,5.0,5.0,4
1376100,5.0,5.0,4
1376150,5.0,5.0,4
1376200,5.0,5.0,4
1376250,5.0,5.0,4
1376300,5.0,5.0,4
1376350,5.0,5.0,4
1376400,5.0,5.0,4
1376450,5.0,5.0,4
1376500,5.0,5.0,4
1376550,5.0,5.0,4
1376600,5.0,5.0,4
1376650,5.0,5.0,4
1376700,5.0,5.0,4
1376750,5.0,5.0,4
1376800,5.0,5.0,4
1376850,5.0,5.0,4
1376900,5.0,5.0,4
1376950,5.0,5.0,4
1377000,5.0,5.0,4
1377050,5.0,5.0,4
1377100,5.0,5.0,4
1377150,5.0,5.0,4
1377200,5.0,5.0,4
1377250,5.0,5.0,4
1377300,5.0,5.0,4
1377350,5.0,5.0,4
1377400,5.0,5.0,4
1377450,5.0,5.0,4
1377500,5.0,5.0,4
1377550,5.0,5.0,4
1377600,5.0,5.0,4
1377650,5.0,5.0,4
1377700,5.0,5.0,4
1377750,5.0,5.0,4
1377800,5.0,5.0,4
1377850,5.0,5.0,4
1377900,5.0,5.0,4
1377950,5.0,5.0,4
1378000,5.0,5.0,4
1378050,5.0,5.0,4
1378100,5.0,5.0,4
1378150,5.0,5.0,4
1378200,5.0,5.0,4
1378250,5.0,5.0,4
1378300,5.0,5.0,4
1378350,5.0,5.0,4
1378400,5.0,5.0,4
1378450,5.0,5.0,4
1378500,5.0,5.0,4
1378550,5.0,5.0,4
1378600,5.0,5.0,4
1378650,5.0,5.0,4
1378700,5.0,5.0,4
1378750,5.0,5.0,4
1378800,5.0,5.0,4
1378850,5.0,5.0,4
1378900,5.0,5.0,4
1378950,5.0,5.0,4
1379000,5.0,5.0,4
1379050,5.0,5.0,4
1379100,5.0,5.0,4
1379150,5.0,5.0,4
1379200,5.0,5.0,4
1379250,5.0,5.0,4
1379300,5.0,5.0,4
1379350,5.0,5.0,4
1379400,5.0,5.0,4
1379450,5.0,5.0,4
1379500,5.0,5.0,4
1379550,5.0,5.0,4
1379600,5.0,5.0,4
1379650,5.0,5.0,4
1379700,5.0,5.0,4
1379750,5.0,5.0,4
1379800,5.0,5.0,4
1379850,5.0,5.0,4
1379900,5.0,5.0,4
1379950,5.0,5.0,4
1380000,5.0,5.0,4
1380050,5.0,5.0,4
1380100,5.0,5.0,4
1380150,5.0,5.0,4
1380200,5.0,5.0,4
1380250,5.0,5.0,4
1380300,5.0,5.0,4
1380350,5.0,5.0,4
1380400,5.0,5.0,4
1380450,5.0,5.0,4
1380500,5.0,5.0,4
1380550,5.0,5.0,4
1380600,5.0,5.0,4
1380650,5.0,5.0,4
1380700,5.0,5.0,4
1380750,5.0,5.0,4
1380800,5.0,5.0,4
1380850,5.0,5.0,4
1380900,5.0,5.0,4
1380950,5.0,5.0,4
1381000,5.0,5.0,4
1381050,5.0,5.0,4
1381100,5.0,5.0,4
1381150,5.0,5.0,4
1381200,5.0,5.0,4
1381250,5.0,5.0,4
1381300,5.0,5.0,4
1381350,5.0,5.0,4
1381400,5.0,5.0,4
1381450,5.0,5.0,4
1381500,5.0,5.0,4
1381550,5.0,5.0,4
1381600,5.0,5.0,4
1381650,5.0,5.0,4
1381700,5.0,5.0,4
1381750,5.0,5.0,4
1381800,5.0,5.0,4
1381850,5.0,5.0,4
1381900,5.0,5.0,4
1381950,5.0,5.0,4
1382000,5.0,5.0,4
1382050,5.0,5.0,4
1382100,5.0,5.0,4
1382150,5.0,5.0,4
1382200,5.0,5.0,4
1382250,5.0,5.0,4
1382300,5.0,5.0,4
1382350,5.0,5.0,4
1382400,5.0,5.0,4
1382450,5.0,5.0,4
1382500,5.0,5.0,4
1382550,5.0,5.0,4
1382600,5.0,5.0,4
1382650,5.0,5.0,4
1382700,5.0,5.0,4
1382750,5.0,5.0,4
1382800,5.0,5.0,4
1382850,5.0,5.0,4
1382900,5.0,5.0,4
1382950,5.0,5.0,4
1383000,5.0,5.0,4
1383050,5.0,5.0,4
1383100,5.0,5.0,4
1383150,5.0,5.0,4
1383200,5.0,5.0,4
1383250,5.0,5.0,4
1383300,5.0,5.0,4
1383350,5.0,5.0,4
1383400,5.0,5.0,4
1383450,5.0,5.0,4
1383500,5.0,5.0,4
1383550,5.0,5.0,4
1383600,5.0,5.0,4
1383650,5.0,5.0,4
1383700,5.0,5.0,4
1383750,5.0,5.0,4
1383800,5.0,5.0,4
1383850,5.0,5.0,4
1383900,5.0,5.0,4
1383950,5.0,5.0,4
1384000,5.0,5.0,4
1384050,5.0,5.0,4
1384100,5.0,5.0,4
1384150,5.0,5.0,4
1384200,5.0,5.0,4
1384250,5.0,5.0,4
1384300,5.0,5.0,4
1384350,5.0,5.0,4
1384400,5.0,5.0,4
1384450,5.0,5.0,4
1384500,5.0,5.0,4
1384550,5.0,5.0,4
1384600,5.0,5.0,4
1384650,5.0,5.0,4
1384700,5.0,5.0,4
1384750,5.0,5.0,4
1384800,5.0,5.0,4
1384850,5.0,5.0,4
1384900,5.0,5.0,4
1384950,5.0,5.0,4
1385000,5.0,5.0,4
1385050,5.0,5.0,4
1385100,5.0,5.0,4
1385150,5.0,5.0,4
1385200,5.0,5.0,4
1385250,5.0,5.0,4
1385300,5.0,5.0,4
1385350,5.0,5.0,4
1385400,5.0,5.0,4
1385450,5.0,5.0,4
1385500,5.0,5.0,4
1385550,5.0,5.0,4
1385600,5.0,5.0,4
1385650,5.0,5.0,4
1385700,5.0,5.0,4
1385750,5.0,5.0,4
1385800,5.0,5.0,4
1385850,5.0,5.0,4
1385900,5.0,5.0,4
1385950,5.0,5.0,4
1386000,5.0,5.0,4
1386050,5.0,5.0,4
1386100,5.0,5.0,4
1386150,5.0,5.0,4
1386200,5.0,5.0,4
1386250,5.0,5.0,4
1386300,5.0,5.0,4
1386350,5.0,5.0,4
1386400,5.0,5.0,4
1386450,5.0,5.0,4
1386500,5.0,5.0,4
1386550,5.0,5.0,4
1386600,5.0,5.0,4
1386650,5.0,5.0,4
1386700,5.0,5.0,4
1386750,5.0,5.0,4
1386800,5.0,5.0,4
1386850,5.0,5.0,4
1386900,5.0,5.0,4
1386950,5.0,5.0,4
1387000,5.0,5.0,4
1387050,5.0,5.0,4
1387100,5.0,5.0,4
1387150,5.0,5.0,4
1387200,5.0,5.0,4
1387250,5.0,5.0,4
1387300,5.0,5.0,4
1387350,5.0,5.0,4
1387400,5.0,5.0,4
1387450,5.0,5.0,4
1387500,5.0,5.0,4
1387550,5.0,5.0,4
1387600,5.0,5.0,4
1387650,5.0,5.0,4
1387700,5.0,5.0,4
1387750,5.0,5.0,4
1387800,5.0,5.0,4
1387850,5.0,5.0,4
1387900,5.0,5.0,4
1387950,5.0,5.0,4
1388000,5.0,5.0,4
1388050,5.0,5.0,4
1388100,5.0,5.0,4
1388150,5.0,5.0,4
1388200,5.0,5.0,4
1388250,5.0,5.0,4
1388300,5.0,5.0,4
1388350,5.0,5.0,4
1388400,5.0,5.0,4
1388450,5.0,5.0,4
1388500,5.0,5.0,4
1388550,5.0,5.0,4
1388600,5.0,5.0,4
1388650,5.0,5.0,4
1388700,5.0,5.0,4
1388750,5.0,5.0,4
1388800,5.0,5.0,4
1388850,5.0,5.0,4
1388900,5.0,5.0,4
1388950,5.0,5.0,4
1389000,5.0,5.0,4
1389050,5.0,5.0,4
1389100,5.0,5.0,4
1389150,5.0,5.0,4
1389200,5.0,5.0,4
1389250,5.0,5.0,4
1389300,5.0,5.0,4
1389350,5.0,5.0,4
1389400,5.0,5.0,4
1389450,5.0,5.0,4
1389500,5.0,5.0,4
1389550,5.0,5.0,4
1389600,5.0,5.0,4
1389650,5.0,5.0,4
1389700,5.0,5.0,4
1389750,5.0,5.0,4
1389800,5.0,5.0,4
1389850,5.0,5.0,4
1389900,5.0,5.0,4
1389950,5.0,5.0,4
1390000,5.0,5.0,4
1390050,5.0,5.0,4
1390100,5.0,5.0,4
1390150,5.0,5.0,4
1390200,5.0,5.0,4
1390250,5.0,5.0,4
1390300,5.0,5.0,4
1390350,5.0,5.0,4
1390400,5.0,5.0,4
1390450,5.0,5.0,4
1390500,5.0,5.0,4
1390550,5.0,5.0,4
1390600,5.0,5.0,4
1390650,5.0,5.0,4
1390700,5.0,5.0,4
1390750,5.0,5.0,4
1390800,5.0,5.0,4
1390850,5.0,5.0,4
1390900,5.0,5.0,4
1390950,5.0,5.0,4
1391000,5.0,5.0,4
1391050,5.0,5.0,4
1391100,5.0,5.0,4
1391150,5.0,5.0,4
1391200,5.0,5.0,4
1391250,5.0,5.0,4
1391300,5.0,5.0,4
1391350,5.0,5.0,4
1391400,5.0,5.0,4
1391450,5.0,5.0,4
1391500,5.0,5.0,4
1391550,5.0,5.0,4
1391600,5.0,5.0,4
1391650,5.0,5.0,4
1391700,5.0,5.0,4
1391750,5.0,5.0,4
1391800,5.0,5.0,4
1391850,5.0,5.0,4
1391900,5.0,5.0,4
1391950,5.0,5.0,4
1392000,5.0,5.0,4
1392050,5.0,5.0,4
1392100,5.0,5.0,4
1392150,5.0,5.0,4
1392200,5.0,5.0,4
1392250,5.0,5.0,4
1392300,5.0,5.0,4
1392350,5.0,5.0,4
1392400,5.0,5.0,4
1392450,5.0,5.0,4
1392500,5.0,5.0,4
1392550,5.0,5.0,4
1392600,5.0,5.0,4
1392650,5.0,5.0,4
1392700,5.0,5.0,4
1392750,5.0,5.0,4
1392800,5.0,5.0,4
1392850,5.0,5.0,4
1392900,5.0,5.0,4
1392950,5.0,5.0,4
1393000,5.0,5.0,4
1393050,5.0,5.0,4
1393100,5.0,5.0,4
1393150,5.0,5.0,4
1393200,5.0,5.0,4
1393250,5.0,5.0,4
1393300,5.0,5.0,4
1393350,5.0,5.0,4
1393400,5.0,5.0,4
1393450,5.0,5.0,4
1393500,5.0,5.0,4
1393550,5.0,5.0,4
1393600,5.0,5.0,4
1393650,5.0,5.0,4
1393700,5.0,5.0,4
1393750,5.0,5.0,4
1393800,5.0,5.0,4
1393850,5.0,5.0,4
1393900,5.0,5.0,4
1393950,5.0,5.0,4
1394000,5.0,5.0,4
1394050,5.0,5.0,4
1394100,5.0,5.0,4
1394150,5.0,5.0,4
1394200,5.0,5.0,4
1394250,5.0,5.0,4
1394300,5.0,5.0,4
1394350,5.0,5.0,4
1394400,5.0,5.0,4
1394450,5.0,5.0,4
1394500,5.0,5.0,4
1394550,5.0,5.0,4
1394600,5.0,5.0,4
1394650,5.0,5.0,4
1394700,5.0,5.0,4
1394750,5.0,5.0,4
1394800,5.0,5.0,4
1394850,5.0,5.0,4
1394900,5.0,5.0,4
1394950,5.0,5.0,4
1395000,5.0,5.0,4
1395050,5.0,5.0,4
1395100,5.0,5.0,4
1395150,5.0,5.0,4
1395200,5.0,5.0,4
1395250,5.0,5.0,4
1395300,5.0,5.0,4
1395350,5.0,5.0,4
1395400,5.0,5.0,4
1395450,5.0,5.0,4
1395500,5.0,5.0,4
1395550,5.0,5.0,4
1395600,5.0,5.0,4
1395650,5.0,5.0,4
1395700,5.0,5.0,4
1395750,5.0,5.0,4
1395800,5.0,5.0,4
1395850,5.0,5.0,4
1395900,5.0,5.0,4
1395950,5.0,5.0,4
1396000,5.0,5.0,4
1396050,5.0,5.0,4
1396100,5.0,5.0,4
1396150,5.0,5.0,4
1396200,5.0,5.0,4
1396250,5.0,5.0,4
1396300,5.0,5.0,4
1396350,5.0,5.0,4
1396400,5.0,5.0,4
1396450,5.0,5.0,4
1396500,5.0,5.0,4
1396550,5.0,5.0,4
1396600,5.0,5.0,4
1396650,5.0,5.0,4
1396700,5.0,5.0,4
1396750,5.0,5.0,4
1396800,5.0,5.0,4
1396850,5.0,5.0,4
1396900,5.0,5.0,4
1396950,5.0,5.0,4
1397000,5.0,5.0,4
1397050,5.0,5.0,4
1397100,5.0,5.0,4
1397150,5.0,5.0,4
1397200,5.0,5.0,4
1397250,5.0,5.0,4
1397300,5.0,5.0,4
1397350,5.0,5.0,4
1397400,5.0,5.0,4
1397450,5.0,5.0,4
1397500,5.0,5.0,4
1397550,5.0,5.0,4
1397600,5.0,5.0,4
1397650,5.0,5.0,4
1397700,5.0,5.0,4
1397750,5.0,5.0,4
1397800,5.0,5.0,4
1397850,5.0,5.0,4
1397900,5.0,5.0,4
1397950,5.0,5.0,4
1398000,5.0,5.0,4
1398050,5.0,5.0,4
1398100,5.0,5.0,4
1398150,5.0,5.0,4
1398200,5.0,5.0,4
1398250,5.0,5.0,4
1398300,5.0,5.0,4
1398350,5.0,5.0,4
1398400,5.0,5.0,4
1398450,5.0,5.0,4
1398500,5.0,5.0,4
1398550,5.0,5.0,4
1398600,5.0,5.0,4
1398650,5.0,5.0,4
1398700,5.0,5.0,4
1398750,5.0,5.0,4
1398800,5.0,5.0,4
1398850,5.0,5.0,4
1398900,5.0,5.0,4
1398950,5.0,5.0,4
1399000,5.0,5.0,4
1399050,5.0,5.0,4
1399100,5.0,5.0,4
1399150,5.0,5.0,4
1399200,5.0,5.0,4
1399250,5.0,5.0,4
1399300,5.0,5.0,4
1399350,5.0,5.0,4
1399400,5.0,5.0,4
1399450,5.0,5.0,4
1399500,5.0,5.0,4
1399550,5.0,5.0,4
1399600,5.0,5.0,4
1399650,5.0,5.0,4
1399700,5.0,5.0,4
1399750,5.0,5.0,4
1399800,5.0,5.0,4
1399850,5.0,5.0,4
1399900,5.0,5.0,4
1399950,5.0,5.0,4
1400000,5.0,5.0,4
1400050,5.0,5.0,4
1400100,5.0,5.0,4
1400150,5.0,5.0,4
1400200,5.0,5.0,4
1400250,5.0,5.0,4
1400300,5.0,5.0,4
1400350,5.0,5.0,4
1400400,5.0,5.0,4
1400450,5.0,5.0,4
1400500,5.0,5.0,4
1400550,5.0,5.0,4
1400600,5.0,5.0,4
1400650,5.0,5.0,4
1400700,5.0,5.0,4
1400750,5.0,5.0,4
1400800,5.0,5.0,4
1400850,5.0,5.0,4
1400900,5.0,5.0,4
1400950,5.0,5.0,4
1401000,5.0,5.0,4
1401050,5.0,5.0,4
1401100,5.0,5.0,4
1401150,5.0,5.0,4
1401200,5.0,5.0,4
1401250,5.0,5.0,4
1401300,5.0,5.0,4
1401350,5.0,5.0,4
1401400,5.0,5.0,4
1401450,5.0,5.0,4
1401500,5.0,5.0,4
1401550,5.0,5.0,4
1401600,5.0,5.0,4
1401650,5.0,5.0,4
1401700,5.0,5.0,4
1401750,5.0,5.0,4
1401800,5.0,5.0,4
1401850,5.0,5.0,4
1401900,5.0,5.0,4
1401950,5.0,5.0,4
1402000,5.0,5.0,4
1402050,5.0,5.0,4
1402100,5.0,5.0,4
1402150,5.0,5.0,4
1402200,5.0,5.0,4
1402250,5.0,5.0,4
1402300,5.0,5.0,4
1402350,5.0,5.0,4
1402400,5.0,5.0,4
1402450,5.0,5.0,4
1402500,5.0,5.0,4
1402550,5.0,5.0,4
1402600,5.0,5.0,4
1402650,5.0,5.0,4
1402700,5.0,5.0,4
1402750,5.0,5.0,4
1402800,5.0,5.0,4
1402850,5.0,5.0,4
1402900,5.0,5.0,4
1402950,5.0,5.0,4
1403000,5.0,5.0,4
1403050,5.0,5.0,4
1403100,5.0,5.0,4
1403150,5.0,5.0,4
1403200,5.0,5.0,4
1403250,5.0,5.0,4
1403300,5.0,5.0,4
1403350,5.0,5.0,4
1403400,5.0,5.0,4
1403450,5.0,5.0,4
1403500,5.0,5.0,4
1403550,5.0,5.0,4
1403600,5.0,5.0,4
1403650,5.0,5.0,4
1403700,5.0,5.0,4
1403750,5.0,5.0,4
1403800,5.0,5.0,4
1403850,5.0,5.0,4
1403900,5.0,5.0,4
1403950,5.0,5.0,4
1404000,5.0,5.0,4
1404050,5.0,5.0,4
1404100,5.0,5.0,4
1404150,5.0,5.0,4
1404200,5.0,5.0,4
1404250,5.0,5.0,4
1404300,5.0,5.0,4
1404350,5.0,5.0,4
1404400,5.0,5.0,4
1404450,5.0,5.0,4
1404500,5.0,5.0,4
1404550,5.0,5.0,4
1404600,5.0,5.0,4
1404650,5.0,5.0,4
1404700,5.0,5.0,4
1404750,5.0,5.0,4
1404800,5.0,5.0,4
1404850,5.0,5.0,4
1404900,5.0,5.0,4
1404950,5.0,5.0,4
1405000,5.0,5.0,4
1405050,5.0,5.0,4
1405100,5.0,5.0,4
1405150,5.0,5.0,4
1405200,5.0,5.0,4
1405250,5.0,5.0,4
1405300,5.0,5.0,4
1405350,5.0,5.0,4
1405400,5.0,5.0,4
1405450,5.0,5.0,4
1405500,5.0,5.0,4
1405550,5.0,5.0,4
1405600,5.0,5.0,4
1405650,5.0,5.0,4
1405700,5.0,5.0,4
1405750,5.0,5.0,4
1405800,5.0,5.0,4
1405850,5.0,5.0,4
1405900,5.0,5.0,4
1405950,5.0,5.0,4
1406000,5.0,5.0,4
1406050,5.0,5.0,4
1406100,5.0,5.0,4
1406150,5.0,5.0,4
1406200,5.0,5.0,4
1406250,5.0,5.0,4
1406300,5.0,5.0,4
1406350,5.0,5.0,4
1406400,5.0,5.0,4
1406450,5.0,5.0,4
1406500,5.0,5.0,4
1406550,5.0,5.0,4
1406600,5.0,5.0,4
1406650,5.0,5.0,4
1406700,5.0,5.0,4
1406750,5.0,5.0,4
1406800,5.0,5.0,4
1406850,5.0,5.0,4
1406900,5.0,5.0,4
1406950,5.0,5.0,4
1407000,5.0,5.0,4
1407050,5.0,5.0,4
1407100,5.0,5.0,4
1407150,5.0,5.0,4
1407200,5.0,5.0,4
1407250,5.0,5.0,4
1407300,5.0,5.0,4
1407350,5.0,5.0,4
1407400,5.0,5.0,4
1407450,5.0,5.0,4
1407500,5.0,5.0,4
1407550,5.0,5.0,4
1407600,5.0,5.0,4
1407650,5.0,5.0,4
1407700,5.0,5.0,4
1407750,5.0,5.0,4
1407800,5.0,5.0,4
1407850,5.0,5.0,4
1407900,5.0,5.0,4
1407950,5.0,5.0,4
1408000,5.0,5.0,4
1408050,5.0,5.0,4
1408100,5.0,5.0,4
1408150,5.0,5.0,4
1408200,5.0,5.0,4
1408250,5.0,5.0,4
1408300,5.0,5.0,4
1408350,5.0,5.0,4
1408400,5.0,5.0,4
1408450,5.0,5.0,4
1408500,5.0,5.0,4
1408550,5.0,5.0,4
1408600,5.0,5.0,4
1408650,5.0,5.0,4
1408700,5.0,5.0,4
1408750,5.0,5.0,4
1408800,5.0,5.0,4
1408850,5.0,5.0,4
1408900,5.0,5.0,4
1408950,5.0,5.0,4
1409000,5.0,5.0,4
1409050,5.0,5.0,4
1409100,5.0,5.0,4
1409150,5.0,5.0,4
1409200,5.0,5.0,4
1409250,5.0,5.0,4
1409300,5.0,5.0,4
1409350,5.0,5.0,4
1409400,5.0,5.0,4
1409450,5.0,5.0,4
1409500,5.0,5.0,4
1409550,5.0,5.0,4
1409600,5.0,5.0,4
1409650,5.0,5.0,4
1409700,5.0,5.0,4
1409750,5.0,5.0,4
1409800,5.0,5.0,4
1409850,5.0,5.0,4
1409900,5.0,5.0,4
1409950,5.0,5.0,4
1410000,5.0,5.0,4
1410050,5.0,5.0,4
1410100,5.0,5.0,4
1410150,5.0,5.0,4
1410200,5.0,5.0,4
1410250,5.0,5.0,4
1410300,5.0,5.0,4
1410350,5.0,5.0,4
1410400,5.0,5.0,4
1410450,5.0,5.0,4
1410500,5.0,5.0,4
1410550,5.0,5.0,4
1410600,5.0,5.0,4
1410650,5.0,5.0,4
1410700,5.0,5.0,4
1410750,5.0,5.0,4
1410800,5.0,5.0,4
1410850,5.0,5.0,4
1410900,5.0,5.0,4
1410950,5.0,5.0,4
1411000,5.0,5.0,4
1411050,5.0,5.0,4
1411100,5.0,5.0,4
1411150,5.0,5.0,4
1411200,5.0,5.0,4
1411250,5.0,5.0,4
1411300,5.0,5.0,4
1411350,5.0,5.0,4
1411400,5.0,5.0,4
1411450,5.0,5.0,4
1411500,5.0,5.0,4
1411550,5.0,5.0,4
1411600,5.0,5.0,4
1411650,5.0,5.0,4
1411700,5.0,5.0,4
1411750,5.0,5.0,4
1411800,5.0,5.0,4
1411850,5.0,5.0,4
1411900,5.0,5.0,4
1411950,5.0,5.0,4
1412000,5.0,5.0,4
1412050,5.0,5.0,4
1412100,5.0,5.0,4
1412150,5.0,5.0,4
1412200,5.0,5.0,4
1412250,5.0,5.0,4
1412300,5.0,5.0,4
1412350,5.0,5.0,4
1412400,5.0,5.0,4
1412450,5.0,5.0,4
1412500,5.0,5.0,4
1412550,5.0,5.0,4
1412600,5.0,5.0,4
1412650,5.0,5.0,4
1412700,5.0,5.0,4
1412750,5.0,5.0,4
1412800,5.0,5.0,4
1412850,5.0,5.0,4
1412900,5.0,5.0,4
1412950,5.0,5.0,4
1413000,5.0,5.0,4
1413050,5.0,5.0,4
1413100,5.0,5.0,4
1413150,5.0,5.0,4
1413200,5.0,5.0,4
1413250,5.0,5.0,4
1413300,5.0,5.0,4
1413350,5.0,5.0,4
1413400,5.0,5.0,4
1413450,5.0,5.0,4
1413500,5.0,5.0,4
1413550,5.0,5.0,4
1413600,5.0,5.0,4
1413650,5.0,5.0,4
1413700,5.0,5.0,4
1413750,5.0,5.0,4
1413800,5.0,5.0,4
1413850,5.0,5.0,4
1413900,5.0,5.0,4
1413950,5.0,5.0,4
1414000,5.0,5.0,4
1414050,5.0,5.0,4
1414100,5.0,5.0,4
1414150,5.0,5.0,4
1414200,5.0,5.0,4
1414250,5.0,5.0,4
1414300,5.0,5.0,4
1414350,5.0,5.0,4
1414400,5.0,5.0,4
1414450,5.0,5.0,4
1414500,5.0,5.0,4
1414550,5.0,5.0,4
1414600,5.0,5.0,4
1414650,5.0,5.0,4
1414700,5.0,5.0,4
1414750,5.0,5.0,4
1414800,5.0,5.0,4
1414850,5.0,5.0,4
1414900,5.0,5.0,4
1414950,5.0,5.0,4
1415000,5.0,5.0,4
1415050,5.0,5.0,4
1415100,5.0,5.0,4
1415150,5.0,5.0,4
1415200,5.0,5.0,4
1415250,5.0,5.0,4
1415300,5.0,5.0,4
1415350,5.0,5.0,4
1415400,5.0,5.0,4
1415450,5.0,5.0,4
1415500,5.0,5.0,4
1415550,5.0,5.0,4
1415600,5.0,5.0,4
1415650,5.0,5.0,4
1415700,5.0,5.0,4
1415750,5.0,5.0,4
1415800,5.0,5.0,4
1415850,5.0,5.0,4
1415900,5.0,5.0,4
1415950,5.0,5.0,4
1416000,5.0,5.0,4
1416050,5.0,5.0,4
1416100,5.0,5.0,4
1416150,5.0,5.0,4
1416200,5.0,5.0,4
1416250,5.0,5.0,4
1416300,5.0,5.0,4
1416350,5.0,5.0,4
1416400,5.0,5.0,4
1416450,5.0,5.0,4
1416500,5.0,5.0,4
1416550,5.0,5.0,4
1416600,5.0,5.0,4
1416650,5.0,5.0,4
1416700,5.0,5.0,4
1416750,5.0,5.0,4
1416800,5.0,5.0,4
1416850,5.0,5.0,4
1416900,5.0,5.0,4
1416950,5.0,5.0,4
1417000,5.0,5.0,4
1417050,5.0,5.0,4
1417100,5.0,5.0,4
1417150,5.0,5.0,4
1417200,5.0,5.0,4
1417250,5.0,5.0,4
1417300,5.0,5.0,4
1417350,5.0,5.0,4
1417400,5.0,5.0,4
1417450,5.0,5.0,4
1417500,5.0,5.0,4
1417550,5.0,5.0,4
1417600,5.0,5.0,4
1417650,5.0,5.0,4
1417700,5.0,5.0,4
1417750,5.0,5.0,4
1417800,5.0,5.0,4
1417850,5.0,5.0,4
1417900,5.0,5.0,4
1417950,5.0,5.0,4
1418000,5.0,5.0,4
1418050,5.0,5.0,4
1418100,5.0,5.0,4
1418150,5.0,5.0,4
1418200,5.0,5.0,4
1418250,5.0,5.0,4
1418300,5.0,5.0,4
1418350,5.0,5.0,4
1418400,5.0,5.0,4
1418450,5.0,5.0,4
1418500,5.0,5.0,4
1418550,5.0,5.0,4
1418600,5.0,5.0,4
1418650,5.0,5.0,4
1418700,5.0,5.0,4
1418750,5.0,5.0,4
1418800,5.0,5.0,4
1418850,5.0,5.0,4
1418900,5.0,5.0,4
1418950,5.0,5.0,4
1419000,5.0,5.0,4
1419050,5.0,5.0,4
1419100,5.0,5.0,4
1419150,5.0,5.0,4
1419200,5.0,5.0,4
1419250,5.0,5.0,4
1419300,5.0,5.0,4
1419350,5.0,5.0,4
1419400,5.0,5.0,4
1419450,5.0,5.0,4
1419500,5.0,5.0,4
1419550,5.0,5.0,4
1419600,5.0,5.0,4
1419650,5.0,5.0,4
1419700,5.0,5.0,4
1419750,5.0,5.0,4
1419800,5.0,5.0,4
1419850,5.0,5.0,4
1419900,5.0,5.0,4
1419950,5.0,5.0,4
1420000,5.0,5.0,4
1420050,5.0,5.0,4
1420100,5.0,5.0,4
1420150,5.0,5.0,4
1420200,5.0,5.0,4
1420250,5.0,5.0,4
1420300,5.0,5.0,4
1420350,5.0,5.0,4
1420400,5.0,5.0,4
1420450,5.0,5.0,4
1420500,5.0,5.0,4
1420550,5.0,5.0,4
1420600,5.0,5.0,4
1420650,5.0,5.0,4
1420700,5.0,5.0,4
1420750,5.0,5.0,4
1420800,5.0,5.0,4
1420850,5.0,5.0,4
1420900,5.0,5.0,4
1420950,5.0,5.0,4
1421000,5.0,5.0,4
1421050,5.0,5.0,4
1421100,5.0,5.0,4
1421150,5.0,5.0,4
1421200,5.0,5.0,4
1421250,5.0,5.0,4
1421300,5.0,5.0,4
1421350,5.0,5.0,4
1421400,5.0,5.0,4
1421450,5.0,5.0,4
1421500,5.0,5.0,4
1421550,5.0,5.0,4
1421600,5.0,5.0,4
1421650,5.0,5.0,4
1421700,5.0,5.0,4
1421750,5.0,5.0,4
1421800,5.0,5.0,4
1421850,5.0,5.0,4
1421900,5.0,5.0,4
1421950,5.0,5.0,4
1422000,5.0,5.0,4
1422050,5.0,5.0,4
1422100,5.0,5.0,4
1422150,5.0,5.0,4
1422200,5.0,5.0,4
1422250,5.0,5.0,4
1422300,5.0,5.0,4
1422350,5.0,5.0,4
1422400,5.0,5.0,4
1422450,5.0,5.0,4
1422500,5.0,5.0,4
1422550,5.0,5.0,4
1422600,5.0,5.0,4
1422650,5.0,5.0,4
1422700,5.0,5.0,4
1422750,5.0,5.0,4
1422800,5.0,5.0,4
1422850,5.0,5.0,4
1422900,5.0,5.0,4
1422950,5.0,5.0,4
1423000,5.0,5.0,4
1423050,5.0,5.0,4
1423100,5.0,5.0,4
1423150,5.0,5.0,4
1423200,5.0,5.0,4
1423250,5.0,5.0,4
1423300,5.0,5.0,4
1423350,5.0,5.0,4
1423400,5.0,5.0,4
1423450,5.0,5.0,4
1423500,5.0,5.0,4
1423550,5.0,5.0,4
1423600,5.0,5.0,4
1423650,5.0,5.0,4
1423700,5.0,5.0,4
1423750,5.0,5.0,4
1423800,5.0,5.0,4
1423850,5.0,5.0,4
1423900,5.0,5.0,4
1423950,5.0,5.0,4
1424000,5.0,5.0,4
1424050,5.0,5.0,4
1424100,5.0,5.0,4
1424150,5.0,5.0,4
1424200,5.0,5.0,4
1424250,5.0,5.0,4
1424300,5.0,5.0,4
1424350,5.0,5.0,4
1424400,5.0,5.0,4
1424450,5.0,5.0,4
1424500,5.0,5.0,4
1424550,5.0,5.0,4
1424600,5.0,5.0,4
1424650,5.0,5.0,4
1424700,5.0,5.0,4
1424750,5.0,5.0,4
1424800,5.0,5.0,4
1424850,5.0,5.0,4
1424900,5.0,5.0,4
1424950,5.0,5.0,4
1425000,5.0,5.0,4
1425050,5.0,5.0,4
1425100,5.0,5.0,4
1425150,5.0,5.0,4
1425200,5.0,5.0,4
1425250,5.0,5.0,4
1425300,5.0,5.0,4
1425350,5.0,5.0,4
1425400,5.0,5.0,4
1425450,5.0,5.0,4
1425500,5.0,5.0,4
1425550,5.0,5.0,4
1425600,5.0,5.0,4
1425650,5.0,5.0,4
1425700,5.0,5.0,4
1425750,5.0,5.0,4
1425800,5.0,5.0,4
1425850,5.0,5.0,4
1425900,5.0,5.0,4
1425950,5.0,5.0,4
1426000,5.0,5.0,4
1426050,5.0,5.0,4
1426100,5.0,5.0,4
1426150,5.0,5.0,4
1426200,5.0,5.0,4
1426250,5.0,5.0,4
1426300,5.0,5.0,4
1426350,5.0,5.0,4
1426400,5.0,5.0,4
1426450,5.0,5.0,4
1426500,5.0,5.0,4
1426550,5.0,5.0,4
1426600,5.0,5.0,4
1426650,5.0,5.0,4
1426700,5.0,5.0,4
1426750,5.0,5.0,4
1426800,5.0,5.0,4
1426850,5.0,5.0,4
1426900,5.0,5.0,4
1426950,5.0,5.0,4
1427000,5.0,5.0,4
1427050,5.0,5.0,4
1427100,5.0,5.0,4
1427150,5.0,5.0,4
1427200,5.0,5.0,4
1427250,5.0,5.0,4
1427300,5.0,5.0,4
1427350,5.0,5.0,4
1427400,5.0,5.0,4
1427450,5.0,5.0,4
1427500,5.0,5.0,4
1427550,5.0,5.0,4
1427600,5.0,5.0,4
1427650,5.0,5.0,4
1427700,5.0,5.0,4
1427750,5.0,5.0,4
1427800,5.0,5.0,4
1427850,5.0,5.0,4
1427900,5.0,5.0,4
1427950,5.0,5.0,4
1428000,5.0,5.0,4
1428050,5.0,5.0,4
1428100,5.0,5.0,4
1428150,5.0,5.0,4
1428200,5.0,5.0,4
1428250,5.0,5.0,4
1428300,5.0,5.0,4
1428350,5.0,5.0,4
1428400,5.0,5.0,4
1428450,5.0,5.0,4
1428500,5.0,5.0,4
1428550,5.0,5.0,4
1428600,5.0,5.0,4
1428650,5.0,5.0,4
1428700,5.0,5.0,4
1428750,5.0,5.0,4
1428800,5.0,5.0,4
1428850,5.0,5.0,4
1428900,5.0,5.0,4
1428950,5.0,5.0,4
1429000,5.0,5.0,4
1429050,5.0,5.0,4
1429100,5.0,5.0,4
1429150,5.0,5.0,4
1429200,5.0,5.0,4
1429250,5.0,5.0,4
1429300,5.0,5.0,4
1429350,5.0,5.0,4
1429400,5.0,5.0,4
1429450,5.0,5.0,4
1429500,5.0,5.0,4
1429550,5.0,5.0,4
1429600,5.0,5.0,4
1429650,5.0,5.0,4
1429700,5.0,5.0,4
1429750,5.0,5.0,4
1429800,5.0,5.0,4
1429850,5.0,5.0,4
1429900,5.0,5.0,4
1429950,5.0,5.0,4
1430000,5.0,5.0,4
1430050,5.0,5.0,4
1430100,5.0,5.0,4
1430150,5.0,5.0,4
1430200,5.0,5.0,4
1430250,5.0,5.0,4
1430300,5.0,5.0,4
1430350,5.0,5.0,4
1430400,5.0,5.0,4
1430450,5.0,5.0,4
1430500,5.0,5.0,4
1430550,5.0,5.0,4
1430600,5.0,5.0,4
1430650,5.0,5.0,4
1430700,5.0,5.0,4
1430750,5.0,5.0,4
1430800,5.0,5.0,4
1430850,5.0,5.0,4
1430900,5.0,5.0,4
1430950,5.0,5.0,4
1431000,5.0,5.0,4
1431050,5.0,5.0,4
1431100,5.0,5.0,4
1431150,5.0,5.0,4
1431200,5.0,5.0,4
1431250,5.0,5.0,4
1431300,5.0,5.0,4
1431350,5.0,5.0,4
1431400,5.0,5.0,4
1431450,5.0,5.0,4
1431500,5.0,5.0,4
1431550,5.0,5.0,4
1431600,5.0,5.0,4
1431650,5.0,5.0,4
1431700,5.0,5.0,4
1431750,5.0,5.0,4
1431800,5.0,5.0,4
1431850,5.0,5.0,4
1431900,5.0,5.0,4
1431950,5.0,5.0,4
1432000,5.0,5.0,4
1432050,5.0,5.0,4
1432100,5.0,5.0,4
1432150,5.0,5.0,4
1432200,5.0,5.0,4
1432250,5.0,5.0,4
1432300,5.0,5.0,4
1432350,5.0,5.0,4
1432400,5.0,5.0,4
1432450,5.0,5.0,4
1432500,5.0,5.0,4
1432550,5.0,5.0,4
1432600,5.0,5.0,4
1432650,5.0,5.0,4
1432700,5.0,5.0,4
1432750,5.0,5.0,4
1432800,5.0,5.0,4
1432850,5.0,5.0,4
1432900,5.0,5.0,4
1432950,5.0,5.0,4
1433000,5.0,5.0,4
1433050,5.0,5.0,4
1433100,5.0,5.0,4
1433150,5.0,5.0,4
1433200,5.0,5.0,4
1433250,5.0,5.0,4
1433300,5.0,5.0,4
1433350,5.0,5.0,4
1433400,5.0,5.0,4
1433450,5.0,5.0,4
1433500,5.0,5.0,4
1433550,5.0,5.0,4
1433600,5.0,5.0,4
1433650,5.0,5.0,4
1433700,5.0,5.0,4
1433750,5.0,5.0,4
1433800,5.0,5.0,4
1433850,5.0,5.0,4
1433900,5.0,5.0,4
1433950,5.0,5.0,4
1434000,5.0,5.0,4
1434050,5.0,5.0,4
1434100,5.0,5.0,4
1434150,5.0,5.0,4
1434200,5.0,5.0,4
1434250,5.0,5.0,4
1434300,5.0,5.0,4
1434350,5.0,5.0,4
1434400,5.0,5.0,4
1434450,5.0,5.0,4
1434500,5.0,5.0,4
1434550,5.0,5.0,4
1434600,5.0,5.0,4
1434650,5.0,5.0,4
1434700,5.0,5.0,4
1434750,5.0,5.0,4
1434800,5.0,5.0,4
1434850,5.0,5.0,4
1434900,5.0,5.0,4
1434950,5.0,5.0,4
1435000,5.0,5.0,4
1435050,5.0,5.0,4
1435100,5.0,5.0,4
1435150,5.0,5.0,4
1435200,5.0,5.0,4
1435250,5.0,5.0,4
1435300,5.0,5.0,4
1435350,5.0,5.0,4
1435400,5.0,5.0,4
1435450,5.0,5.0,4
1435500,5.0,5.0,4
1435550,5.0,5.0,4
1435600,5.0,5.0,4
1435650,5.0,5.0,4
1435700,5.0,5.0,4
1435750,5.0,5.0,4
1435800,5.0,5.0,4
1435850,5.0,5.0,4
1435900,5.0,5.0,4
1435950,5.0,5.0,4
1436000,5.0,5.0,4
1436050,5.0,5.0,4
1436100,5.0,5.0,4
1436150,5.0,5.0,4
1436200,5.0,5.0,4
1436250,5.0,5.0,4
1436300,5.0,5.0,4
1436350,5.0,5.0,4
1436400,5.0,5.0,4
1436450,5.0,5.0,4
1436500,5.0,5.0,4
1436550,5.0,5.0,4
1436600,5.0,5.0,4
1436650,5.0,5.0,4
1436700,5.0,5.0,4
1436750,5.0,5.0,4
1436800,5.0,5.0,4
1436850,5.0,5.0,4
1436900,5.0,5.0,4
1436950,5.0,5.0,4
1437000,5.0,5.0,4
1437050,5.0,5.0,4
1437100,5.0,5.0,4
1437150,5.0,5.0,4
1437200,5.0,5.0,4
1437250,5.0,5.0,4
1437300,5.0,5.0,4
1437350,5.0,5.0,4
1437400,5.0,5.0,4
1437450,5.0,5.0,4
1437500,5.0,5.0,4
1437550,5.0,5.0,4
1437600,5.0,5.0,4
1437650,5.0,5.0,4
1437700,5.0,5.0,4
1437750,5.0,5.0,4
1437800,5.0,5.0,4
1437850,5.0,5.0,4
1437900,5.0,5.0,4
1437950,5.0,5.0,4
1438000,5.0,5.0,4
1438050,5.0,5.0,4
1438100,5.0,5.0,4
1438150,5.0,5.0,4
1438200,5.0,5.0,4
1438250,5.0,5.0,4
1438300,5.0,5.0,4
1438350,5.0,5.0,4
1438400,5.0,5.0,4
1438450,5.0,5.0,4
1438500,5.0,5.0,4
1438550,5.0,5.0,4
1438600,5.0,5.0,4
1438650,5.0,5.0,4
1438700,5.0,5.0,4
1438750,5.0,5.0,4
1438800,5.0,5.0,4
1438850,5.0,5.0,4
1438900,5.0,5.0,4
1438950,5.0,5.0,4
1439000,5.0,5.0,4
1439050,5.0,5.0,4
1439100,5.0,5.0,4
1439150,5.0,5.0,4
1439200,5.0,5.0,4
1439250,5.0,5.0,4
1439300,5.0,5.0,4
1439350,5.0,5.0,4
1439400,5.0,5.0,4
1439450,5.0,5.0,4
1439500,5.0,5.0,4
1439550,5.0,5.0,4
1439600,5.0,5.0,4
1439650,5.0,5.0,4
1439700,5.0,5.0,4
1439750,5.0,5.0,4
1439800,5.0,5.0,4
1439850,5.0,5.0,4
1439900,5.0,5.0,4
1439950,5.0,5.0,4
1440000,5.0,5.0,4
1440050,5.0,5.0,4
1440100,5.0,5.0,4
1440150,5.0,5.0,4
1440200,5.0,5.0,4
1440250,5.0,5.0,4
1440300,5.0,5.0,4
1440350,5.0,5.0,4
1440400,5.0,5.0,4
1440450,5.0,5.0,4
1440500,5.0,5.0,4
1440550,5.0,5.0,4
1440600,5.0,5.0,4
1440650,5.0,5.0,4
1440700,5.0,5.0,4
1440750,5.0,5.0,4
1440800,5.0,5.0,4
1440850,5.0,5.0,4
1440900,5.0,5.0,4
1440950,5.0,5.0,4
1441000,5.0,5.0,4
1441050,5.0,5.0,4
1441100,5.0,5.0,4
1441150,5.0,5.0,4
1441200,5.0,5.0,4
1441250,5.0,5.0,4
1441300,5.0,5.0,4
1441350,5.0,5.0,4
1441400,5.0,5.0,4
1441450,5.0,5.0,4
1441500,5.0,5.0,4
1441550,5.0,5.0,4
1441600,5.0,5.0,4
1441650,5.0,5.0,4
1441700,5.0,5.0,4
1441750,5.0,5.0,4
1441800,5.0,5.0,4
1441850,5.0,5.0,4
1441900,5.0,5.0,4
1441950,5.0,5.0,4
1442000,5.0,5.0,4
1442050,5.0,5.0,4
1442100,5.0,5.0,4
1442150,5.0,5.0,4
1442200,5.0,5.0,4
1442250,5.0,5.0,4
1442300,5.0,5.0,4
1442350,5.0,5.0,4
1442400,5.0,5.0,4
1442450,5.0,5.0,4
1442500,5.0,5.0,4
1442550,5.0,5.0,4
1442600,5.0,5.0,4
1442650,5.0,5.0,4
1442700,5.0,5.0,4
1442750,5.0,5.0,4
1442800,5.0,5.0,4
1442850,5.0,5.0,4
1442900,5.0,5.0,4
1442950,5.0,5.0,4
1443000,5.0,5.0,4
1443050,5.0,5.0,4
1443100,5.0,5.0,4
1443150,5.0,5.0,4
1443200,5.0,5.0,4
1443250,5.0,5.0,4
1443300,5.0,5.0,4
1443350,5.0,5.0,4
1443400,5.0,5.0,4
1443450,5.0,5.0,4
1443500,5.0,5.0,4
1443550,5.0,5.0,4
1443600,5.0,5.0,4
1443650,5.0,5.0,4
1443700,5.0,5.0,4
1443750,5.0,5.0,4
1443800,5.0,5.0,4
1443850,5.0,5.0,4
1443900,5.0,5.0,4
1443950,5.0,5.0,4
1444000,5.0,5.0,4
1444050,5.0,5.0,4
1444100,5.0,5.0,4
1444150,5.0,5.0,4
1444200,5.0,5.0,4
1444250,5.0,5.0,4
1444300,5.0,5.0,4
1444350,5.0,5.0,4
1444400,5.0,5.0,4
1444450,5.0,5.0,4
1444500,5.0,5.0,4
1444550,5.0,5.0,4
1444600,5.0,5.0,4
1444650,5.0,5.0,4
1444700,5.0,5.0,4
1444750,5.0,5.0,4
1444800,5.0,5.0,4
1444850,5.0,5.0,4
1444900,5.0,5.0,4
1444950,5.0,5.0,4
1445000,5.0,5.0,4
1445050,5.0,5.0,4
1445100,5.0,5.0,4
1445150,5.0,5.0,4
1445200,5.0,5.0,4
1445250,5.0,5.0,4
1445300,5.0,5.0,4
1445350,5.0,5.0,4
1445400,5.0,5.0,4
1445450,5.0,5.0,4
1445500,5.0,5.0,4
1445550,5.0,5.0,4
1445600,5.0,5.0,4
1445650,5.0,5.0,4
1445700,5.0,5.0,4
1445750,5.0,5.0,4
1445800,5.0,5.0,4
1445850,5.0,5.0,4
1445900,5.0,5.0,4
1445950,5.0,5.0,4
1446000,5.0,5.0,4
1446050,5.0,5.0,4
1446100,5.0,5.0,4
1446150,5.0,5.0,4
1446200,5.0,5.0,4
1446250,5.0,5.0,4
1446300,5.0,5.0,4
1446350,5.0,5.0,4
1446400,5.0,5.0,4
1446450,5.0,5.0,4
1446500,5.0,5.0,4
1446550,5.0,5.0,4
1446600,5.0,5.0,4
1446650,5.0,5.0,4
1446700,5.0,5.0,4
1446750,5.0,5.0,4
1446800,5.0,5.0,4
1446850,5.0,5.0,4
1446900,5.0,5.0,4
1446950,5.0,5.0,4
1447000,5.0,5.0,4
1447050,5.0,5.0,4
1447100,5.0,5.0,4
1447150,5.0,5.0,4
1447200,5.0,5.0,4
1447250,5.0,5.0,4
1447300,5.0,5.0,4
1447350,5.0,5.0,4
1447400,5.0,5.0,4
1447450,5.0,5.0,4
1447500,5.0,5.0,4
1447550,5.0,5.0,4
1447600,5.0,5.0,4
1447650,5.0,5.0,4
1447700,5.0,5.0,4
1447750,5.0,5.001,4
1447800,5.0,5.006,4
1447850,5.0,5.017,4
1447900,5.0,5.03,4
1447950,5.0,5.039,4
1448000,5.0,5.046,4
1448050,5.0,5.048,4
1448100,5.0,5.056,4
1448150,5.0,5.066,4
1448200,5.0,5.066,4
1448250,5.0,5.068,4
1448300,5.0,5.069,4
1448350,5.0,5.073,4
1448400,5.0,5.073,4
1448450,5.0,5.073,4
1448500,5.0,5.073,4
1448550,5.0,5.073,4
1448600,5.0,5.073,4
1448650,5.0,5.073,4
1448700,5.0,5.073,4
1448750,5.0,5.073,4
1448800,5.0,5.073,4
1448850,5.0,5.073,4
1448900,5.0,5.073,4
1448950,5.0,5.073,4
1449000,5.0,5.073,4
1449050,5.0,5.073,4
1449100,5.0,5.073,4
1449150,5.0,5.073,4
1449200,5.0,5.073,4
1449250,5.0,5.073,4
1449300,5.0,5.073,4
1449350,5.0,5.073,4
1449400,5.0,5.073,4
1449450,5.0,5.073,4
1449500,5.0,5.073,4
1449550,5.0,5.073,4
1449600,5.0,5.073,4
1449650,5.0,5.073,4
1449700,5.0,5.073,4
1449750,5.0,5.073,4
1449800,5.0,5.073,4
1449850,5.0,5.073,4
1449900,5.0,5.074,4
1449950,5.0,5.08,4
1450000,5.0,5.08,4
1450050,5.0,5.082,4
1450100,5.0,5.094,4
1450150,5.0,5.104,4
1450200,5.0,5.104,4
1450250,5.0,5.106,4
1450300,5.0,5.106,4
1450350,5.0,5.106,4
1450400,5.0,5.107,4
1450450,5.0,5.109,4
1450500,5.0,5.109,4
1450550,5.0,5.109,4
1450600,5.0,5.111,4
1450650,5.0,5.112,4
1450700,5.0,5.116,4
1450750,5.0,5.116,4
1450800,5.0,5.117,4
1450850,5.0,5.122,4
1450900,5.0,5.122,4
1450950,5.0,5.122,4
1451000,5.0,5.123,4
1451050,5.0,5.126,4
1451100,5.0,5.126,4
1451150,5.0,5.127,4
1451200,5.0,5.129,4
1451250,5.0,5.13,4
1451300,5.0,5.132,4
1451350,5.0,5.135,4
1451400,5.0,5.143,4
1451450,5.0,5.143,4
1451500,5.0,5.143,4
1451550,5.0,5.144,4
1451600,5.0,5.144,4
1451650,5.0,5.144,4
1451700,5.0,5.144,4
1451750,5.0,5.144,4
1451800,5.0,5.144,4
1451850,5.0,5.144,4
1451900,5.0,5.144,4
1451950,5.0,5.144,4
1452000,5.0,5.144,4
1452050,5.0,5.144,4
1452100,5.0,5.144,4
1452150,5.0,5.144,4
1452200,5.0,5.144,4
1452250,5.0,5.144,4
1452300,5.0,5.144,4
1452350,5.0,5.144,4
1452400,5.0,5.144,4
1452450,5.0,5.144,4
1452500,5.0,5.144,4
1452550,5.0,5.144,4
1452600,5.0,5.144,4
1452650,5.0,5.144,4
1452700,5.0,5.144,4
1452750,5.0,5.144,4
1452800,5.0,5.144,4
1452850,5.0,5.144,4
1452900,5.0,5.144,4
1452950,5.0,5.144,4
1453000,5.0,5.144,4
1453050,5.0,5.144,4
1453100,5.0,5.144,4
1453150,5.0,5.144,4
1453200,5.0,5.144,4
1453250,5.0,5.144,4
1453300,5.0,5.144,4
1453350,5.0,5.144,4
1453400,5.0,5.144,4
1453450,5.0,5.144,4
1453500,5.0,5.144,4
1453550,5.0,5.144,4
1453600,5.0,5.144,4
1453650,5.0,5.144,4
1453700,5.0,5.144,4
1453750,5.0,5.144,4
1453800,5.0,5.144,4
1453850,5.0,5.144,4
1453900,5.0,5.144,4
1453950,5.0,5.144,4
1454000,5.0,5.144,4
1454050,5.0,5.144,4
1454100,5.0,5.144,4
1454150,5.0,5.144,4
1454200,5.0,5.144,4
1454250,5.0,5.144,4
1454300,5.0,5.144,4
1454350,5.0,5.144,4
1454400,5.0,5.144,4
1454450,5.0,5.144,4
1454500,5.0,5.144,4
1454550,5.0,5.144,4
1454600,5.0,5.144,4
1454650,5.0,5.144,4
1454700,5.0,5.144,4
1454750,5.0,5.144,4
1454800,5.0,5.144,4
1454850,5.0,5.143,4
1454900,5.0,5.143,4
1454950,5.0,5.143,4
1455000,5.0,5.142,4
1455050,5.0,5.137,4
1455100,5.0,5.136,4
1455150,5.0,5.133,4
1455200,5.0,5.133,4
1455250,5.0,5.132,4
1455300,5.0,5.131,4
1455350,5.0,5.129,4
1455400,5.0,5.127,4
1455450,5.0,5.122,4
1455500,5.0,5.117,4
1455550,5.0,5.113,4
1455600,5.0,5.111,4
1455650,5.0,5.11,4
1455700,5.0,5.105,4
1455750,5.0,5.101,4
1455800,5.0,5.1,4
1455850,5.0,5.094,4
1455900,5.0,5.093,4
1455950,5.0,5.09,4
1456000,5.0,5.089,4
1456050,5.0,5.085,4
1456100,5.0,5.085,4
1456150,5.0,5.085,4
1456200,5.0,5.085,4
1456250,5.0,5.084,4
1456300,5.0,5.079,4
1456350,5.0,5.076,4
1456400,5.0,5.074,4
1456450,5.0,5.073,4
1456500,5.0,5.067,4
1456550,5.0,5.064,4
1456600,5.0,5.06,4
1456650,5.0,5.055,4
1456700,5.0,5.052,4
1456750,5.0,5.044,4
1456800,5.0,5.038,4
1456850,5.0,5.038,4
1456900,5.0,5.038,4
1456950,5.0,5.037,4
1457000,5.0,5.036,4
1457050,5.0,5.034,4
1457100,5.0,5.034,4
1457150,5.0,5.034,4
1457200,5.0,5.034,4
1457250,5.0,5.034,4
1457300,5.0,5.034,4
1457350,5.0,5.034,4
1457400,5.0,5.034,4
1457450,5.0,5.034,4
1457500,5.0,5.034,4
1457550,5.0,5.034,4
1457600,5.0,5.034,4
1457650,5.0,5.034,4
1457700,5.0,5.034,4
1457750,5.0,5.034,4
1457800,5.0,5.034,4
1457850,5.0,5.034,4
1457900,5.0,5.034,4
1457950,5.0,5.034,4
1458000,5.0,5.034,4
1458050,5.0,5.034,4
1458100,5.0,5.034,4
1458150,5.0,5.034,4
1458200,5.0,5.034,4
1458250,5.0,5.034,4
1458300,5.0,5.034,4
1458350,5.0,5.034,4
1458400,5.0,5.034,4
1458450,5.0,5.034,4
1458500,5.0,5.034,4
1458550,5.0,5.034,4
1458600,5.0,5.034,4
1458650,5.0,5.034,4
1458700,5.0,5.034,4
1458750,5.0,5.034,4
1458800,5.0,5.034,4
1458850,5.0,5.034,4
1458900,5.0,5.034,4
1458950,5.0,5.034,4
1459000,5.0,5.034,4
1459050,5.0,5.034,4
1459100,5.0,5.034,4
1459150,5.0,5.034,4
1459200,5.0,5.034,4
1459250,5.0,5.034,4
1459300,5.0,5.034,4
1459350,5.0,5.034,4
1459400,5.0,5.034,4
1459450,5.0,5.034,4
1459500,5.0,5.034,4
1459550,5.0,5.034,4
1459600,5.0,5.034,4
1459650,5.0,5.034,4
1459700,5.0,5.034,4
1459750,5.0,5.034,4
1459800,5.0,5.034,4
1459850,5.0,5.034,4
1459900,5.0,5.034,4
1459950,5.0,5.034,4
1460000,5.0,5.034,4
1460050,5.0,5.034,4
1460100,5.0,5.034,4
1460150,5.0,5.034,4
1460200,5.0,5.034,4
1460250,5.0,5.034,4
1460300,5.0,5.034,4
1460350,5.0,5.034,4
1460400,5.0,5.034,4
1460450,5.0,5.034,4
1460500,5.0,5.034,4
1460550,5.0,5.034,4
1460600,5.0,5.034,4
1460650,5.0,5.034,4
1460700,5.0,5.034,4
1460750,5.0,5.034,4
1460800,5.0,5.034,4
1460850,5.0,5.034,4
1460900,5.0,5.034,4
1460950,5.0,5.034,4
1461000,5.0,5.034,4
1461050,5.0,5.034,4
1461100,5.0,5.034,4
1461150,5.0,5.034,4
1461200,5.0,5.034,4
1461250,5.0,5.034,4
1461300,5.0,5.034,4
1461350,5.0,5.034,4
1461400,5.0,5.034,4
1461450,5.0,5.034,4
1461500,5.0,5.034,4
1461550,5.0,5.034,4
1461600,5.0,5.034,4
1461650,5.0,5.034,4
1461700,5.0,5.034,4
1461750,5.0,5.034,4
1461800,5.0,5.034,4
1461850,5.0,5.034,4
1461900,5.0,5.034,4
1461950,5.0,5.034,4
1462000,5.0,5.034,4
1462050,5.0,5.034,4
1462100,5.0,5.034,4
1462150,5.0,5.034,4
1462200,5.0,5.033,4
1462250,5.0,5.032,4
1462300,5.0,5.032,4
1462350,5.0,5.032,4
1462400,5.0,5.032,4
1462450,5.0,5.031,4
1462500,5.0,5.026,4
1462550,5.0,5.025,4
1462600,5.0,5.019,4
1462650,5.0,5.014,4
1462700,5.0,5.013,4
1462750,5.0,5.007,4
1462800,5.0,5.007,4
1462850,5.0,5.006,4
1462900,5.0,5.001,4
1462950,5.0,5.001,4
1463000,5.0,5.0,4
1463050,5.0,5.0,4
1463100,5.0,5.0,4
1463150,5.0,5.0,4
1463200,5.0,5.0,4
1463250,5.0,5.0,4
1463300,5.0,5.0,4
1463350,5.0,5.0,4
1463400,5.0,5.0,4
1463450,5.0,5.0,4
1463500,5.0,5.0,4
1463550,5.0,5.0,4
1463600,5.0,5.0,4
1463650,5.0,5.0,4
1463700,5.0,5.0,4
1463750,5.0,5.0,4
1463800,5.0,5.0,4
1463850,5.0,5.0,4
1463900,5.0,5.0,4
1463950,5.0,5.0,4
1464000,5.0,5.0,4
1464050,5.0,5.0,4
1464100,5.0,5.0,4
1464150,5.0,5.0,4
1464200,5.0,5.0,4
1464250,5.0,5.0,4
1464300,5.0,5.0,4
1464350,5.0,5.0,4
1464400,5.0,5.0,4
1464450,5.0,5.0,4
1464500,5.0,5.0,4
1464550,5.0,5.0,4
1464600,5.0,5.0,4
1464650,5.0,5.0,4
1464700,5.0,5.0,4
1464750,5.0,5.0,4
1464800,5.0,5.0,4
1464850,5.0,5.0,4
1464900,5.0,5.0,4
1464950,5.0,5.0,4
1465000,5.0,5.0,4
1465050,5.0,5.0,4
1465100,5.0,5.0,4
1465150,5.0,5.0,4
1465200,5.0,5.0,4
1465250,5.0,5.0,4
1465300,5.0,5.0,4
1465350,5.0,5.0,4
1465400,5.0,5.0,4
1465450,5.0,5.0,4
1465500,5.0,5.0,4
1465550,5.0,5.0,4
1465600,5.0,5.0,4
1465650,5.0,5.0,4
1465700,5.0,5.0,4
1465750,5.0,5.0,4
1465800,5.0,5.0,4
1465850,5.0,5.0,4
1465900,5.0,5.0,4
1465950,5.0,5.0,4
1466000,5.0,5.0,4
1466050,5.0,5.0,4
1466100,5.0,5.0,4
1466150,5.0,5.0,4
1466200,5.0,5.0,4
1466250,5.0,5.0,4
1466300,5.0,5.0,4
1466350,5.0,5.0,4
1466400,5.0,5.0,4
1466450,5.0,5.0,4
1466500,5.0,5.0,4
1466550,5.0,5.0,4
1466600,5.0,5.0,4
1466650,5.0,5.0,4
1466700,5.0,5.0,4
1466750,5.0,5.0,4
1466800,5.0,5.0,4
1466850,5.0,5.0,4
1466900,5.0,5.0,4
1466950,5.0,5.0,4
1467000,5.0,5.0,4
1467050,5.0,5.0,4
1467100,5.0,5.0,4
1467150,5.0,5.0,4
1467200,5.0,5.0,4
1467250,5.0,5.0,4
1467300,5.0,5.0,4
1467350,5.0,5.0,4
1467400,5.0,5.0,4
1467450,5.0,5.0,4
1467500,5.0,5.0,4
1467550,5.0,5.0,4
1467600,5.0,5.0,4
1467650,5.0,5.0,4
1467700,5.0,5.0,4
1467750,5.0,5.0,4
1467800,5.0,5.0,4
1467850,5.0,5.0,4
1467900,5.0,5.0,4
1467950,5.0,5.0,4
1468000,5.0,5.0,4
1468050,5.0,5.0,4
1468100,5.0,5.0,4
1468150,5.0,5.0,4
1468200,5.0,5.0,4
1468250,5.0,5.0,4
1468300,5.0,5.0,4
1468350,5.0,5.0,4
1468400,5.0,5.0,4
1468450,5.0,5.0,4
1468500,5.0,5.0,4
1468550,5.0,5.0,4
1468600,5.0,5.0,4
1468650,5.0,5.0,4
1468700,5.0,5.0,4
1468750,5.0,5.0,4
1468800,5.0,5.0,4
1468850,5.0,5.0,4
1468900,5.0,5.0,4
1468950,5.0,5.0,4
1469000,5.0,5.0,4
1469050,5.0,5.0,4
1469100,5.0,5.0,4
1469150,5.0,5.0,4
1469200,5.0,5.0,4
1469250,5.0,5.0,4
1469300,5.0,5.0,4
1469350,5.0,5.0,4
1469400,5.0,5.0,4
1469450,5.0,5.0,4
1469500,5.0,5.0,4
1469550,5.0,5.0,4
1469600,5.0,5.0,4
1469650,5.0,5.0,4
1469700,5.0,5.0,4
1469750,5.0,5.0,4
1469800,5.0,5.0,4
1469850,5.0,5.0,4
1469900,5.0,5.0,4
1469950,5.0,5.0,4
1470000,5.0,5.0,4
1470050,5.0,5.0,4
1470100,5.0,5.0,4
1470150,5.0,5.0,4
1470200,5.0,5.0,4
1470250,5.0,5.0,4
1470300,5.0,5.0,4
1470350,5.0,5.0,4
1470400,5.0,5.0,4
1470450,5.0,5.0,4
1470500,5.0,5.0,4
1470550,5.0,5.0,4
1470600,5.0,5.0,4
1470650,5.0,5.0,4
1470700,5.0,5.0,4
1470750,5.0,5.0,4
1470800,5.0,5.0,4
1470850,5.0,5.0,4
1470900,5.0,5.0,4
1470950,5.0,5.0,4
1471000,5.0,5.0,4
1471050,5.0,5.0,4
1471100,5.0,5.0,4
1471150,5.0,5.0,4
1471200,5.0,5.0,4
1471250,5.0,5.0,4
1471300,5.0,5.0,4
1471350,5.0,5.0,4
1471400,5.0,5.0,4
1471450,5.0,5.0,4
1471500,5.0,5.0,4
1471550,5.0,5.0,4
1471600,5.0,5.0,4
1471650,5.0,5.0,4
1471700,5.0,5.0,4
1471750,5.0,5.0,4
1471800,5.0,5.0,4
1471850,5.0,5.0,4
1471900,5.0,5.0,4
1471950,5.0,5.0,4
1472000,5.0,5.0,4
1472050,5.0,5.0,4
1472100,5.0,5.0,4
1472150,5.0,5.0,4
1472200,5.0,5.0,4
1472250,5.0,5.0,4
1472300,5.0,5.0,4
1472350,5.0,5.0,4
1472400,5.0,5.0,4
1472450,5.0,5.0,4
1472500,5.0,5.0,4
1472550,5.0,5.0,4
1472600,5.0,5.0,4
1472650,5.0,5.0,4
1472700,5.0,5.0,4
1472750,5.0,5.0,4
1472800,5.0,5.0,4
1472850,5.0,5.0,4
1472900,5.0,5.0,4
1472950,5.0,5.0,4
1473000,5.0,5.0,4
1473050,5.0,5.0,4
1473100,5.0,5.0,4
1473150,5.0,5.0,4
1473200,5.0,5.0,4
1473250,5.0,5.0,4
1473300,5.0,5.0,4
1473350,5.0,5.0,4
1473400,5.0,5.0,4
1473450,5.0,5.0,4
1473500,5.0,5.0,4
1473550,5.0,5.0,4
1473600,5.0,5.0,4
1473650,5.0,5.0,4
1473700,5.0,5.0,4
1473750,5.0,5.0,4
1473800,5.0,5.0,4
1473850,5.0,5.0,4
1473900,5.0,5.0,4
1473950,5.0,5.0,4
1474000,5.0,5.0,4
1474050,5.0,5.0,4
1474100,5.0,5.0,4
1474150,5.0,5.0,4
1474200,5.0,5.0,4
1474250,5.0,5.0,4
1474300,5.0,5.0,4
1474350,5.0,5.0,4
1474400,5.0,5.0,4
1474450,5.0,5.0,4
1474500,5.0,5.0,4
1474550,5.0,5.0,4
1474600,5.0,5.0,4
1474650,5.0,5.0,4
1474700,5.0,5.0,4
1474750,5.0,5.0,4
1474800,5.0,5.0,4
1474850,5.0,5.0,4
1474900,5.0,5.0,4
1474950,5.0,5.0,4
1475000,5.0,5.0,4
1475050,5.0,5.0,4
1475100,5.0,5.0,4
1475150,5.0,5.0,4
1475200,5.0,5.0,4
1475250,5.0,5.0,4
1475300,5.0,5.0,4
1475350,5.0,5.0,4
1475400,5.0,5.0,4
1475450,5.0,5.0,4
1475500,5.0,5.0,4
1475550,5.0,5.0,4
1475600,5.0,5.0,4
1475650,5.0,5.0,4
1475700,5.0,5.0,4
1475750,5.0,5.0,4
1475800,5.0,5.0,4
1475850,5.0,5.0,4
1475900,5.0,5.0,4
1475950,5.0,5.0,4
1476000,5.0,5.0,4
1476050,5.0,5.0,4
1476100,5.0,5.0,4
1476150,5.0,5.0,4
1476200,5.0,5.0,4
1476250,5.0,5.0,4
1476300,5.0,5.0,4
1476350,5.0,5.0,4
1476400,5.0,5.0,4
1476450,5.0,5.0,4
1476500,5.0,5.0,4
1476550,5.0,5.0,4
1476600,5.0,5.0,4
1476650,5.0,5.0,4
1476700,5.0,5.0,4
1476750,5.0,5.0,4
1476800,5.0,5.0,4
1476850,5.0,5.0,4
1476900,5.0,5.0,4
1476950,5.0,5.0,4
1477000,5.0,5.0,4
1477050,5.0,5.0,4
1477100,5.0,5.0,4
1477150,5.0,5.0,4
1477200,5.0,5.0,4
1477250,5.0,5.0,4
1477300,5.0,5.0,4
1477350,5.0,5.0,4
1477400,5.0,5.0,4
1477450,5.0,5.0,4
1477500,5.0,5.0,4
1477550,5.0,5.0,4
1477600,5.0,5.0,4
1477650,5.0,5.0,4
1477700,5.0,5.0,4
1477750,5.0,5.0,4
1477800,5.0,5.0,4
1477850,5.0,5.0,4
1477900,5.0,5.0,4
1477950,5.0,5.0,4
1478000,5.0,5.0,4
1478050,5.0,5.0,4
1478100,5.0,5.0,4
1478150,5.0,5.0,4
1478200,5.0,5.0,4
1478250,5.0,5.0,4
1478300,5.0,5.0,4
1478350,5.0,5.0,4
1478400,5.0,5.0,4
1478450,5.0,5.0,4
1478500,5.0,5.0,4
1478550,5.0,5.0,4
1478600,5.0,5.0,4
1478650,5.0,5.0,4
1478700,5.0,5.0,4
1478750,5.0,5.0,4
1478800,5.0,5.0,4
1478850,5.0,5.0,4
1478900,5.0,5.0,4
1478950,5.0,5.0,4
1479000,5.0,5.0,4
1479050,5.0,5.0,4
1479100,5.0,5.0,4
1479150,5.0,5.0,4
1479200,5.0,5.0,4
1479250,5.0,5.0,4
1479300,5.0,5.0,4
1479350,5.0,5.0,4
1479400,5.0,5.0,4
1479450,5.0,5.0,4
1479500,5.0,5.0,4
1479550,5.0,5.0,4
1479600,5.0,5.0,4
1479650,5.0,5.0,4
1479700,5.0,5.0,4
1479750,5.0,5.0,4
1479800,5.0,5.0,4
1479850,5.0,5.0,4
1479900,5.0,5.0,4
1479950,5.0,5.0,4
1480000,5.0,5.0,4
1480050,5.0,5.0,4
1480100,5.0,5.0,4
1480150,5.0,5.0,4
1480200,5.0,5.0,4
1480250,5.0,5.0,4
1480300,5.0,5.0,4
1480350,5.0,5.0,4
1480400,5.0,5.0,4
1480450,5.0,5.0,4
1480500,5.0,5.0,4
1480550,5.0,5.0,4
1480600,5.0,5.0,4
1480650,5.0,5.0,4
1480700,5.0,5.0,4
1480750,5.0,5.0,4
1480800,5.0,5.0,4
1480850,5.0,5.0,4
1480900,5.0,5.0,4
1480950,5.0,5.0,4
1481000,5.0,5.0,4
1481050,5.0,5.0,4
1481100,5.0,5.0,4
1481150,5.0,5.0,4
1481200,5.0,5.0,4
1481250,5.0,5.0,4
1481300,5.0,5.0,4
1481350,5.0,5.0,4
1481400,5.0,5.0,4
1481450,5.0,5.0,4
1481500,5.0,5.0,4
1481550,5.0,5.0,4
1481600,5.0,5.0,4
1481650,5.0,5.0,4
1481700,5.0,5.0,4
1481750,5.0,5.0,4
1481800,5.0,5.0,4
1481850,5.0,5.0,4
1481900,5.0,5.0,4
1481950,5.0,5.0,4
1482000,5.0,5.0,4
1482050,5.0,5.0,4
1482100,5.0,5.0,4
1482150,5.0,5.0,4
1482200,5.0,5.0,4
1482250,5.0,5.0,4
1482300,5.0,5.0,4
1482350,5.0,5.0,4
1482400,5.0,5.0,4
1482450,5.0,5.0,4
1482500,5.0,5.0,4
1482550,5.0,5.0,4
1482600,5.0,5.0,4
1482650,5.0,5.0,4
1482700,5.0,5.0,4
1482750,5.0,5.0,4
1482800,5.0,5.0,4
1482850,5.0,5.0,4
1482900,5.0,5.0,4
1482950,5.0,5.0,4
1483000,5.0,5.0,4
1483050,5.0,5.0,4
1483100,5.0,5.0,4
1483150,5.0,5.0,4
1483200,5.0,5.0,4
1483250,5.0,5.0,4
1483300,5.0,5.0,4
1483350,5.0,5.0,4
1483400,5.0,5.0,4
1483450,5.0,5.0,4
1483500,5.0,5.0,4
1483550,5.0,5.0,4
1483600,5.0,5.0,4
1483650,5.0,5.0,4
1483700,5.0,5.0,4
1483750,5.0,5.0,4
1483800,5.0,5.0,4
1483850,5.0,5.0,4
1483900,5.0,5.0,4
1483950,5.0,5.0,4
1484000,5.0,5.0,4
1484050,5.0,5.0,4
1484100,5.0,5.0,4
1484150,5.0,5.0,4
1484200,5.0,5.0,4
1484250,5.0,5.0,4
1484300,5.0,5.0,4
1484350,5.0,5.0,4
1484400,5.0,5.0,4
1484450,5.0,5.0,4
1484500,5.0,5.0,4
1484550,5.0,5.0,4
1484600,5.0,5.0,4
1484650,5.0,5.0,4
1484700,5.0,5.0,4
1484750,5.0,5.0,4
1484800,5.0,5.0,4
1484850,5.0,5.0,4
1484900,5.0,5.0,4
1484950,5.0,5.0,4
1485000,5.0,5.0,4
1485050,5.0,5.0,4
1485100,5.0,5.0,4
1485150,5.0,5.0,4
1485200,5.0,5.0,4
1485250,5.0,5.0,4
1485300,5.0,5.0,4
1485350,5.0,5.0,4
1485400,5.0,5.0,4
1485450,5.0,5.0,4
1485500,5.0,5.0,4
1485550,5.0,5.0,4
1485600,5.0,5.0,4
1485650,5.0,5.0,4
1485700,5.0,5.0,4
1485750,5.0,5.0,4
1485800,5.0,5.0,4
1485850,5.0,5.0,4
1485900,5.0,5.0,4
1485950,5.0,5.0,4
1486000,5.0,5.0,4
1486050,5.0,5.0,4
1486100,5.0,5.0,4
1486150,5.0,5.0,4
1486200,5.0,5.0,4
1486250,5.0,5.0,4
1486300,5.0,5.0,4
1486350,5.0,5.0,4
1486400,5.0,5.0,4
1486450,5.0,5.0,4
1486500,5.0,5.0,4
1486550,5.0,5.0,4
1486600,5.0,5.0,4
1486650,5.0,5.0,4
1486700,5.0,5.0,4
1486750,5.0,5.0,4
1486800,5.0,5.0,4
1486850,5.0,5.0,4
1486900,5.0,5.0,4
1486950,5.0,5.0,4
1487000,5.0,5.0,4
1487050,5.0,5.0,4
1487100,5.0,5.0,4
1487150,5.0,5.0,4
1487200,5.0,5.0,4
1487250,5.0,5.0,4
1487300,5.0,5.0,4
1487350,5.0,5.0,4
1487400,5.0,5.0,4
1487450,5.0,5.0,4
1487500,5.0,5.0,4
1487550,5.0,5.0,4
1487600,5.0,5.0,4
1487650,5.0,5.0,4
1487700,5.0,5.0,4
1487750,5.0,5.0,4
1487800,5.0,5.0,4
1487850,5.0,5.0,4
1487900,5.0,5.0,4
1487950,5.0,5.0,4
1488000,5.0,5.0,4
1488050,5.0,5.0,4
1488100,5.0,5.0,4
1488150,5.0,5.0,4
1488200,5.0,5.0,4
1488250,5.0,5.0,4
1488300,5.0,5.0,4
1488350,5.0,5.0,4
1488400,5.0,5.0,4
1488450,5.0,5.0,4
1488500,5.0,5.0,4
1488550,5.0,5.0,4
1488600,5.0,5.0,4
1488650,5.0,5.0,4
1488700,5.0,5.0,4
1488750,5.0,5.0,4
1488800,5.0,5.0,4
1488850,5.0,5.0,4
1488900,5.0,5.0,4
1488950,5.0,5.0,4
1489000,5.0,5.0,4
1489050,5.0,5.0,4
1489100,5.0,5.0,4
1489150,5.0,5.0,4
1489200,5.0,5.0,4
1489250,5.0,5.0,4
1489300,5.0,5.0,4
1489350,5.0,5.0,4
1489400,5.0,5.0,4
1489450,5.0,5.0,4
1489500,5.0,5.0,4
1489550,5.0,5.0,4
1489600,5.0,5.0,4
1489650,5.0,5.0,4
1489700,5.0,5.0,4
1489750,5.0,5.0,4
1489800,5.0,5.0,4
1489850,5.0,5.0,4
1489900,5.0,5.0,4
1489950,5.0,5.0,4
1490000,5.0,5.0,4
1490050,5.0,5.0,4
1490100,5.0,5.0,4
1490150,5.0,5.0,4
1490200,5.0,5.0,4
1490250,5.0,5.0,4
1490300,5.0,5.0,4
1490350,5.0,5.0,4
1490400,5.0,5.0,4
1490450,5.0,5.0,4
1490500,5.0,5.0,4
1490550,5.0,5.0,4
1490600,5.0,5.0,4
1490650,5.0,5.0,4
1490700,5.0,5.0,4
1490750,5.0,5.0,4
1490800,5.0,5.0,4
1490850,5.0,5.0,4
1490900,5.0,5.0,4
1490950,5.0,5.0,4
1491000,5.0,5.0,4
1491050,5.0,5.0,4
1491100,5.0,5.0,4
1491150,5.0,5.0,4
1491200,5.0,5.0,4
1491250,5.0,5.0,4
1491300,5.0,5.0,4
1491350,5.0,5.0,4
1491400,5.0,5.0,4
1491450,5.0,5.0,4
1491500,5.0,5.0,4
1491550,5.0,5.0,4
1491600,5.0,5.0,4
1491650,5.0,5.0,4
1491700,5.0,5.0,4
1491750,5.0,5.0,4
1491800,5.0,5.0,4
1491850,5.0,5.0,4
1491900,5.0,5.0,4
1491950,5.0,5.0,4
1492000,5.0,5.0,4
1492050,5.0,5.0,4
1492100,5.0,5.0,4
1492150,5.0,5.0,4
1492200,5.0,5.0,4
1492250,5.0,5.0,4
1492300,5.0,5.0,4
1492350,5.0,5.0,4
1492400,5.0,5.0,4
1492450,5.0,5.0,4
1492500,5.0,5.0,4
1492550,5.0,5.0,4
1492600,5.0,5.0,4
1492650,5.0,5.0,4
1492700,5.0,5.0,4
1492750,5.0,5.0,4
1492800,5.0,5.0,4
1492850,5.0,5.0,4
1492900,5.0,5.0,4
1492950,5.0,5.0,4
1493000,5.0,5.0,4
1493050,5.0,5.0,4
1493100,5.0,5.0,4
1493150,5.0,5.0,4
1493200,5.0,5.0,4
1493250,5.0,5.0,4
1493300,5.0,5.0,4
1493350,5.0,5.0,4
1493400,5.0,5.0,4
1493450,5.0,5.0,4
1493500,5.0,5.0,4
1493550,5.0,5.0,4
1493600,5.0,5.0,4
1493650,5.0,5.0,4
1493700,5.0,5.0,4
1493750,5.0,5.0,4
1493800,5.0,5.0,4
1493850,5.0,5.0,4
1493900,5.0,5.0,4
1493950,5.0,5.0,4
1494000,5.0,5.0,4
1494050,5.0,5.0,4
1494100,5.0,5.0,4
1494150,5.0,5.0,4
1494200,5.0,5.0,4
1494250,5.0,5.0,4
1494300,5.0,5.0,4
1494350,5.0,5.0,4
1494400,5.0,5.0,4
1494450,5.0,5.0,4
1494500,5.0,5.0,4
1494550,5.0,5.0,4
1494600,5.0,5.0,4
1494650,5.0,5.0,4
1494700,5.0,5.0,4
1494750,5.0,5.0,4
1494800,5.0,5.0,4
1494850,5.0,5.0,4
1494900,5.0,5.0,4
1494950,5.0,5.0,4
1495000,5.0,5.0,4
1495050,5.0,5.0,4
1495100,5.0,5.0,4
1495150,5.0,5.0,4
1495200,5.0,5.0,4
1495250,5.0,5.0,4
1495300,5.0,5.0,4
1495350,5.0,5.0,4
1495400,5.0,5.0,4
1495450,5.0,5.0,4
1495500,5.0,5.0,4
1495550,5.0,5.0,4
1495600,5.0,5.0,4
1495650,5.0,5.0,4
1495700,5.0,5.0,4
1495750,5.0,5.0,4
1495800,5.0,5.0,4
1495850,5.0,5.0,4
1495900,5.0,5.0,4
1495950,5.0,5.0,4
1496000,5.0,5.0,4
1496050,5.0,5.0,4
1496100,5.0,5.0,4
1496150,5.0,5.0,4
1496200,5.0,5.0,4
1496250,5.0,5.0,4
1496300,5.0,5.0,4
1496350,5.0,5.0,4
1496400,5.0,5.0,4
1496450,5.0,5.0,4
1496500,5.0,5.0,4
1496550,5.0,5.0,4
1496600,5.0,5.0,4
1496650,5.0,5.0,4
1496700,5.0,5.0,4
1496750,5.0,5.0,4
1496800,5.0,5.0,4
1496850,5.0,5.0,4
1496900,5.0,5.0,4
1496950,5.0,5.0,4
1497000,5.0,5.0,4
1497050,5.0,5.0,4
1497100,5.0,5.0,4
1497150,5.0,5.0,4
1497200,5.0,5.0,4
1497250,5.0,5.0,4
1497300,5.0,5.0,4
1497350,5.0,5.0,4
1497400,5.0,5.0,4
1497450,5.0,5.0,4
1497500,5.0,5.0,4
1497550,5.0,5.0,4
1497600,5.0,5.0,4
1497650,5.0,5.0,4
1497700,5.0,5.0,4
1497750,5.0,5.0,4
1497800,5.0,5.0,4
1497850,5.0,5.0,4
1497900,5.0,5.0,4
1497950,5.0,5.0,4
1498000,5.0,5.0,4
1498050,5.0,5.0,4
1498100,5.0,5.0,4
1498150,5.0,5.0,4
1498200,5.0,5.0,4
1498250,5.0,5.0,4
1498300,5.0,5.0,4
1498350,5.0,5.0,4
1498400,5.0,5.0,4
1498450,5.0,5.0,4
1498500,5.0,5.0,4
1498550,5.0,5.0,4
1498600,5.0,5.0,4
1498650,5.0,5.0,4
1498700,5.0,5.0,4
1498750,5.0,5.0,4
1498800,5.0,5.0,4
1498850,5.0,5.0,4
1498900,5.0,5.0,4
1498950,5.0,5.0,4
1499000,5.0,5.0,4
1499050,5.0,5.0,4
1499100,5.0,5.0,4
1499150,5.0,5.0,4
1499200,5.0,5.0,4
1499250,5.0,5.0,4
1499300,5.0,5.0,4
1499350,5.0,5.0,4
1499400,5.0,5.0,4
1499450,5.0,5.0,4
1499500,5.0,5.0,4
1499550,5.0,5.0,4
1499600,5.0,5.0,4
1499650,5.0,5.0,4
1499700,5.0,5.0,4
1499750,5.0,5.0,4
1499800,5.0,5.0,4
1499850,5.0,5.0,4
1499900,5.0,5.0,4
1499950,5.0,5.0,4
1500000,5.0,5.0,4
1500050,5.0,5.0,4
1500100,5.0,5.0,4
1500150,5.0,5.0,4
1500200,5.0,5.0,4
1500250,5.0,5.0,4
1500300,5.0,5.0,4
1500350,5.0,5.0,4
1500400,5.0,5.0,4
1500450,5.0,5.0,4
1500500,5.0,5.0,4
1500550,5.0,5.0,4
1500600,5.0,5.0,4
1500650,5.0,5.0,4
1500700,5.0,5.0,4
1500750,5.0,5.0,4
1500800,5.0,5.0,4
1500850,5.0,5.0,4
1500900,5.0,5.0,4
1500950,5.0,5.0,4
1501000,5.0,5.0,4
1501050,5.0,5.0,4
1501100,5.0,5.0,4
1501150,5.0,5.0,4
1501200,5.0,5.0,4
1501250,5.0,5.0,4
1501300,5.0,5.0,4
1501350,5.0,5.0,4
1501400,5.0,5.0,4
1501450,5.0,5.0,4
1501500,5.0,5.0,4
1501550,5.0,5.0,4
1501600,5.0,5.0,4
1501650,5.0,5.0,4
1501700,5.0,5.0,4
1501750,5.0,5.0,4
1501800,5.0,5.0,4
1501850,5.0,5.0,4
1501900,5.0,5.0,4
1501950,5.0,5.0,4
1502000,5.0,5.0,4
1502050,5.0,5.0,4
1502100,5.0,5.0,4
1502150,5.0,5.0,4
1502200,5.0,5.0,4
1502250,5.0,5.0,4
1502300,5.0,5.0,4
1502350,5.0,5.0,4
1502400,5.0,5.0,4
1502450,5.0,5.0,4
1502500,5.0,5.0,4
1502550,5.0,5.0,4
1502600,5.0,5.0,4
1502650,5.0,5.0,4
1502700,5.0,5.0,4
1502750,5.0,5.0,4
1502800,5.0,5.0,4
1502850,5.0,5.0,4
1502900,5.0,5.0,4
1502950,5.0,5.0,4
1503000,5.0,5.0,4
1503050,5.0,5.0,4
1503100,5.0,5.0,4
1503150,5.0,5.0,4
1503200,5.0,5.0,4
1503250,5.0,5.0,4
1503300,5.0,5.0,4
1503350,5.0,5.0,4
1503400,5.0,5.0,4
1503450,5.0,5.0,4
1503500,5.0,5.0,4
1503550,5.0,5.0,4
1503600,5.0,5.0,4
1503650,5.0,5.0,4
1503700,5.0,5.0,4
1503750,5.0,5.0,4
1503800,5.0,5.0,4
1503850,5.0,5.0,4
1503900,5.0,5.0,4
1503950,5.0,5.0,4
1504000,5.0,5.0,4
1504050,5.0,5.0,4
1504100,5.0,5.0,4
1504150,5.0,5.0,4
1504200,5.0,5.0,4
1504250,5.0,5.0,4
1504300,5.0,5.0,4
1504350,5.0,5.0,4
1504400,5.0,5.0,4
1504450,5.0,5.0,4
1504500,5.0,5.0,4
1504550,5.0,5.0,4
1504600,5.0,5.0,4
1504650,5.0,5.0,4
1504700,5.0,5.0,4
1504750,5.0,5.0,4
1504800,5.0,5.0,4
1504850,5.0,5.0,4
1504900,5.0,5.0,4
1504950,5.0,5.0,4
1505000,5.0,5.0,4
1505050,5.0,5.0,4
1505100,5.0,5.0,4
1505150,5.0,5.0,4
1505200,5.0,5.0,4
1505250,5.0,5.0,4
1505300,5.0,5.0,4
1505350,5.0,5.0,4
1505400,5.0,5.0,4
1505450,5.0,5.0,4
1505500,5.0,5.0,4
1505550,5.0,5.0,4
1505600,5.0,5.0,4
1505650,5.0,5.0,4
1505700,5.0,5.0,4
1505750,5.0,5.0,4
1505800,5.0,5.0,4
1505850,5.0,5.0,4
1505900,5.0,5.0,4
1505950,5.0,5.0,4
1506000,5.0,5.0,4
1506050,5.0,5.0,4
1506100,5.0,5.0,4
1506150,5.0,5.0,4
1506200,5.0,5.0,4
1506250,5.0,5.0,4
1506300,5.0,5.0,4
1506350,5.0,5.0,4
1506400,5.0,5.0,4
1506450,5.0,5.0,4
1506500,5.0,5.0,4
1506550,5.0,5.0,4
1506600,5.0,5.0,4
1506650,5.0,5.0,4
1506700,5.0,5.0,4
1506750,5.0,5.0,4
1506800,5.0,5.0,4
1506850,5.0,5.0,4
1506900,5.0,5.0,4
1506950,5.0,5.0,4
1507000,5.0,5.0,4
1507050,5.0,5.0,4
1507100,5.0,5.0,4
1507150,5.0,5.0,4
1507200,5.0,5.0,4
1507250,5.0,5.0,4
1507300,5.0,5.0,4
1507350,5.0,5.0,4
1507400,5.0,5.0,4
1507450,5.0,5.0,4
1507500,5.0,5.0,4
1507550,5.0,5.0,4
1507600,5.0,5.0,4
1507650,5.0,5.0,4
1507700,5.0,5.0,4
1507750,5.0,5.0,4
1507800,5.0,5.0,4
1507850,5.0,5.0,4
1507900,5.0,5.0,4
1507950,5.0,5.0,4
1508000,5.0,5.0,11
1508050,5.0,5.0,11
1508100,5.0,5.0,11
1508150,5.0,5.0,11
1508200,5.0,5.0,11
1508250,5.0,5.0,11
1508300,5.0,5.0,11
1508350,5.0,5.0,11
1508400,5.0,5.0,11
1508450,5.0,5.0,11
1508500,5.0,5.0,11
1508550,5.0,5.0,11
1508600,5.0,5.0,11
1508650,5.0,5.0,11
1508700,5.0,5.0,11
1508750,5.0,5.0,11
1508800,5.0,5.0,11
1508850,5.0,5.0,11
1508900,5.0,5.0,11
1508950,5.0,5.0,11
1509000,5.0,5.0,11
1509050,5.0,5.0,11
1509100,5.0,5.0,11
1509150,5.0,5.0,11
1509200,5.0,5.0,11
1509250,5.0,5.0,11
1509300,5.0,5.0,11
1509350,5.0,5.0,11
1509400,5.0,5.0,11
1509450,5.0,5.0,11
1509500,5.0,5.0,11
1509550,5.0,5.0,11
1509600,5.0,5.0,11
1509650,5.0,5.0,11
1509700,5.0,5.0,11
1509750,5.0,5.0,11
1509800,5.0,5.0,11
1509850,5.0,5.0,11
1509900,5.0,5.0,11
1509950,5.0,5.0,11
1510000,5.0,5.0,11
1510050,5.0,5.0,11
1510100,5.0,5.0,11
1510150,5.0,5.0,11
1510200,5.0,5.0,11
1510250,5.0,5.0,11
1510300,5.0,5.0,11
1510350,5.0,5.0,11
1510400,5.0,5.0,11
1510450,5.0,5.0,11
1510500,5.0,5.0,11
1510550,5.0,5.0,11
1510600,5.0,5.0,11
1510650,5.0,5.0,11
1510700,5.0,5.0,11
1510750,5.0,5.0,11
1510800,5.0,5.0,11
1510850,5.0,5.0,11
1510900,5.0,5.0,11
1510950,5.0,5.0,11
1511000,5.0,5.0,11
1511050,5.0,5.0,11
1511100,5.0,5.0,11
1511150,5.0,5.0,11
1511200,5.0,5.0,11
1511250,5.0,5.0,11
1511300,5.0,5.0,11
1511350,5.0,5.0,11
1511400,5.0,5.0,11
1511450,5.0,5.0,11
1511500,5.0,5.0,11
1511550,5.0,5.0,11
1511600,5.0,5.0,11
1511650,5.0,5.0,11
1511700,5.0,5.0,11
1511750,5.0,5.0,11
1511800,5.0,5.0,11
1511850,5.0,5.0,11
1511900,5.0,5.0,11
1511950,5.0,5.0,11
1512000,5.0,5.0,11
1512050,5.0,5.0,11
1512100,5.0,5.0,11
1512150,5.0,5.0,11
1512200,5.0,5.0,11
1512250,5.0,5.0,11
1512300,5.0,5.0,11
1512350,5.0,5.0,11
1512400,5.0,5.0,11
1512450,5.0,5.0,11
1512500,5.0,5.0,11
1512550,5.0,5.0,11
1512600,5.0,5.0,11
1512650,5.0,5.0,11
1512700,5.0,5.0,11
1512750,5.0,5.0,11
1512800,5.0,5.0,11
1512850,5.0,5.0,11
1512900,5.0,5.0,11
1512950,5.0,5.0,11
1513000,5.0,5.0,11
1513050,5.0,5.0,11
1513100,5.0,5.0,11
1513150,5.0,5.0,11
1513200,5.0,5.0,11
1513250,5.0,5.0,11
1513300,5.0,5.0,11
1513350,5.0,5.0,11
1513400,5.0,5.0,11
1513450,5.0,5.0,11
1513500,5.0,5.0,11
1513550,5.0,5.0,11
1513600,5.0,5.0,11
1513650,5.0,5.0,11
1513700,5.0,5.0,11
1513750,5.0,5.0,11
1513800,5.0,5.0,11
1513850,5.0,5.0,11
1513900,5.0,5.0,11
1513950,5.0,5.0,11
1514000,5.0,5.0,11
1514050,5.0,5.0,11
1514100,5.0,5.0,11
1514150,5.0,5.0,11
1514200,5.0,5.0,11
1514250,5.0,5.0,11
1514300,5.0,5.0,11
1514350,5.0,5.0,11
1514400,5.0,5.0,11
1514450,5.0,5.0,11
1514500,5.0,5.0,11
1514550,5.0,5.0,11
1514600,5.0,5.0,11
1514650,5.0,5.0,11
1514700,5.0,5.0,11
1514750,5.0,5.0,11
1514800,5.0,5.0,11
1514850,5.0,5.0,11
1514900,5.0,5.0,11
1514950,5.0,5.0,11
1515000,5.0,5.0,11
1515050,5.0,5.0,11
1515100,5.0,5.0,11
1515150,5.0,5.0,11
1515200,5.0,5.0,11
1515250,5.0,5.0,11
1515300,5.0,5.0,11
1515350,5.0,5.0,11
1515400,5.0,5.0,11
1515450,5.0,5.0,11
1515500,5.0,5.0,11
1515550,5.0,5.0,11
1515600,5.0,5.0,11
1515650,5.0,5.0,11
1515700,5.0,5.0,11
1515750,5.0,5.0,11
1515800,5.0,5.0,11
1515850,5.0,5.0,11
1515900,5.0,5.0,11
1515950,5.0,5.0,11
1516000,5.0,5.0,11
1516050,5.0,5.0,11
1516100,5.0,5.0,11
1516150,5.0,5.0,11
1516200,5.0,5.0,11
1516250,5.0,5.0,11
1516300,5.0,5.0,11
1516350,5.0,5.0,11
1516400,5.0,5.0,11
1516450,5.0,5.0,11
1516500,5.0,5.0,11
1516550,5.0,5.0,11
1516600,5.0,5.0,11
1516650,5.0,5.0,11
1516700,5.0,5.0,11
1516750,5.0,5.0,11
1516800,5.0,5.0,11
1516850,5.0,5.0,11
1516900,5.0,5.0,11
1516950,5.0,5.0,11
1517000,5.0,5.0,11
1517050,5.0,5.0,11
1517100,5.0,5.0,11
1517150,5.0,5.0,11
1517200,5.0,5.0,11
1517250,5.0,5.0,11
1517300,5.0,5.0,11
1517350,5.0,5.0,11
1517400,5.0,5.0,11
1517450,5.0,5.0,11
1517500,5.0,5.0,11
1517550,5.0,5.0,11
1517600,5.0,5.0,11
1517650,5.0,5.0,11
1517700,5.0,5.0,11
1517750,5.0,5.0,11
1517800,5.0,5.0,11
1517850,5.0,5.0,11
1517900,5.0,5.0,11
1517950,5.0,5.0,11
1518000,5.0,5.0,11
1518050,5.0,5.0,11
1518100,5.0,5.0,11
1518150,5.0,5.0,11
1518200,5.0,5.0,11
1518250,5.0,5.0,11
1518300,5.0,5.0,11
1518350,5.0,5.0,11
1518400,5.0,5.0,11
1518450,5.0,5.0,11
1518500,5.0,5.0,11
1518550,5.0,5.0,11
1518600,5.0,5.0,11
1518650,5.0,5.0,11
1518700,5.0,5.0,11
1518750,5.0,5.0,11
1518800,5.0,5.0,11
1518850,5.0,5.0,11
1518900,5.0,5.0,11
1518950,5.0,5.0,11
1519000,5.0,5.0,11
1519050,5.0,5.0,11
1519100,5.0,5.0,11
1519150,5.0,5.0,11
1519200,5.0,5.0,11
1519250,5.0,5.0,11
1519300,5.0,5.0,11
1519350,5.0,5.0,11
1519400,5.0,5.0,11
1519450,5.0,5.0,11
1519500,5.0,5.0,11
1519550,5.0,5.0,11
1519600,5.0,5.0,11
1519650,5.0,5.0,11
1519700,5.0,5.0,11
1519750,5.0,5.0,11
1519800,5.0,5.0,11
1519850,5.0,5.0,11
1519900,5.0,5.0,11
1519950,5.0,5.0,11
1520000,5.0,5.0,11
1520050,5.0,5.0,11
1520100,5.0,5.0,11
1520150,5.0,5.0,11
1520200,5.0,5.0,11
1520250,5.0,5.0,11
1520300,5.0,5.0,11
1520350,5.0,5.0,11
1520400,5.0,5.0,11
1520450,5.0,5.0,11
1520500,5.0,5.0,11
1520550,5.0,5.0,11
1520600,5.0,5.0,11
1520650,5.0,5.0,11
1520700,5.0,5.0,11
1520750,5.0,5.0,11
1520800,5.0,5.0,11
1520850,5.0,5.0,11
1520900,5.0,5.0,11
1520950,5.0,5.0,11
1521000,5.0,5.0,11
1521050,5.0,5.0,11
1521100,5.0,5.0,11
1521150,5.0,5.0,11
1521200,5.0,5.0,11
1521250,5.0,5.0,11
1521300,5.0,5.0,11
1521350,5.0,5.0,11
1521400,5.0,5.0,11
1521450,5.0,5.0,11
1521500,5.0,5.0,11
1521550,5.0,5.0,11
1521600,5.0,5.0,11
1521650,5.0,5.0,11
1521700,5.0,5.0,11
1521750,5.0,5.0,11
1521800,5.0,5.0,11
1521850,5.0,5.0,11
1521900,5.0,5.0,11
1521950,5.0,5.0,11
1522000,5.0,5.0,11
1522050,5.0,5.0,11
1522100,5.0,5.0,11
1522150,5.0,5.0,11
1522200,5.0,5.0,11
1522250,5.0,5.0,11
1522300,5.0,5.0,11
1522350,5.0,5.0,11
1522400,5.0,5.0,11
1522450,5.0,5.0,11
1522500,5.0,5.0,11
1522550,5.0,5.0,11
1522600,5.0,5.0,11
1522650,5.0,5.0,11
1522700,5.0,5.0,11
1522750,5.0,5.0,11
1522800,5.0,5.0,11
1522850,5.0,5.0,11
1522900,5.0,5.0,11
1522950,5.0,5.0,11
1523000,5.0,5.0,11
1523050,5.0,5.0,11
1523100,5.0,5.0,11
1523150,5.0,5.0,11
1523200,5.0,5.0,11
1523250,5.0,5.0,11
1523300,5.0,5.0,11
1523350,5.0,5.0,11
1523400,5.0,5.0,11
1523450,5.0,5.0,11
1523500,5.0,5.0,11
1523550,5.0,5.0,11
1523600,5.0,5.0,11
1523650,5.0,5.0,11
1523700,5.0,5.0,11
1523750,5.0,5.0,11
1523800,5.0,5.0,11
1523850,5.0,5.0,11
1523900,5.0,5.0,11
1523950,5.0,5.0,11
1524000,5.0,5.0,11
1524050,5.0,5.0,11
1524100,5.0,5.0,11
1524150,5.0,5.0,11
1524200,5.0,5.0,11
1524250,5.0,5.0,11
1524300,5.0,5.0,11
1524350,5.0,5.0,11
1524400,5.0,5.0,11
1524450,5.0,5.0,11
1524500,5.0,5.0,11
1524550,5.0,5.0,11
1524600,5.0,5.0,11
1524650,5.0,5.0,11
1524700,5.0,5.0,11
1524750,5.0,5.0,11
1524800,5.0,5.0,11
1524850,5.0,5.0,11
1524900,5.0,5.0,11
1524950,5.0,5.0,11
1525000,5.0,5.0,11
1525050,5.0,5.0,11
1525100,5.0,5.0,11
1525150,5.0,5.0,11
1525200,5.0,5.0,11
1525250,5.0,5.0,11
1525300,5.0,5.0,11
1525350,5.0,5.0,11
1525400,5.0,5.0,11
1525450,5.0,5.0,11
1525500,5.0,5.0,11
1525550,5.0,5.0,11
1525600,5.0,5.0,11
1525650,5.0,5.0,11
1525700,5.0,5.0,11
1525750,5.0,5.0,11
1525800,5.0,5.0,11
1525850,5.0,5.0,11
1525900,5.0,5.0,11
1525950,5.0,5.0,11
1526000,5.0,5.0,11
1526050,5.0,5.0,11
1526100,5.0,5.0,11
1526150,5.0,5.0,11
1526200,5.0,5.0,11
1526250,5.0,5.0,11
1526300,5.0,5.0,11
1526350,5.0,5.0,11
1526400,5.0,5.0,11
1526450,5.0,5.0,11
1526500,5.0,5.0,11
1526550,5.0,5.0,11
1526600,5.0,5.0,11
1526650,5.0,5.0,11
1526700,5.0,5.0,11
1526750,5.0,5.0,11
1526800,5.0,5.0,11
1526850,5.0,5.0,11
1526900,5.0,5.0,11
1526950,5.0,5.0,11
1527000,5.0,5.0,11
1527050,5.0,5.0,11
1527100,5.0,5.0,11
1527150,5.0,5.0,11
1527200,5.0,5.0,11
1527250,5.0,5.0,11
1527300,5.0,5.0,11
1527350,5.0,5.0,11
1527400,5.0,5.0,11
1527450,5.0,5.0,11
1527500,5.0,5.0,11
1527550,5.0,5.0,11
1527600,5.0,5.0,11
1527650,5.0,5.0,11
1527700,5.0,5.0,11
1527750,5.0,5.0,11
1527800,5.0,5.0,11
1527850,5.0,5.0,11
1527900,5.0,5.0,11
1527950,5.0,5.0,11
1528000,5.0,5.0,11
1528050,5.0,5.0,11
1528100,5.0,5.0,11
1528150,5.0,5.0,11
1528200,5.0,5.0,11
1528250,5.0,5.0,11
1528300,5.0,5.0,11
1528350,5.0,5.0,11
1528400,5.0,5.0,11
1528450,5.0,5.0,11
1528500,5.0,5.0,11
1528550,5.0,5.0,11
1528600,5.0,5.0,11
1528650,5.0,5.0,11
1528700,5.0,5.0,11
1528750,5.0,5.0,11
1528800,5.0,5.0,11
1528850,5.0,5.0,11
1528900,5.0,5.0,11
1528950,5.0,5.0,11
1529000,5.0,5.0,11
1529050,5.0,5.0,11
1529100,5.0,5.0,11
1529150,5.0,5.0,11
1529200,5.0,5.0,11
1529250,5.0,5.0,11
1529300,5.0,5.0,11
1529350,5.0,5.0,11
1529400,5.0,5.0,11
1529450,5.0,5.0,11
1529500,5.0,5.0,11
1529550,5.0,5.0,11
1529600,5.0,5.0,11
1529650,5.0,5.0,11
1529700,5.0,5.0,11
1529750,5.0,5.0,11
1529800,5.0,5.0,11
1529850,5.0,5.0,11
1529900,5.0,5.0,11
1529950,5.0,5.0,11
1530000,5.0,5.0,11
1530050,5.0,5.0,11
1530100,5.0,5.0,11
1530150,5.0,5.0,11
1530200,5.0,5.0,11
1530250,5.0,5.0,11
1530300,5.0,5.0,11
1530350,5.0,5.0,11
1530400,5.0,5.0,11
1530450,5.0,5.0,11
1530500,5.0,5.0,11
1530550,5.0,5.0,11
1530600,5.0,5.0,11
1530650,5.0,5.0,11
1530700,5.0,5.0,11
1530750,5.0,5.0,11
1530800,5.0,5.0,11
1530850,5.0,5.0,11
1530900,5.0,5.0,11
1530950,5.0,5.0,11
1531000,5.0,5.0,11
1531050,5.0,5.0,11
1531100,5.0,5.0,11
1531150,5.0,5.0,11
1531200,5.0,5.0,11
1531250,5.0,5.0,11
1531300,5.0,5.0,11
1531350,5.0,5.0,11
1531400,5.0,5.0,11
1531450,5.0,5.0,11
1531500,5.0,5.0,11
1531550,5.0,5.0,11
1531600,5.0,5.0,11
1531650,5.0,5.0,11
1531700,5.0,5.0,11
1531750,5.0,5.0,11
1531800,5.0,5.0,11
1531850,5.0,5.0,11
1531900,5.0,5.0,11
1531950,5.0,5.0,11
1532000,5.0,5.0,11
1532050,5.0,5.0,11
1532100,5.0,5.0,11
1532150,5.0,5.0,11
1532200,5.0,5.0,11
1532250,5.0,5.0,11
1532300,5.0,5.0,11
1532350,5.0,5.0,11
1532400,5.0,5.0,11
1532450,5.0,5.0,11
1532500,5.0,5.0,11
1532550,5.0,5.0,11
1532600,5.0,5.0,11
1532650,5.0,5.0,11
1532700,5.0,5.0,11
1532750,5.0,5.0,11
1532800,5.0,5.0,11
1532850,5.0,5.0,11
1532900,5.0,5.0,11
1532950,5.0,5.0,11
1533000,5.0,5.0,11
1533050,5.0,5.0,11
1533100,5.0,5.0,11
1533150,5.0,5.0,11
1533200,5.0,5.0,11
1533250,5.0,5.0,11
1533300,5.0,5.0,11
1533350,5.0,5.0,11
1533400,5.0,5.0,11
1533450,5.0,5.0,11
1533500,5.0,5.0,11
1533550,5.0,5.0,11
1533600,5.0,5.0,11
1533650,5.0,5.0,11
1533700,5.0,5.0,11
1533750,5.0,5.0,11
1533800,5.0,5.0,11
1533850,5.0,5.0,11
1533900,5.0,5.0,11
1533950,5.0,5.0,11
1534000,5.0,5.0,11
1534050,5.0,5.0,11
1534100,5.0,5.0,11
1534150,5.0,5.0,11
1534200,5.0,5.0,11
1534250,5.0,5.0,11
1534300,5.0,5.0,11
1534350,5.0,5.0,11
1534400,5.0,5.0,11
1534450,5.0,5.0,11
1534500,5.0,5.0,11
1534550,5.0,5.0,11
1534600,5.0,5.0,11
1534650,5.0,5.0,11
1534700,5.0,5.0,11
1534750,5.0,5.0,11
1534800,5.0,5.0,11
1534850,5.0,5.0,11
1534900,5.0,5.0,11
1534950,5.0,5.0,11
1535000,5.0,5.0,11
1535050,5.0,5.0,11
1535100,5.0,5.0,11
1535150,5.0,5.0,11
1535200,5.0,5.0,11
1535250,5.0,5.0,11
1535300,5.0,5.0,11
1535350,5.0,5.0,11
1535400,5.0,5.0,11
1535450,5.0,5.0,11
1535500,5.0,5.0,11
1535550,5.0,5.0,11
1535600,5.0,5.0,11
1535650,5.0,5.0,11
1535700,5.0,5.0,11
1535750,5.0,5.0,11
1535800,5.0,5.0,11
1535850,5.0,5.0,11
1535900,5.0,5.0,11
1535950,5.0,5.0,11
1536000,5.0,5.0,11
1536050,5.0,5.0,11
1536100,5.0,5.0,11
1536150,5.0,5.0,11
1536200,5.0,5.0,11
1536250,5.0,5.0,11
1536300,5.0,5.0,11
1536350,5.0,5.0,11
1536400,5.0,5.0,11
1536450,5.0,5.0,11
1536500,5.0,5.0,11
1536550,5.0,5.0,11
1536600,5.0,5.0,11
1536650,5.0,5.0,11
1536700,5.0,5.0,11
1536750,5.0,5.0,11
1536800,5.0,5.0,11
1536850,5.0,5.0,11
1536900,5.0,5.0,11
1536950,5.0,5.0,11
1537000,5.0,5.0,11
1537050,5.0,5.0,11
1537100,5.0,5.0,11
1537150,5.0,5.0,11
1537200,5.0,5.0,11
1537250,5.0,5.0,11
1537300,5.0,5.0,11
1537350,5.0,5.0,11
1537400,5.0,5.0,11
1537450,5.0,5.0,11
1537500,5.0,5.0,11
1537550,5.0,5.0,11
1537600,5.0,5.0,11
1537650,5.0,5.0,11
1537700,5.0,5.0,11
1537750,5.0,5.0,11
1537800,5.0,5.0,11
1537850,5.0,5.0,11
1537900,5.0,5.0,11
1537950,5.0,5.0,11
1538000,5.0,5.0,11
1538050,5.0,5.0,11
1538100,5.0,5.0,11
1538150,5.0,5.0,11
1538200,5.0,5.0,11
1538250,5.0,5.0,11
1538300,5.0,5.0,11
1538350,5.0,5.0,11
1538400,5.0,5.0,11
1538450,5.0,5.0,11
1538500,5.0,5.0,11
1538550,5.0,5.0,11
1538600,5.0,5.0,11
1538650,5.0,5.0,11
1538700,5.0,5.0,11
1538750,5.0,5.0,11
1538800,5.0,5.0,11
1538850,5.0,5.0,11
1538900,5.0,5.0,11
1538950,5.0,5.0,11
1539000,5.0,5.0,11
1539050,5.0,5.0,11
1539100,5.0,5.0,11
1539150,5.0,5.0,11
1539200,5.0,5.0,11
1539250,5.0,5.0,11
1539300,5.0,5.0,11
1539350,5.0,5.0,11
1539400,5.0,5.0,11
1539450,5.0,5.0,11
1539500,5.0,5.0,11
1539550,5.0,5.0,11
1539600,5.0,5.0,11
1539650,5.0,5.0,11
1539700,5.0,5.0,11
1539750,5.0,5.0,11
1539800,5.0,5.0,11
1539850,5.0,5.0,11
1539900,5.0,5.0,11
1539950,5.0,5.0,11
1540000,5.0,5.0,11
1540050,5.0,5.0,11
1540100,5.0,5.0,11
1540150,5.0,5.0,11
1540200,5.0,5.0,11
1540250,5.0,5.0,11
1540300,5.0,5.0,11
1540350,5.0,5.0,11
1540400,5.0,5.0,11
1540450,5.0,5.0,11
1540500,5.0,5.0,11
1540550,5.0,5.0,11
1540600,5.0,5.0,11
1540650,5.0,5.0,11
1540700,5.0,5.0,11
1540750,5.0,5.0,11
1540800,5.0,5.0,11
1540850,5.0,5.0,11
1540900,5.0,5.0,11
1540950,5.0,5.0,11
1541000,5.0,5.0,11
1541050,5.0,5.0,11
1541100,5.0,5.0,11
1541150,5.0,5.0,11
1541200,5.0,5.0,11
1541250,5.0,5.0,11
1541300,5.0,5.0,11
1541350,5.0,5.0,11
1541400,5.0,5.0,11
1541450,5.0,5.0,11
1541500,5.0,5.0,11
1541550,5.0,5.0,11
1541600,5.0,5.0,11
1541650,5.0,5.0,11
1541700,5.0,5.0,11
1541750,5.0,5.0,11
1541800,5.0,5.0,11
1541850,5.0,5.0,11
1541900,5.0,5.0,11
1541950,5.0,5.0,11
1542000,5.0,5.0,11
1542050,5.0,5.0,11
1542100,5.0,5.0,11
1542150,5.0,5.0,11
1542200,5.0,5.0,11
1542250,5.0,5.0,11
1542300,5.0,5.0,11
1542350,5.0,5.0,11
1542400,5.0,5.0,11
1542450,5.0,5.0,11
1542500,5.0,5.0,11
1542550,5.0,5.0,11
1542600,5.0,5.0,11
1542650,5.0,5.0,11
1542700,5.0,5.0,11
1542750,5.0,5.0,11
1542800,5.0,5.0,11
1542850,5.0,5.0,11
1542900,5.0,5.0,11
1542950,5.0,5.0,11
1543000,5.0,5.0,11
1543050,5.0,5.0,11
1543100,5.0,5.0,11
1543150,5.0,5.0,11
1543200,5.0,5.0,11
1543250,5.0,5.0,11
1543300,5.0,5.0,11
1543350,5.0,5.0,11
1543400,5.0,5.0,11
1543450,5.0,5.0,11
1543500,5.0,5.0,11
1543550,5.0,5.0,11
1543600,5.0,5.0,11
1543650,5.0,5.0,11
1543700,5.0,5.0,11
1543750,5.0,5.0,11
1543800,5.0,5.0,11
1543850,5.0,5.0,11
1543900,5.0,5.0,11
1543950,5.0,5.0,11
1544000,5.0,5.0,11
1544050,5.0,5.0,11
1544100,5.0,5.0,11
1544150,5.0,5.0,11
1544200,5.0,5.0,11
1544250,5.0,5.0,11
1544300,5.0,5.0,11
1544350,5.0,5.0,11
1544400,5.0,5.0,11
1544450,5.0,5.0,11
1544500,5.0,5.0,11
1544550,5.0,5.0,11
1544600,5.0,5.0,11
1544650,5.0,5.0,11
1544700,5.0,5.0,11
1544750,5.0,5.0,11
1544800,5.0,5.0,11
1544850,5.0,5.0,11
1544900,5.0,5.0,11
1544950,5.0,5.0,11
1545000,5.0,5.0,11
1545050,5.0,5.0,11
1545100,5.0,5.0,11
1545150,5.0,5.0,11
1545200,5.0,5.0,11
1545250,5.0,5.0,11
1545300,5.0,5.0,11
1545350,5.0,5.0,11
1545400,5.0,5.0,11
1545450,5.0,5.0,11
1545500,5.0,5.0,11
1545550,5.0,5.0,11
1545600,5.0,5.0,11
1545650,5.0,5.0,11
1545700,5.0,5.0,11
1545750,5.0,5.0,11
1545800,5.0,5.0,11
1545850,5.0,5.0,11
1545900,5.0,5.0,11
1545950,5.0,5.0,11
1546000,5.0,5.0,11
1546050,5.0,5.0,11
1546100,5.0,5.0,11
1546150,5.0,5.0,11
1546200,5.0,5.0,11
1546250,5.0,5.0,11
1546300,5.0,5.0,11
1546350,5.0,5.0,11
1546400,5.0,5.0,11
1546450,5.0,5.0,11
1546500,5.0,5.0,11
1546550,5.0,5.0,11
1546600,5.0,5.0,11
1546650,5.0,5.0,11
1546700,5.0,5.0,11
1546750,5.0,5.0,11
1546800,5.0,5.0,11
1546850,5.0,5.0,11
1546900,5.0,5.0,11
1546950,5.0,5.0,11
1547000,5.0,5.0,11
1547050,5.0,5.0,11
1547100,5.0,5.0,11
1547150,5.0,5.0,11
1547200,5.0,5.0,11
1547250,5.0,5.0,11
1547300,5.0,5.0,11
1547350,5.0,5.0,11
1547400,5.0,5.0,11
1547450,5.0,5.0,11
1547500,5.0,5.0,11
1547550,5.0,5.0,11
1547600,5.0,5.0,11
1547650,5.0,5.0,11
1547700,5.0,5.0,11
1547750,5.0,5.0,11
1547800,5.0,5.0,11
1547850,5.0,5.0,11
1547900,5.0,5.0,11
1547950,5.0,5.0,11
1548000,5.0,5.0,11
1548050,5.0,5.0,11
1548100,5.0,5.0,11
1548150,5.0,5.0,11
1548200,5.0,5.0,11
1548250,5.0,5.0,11
1548300,5.0,5.0,11
1548350,5.0,5.0,11
1548400,5.0,5.0,11
1548450,5.0,5.0,11
1548500,5.0,5.0,11
1548550,5.0,5.0,11
1548600,5.0,5.0,11
1548650,5.0,5.0,11
1548700,5.0,5.0,11
1548750,5.0,5.0,11
1548800,5.0,5.0,11
1548850,5.0,5.0,11
1548900,5.0,5.0,11
1548950,5.0,5.0,11
1549000,5.0,5.0,11
1549050,5.0,5.0,11
1549100,5.0,5.0,11
1549150,5.0,5.0,11
1549200,5.0,5.0,11
1549250,5.0,5.0,11
1549300,5.0,5.0,11
1549350,5.0,5.0,11
1549400,5.0,5.0,11
1549450,5.0,5.0,11
1549500,5.0,5.0,11
1549550,5.0,5.0,11
1549600,5.0,5.0,11
1549650,5.0,5.0,11
1549700,5.0,5.0,11
1549750,5.0,5.0,11
1549800,5.0,5.0,11
1549850,5.0,5.0,11
1549900,5.0,5.0,11
1549950,5.0,5.0,11
1550000,5.0,5.0,11
1550050,5.0,5.0,11
1550100,5.0,5.0,11
1550150,5.0,5.0,11
1550200,5.0,5.0,11
1550250,5.0,5.0,11
1550300,5.0,5.0,11
1550350,5.0,5.0,11
1550400,5.0,5.0,11
1550450,5.0,5.0,11
1550500,5.0,5.0,11
1550550,5.0,5.0,11
1550600,5.0,5.0,11
1550650,5.0,5.0,11
1550700,5.0,5.0,11
1550750,5.0,5.0,11
1550800,5.0,5.0,11
1550850,5.0,5.0,11
1550900,5.0,5.0,11
1550950,5.0,5.0,11
1551000,5.0,5.0,11
1551050,5.0,5.0,11
1551100,5.0,5.0,11
1551150,5.0,5.0,11
1551200,5.0,5.0,11
1551250,5.0,5.0,11
1551300,5.0,5.0,11
1551350,5.0,5.0,11
1551400,5.0,5.0,11
1551450,5.0,5.0,11
1551500,5.0,5.0,11
1551550,5.0,5.0,11
1551600,5.0,5.0,11
1551650,5.0,5.0,11
1551700,5.0,5.0,11
1551750,5.0,5.0,11
1551800,5.0,5.0,11
1551850,5.0,5.0,11
1551900,5.0,5.0,11
1551950,5.0,5.0,11
1552000,5.0,5.0,11
1552050,5.0,5.0,11
1552100,5.0,5.0,11
1552150,5.0,5.0,11
1552200,5.0,5.0,11
1552250,5.0,5.0,11
1552300,5.0,5.0,11
1552350,5.0,5.0,11
1552400,5.0,5.0,11
1552450,5.0,5.0,11
1552500,5.0,5.0,11
1552550,5.0,5.0,11
1552600,5.0,5.0,11
1552650,5.0,5.0,11
1552700,5.0,5.0,11
1552750,5.0,5.0,11
1552800,5.0,5.0,11
1552850,5.0,5.0,11
1552900,5.0,5.0,11
1552950,5.0,5.0,11
1553000,5.0,5.0,11
1553050,5.0,5.0,11
1553100,5.0,5.0,11
1553150,5.0,5.0,11
1553200,5.0,5.0,11
1553250,5.0,5.0,11
1553300,5.0,5.0,11
1553350,5.0,5.0,11
1553400,5.0,5.0,11
1553450,5.0,5.0,11
1553500,5.0,5.0,11
1553550,5.0,5.0,11
1553600,5.0,5.0,11
1553650,5.0,5.0,11
1553700,5.0,5.0,11
1553750,5.0,5.0,11
1553800,5.0,5.0,11
1553850,5.0,5.0,11
1553900,5.0,5.0,11
1553950,5.0,5.0,11
1554000,5.0,5.0,11
1554050,5.0,5.0,11
1554100,5.0,5.0,11
1554150,5.0,5.0,11
1554200,5.0,5.0,11
1554250,5.0,5.0,11
1554300,5.0,5.0,11
1554350,5.0,5.0,11
1554400,5.0,5.0,11
1554450,5.0,5.0,11
1554500,5.0,5.0,11
1554550,5.0,5.0,11
1554600,5.0,5.0,11
1554650,5.0,5.0,11
1554700,5.0,5.0,11
1554750,5.0,5.0,11
1554800,5.0,5.0,11
1554850,5.0,5.0,11
1554900,5.0,5.0,11
1554950,5.0,5.0,11
1555000,5.0,5.0,11
1555050,5.0,5.0,11
1555100,5.0,5.0,11
1555150,5.0,5.0,11
1555200,5.0,5.0,11
1555250,5.0,5.0,11
1555300,5.0,5.0,11
1555350,5.0,5.0,11
1555400,5.0,5.0,11
1555450,5.0,5.0,11
1555500,5.0,5.0,11
1555550,5.0,5.0,11
1555600,5.0,5.0,11
1555650,5.0,5.0,11
1555700,5.0,5.0,11
1555750,5.0,5.0,11
1555800,5.0,5.0,11
1555850,5.0,5.0,11
1555900,5.0,5.0,11
1555950,5.0,5.0,11
1556000,5.0,5.0,11
1556050,5.0,5.0,11
1556100,5.0,5.0,11
1556150,5.0,5.0,11
1556200,5.0,5.0,11
1556250,5.0,5.0,11
1556300,5.0,5.0,11
1556350,5.0,5.0,11
1556400,5.0,5.0,11
1556450,5.0,5.0,11
1556500,5.0,5.0,11
1556550,5.0,5.0,11
1556600,5.0,5.0,11
1556650,5.0,5.0,11
1556700,5.0,5.0,11
1556750,5.0,5.0,11
1556800,5.0,5.0,11
1556850,5.0,5.0,11
1556900,5.0,5.0,11
1556950,5.0,5.0,11
1557000,5.0,5.0,11
1557050,5.0,5.0,11
1557100,5.0,5.0,11
1557150,5.0,5.0,11
1557200,5.0,5.0,11
1557250,5.0,5.0,11
1557300,5.0,5.0,11
1557350,5.0,5.0,11
1557400,5.0,5.0,11
1557450,5.0,5.0,11
1557500,5.0,5.0,11
1557550,5.0,5.0,11
1557600,5.0,5.0,11
1557650,5.0,5.0,11
1557700,5.0,5.0,11
1557750,5.0,5.0,11
1557800,5.0,5.0,11
1557850,5.0,5.0,11
1557900,5.0,5.0,11
1557950,5.0,5.0,11
1558000,5.0,5.0,11
1558050,5.0,5.0,11
1558100,5.0,5.0,11
1558150,5.0,5.0,11
1558200,5.0,5.0,11
1558250,5.0,5.0,11
1558300,5.0,5.0,11
1558350,5.0,5.0,11
1558400,5.0,5.0,11
1558450,5.0,5.0,11
1558500,5.0,5.0,11
1558550,5.0,5.0,11
1558600,5.0,5.0,11
1558650,5.0,5.0,11
1558700,5.0,5.0,11
1558750,5.0,5.0,11
1558800,5.0,5.0,11
1558850,5.0,5.0,11
1558900,5.0,5.0,11
1558950,5.0,5.0,11
1559000,5.0,5.0,11
1559050,5.0,5.0,11
1559100,5.0,5.0,11
1559150,5.0,5.0,11
1559200,5.0,5.0,11
1559250,5.0,5.0,11
1559300,5.0,5.0,11
1559350,5.0,5.0,11
1559400,5.0,5.0,11
1559450,5.0,5.0,11
1559500,5.0,5.0,11
1559550,5.0,5.0,11
1559600,5.0,5.0,11
1559650,5.0,5.0,11
1559700,5.0,5.0,11
1559750,5.0,5.0,11
1559800,5.0,5.0,11
1559850,5.0,5.0,11
1559900,5.0,5.0,11
1559950,5.0,5.0,11
1560000,5.0,5.0,11
1560050,5.0,5.0,11
1560100,5.0,5.0,11
1560150,5.0,5.0,11
1560200,5.0,5.0,11
1560250,5.0,5.0,11
1560300,5.0,5.0,11
1560350,5.0,5.0,11
1560400,5.0,5.0,11
1560450,5.0,5.0,11
1560500,5.0,5.0,11
1560550,5.0,5.0,11
1560600,5.0,5.0,11
1560650,5.0,5.0,11
1560700,5.0,5.0,11
1560750,5.0,5.0,11
1560800,5.0,5.0,11
1560850,5.0,5.0,11
1560900,5.0,5.0,11
1560950,5.0,5.0,11
1561000,5.0,5.0,11
1561050,5.0,5.0,11
1561100,5.0,5.0,11
1561150,5.0,5.0,11
1561200,5.0,5.0,11
1561250,5.0,5.0,11
1561300,5.0,5.0,11
1561350,5.0,5.0,11
1561400,5.0,5.0,11
1561450,5.0,5.0,11
1561500,5.0,5.0,11
1561550,5.0,5.0,11
1561600,5.0,5.0,11
1561650,5.0,5.0,11
1561700,5.0,5.0,11
1561750,5.0,5.0,11
1561800,5.0,5.0,11
1561850,5.0,5.0,11
1561900,5.0,5.0,11
1561950,5.0,5.0,11
1562000,5.0,5.0,11
1562050,5.0,5.0,11
1562100,5.0,5.0,11
1562150,5.0,5.0,11
1562200,5.0,5.0,11
1562250,5.0,5.0,11
1562300,5.0,5.0,11
1562350,5.0,5.0,11
1562400,5.0,5.0,11
1562450,5.0,5.0,11
1562500,5.0,5.0,11
1562550,5.0,5.0,11
1562600,5.0,5.0,11
1562650,5.0,5.0,11
1562700,5.0,5.0,11
1562750,5.0,5.0,11
1562800,5.0,5.0,11
1562850,5.0,5.0,11
1562900,5.0,5.0,11
1562950,5.0,5.0,11
1563000,5.0,5.0,11
1563050,5.0,5.0,11
1563100,5.0,5.0,11
1563150,5.0,5.0,11
1563200,5.0,5.0,11
1563250,5.0,5.0,11
1563300,5.0,5.0,11
1563350,5.0,5.0,11
1563400,5.0,5.0,11
1563450,5.0,5.0,11
1563500,5.0,5.0,11
1563550,5.0,5.0,11
1563600,5.0,5.0,11
1563650,5.0,5.0,11
1563700,5.0,5.0,11
1563750,5.0,5.0,11
1563800,5.0,5.0,11
1563850,5.0,5.0,11
1563900,5.0,5.0,11
1563950,5.0,5.0,11
1564000,5.0,5.0,11
1564050,5.0,5.0,11
1564100,5.0,5.0,11
1564150,5.0,5.0,11
1564200,5.0,5.0,11
1564250,5.0,5.0,11
1564300,5.0,5.0,11
1564350,5.0,5.0,11
1564400,5.0,5.0,11
1564450,5.0,5.0,11
1564500,5.0,5.0,11
1564550,5.0,5.0,11
1564600,5.0,5.0,11
1564650,5.0,5.0,11
1564700,5.0,5.0,11
1564750,5.0,5.0,11
1564800,5.0,5.0,11
1564850,5.0,5.0,11
1564900,5.0,5.0,11
1564950,5.0,5.0,11
1565000,5.0,5.0,11
1565050,5.0,5.0,11
1565100,5.0,5.0,11
1565150,5.0,5.0,11
1565200,5.0,5.0,11
1565250,5.0,5.0,11
1565300,5.0,5.0,11
1565350,5.0,5.0,11
1565400,5.0,5.0,11
1565450,5.0,5.0,11
1565500,5.0,5.0,11
1565550,5.0,5.0,11
1565600,5.0,5.0,11
1565650,5.0,5.0,11
1565700,5.0,5.0,11
1565750,5.0,5.0,11
1565800,5.0,5.0,11
1565850,5.0,5.0,11
1565900,5.0,5.0,11
1565950,5.0,5.0,11
1566000,5.0,5.0,11
1566050,5.0,5.0,11
1566100,5.0,5.0,11
1566150,5.0,5.0,11
1566200,5.0,5.0,11
1566250,5.0,5.0,11
1566300,5.0,5.0,11
1566350,5.0,5.0,11
1566400,5.0,5.0,11
1566450,5.0,5.0,11
1566500,5.0,5.0,11
1566550,5.0,5.0,11
1566600,5.0,5.0,11
1566650,5.0,5.0,11
1566700,5.0,5.0,11
1566750,5.0,5.0,11
1566800,5.0,5.0,11
1566850,5.0,5.0,11
1566900,5.0,5.0,11
1566950,5.0,5.0,11
1567000,5.0,5.0,11
1567050,5.0,5.0,11
1567100,5.0,5.0,11
1567150,5.0,5.0,11
1567200,5.0,5.0,11
1567250,5.0,5.0,11
1567300,5.0,5.0,11
1567350,5.0,5.0,11
1567400,5.0,5.0,11
1567450,5.0,5.0,11
1567500,5.0,5.0,11
1567550,5.0,5.0,11
1567600,5.0,5.0,11
1567650,5.0,5.0,11
1567700,5.0,5.0,11
1567750,5.0,5.0,11
1567800,5.0,5.0,11
1567850,5.0,5.0,11
1567900,5.0,5.0,11
1567950,5.0,5.0,11
1568000,5.0,5.0,11
1568050,5.0,5.0,11
1568100,5.0,5.0,11
1568150,5.0,5.0,11
1568200,5.0,5.0,11
1568250,5.0,5.0,11
1568300,5.0,5.0,11
1568350,5.0,5.0,11
1568400,5.0,5.0,11
1568450,5.0,5.0,11
1568500,5.0,5.0,11
1568550,5.0,5.0,11
1568600,5.0,5.0,11
1568650,5.0,5.0,11
1568700,5.0,5.0,11
1568750,5.0,5.0,11
1568800,5.0,5.0,11
1568850,5.0,5.0,11
1568900,5.0,5.0,11
1568950,5.0,5.0,11
1569000,5.0,5.0,11
1569050,5.0,5.0,11
1569100,5.0,5.0,11
1569150,5.0,5.0,11
1569200,5.0,5.0,11
1569250,5.0,5.0,11
1569300,5.0,5.0,11
1569350,5.0,5.0,11
1569400,5.0,5.0,11
1569450,5.0,5.0,11
1569500,5.0,5.0,11
1569550,5.0,5.0,11
1569600,5.0,5.0,11
1569650,5.0,5.0,11
1569700,5.0,5.0,11
1569750,5.0,5.0,11
1569800,5.0,5.0,11
1569850,5.0,5.0,11
1569900,5.0,5.0,11
1569950,5.0,5.0,11
1570000,5.0,5.0,11
1570050,5.0,5.0,11
1570100,5.0,5.0,11
1570150,5.0,5.0,11
1570200,5.0,5.0,11
1570250,5.0,5.0,11
1570300,5.0,5.0,11
1570350,5.0,5.0,11
1570400,5.0,5.0,11
1570450,5.0,5.0,11
1570500,5.0,5.0,11
1570550,5.0,5.0,11
1570600,5.0,5.0,11
1570650,5.0,5.0,11
1570700,5.0,5.0,11
1570750,5.0,5.0,11
1570800,5.0,5.0,11
1570850,5.0,5.0,11
1570900,5.0,5.0,11
1570950,5.0,5.0,11
1571000,5.0,5.0,11
1571050,5.0,5.0,11
1571100,5.0,5.0,11
1571150,5.0,5.0,11
1571200,5.0,5.0,11
1571250,5.0,5.0,11
1571300,5.0,5.0,11
1571350,5.0,5.0,11
1571400,5.0,5.0,11
1571450,5.0,5.0,11
1571500,5.0,5.0,11
1571550,5.0,5.0,11
1571600,5.0,5.0,11
1571650,5.0,5.0,11
1571700,5.0,5.0,11
1571750,5.0,5.0,11
1571800,5.0,5.0,11
1571850,5.0,5.0,11
1571900,5.0,5.0,11
1571950,5.0,5.0,11
1572000,5.0,5.0,11
1572050,5.0,5.0,11
1572100,5.0,5.0,11
1572150,5.0,5.0,11
1572200,5.0,5.0,11
1572250,5.0,5.0,11
1572300,5.0,5.0,11
1572350,5.0,5.0,11
1572400,5.0,5.0,11
1572450,5.0,5.0,11
1572500,5.0,5.0,11
1572550,5.0,5.0,11
1572600,5.0,5.0,11
1572650,5.0,5.0,11
1572700,5.0,5.0,11
1572750,5.0,5.0,11
1572800,5.0,5.0,11
1572850,5.0,5.0,11
1572900,5.0,5.0,11
1572950,5.0,5.0,11
1573000,5.0,5.0,11
1573050,5.0,5.0,11
1573100,5.0,5.0,11
1573150,5.0,5.0,11
1573200,5.0,5.0,11
1573250,5.0,5.0,11
1573300,5.0,5.0,11
1573350,5.0,5.0,11
1573400,5.0,5.0,11
1573450,5.0,5.0,11
1573500,5.0,5.0,11
1573550,5.0,5.0,11
1573600,5.0,5.0,11
1573650,5.0,5.0,11
1573700,5.0,5.0,11
1573750,5.0,5.0,11
1573800,5.0,5.0,11
1573850,5.0,5.0,11
1573900,5.0,5.0,11
1573950,5.0,5.0,11
1574000,5.0,5.0,11
1574050,5.0,5.0,11
1574100,5.0,5.0,11
1574150,5.0,5.0,11
1574200,5.0,5.0,11
1574250,5.0,5.0,11
1574300,5.0,5.0,11
1574350,5.0,5.0,11
1574400,5.0,5.0,11
1574450,5.0,5.0,11
1574500,5.0,5.0,11
1574550,5.0,5.0,11
1574600,5.0,5.0,11
1574650,5.0,5.0,11
1574700,5.0,5.0,11
1574750,5.0,5.0,11
1574800,5.0,5.0,11
1574850,5.0,5.0,11
1574900,5.0,5.0,11
1574950,5.0,5.0,11
1575000,5.0,5.0,11
1575050,5.0,5.0,11
1575100,5.0,5.0,11
1575150,5.0,5.0,11
1575200,5.0,5.0,11
1575250,5.0,5.0,11
1575300,5.0,5.0,11
1575350,5.0,5.0,11
1575400,5.0,5.0,11
1575450,5.0,5.0,11
1575500,5.0,5.0,11
1575550,5.0,5.0,11
1575600,5.0,5.0,11
1575650,5.0,5.0,11
1575700,5.0,5.0,11
1575750,5.0,5.0,11
1575800,5.0,5.0,11
1575850,5.0,5.0,11
1575900,5.0,5.0,11
1575950,5.0,5.0,11
1576000,5.0,5.0,11
1576050,5.0,5.0,11
1576100,5.0,5.0,11
1576150,5.0,5.0,11
1576200,5.0,5.0,11
1576250,5.0,5.0,11
1576300,5.0,5.0,11
1576350,5.0,5.0,11
1576400,5.0,5.0,11
1576450,5.0,5.0,11
1576500,5.0,5.0,11
1576550,5.0,5.0,11
1576600,5.0,5.0,11
1576650,5.0,5.0,11
1576700,5.0,5.0,11
1576750,5.0,5.0,11
1576800,5.0,5.0,11
1576850,5.0,5.0,11
1576900,5.0,5.0,11
1576950,5.0,5.0,11
1577000,5.0,5.0,11
1577050,5.0,5.0,11
1577100,5.0,5.0,11
1577150,5.0,5.0,11
1577200,5.0,5.0,11
1577250,5.0,5.0,11
1577300,5.0,5.0,11
1577350,5.0,5.0,11
1577400,5.0,5.0,11
1577450,5.0,5.0,11
1577500,5.0,5.0,11
1577550,5.0,5.0,11
1577600,5.0,5.0,11
1577650,5.0,5.0,11
1577700,5.0,5.0,11
1577750,5.0,5.0,11
1577800,5.0,5.0,11
1577850,5.0,5.0,11
1577900,5.0,5.0,11
1577950,5.0,5.0,11
1578000,5.0,5.0,11
1578050,5.0,5.0,11
1578100,5.0,5.0,11
1578150,5.0,5.0,11
1578200,5.0,5.0,11
1578250,5.0,5.0,11
1578300,5.0,5.0,11
1578350,5.0,5.0,11
1578400,5.0,5.0,11
1578450,5.0,5.0,11
1578500,5.0,5.0,11
1578550,5.0,5.0,11
1578600,5.0,5.0,11
1578650,5.0,5.0,11
1578700,5.0,5.0,11
1578750,5.0,5.0,11
1578800,5.0,5.0,11
1578850,5.0,5.0,11
1578900,5.0,5.0,11
1578950,5.0,5.0,11
1579000,5.0,5.0,11
1579050,5.0,5.0,11
1579100,5.0,5.0,11
1579150,5.0,5.0,11
1579200,5.0,5.0,11
1579250,5.0,5.0,11
1579300,5.0,5.0,11
1579350,5.0,5.0,11
1579400,5.0,5.0,11
1579450,5.0,5.0,11
1579500,5.0,5.0,11
1579550,5.0,5.0,11
1579600,5.0,5.0,11
1579650,5.0,5.0,11
1579700,5.0,5.0,11
1579750,5.0,5.0,11
1579800,5.0,5.0,11
1579850,5.0,5.0,11
1579900,5.0,5.0,11
1579950,5.0,5.0,11
1580000,5.0,5.0,11
1580050,5.0,5.0,11
1580100,5.0,5.0,11
1580150,5.0,5.0,11
1580200,5.0,5.0,11
1580250,5.0,5.0,11
1580300,5.0,5.0,11
1580350,5.0,5.0,11
1580400,5.0,5.0,11
1580450,5.0,5.0,11
1580500,5.0,5.0,11
1580550,5.0,5.0,11
1580600,5.0,5.0,11
1580650,5.0,5.0,11
1580700,5.0,5.0,11
1580750,5.0,5.0,11
1580800,5.0,5.0,11
1580850,5.0,5.0,11
1580900,5.0,5.0,11
1580950,5.0,5.0,11
1581000,5.0,5.0,11
1581050,5.0,5.0,11
1581100,5.0,5.0,11
1581150,5.0,5.0,11
1581200,5.0,5.0,11
1581250,5.0,5.0,11
1581300,5.0,5.0,11
1581350,5.0,5.0,11
1581400,5.0,5.0,11
1581450,5.0,5.0,11
1581500,5.0,5.0,11
1581550,5.0,5.0,11
1581600,5.0,5.0,11
1581650,5.0,5.0,11
1581700,5.0,5.0,11
1581750,5.0,5.0,11
1581800,5.0,5.0,11
1581850,5.0,5.0,11
1581900,5.0,5.0,11
1581950,5.0,5.0,11
1582000,5.0,5.0,11
1582050,5.0,5.0,11
1582100,5.0,5.0,11
1582150,5.0,5.0,11
1582200,5.0,5.0,11
1582250,5.0,5.0,11
1582300,5.0,5.0,11
1582350,5.0,5.0,11
1582400,5.0,5.0,11
1582450,5.0,5.0,11
1582500,5.0,5.0,11
1582550,5.0,5.0,11
1582600,5.0,5.0,11
1582650,5.0,5.0,11
1582700,5.0,5.0,11
1582750,5.0,5.0,11
1582800,5.0,5.0,11
1582850,5.0,5.0,11
1582900,5.0,5.0,11
1582950,5.0,5.0,11
1583000,5.0,5.0,11
1583050,5.0,5.0,11
1583100,5.0,5.0,11
1583150,5.0,5.0,11
1583200,5.0,5.0,11
1583250,5.0,5.0,11
1583300,5.0,5.0,11
1583350,5.0,5.0,11
1583400,5.0,5.0,11
1583450,5.0,5.0,11
1583500,5.0,5.0,11
1583550,5.0,5.0,11
1583600,5.0,5.0,11
1583650,5.0,5.0,11
1583700,5.0,5.0,11
1583750,5.0,5.0,11
1583800,5.0,5.0,11
1583850,5.0,5.0,11
1583900,5.0,5.0,11
1583950,5.0,5.0,11
1584000,5.0,5.0,11
1584050,5.0,5.0,11
1584100,5.0,5.0,11
1584150,5.0,5.0,11
1584200,5.0,5.0,11
1584250,5.0,5.0,11
1584300,5.0,5.0,11
1584350,5.0,5.0,11
1584400,5.0,5.0,11
1584450,5.0,5.0,11
1584500,5.0,5.0,11
1584550,5.0,5.0,11
1584600,5.0,5.0,11
1584650,5.0,5.0,11
1584700,5.0,5.0,11
1584750,5.0,5.0,11
1584800,5.0,5.0,11
1584850,5.0,5.0,11
1584900,5.0,5.0,11
1584950,5.0,5.0,11
1585000,5.0,5.0,11
1585050,5.0,5.0,11
1585100,5.0,5.0,11
1585150,5.0,5.0,11
1585200,5.0,5.0,11
1585250,5.0,5.0,11
1585300,5.0,5.0,11
1585350,5.0,5.0,11
1585400,5.0,5.0,11
1585450,5.0,5.0,11
1585500,5.0,5.0,11
1585550,5.0,5.0,11
1585600,5.0,5.0,11
1585650,5.0,5.0,11
1585700,5.0,5.0,11
1585750,5.0,5.0,11
1585800,5.0,5.0,11
1585850,5.0,5.0,11
1585900,5.0,5.0,11
1585950,5.0,5.0,11
1586000,5.0,5.0,11
1586050,5.0,5.0,11
1586100,5.0,5.0,11
1586150,5.0,5.0,11
1586200,5.0,5.0,11
1586250,5.0,5.0,11
1586300,5.0,5.0,11
1586350,5.0,5.0,11
1586400,5.0,5.0,11
1586450,5.0,5.0,11
1586500,5.0,5.0,11
1586550,5.0,5.0,11
1586600,5.0,5.0,11
1586650,5.0,5.0,11
1586700,5.0,5.0,11
1586750,5.0,5.0,11
1586800,5.0,5.0,11
1586850,5.0,5.0,11
1586900,5.0,5.0,11
1586950,5.0,5.0,11
1587000,5.0,5.0,11
1587050,5.0,5.0,11
1587100,5.0,5.0,11
1587150,5.0,5.0,11
1587200,5.0,5.0,11
1587250,5.0,5.0,11
1587300,5.0,5.0,11
1587350,5.0,5.0,11
1587400,5.0,5.0,11
1587450,5.0,5.0,11
1587500,5.0,5.0,11
1587550,5.0,5.0,11
1587600,5.0,5.0,11
1587650,5.0,5.0,11
1587700,5.0,5.0,11
1587750,5.0,5.0,11
1587800,5.0,5.0,11
1587850,5.0,5.0,11
1587900,5.0,5.0,11
1587950,5.0,5.0,11
1588000,5.0,5.0,11
1588050,5.0,5.0,11
1588100,5.0,5.0,11
1588150,5.0,5.0,11
1588200,5.0,5.0,11
1588250,5.0,5.0,11
1588300,5.0,5.0,11
1588350,5.0,5.0,11
1588400,5.0,5.0,11
1588450,5.0,5.0,11
1588500,5.0,5.0,11
1588550,5.0,5.0,11
1588600,5.0,5.0,11
1588650,5.0,5.0,11
1588700,5.0,5.0,11
1588750,5.0,5.0,11
1588800,5.0,5.0,11
1588850,5.0,5.0,11
1588900,5.0,5.0,11
1588950,5.0,5.0,11
1589000,5.0,5.0,11
1589050,5.0,5.0,11
1589100,5.0,5.0,11
1589150,5.0,5.0,11
1589200,5.0,5.0,11
1589250,5.0,5.0,11
1589300,5.0,5.0,11
1589350,5.0,5.0,11
1589400,5.0,5.0,11
1589450,5.0,5.0,11
1589500,5.0,5.0,11
1589550,5.0,5.0,11
1589600,5.0,5.0,11
1589650,5.0,5.0,11
1589700,5.0,5.0,11
1589750,5.0,5.0,11
1589800,5.0,5.0,11
1589850,5.0,5.0,11
1589900,5.0,5.0,11
1589950,5.0,5.0,11
1590000,5.0,5.0,11
1590050,5.0,5.0,11
1590100,5.0,5.0,11
1590150,5.0,5.0,11
1590200,5.0,5.0,11
1590250,5.0,5.0,11
1590300,5.0,5.0,11
1590350,5.0,5.0,11
1590400,5.0,5.0,11
1590450,5.0,5.0,11
1590500,5.0,5.0,11
1590550,5.0,5.0,11
1590600,5.0,5.0,11
1590650,5.0,5.0,11
1590700,5.0,5.0,11
1590750,5.0,5.0,11
1590800,5.0,5.0,11
1590850,5.0,5.0,11
1590900,5.0,5.0,11
1590950,5.0,5.0,11
1591000,5.0,5.0,11
1591050,5.0,5.0,11
1591100,5.0,5.0,11
1591150,5.0,5.0,11
1591200,5.0,5.0,11
1591250,5.0,5.0,11
1591300,5.0,5.0,11
1591350,5.0,5.0,11
1591400,5.0,5.0,11
1591450,5.0,5.0,11
1591500,5.0,5.0,11
1591550,5.0,5.0,11
1591600,5.0,5.0,11
1591650,5.0,5.0,11
1591700,5.0,5.0,11
1591750,5.0,5.0,11
1591800,5.0,5.0,11
1591850,5.0,5.0,11
1591900,5.0,5.0,11
1591950,5.0,5.0,11
1592000,5.0,5.0,11
1592050,5.0,5.0,11
1592100,5.0,5.0,11
1592150,5.0,5.0,11
1592200,5.0,5.0,11
1592250,5.0,5.0,11
1592300,5.0,5.0,11
1592350,5.0,5.0,11
1592400,5.0,5.0,11
1592450,5.0,5.0,11
1592500,5.0,5.0,11
1592550,5.0,5.0,11
1592600,5.0,5.0,11
1592650,5.0,5.0,11
1592700,5.0,5.0,11
1592750,5.0,5.0,11
1592800,5.0,5.0,11
1592850,5.0,5.0,11
1592900,5.0,5.0,11
1592950,5.0,5.0,11
1593000,5.0,5.0,11
1593050,5.0,5.0,11
1593100,5.0,5.0,11
1593150,5.0,5.0,11
1593200,5.0,5.0,11
1593250,5.0,5.0,11
1593300,5.0,5.0,11
1593350,5.0,5.0,11
1593400,5.0,5.0,11
1593450,5.0,5.0,11
1593500,5.0,5.0,11
1593550,5.0,5.0,11
1593600,5.0,5.0,11
1593650,5.0,5.0,11
1593700,5.0,5.0,11
1593750,5.0,5.0,11
1593800,5.0,5.0,11
1593850,5.0,5.0,11
1593900,5.0,5.0,11
1593950,5.0,5.0,11
1594000,5.0,5.0,11
1594050,5.0,5.0,11
1594100,5.0,5.0,11
1594150,5.0,5.0,11
1594200,5.0,5.0,11
1594250,5.0,5.0,11
1594300,5.0,5.0,11
1594350,5.0,5.0,11
1594400,5.0,5.0,11
1594450,5.0,5.0,11
1594500,5.0,5.0,11
1594550,5.0,5.0,11
1594600,5.0,5.0,11
1594650,5.0,5.0,11
1594700,5.0,5.0,11
1594750,5.0,5.0,11
1594800,5.0,5.0,11
1594850,5.0,5.0,11
1594900,5.0,5.0,11
1594950,5.0,5.0,11
1595000,5.0,5.0,11
1595050,5.0,5.0,11
1595100,5.0,5.0,11
1595150,5.0,5.0,11
1595200,5.0,5.0,11
1595250,5.0,5.0,11
1595300,5.0,5.0,11
1595350,5.0,5.0,11
1595400,5.0,5.0,11
1595450,5.0,5.0,11
1595500,5.0,5.0,11
1595550,5.0,5.0,11
1595600,5.0,5.0,11
1595650,5.0,5.0,11
1595700,5.0,5.0,11
1595750,5.0,5.0,11
1595800,5.0,5.0,11
1595850,5.0,5.0,11
1595900,5.0,5.0,11
1595950,5.0,5.0,11
1596000,5.0,5.0,11
1596050,5.0,5.0,11
1596100,5.0,5.0,11
1596150,5.0,5.0,11
1596200,5.0,5.0,11
1596250,5.0,5.0,11
1596300,5.0,5.0,11
1596350,5.0,5.0,11
1596400,5.0,5.0,11
1596450,5.0,5.0,11
1596500,5.0,5.0,11
1596550,5.0,5.0,11
1596600,5.0,5.0,11
1596650,5.0,5.0,11
1596700,5.0,5.0,11
1596750,5.0,5.0,11
1596800,5.0,5.0,11
1596850,5.0,5.0,11
1596900,5.0,5.0,11
1596950,5.0,5.0,11
1597000,5.0,5.0,11
1597050,5.0,5.0,11
1597100,5.0,5.0,11
1597150,5.0,5.0,11
1597200,5.0,5.0,11
1597250,5.0,5.0,11
1597300,5.0,5.0,11
1597350,5.0,5.0,11
1597400,5.0,5.0,11
1597450,5.0,5.0,11
1597500,5.0,5.0,11
1597550,5.0,5.0,11
1597600,5.0,5.0,11
1597650,5.0,5.0,11
1597700,5.0,5.0,11
1597750,5.0,5.0,11
1597800,5.0,5.0,11
1597850,5.0,5.0,11
1597900,5.0,5.0,11
1597950,5.0,5.0,11
1598000,5.0,5.0,11
1598050,5.0,5.0,11
1598100,5.0,5.0,11
1598150,5.0,5.0,11
1598200,5.0,5.0,11
1598250,5.0,5.0,11
1598300,5.0,5.0,11
1598350,5.0,5.0,11
1598400,5.0,5.0,11
1598450,5.0,5.0,11
1598500,5.0,5.0,11
1598550,5.0,5.0,11
1598600,5.0,5.0,11
1598650,5.0,5.0,11
1598700,5.0,5.0,11
1598750,5.0,5.0,11
1598800,5.0,5.0,11
1598850,5.0,5.0,11
1598900,5.0,5.0,11
1598950,5.0,5.0,11
1599000,5.0,5.0,11
1599050,5.0,5.0,11
1599100,5.0,5.0,11
1599150,5.0,5.0,11
1599200,5.0,5.0,11
1599250,5.0,5.0,11
1599300,5.0,5.0,11
1599350,5.0,5.0,11
1599400,5.0,5.0,11
1599450,5.0,5.0,11
1599500,5.0,5.0,11
1599550,5.0,5.0,11
1599600,5.0,5.0,11
1599650,5.0,5.0,11
1599700,5.0,5.0,11
1599750,5.0,5.0,11
1599800,5.0,5.0,11
1599850,5.0,5.0,11
1599900,5.0,5.0,11
1599950,5.0,5.0,11
1600000,5.0,5.0,11
1600050,5.0,5.0,11
1600100,5.0,5.0,11
1600150,5.0,5.0,11
1600200,5.0,5.0,11
1600250,5.0,5.0,11
1600300,5.0,5.0,11
1600350,5.0,5.0,11
1600400,5.0,5.0,11
1600450,5.0,5.0,11
1600500,5.0,5.0,11
1600550,5.0,5.0,11
1600600,5.0,5.0,11
1600650,5.0,5.0,11
1600700,5.0,5.0,11
1600750,5.0,5.0,11
1600800,5.0,5.0,11
1600850,5.0,5.0,11
1600900,5.0,5.0,11
1600950,5.0,5.0,11
1601000,5.0,5.0,11
1601050,5.0,5.0,11
1601100,5.0,5.0,11
1601150,5.0,5.0,11
1601200,5.0,5.0,11
1601250,5.0,5.0,11
1601300,5.0,5.0,11
1601350,5.0,5.0,11
1601400,5.0,5.0,11
1601450,5.0,5.0,11
1601500,5.0,5.0,11
1601550,5.0,5.0,11
1601600,5.0,5.0,11
1601650,5.0,5.0,11
1601700,5.0,5.0,11
1601750,5.0,5.0,11
1601800,5.0,5.0,11
1601850,5.0,5.0,11
1601900,5.0,5.0,11
1601950,5.0,5.0,11
1602000,5.0,5.0,11
1602050,5.0,5.0,11
1602100,5.0,5.0,11
1602150,5.0,5.0,11
1602200,5.0,5.0,11
1602250,5.0,5.0,11
1602300,5.0,5.0,11
1602350,5.0,5.0,11
1602400,5.0,5.0,11
1602450,5.0,5.0,11
1602500,5.0,5.0,11
1602550,5.0,5.0,11
1602600,5.0,5.0,11
1602650,5.0,5.0,11
1602700,5.0,5.0,11
1602750,5.0,5.0,11
1602800,5.0,5.0,11
1602850,5.0,5.0,11
1602900,5.0,5.0,11
1602950,5.0,5.0,11
1603000,5.0,5.0,11
1603050,5.0,5.0,11
1603100,5.0,5.0,11
1603150,5.0,5.0,11
1603200,5.0,5.0,11
1603250,5.0,5.0,11
1603300,5.0,5.0,11
1603350,5.0,5.0,11
1603400,5.0,5.0,11
1603450,5.0,5.0,11
1603500,5.0,5.0,11
1603550,5.0,5.0,11
1603600,5.0,5.0,11
1603650,5.0,5.0,11
1603700,5.0,5.0,11
1603750,5.0,5.0,11
1603800,5.0,5.0,11
1603850,5.0,5.0,11
1603900,5.0,5.0,11
1603950,5.0,5.0,11
1604000,5.0,5.0,11
1604050,5.0,5.0,11
1604100,5.0,5.0,11
1604150,5.0,5.0,11
1604200,5.0,5.0,11
1604250,5.0,5.0,11
1604300,5.0,5.0,11
1604350,5.0,5.0,11
1604400,5.0,5.0,11
1604450,5.0,5.0,11
1604500,5.0,5.0,11
1604550,5.0,5.0,11
1604600,5.0,5.0,11
1604650,5.0,5.0,11
1604700,5.0,5.0,11
1604750,5.0,5.0,11
1604800,5.0,5.0,11
1604850,5.0,5.0,11
1604900,5.0,5.0,11
1604950,5.0,5.0,11
1605000,5.0,5.0,11
1605050,5.0,5.0,11
1605100,5.0,5.0,11
1605150,5.0,5.0,11
1605200,5.0,5.0,11
1605250,5.0,5.0,11
1605300,5.0,5.0,11
1605350,5.0,5.0,11
1605400,5.0,5.0,11
1605450,5.0,5.0,11
1605500,5.0,5.0,11
1605550,5.0,5.0,11
1605600,5.0,5.0,11
1605650,5.0,5.0,11
1605700,5.0,5.0,11
1605750,5.0,5.0,11
1605800,5.0,5.0,11
1605850,5.0,5.0,11
1605900,5.0,5.0,11
1605950,5.0,5.0,11
1606000,5.0,5.0,11
1606050,5.0,5.0,11
1606100,5.0,5.0,11
1606150,5.0,5.0,11
1606200,5.0,5.0,11
1606250,5.0,5.0,11
1606300,5.0,5.0,11
1606350,5.0,5.0,11
1606400,5.0,5.0,11
1606450,5.0,5.0,11
1606500,5.0,5.0,11
1606550,5.0,5.0,11
1606600,5.0,5.0,11
1606650,5.0,5.0,11
1606700,5.0,5.0,11
1606750,5.0,5.0,11
1606800,5.0,5.0,11
1606850,5.0,5.0,11
1606900,5.0,5.0,11
1606950,5.0,5.0,11
1607000,5.0,5.0,11
1607050,5.0,5.0,11
1607100,5.0,5.0,11
1607150,5.0,5.0,11
1607200,5.0,5.0,11
1607250,5.0,5.0,11
1607300,5.0,5.0,11
1607350,5.0,5.0,11
1607400,5.0,5.0,11
1607450,5.0,5.0,11
1607500,5.0,5.0,11
1607550,5.0,5.0,11
1607600,5.0,5.0,11
1607650,5.0,5.0,11
1607700,5.0,5.0,11
1607750,5.0,5.0,11
1607800,5.0,5.0,11
1607850,5.0,5.0,11
1607900,5.0,5.0,11
1607950,5.0,5.0,11
1608000,5.0,5.0,11
1608050,5.0,5.0,11
1608100,5.0,5.0,11
1608150,5.0,5.0,11
1608200,5.0,5.0,11
1608250,5.0,5.0,11
1608300,5.0,5.0,11
1608350,5.0,5.0,11
1608400,5.0,5.0,11
1608450,5.0,5.0,11
1608500,5.0,5.0,11
1608550,5.0,5.0,11
1608600,5.0,5.0,11
1608650,5.0,5.0,11
1608700,5.0,5.0,11
1608750,5.0,5.0,11
1608800,5.0,5.0,11
1608850,5.0,5.0,11
1608900,5.0,5.0,11
1608950,5.0,5.0,11
1609000,5.0,5.0,11
1609050,5.0,5.0,11
1609100,5.0,5.0,11
1609150,5.0,5.0,11
1609200,5.0,5.0,11
1609250,5.0,5.0,11
1609300,5.0,5.0,11
1609350,5.0,5.0,11
1609400,5.0,5.0,11
1609450,5.0,5.0,11
1609500,5.0,5.0,11
1609550,5.0,5.0,11
1609600,5.0,5.0,11
1609650,5.0,5.0,11
1609700,5.0,5.0,11
1609750,5.0,5.0,11
1609800,5.0,5.0,11
1609850,5.0,5.0,11
1609900,5.0,5.0,11
1609950,5.0,5.0,11
1610000,5.0,5.0,11
1610050,5.0,5.0,11
1610100,5.0,5.0,11
1610150,5.0,5.0,11
1610200,5.0,5.0,11
1610250,5.0,5.0,11
1610300,5.0,5.0,11
1610350,5.0,5.0,11
1610400,5.0,5.0,11
1610450,5.0,5.0,11
1610500,5.0,5.0,11
1610550,5.0,5.0,11
1610600,5.0,5.0,11
1610650,5.0,5.0,11
1610700,5.0,5.0,11
1610750,5.0,5.0,11
1610800,5.0,5.0,11
1610850,5.0,5.0,11
1610900,5.0,5.0,11
1610950,5.0,5.0,11
1611000,5.0,5.0,11
1611050,5.0,5.0,11
1611100,5.0,5.0,11
1611150,5.0,5.0,11
1611200,5.0,5.0,11
1611250,5.0,5.0,11
1611300,5.0,5.0,11
1611350,5.0,5.0,11
1611400,5.0,5.0,11
1611450,5.0,5.0,11
1611500,5.0,5.0,11
1611550,5.0,5.0,11
1611600,5.0,5.0,11
1611650,5.0,5.0,11
1611700,5.0,5.0,11
1611750,5.0,5.0,11
1611800,5.0,5.0,11
1611850,5.0,5.0,11
1611900,5.0,5.0,11
1611950,5.0,5.0,11
1612000,5.0,5.0,11
1612050,5.0,5.0,11
1612100,5.0,5.0,11
1612150,5.0,5.0,11
1612200,5.0,5.0,11
1612250,5.0,5.0,11
1612300,5.0,5.0,11
1612350,5.0,5.0,11
1612400,5.0,5.0,11
1612450,5.0,5.0,11
1612500,5.0,5.0,11
1612550,5.0,5.0,11
1612600,5.0,5.0,11
1612650,5.0,5.0,11
1612700,5.0,5.0,11
1612750,5.0,5.0,11
1612800,5.0,5.0,11
1612850,5.0,5.0,11
1612900,5.0,5.0,11
1612950,5.0,5.0,11
1613000,5.0,5.0,11
1613050,5.0,5.0,11
1613100,5.0,5.0,11
1613150,5.0,5.0,11
1613200,5.0,5.0,11
1613250,5.0,5.0,11
1613300,5.0,5.0,11
1613350,5.0,5.0,11
1613400,5.0,5.0,11
1613450,5.0,5.0,11
1613500,5.0,5.0,11
1613550,5.0,5.0,11
1613600,5.0,5.0,11
1613650,5.0,5.0,11
1613700,5.0,5.0,11
1613750,5.0,5.0,11
1613800,5.0,5.0,11
1613850,5.0,5.0,11
1613900,5.0,5.0,11
1613950,5.0,5.0,11
1614000,5.0,5.0,11
1614050,5.0,5.0,11
1614100,5.0,5.0,11
1614150,5.0,5.0,11
1614200,5.0,5.0,11
1614250,5.0,5.0,11
1614300,5.0,5.0,11
1614350,5.0,5.0,11
1614400,5.0,5.0,11
1614450,5.0,5.0,11
1614500,5.0,5.0,11
1614550,5.0,5.0,11
1614600,5.0,5.0,11
1614650,5.0,5.0,11
1614700,5.0,5.0,11
1614750,5.0,5.0,11
1614800,5.0,5.0,11
1614850,5.0,5.0,11
1614900,5.0,5.0,11
1614950,5.0,5.0,11
1615000,5.0,5.0,11
1615050,5.0,5.0,11
1615100,5.0,5.0,11
1615150,5.0,5.0,11
1615200,5.0,5.0,11
1615250,5.0,5.0,11
1615300,5.0,5.0,11
1615350,5.0,5.0,11
1615400,5.0,5.0,11
1615450,5.0,5.0,11
1615500,5.0,5.0,11
1615550,5.0,5.0,11
1615600,5.0,5.0,11
1615650,5.0,5.0,11
1615700,5.0,5.0,11
1615750,5.0,5.0,11
1615800,5.0,5.0,11
1615850,5.0,5.0,11
1615900,5.0,5.0,11
1615950,5.0,5.0,11
1616000,5.0,5.0,11
1616050,5.0,5.0,11
1616100,5.0,5.0,11
1616150,5.0,5.0,11
1616200,5.0,5.0,11
1616250,5.0,5.0,11
1616300,5.0,5.0,11
1616350,5.0,5.0,11
1616400,5.0,5.0,11
1616450,5.0,5.0,11
1616500,5.0,5.0,11
1616550,5.0,5.0,11
1616600,5.0,5.0,11
1616650,5.0,5.0,11
1616700,5.0,5.0,11
1616750,5.0,5.0,11
1616800,5.0,5.0,11
1616850,5.0,5.0,11
1616900,5.0,5.0,11
1616950,5.0,5.0,11
1617000,5.0,5.0,11
1617050,5.0,5.0,11
1617100,5.0,5.0,11
1617150,5.0,5.0,11
1617200,5.0,5.0,11
1617250,5.0,5.0,11
1617300,5.0,5.0,11
1617350,5.0,5.0,11
1617400,5.0,5.0,11
1617450,5.0,5.0,11
1617500,5.0,5.0,11
1617550,5.0,5.0,11
1617600,5.0,5.0,11
1617650,5.0,5.0,11
1617700,5.0,5.0,11
1617750,5.0,5.0,11
1617800,5.0,5.0,11
1617850,5.0,5.0,11
1617900,5.0,5.0,11
1617950,5.0,5.0,11
1618000,5.0,5.0,11
1618050,5.0,5.0,11
1618100,5.0,5.0,11
1618150,5.0,5.0,11
1618200,5.0,5.0,11
1618250,5.0,5.0,11
1618300,5.0,5.0,11
1618350,5.0,5.0,11
1618400,5.0,5.0,11
1618450,5.0,5.0,11
1618500,5.0,5.0,11
1618550,5.0,5.0,11
1618600,5.0,5.0,11
1618650,5.0,5.0,11
1618700,5.0,5.0,11
1618750,5.0,5.0,11
1618800,5.0,5.0,11
1618850,5.0,5.0,11
1618900,5.0,5.0,11
1618950,5.0,5.0,11
1619000,5.0,5.0,11
1619050,5.0,5.0,11
1619100,5.0,5.0,11
1619150,5.0,5.0,11
1619200,5.0,5.0,11
1619250,5.0,5.0,11
1619300,5.0,5.0,11
1619350,5.0,5.0,11
1619400,5.0,5.0,11
1619450,5.0,5.0,11
1619500,5.0,5.0,11
1619550,5.0,5.0,11
1619600,5.0,5.0,11
1619650,5.0,5.0,11
1619700,5.0,5.0,11
1619750,5.0,5.0,11
1619800,5.0,5.0,11
1619850,5.0,5.0,11
1619900,5.0,5.0,11
1619950,5.0,5.0,11
1620000,5.0,5.0,11
1620050,5.0,5.0,11
1620100,5.0,5.0,11
1620150,5.0,5.0,11
1620200,5.0,5.0,11
1620250,5.0,5.0,11
1620300,5.0,5.0,11
1620350,5.0,5.0,11
1620400,5.0,5.0,11
1620450,5.0,5.0,11
1620500,5.0,5.0,11
1620550,5.0,5.0,11
1620600,5.0,5.0,11
1620650,5.0,5.0,11
1620700,5.0,5.0,11
1620750,5.0,5.0,11
1620800,5.0,5.0,11
1620850,5.0,5.0,11
1620900,5.0,5.0,11
1620950,5.0,5.0,11
1621000,5.0,5.0,11
1621050,5.0,5.0,11
1621100,5.0,5.0,11
1621150,5.0,5.0,11
1621200,5.0,5.0,11
1621250,5.0,5.0,11
1621300,5.0,5.0,11
1621350,5.0,5.0,11
1621400,5.0,5.0,11
1621450,5.0,5.0,11
1621500,5.0,5.0,11
1621550,5.0,5.0,11
1621600,5.0,5.0,11
1621650,5.0,5.0,11
1621700,5.0,5.0,11
1621750,5.0,5.0,11
1621800,5.0,5.0,11
1621850,5.0,5.0,11
1621900,5.0,5.0,11
1621950,5.0,5.0,11
1622000,5.0,5.0,11
1622050,5.0,5.0,11
1622100,5.0,5.0,11
1622150,5.0,5.0,11
1622200,5.0,5.0,11
1622250,5.0,5.0,11
1622300,5.0,5.0,11
1622350,5.0,5.0,11
1622400,5.0,5.0,11
1622450,5.0,5.0,11
1622500,5.0,5.0,11
1622550,5.0,5.0,11
1622600,5.0,5.0,11
1622650,5.0,5.0,11
1622700,5.0,5.0,11
1622750,5.0,5.0,11
1622800,5.0,5.0,11
1622850,5.0,5.0,11
1622900,5.0,5.0,11
1622950,5.0,5.0,11
1623000,5.0,5.0,11
1623050,5.0,5.0,11
1623100,5.0,5.0,11
1623150,5.0,5.0,11
1623200,5.0,5.0,11
1623250,5.0,5.0,11
1623300,5.0,5.0,11
1623350,5.0,5.0,11
1623400,5.0,5.0,11
1623450,5.0,5.0,11
1623500,5.0,5.0,11
1623550,5.0,5.0,11
1623600,5.0,5.0,11
1623650,5.0,5.0,11
1623700,5.0,5.0,11
1623750,5.0,5.0,11
1623800,5.0,5.0,11
1623850,5.0,5.0,11
1623900,5.0,5.0,11
1623950,5.0,5.0,11
1624000,5.0,5.0,11
1624050,5.0,5.0,11
1624100,5.0,5.0,11
1624150,5.0,5.0,11
1624200,5.0,5.0,11
1624250,5.0,5.0,11
1624300,5.0,5.0,11
1624350,5.0,5.0,11
1624400,5.0,5.0,11
1624450,5.0,5.0,11
1624500,5.0,5.0,11
1624550,5.0,5.0,11
1624600,5.0,5.0,11
1624650,5.0,5.0,11
1624700,5.0,5.0,11
1624750,5.0,5.0,11
1624800,5.0,5.0,11
1624850,5.0,5.0,11
1624900,5.0,5.0,11
1624950,5.0,5.0,11
1625000,5.0,5.0,11
1625050,5.0,5.0,11
1625100,5.0,5.0,11
1625150,5.0,5.0,11
1625200,5.0,5.0,11
1625250,5.0,5.0,11
1625300,5.0,5.0,11
1625350,5.0,5.0,11
1625400,5.0,5.0,11
1625450,5.0,5.0,11
1625500,5.0,5.0,11
1625550,5.0,5.0,11
1625600,5.0,5.0,11
1625650,5.0,5.0,11
1625700,5.0,5.0,11
1625750,5.0,5.0,11
1625800,5.0,5.0,11
1625850,5.0,5.0,11
1625900,5.0,5.0,11
1625950,5.0,5.0,11
1626000,5.0,5.0,11
1626050,5.0,5.0,11
1626100,5.0,5.0,11
1626150,5.0,5.0,11
1626200,5.0,5.0,11
1626250,5.0,5.0,11
1626300,5.0,5.0,11
1626350,5.0,5.0,11
1626400,5.0,5.0,11
1626450,5.0,5.0,11
1626500,5.0,5.0,11
1626550,5.0,5.0,11
1626600,5.0,5.0,11
1626650,5.0,5.0,11
1626700,5.0,5.0,11
1626750,5.0,5.0,11
1626800,5.0,5.0,11
1626850,5.0,5.0,11
1626900,5.0,5.0,11
1626950,5.0,5.0,11
1627000,5.0,5.0,11
1627050,5.0,5.0,11
1627100,5.0,5.0,11
1627150,5.0,5.0,11
1627200,5.0,5.0,11
1627250,5.0,5.0,11
1627300,5.0,5.0,11
1627350,5.0,5.0,11
1627400,5.0,5.0,11
1627450,5.0,5.0,11
1627500,5.0,5.0,11
1627550,5.0,5.0,11
1627600,5.0,5.0,11
1627650,5.0,5.0,11
1627700,5.0,5.0,11
1627750,5.0,5.0,11
1627800,5.0,5.0,11
1627850,5.0,5.0,11
1627900,5.0,5.0,11
1627950,5.0,5.0,11
1628000,5.0,5.0,2
1628050,5.0,5.0,2
1628100,5.0,5.0,2
1628150,5.0,5.0,2
1628200,5.0,5.0,2
1628250,5.0,5.0,2
1628300,5.0,5.0,2
1628350,5.0,5.0,2
1628400,5.0,5.0,2
1628450,5.0,5.0,2
1628500,5.0,5.0,2
1628550,5.0,5.0,2
1628600,5.0,5.0,2
1628650,5.0,5.0,2
1628700,5.0,5.0,2
1628750,5.0,5.0,2
1628800,5.0,5.0,2
1628850,5.0,5.0,2
1628900,5.0,5.0,2
1628950,5.0,5.0,2
1629000,5.0,5.0,2
1629050,5.0,5.0,2
1629100,5.0,5.0,2
1629150,5.0,5.0,2
1629200,5.0,5.0,2
1629250,5.0,5.0,2
1629300,5.0,5.0,2
1629350,5.0,5.0,2
1629400,5.0,5.0,2
1629450,5.0,5.0,2
1629500,5.0,5.0,2
1629550,5.0,5.0,2
1629600,5.0,5.0,2
1629650,5.0,5.0,2
1629700,5.0,5.0,2
1629750,5.0,5.0,2
1629800,5.0,5.0,2
1629850,5.0,5.0,2
1629900,5.0,5.0,2
1629950,5.0,5.0,2
1630000,5.0,5.0,2
1630050,5.0,5.0,2
1630100,5.0,5.0,2
1630150,5.0,5.0,2
1630200,5.0,5.0,2
1630250,5.0,5.0,2
1630300,5.0,5.0,2
1630350,5.0,5.0,2
1630400,5.0,5.0,2
1630450,5.0,5.0,2
1630500,5.0,5.0,2
1630550,5.0,5.0,2
1630600,5.0,5.0,2
1630650,5.0,5.0,2
1630700,5.0,5.0,2
1630750,5.0,5.0,2
1630800,5.0,5.0,2
1630850,5.0,5.0,2
1630900,5.0,5.0,2
1630950,5.0,5.0,2
1631000,5.0,5.0,2
1631050,5.0,5.0,2
1631100,5.0,5.0,2
1631150,5.0,5.0,2
1631200,5.0,5.0,2
1631250,5.0,5.0,2
1631300,5.0,5.0,2
1631350,5.0,5.0,2
1631400,5.0,5.0,2
1631450,5.0,5.0,2
1631500,5.0,5.0,2
1631550,5.0,5.0,2
1631600,5.0,5.0,2
1631650,5.0,5.0,2
1631700,5.0,5.0,2
1631750,5.0,5.0,2
1631800,5.0,5.0,2
1631850,5.0,5.0,2
1631900,5.0,5.0,2
1631950,5.0,5.0,2
1632000,5.0,5.0,2
1632050,5.0,5.0,2
1632100,5.0,5.0,2
1632150,5.0,5.0,2
1632200,5.0,5.0,2
1632250,5.0,5.0,2
1632300,5.0,5.0,2
1632350,5.0,5.0,2
1632400,5.0,5.0,2
1632450,5.0,5.0,2
1632500,5.0,5.0,2
1632550,5.0,5.0,2
1632600,5.0,5.0,2
1632650,5.0,5.0,2
1632700,5.0,5.0,2
1632750,5.0,5.0,2
1632800,5.0,5.0,2
1632850,5.0,5.0,2
1632900,5.0,5.0,2
1632950,5.0,5.0,2
1633000,5.0,5.0,2
1633050,5.0,5.0,2
1633100,5.0,5.0,2
1633150,5.0,5.0,2
1633200,5.0,5.0,2
1633250,5.0,5.0,2
1633300,5.0,5.0,2
1633350,5.0,5.0,2
1633400,5.0,5.0,2
1633450,5.0,5.0,2
1633500,5.0,5.0,2
1633550,5.0,5.0,2
1633600,5.0,5.0,2
1633650,5.0,5.0,2
1633700,5.0,5.0,2
1633750,5.0,5.0,2
1633800,5.0,5.0,2
1633850,5.0,5.0,2
1633900,5.0,5.0,2
1633950,5.0,5.0,2
1634000,5.0,5.0,2
1634050,5.0,5.0,2
1634100,5.0,5.0,2
1634150,5.0,5.0,2
1634200,5.0,5.0,2
1634250,5.0,5.0,2
1634300,5.0,5.0,2
1634350,5.0,5.0,2
1634400,5.0,5.0,2
1634450,5.0,5.0,2
1634500,5.0,5.0,2
1634550,5.0,5.0,2
1634600,5.0,5.0,2
1634650,5.0,5.0,2
1634700,5.0,5.0,2
1634750,5.0,5.0,2
1634800,5.0,5.0,2
1634850,5.0,5.0,2
1634900,5.0,5.0,2
1634950,5.0,5.0,2
1635000,5.0,5.0,2
1635050,5.0,5.0,2
1635100,5.0,5.0,2
1635150,5.0,5.0,2
1635200,5.0,5.0,2
1635250,5.0,5.0,2
1635300,5.0,5.0,2
1635350,5.0,5.0,2
1635400,5.0,5.0,2
1635450,5.0,5.0,2
1635500,5.0,5.0,2
1635550,5.0,5.0,2
1635600,5.0,5.0,2
1635650,5.0,5.0,2
1635700,5.0,5.0,2
1635750,5.0,5.0,2
1635800,5.0,5.0,2
1635850,5.0,5.0,2
1635900,5.0,5.0,2
1635950,5.0,5.0,2
1636000,5.0,5.0,2
1636050,5.0,5.0,2
1636100,5.0,5.0,2
1636150,5.0,5.0,2
1636200,5.0,5.0,2
1636250,5.0,5.0,2
1636300,5.0,5.0,2
1636350,5.0,5.0,2
1636400,5.0,5.0,2
1636450,5.0,5.0,2
1636500,5.0,5.0,2
1636550,5.0,5.0,2
1636600,5.0,5.0,2
1636650,5.0,5.0,2
1636700,5.0,5.0,2
1636750,5.0,5.0,2
1636800,5.0,5.0,2
1636850,5.0,5.0,2
1636900,5.0,5.0,2
1636950,5.0,5.0,2
1637000,5.0,5.0,2
1637050,5.0,5.0,2
1637100,5.0,5.0,2
1637150,5.0,5.0,2
1637200,5.0,5.0,2
1637250,5.0,5.0,2
1637300,5.0,5.0,2
1637350,5.0,5.0,2
1637400,5.0,5.0,2
1637450,5.0,5.0,2
1637500,5.0,5.0,2
1637550,5.0,5.0,2
1637600,5.0,5.0,2
1637650,5.0,5.0,2
1637700,5.0,5.0,2
1637750,5.0,5.0,2
1637800,5.0,5.0,2
1637850,5.0,5.0,2
1637900,5.0,5.0,2
1637950,5.0,5.0,2
1638000,5.0,5.0,2
1638050,5.0,5.0,2
1638100,5.0,5.0,2
1638150,5.0,5.0,2
1638200,5.0,5.0,2
1638250,5.0,5.0,2
1638300,5.0,5.0,2
1638350,5.0,5.0,2
1638400,5.0,5.0,2
1638450,5.0,5.0,2
1638500,5.0,5.0,2
1638550,5.0,5.0,2
1638600,5.0,5.0,2
1638650,5.0,5.0,2
1638700,5.0,5.0,2
1638750,5.0,5.0,2
1638800,5.0,5.0,2
1638850,5.0,5.0,2
1638900,5.0,5.0,2
1638950,5.0,5.0,2
1639000,5.0,5.0,2
1639050,5.0,5.0,2
1639100,5.0,5.0,2
1639150,5.0,5.0,2
1639200,5.0,5.0,2
1639250,5.0,5.0,2
1639300,5.0,5.0,2
1639350,5.0,5.0,2
1639400,5.0,5.0,2
1639450,5.0,5.0,2
1639500,5.0,5.0,2
1639550,5.0,5.0,2
1639600,5.0,5.0,2
1639650,5.0,5.0,2
1639700,5.0,5.0,2
1639750,5.0,5.0,2
1639800,5.0,5.0,2
1639850,5.0,5.0,2
1639900,5.0,5.0,2
1639950,5.0,5.0,2
1640000,5.0,5.0,2
1640050,5.0,5.0,2
1640100,5.0,5.0,2
1640150,5.0,5.0,2
1640200,5.0,5.0,2
1640250,5.0,5.0,2
1640300,5.0,5.0,2
1640350,5.0,5.0,2
1640400,5.0,5.0,2
1640450,5.0,5.0,2
1640500,5.0,5.0,2
1640550,5.0,5.0,2
1640600,5.0,5.0,2
1640650,5.0,5.0,2
1640700,5.0,5.0,2
1640750,5.0,5.0,2
1640800,5.0,5.0,2
1640850,5.0,5.0,2
1640900,5.0,5.0,2
1640950,5.0,5.0,2
1641000,5.0,5.0,2
1641050,5.0,5.0,2
1641100,5.0,5.0,2
1641150,5.0,5.0,2
1641200,5.0,5.0,2
1641250,5.0,5.0,2
1641300,5.0,5.0,2
1641350,5.0,5.0,2
1641400,5.0,5.0,2
1641450,5.0,5.0,2
1641500,5.0,5.0,2
1641550,5.0,5.0,2
1641600,5.0,5.0,2
1641650,5.0,5.0,2
1641700,5.0,5.0,2
1641750,5.0,5.0,2
1641800,5.0,5.0,2
1641850,5.0,5.0,2
1641900,5.0,5.0,2
1641950,5.0,5.0,2
1642000,5.0,5.0,2
1642050,5.0,5.0,2
1642100,5.0,5.0,2
1642150,5.0,5.0,2
1642200,5.0,5.0,2
1642250,5.0,5.0,2
1642300,5.0,5.0,2
1642350,5.0,5.0,2
1642400,5.0,5.0,2
1642450,5.0,5.0,2
1642500,5.0,5.0,2
1642550,5.0,5.0,2
1642600,5.0,5.0,2
1642650,5.0,5.0,2
1642700,5.0,5.0,2
1642750,5.0,5.0,2
1642800,5.0,5.0,2
1642850,5.0,5.0,2
1642900,5.0,5.0,2
1642950,5.0,5.0,2
1643000,5.0,5.0,2
1643050,5.0,5.0,2
1643100,5.0,5.0,2
1643150,5.0,5.0,2
1643200,5.0,5.0,2
1643250,5.0,5.0,2
1643300,5.0,5.0,2
1643350,5.0,5.0,2
1643400,5.0,5.0,2
1643450,5.0,5.0,2
1643500,5.0,5.0,2
1643550,5.0,5.0,2
1643600,5.0,5.0,2
1643650,5.0,5.0,2
1643700,5.0,5.0,2
1643750,5.0,5.0,2
1643800,5.0,5.0,2
1643850,5.0,5.0,2
1643900,5.0,5.0,2
1643950,5.0,5.0,2
1644000,5.0,5.0,2
1644050,5.0,5.0,2
1644100,5.0,5.0,2
1644150,5.0,5.0,2
1644200,5.0,5.0,2
1644250,5.0,5.0,2
1644300,5.0,5.0,2
1644350,5.0,5.0,2
1644400,5.0,5.0,2
1644450,5.0,5.0,2
1644500,5.0,5.0,2
1644550,5.0,5.0,2
1644600,5.0,5.0,2
1644650,5.0,5.0,2
1644700,5.0,5.0,2
1644750,5.0,5.0,2
1644800,5.0,5.0,2
1644850,5.0,5.0,2
1644900,5.0,5.0,2
1644950,5.0,5.0,2
1645000,5.0,5.0,2
1645050,5.0,5.0,2
1645100,5.0,5.0,2
1645150,5.0,5.0,2
1645200,5.0,5.0,2
1645250,5.0,5.0,2
1645300,5.0,5.0,2
1645350,5.0,5.0,2
1645400,5.0,5.0,2
1645450,5.0,5.0,2
1645500,5.0,5.0,2
1645550,5.0,5.0,2
1645600,5.0,5.0,2
1645650,5.0,5.0,2
1645700,5.0,5.0,2
1645750,5.0,5.0,2
1645800,5.0,5.0,2
1645850,5.0,5.0,2
1645900,5.0,5.0,2
1645950,5.0,5.0,2
1646000,5.0,5.0,2
1646050,5.0,5.0,2
1646100,5.0,5.0,2
1646150,5.0,5.0,2
1646200,5.0,5.0,2
1646250,5.0,5.0,2
1646300,5.0,5.0,2
1646350,5.0,5.0,2
1646400,5.0,5.0,2
1646450,5.0,5.0,2
1646500,5.0,5.0,2
1646550,5.0,5.0,2
1646600,5.0,5.0,2
1646650,5.0,5.0,2
1646700,5.0,5.0,2
1646750,5.0,5.0,2
1646800,5.0,5.0,2
1646850,5.0,5.0,2
1646900,5.0,5.0,2
1646950,5.0,5.0,2
1647000,5.0,5.0,2
1647050,5.0,5.0,2
1647100,5.0,5.0,2
1647150,5.0,5.0,2
1647200,5.0,5.0,2
1647250,5.0,5.0,2
1647300,5.0,5.0,2
1647350,5.0,5.0,2
1647400,5.0,5.0,2
1647450,5.0,5.0,2
1647500,5.0,5.0,2
1647550,5.0,5.0,2
1647600,5.0,5.0,2
1647650,5.0,5.0,2
1647700,5.0,5.0,2
1647750,5.0,5.0,2
1647800,5.0,5.0,2
1647850,5.0,5.0,2
1647900,5.0,5.0,2
1647950,5.0,5.0,2
1648000,5.0,5.0,2
1648050,5.0,5.0,2
1648100,5.0,5.0,2
1648150,5.0,5.0,2
1648200,5.0,5.0,2
1648250,5.0,5.0,2
1648300,5.0,5.0,2
1648350,5.0,5.0,2
1648400,5.0,5.0,2
1648450,5.0,5.0,2
1648500,5.0,5.0,2
1648550,5.0,5.0,2
1648600,5.0,5.0,2
1648650,5.0,5.0,2
1648700,5.0,5.0,2
1648750,5.0,5.0,2
1648800,5.0,5.0,2
1648850,5.0,5.0,2
1648900,5.0,5.0,2
1648950,5.0,5.0,2
1649000,5.0,5.0,2
1649050,5.0,5.0,2
1649100,5.0,5.0,2
1649150,5.0,5.0,2
1649200,5.0,5.0,2
1649250,5.0,5.0,2
1649300,5.0,5.0,2
1649350,5.0,5.0,2
1649400,5.0,5.0,2
1649450,5.0,5.0,2
1649500,5.0,5.0,2
1649550,5.0,5.0,2
1649600,5.0,5.0,2
1649650,5.0,5.0,2
1649700,5.0,5.0,2
1649750,5.0,5.0,2
1649800,5.0,5.0,2
1649850,5.0,5.0,2
1649900,5.0,5.0,2
1649950,5.0,5.0,2
1650000,5.0,5.0,2
1650050,5.0,5.0,2
1650100,5.0,5.0,2
1650150,5.0,5.0,2
1650200,5.0,5.0,2
1650250,5.0,5.0,2
1650300,5.0,5.0,2
1650350,5.0,5.0,2
1650400,5.0,5.0,2
1650450,5.0,5.0,2
1650500,5.0,5.0,2
1650550,5.0,5.0,2
1650600,5.0,5.0,2
1650650,5.0,5.0,2
1650700,5.0,5.0,2
1650750,5.0,5.0,2
1650800,5.0,5.0,2
1650850,5.0,5.0,2
1650900,5.0,5.0,2
1650950,5.0,5.0,2
1651000,5.0,5.0,2
1651050,5.0,5.0,2
1651100,5.0,5.0,2
1651150,5.0,5.0,2
1651200,5.0,5.0,2
1651250,5.0,5.0,2
1651300,5.0,5.0,2
1651350,5.0,5.0,2
1651400,5.0,5.0,2
1651450,5.0,5.0,2
1651500,5.0,5.0,2
1651550,5.0,5.0,2
1651600,5.0,5.0,2
1651650,5.0,5.0,2
1651700,5.0,5.0,2
1651750,5.0,5.0,2
1651800,5.0,5.0,2
1651850,5.0,5.0,2
1651900,5.0,5.0,2
1651950,5.0,5.0,2
1652000,5.0,5.0,2
1652050,5.0,5.0,2
1652100,5.0,5.0,2
1652150,5.0,5.0,2
1652200,5.0,5.0,2
1652250,5.0,5.0,2
1652300,5.0,5.0,2
1652350,5.0,5.0,2
1652400,5.0,5.0,2
1652450,5.0,5.0,2
1652500,5.0,5.0,2
1652550,5.0,5.0,2
1652600,5.0,5.0,2
1652650,5.0,5.0,2
1652700,5.0,5.0,2
1652750,5.0,5.0,2
1652800,5.0,5.0,2
1652850,5.0,5.0,2
1652900,5.0,5.0,2
1652950,5.0,5.0,2
1653000,5.0,5.0,2
1653050,5.0,5.0,2
1653100,5.0,5.0,2
1653150,5.0,5.0,2
1653200,5.0,5.0,2
1653250,5.0,5.0,2
1653300,5.0,5.0,2
1653350,5.0,5.0,2
1653400,5.0,5.0,2
1653450,5.0,5.0,2
1653500,5.0,5.0,2
1653550,5.0,5.0,2
1653600,5.0,5.0,2
1653650,5.0,5.0,2
1653700,5.0,5.0,2
1653750,5.0,5.0,2
1653800,5.0,5.0,2
1653850,5.0,5.0,2
1653900,5.0,5.0,2
1653950,5.0,5.0,2
1654000,5.0,5.0,2
1654050,5.0,5.0,2
1654100,5.0,5.0,2
1654150,5.0,5.0,2
1654200,5.0,5.0,2
1654250,5.0,5.0,2
1654300,5.0,5.0,2
1654350,5.0,5.0,2
1654400,5.0,5.0,2
1654450,5.0,5.0,2
1654500,5.0,5.0,2
1654550,5.0,5.0,2
1654600,5.0,5.0,2
1654650,5.002,5.0,2
1654700,5.002,5.0,2
1654750,5.002,5.0,2
1654800,5.005,5.0,2
1654850,5.005,5.0,2
1654900,5.005,5.0,2
1654950,5.008,5.0,2
1655000,5.008,5.0,2
1655050,5.009,5.0,2
1655100,5.011,5.0,2
1655150,5.011,5.0,2
1655200,5.011,5.0,2
1655250,5.011,5.0,2
1655300,5.011,5.0,2
1655350,5.011,5.0,2
1655400,5.011,5.0,2
1655450,5.011,5.0,2
1655500,5.011,5.0,2
1655550,5.011,5.0,2
1655600,5.011,5.0,2
1655650,5.011,5.0,2
1655700,5.011,5.0,2
1655750,5.011,5.0,2
1655800,5.011,5.0,2
1655850,5.011,5.0,2
1655900,5.011,5.0,2
1655950,5.011,5.0,2
1656000,5.013,5.0,2
1656050,5.013,5.0,2
1656100,5.015,5.0,2
1656150,5.015,5.0,2
1656200,5.015,5.0,2
1656250,5.015,5.0,2
1656300,5.015,5.0,2
1656350,5.015,5.0,2
1656400,5.015,5.0,2
1656450,5.015,5.0,2
1656500,5.015,5.0,2
1656550,5.015,5.0,2
1656600,5.015,5.0,2
1656650,5.015,5.0,2
1656700,5.015,5.0,2
1656750,5.015,5.0,2
1656800,5.015,5.0,2
1656850,5.015,5.0,2
1656900,5.015,5.0,2
1656950,5.015,5.0,2
1657000,5.015,5.0,2
1657050,5.015,5.0,2
1657100,5.015,5.0,2
1657150,5.015,5.0,2
1657200,5.015,5.0,2
1657250,5.015,5.0,2
1657300,5.015,5.0,2
1657350,5.025,5.0,2
1657400,5.026,5.0,2
1657450,5.03,5.0,2
1657500,5.033,5.0,2
1657550,5.033,5.0,2
1657600,5.033,5.0,2
1657650,5.033,5.0,2
1657700,5.033,5.0,2
1657750,5.033,5.0,2
1657800,5.033,5.0,2
1657850,5.033,5.0,2
1657900,5.033,5.0,2
1657950,5.033,5.0,2
1658000,5.042,5.0,2
1658050,5.055,5.0,2
1658100,5.055,5.0,2
1658150,5.055,5.0,2
1658200,5.055,5.0,2
1658250,5.055,5.0,2
1658300,5.056,5.0,2
1658350,5.056,5.0,2
1658400,5.056,5.0,2
1658450,5.056,5.0,2
1658500,5.056,5.0,2
1658550,5.056,5.0,2
1658600,5.056,5.0,2
1658650,5.056,5.0,2
1658700,5.056,5.0,2
1658750,5.071,5.0,2
1658800,5.071,5.0,2
1658850,5.076,5.0,2
1658900,5.087,5.0,2
1658950,5.095,5.0,2
1659000,5.105,5.0,2
1659050,5.125,5.0,2
1659100,5.149,5.0,2
1659150,5.162,5.0,2
1659200,5.167,5.0,2
1659250,5.195,5.0,2
1659300,5.196,5.0,2
1659350,5.199,5.0,2
1659400,5.211,5.0,2
1659450,5.214,5.0,2
1659500,5.214,5.0,2
1659550,5.22,5.0,2
1659600,5.227,5.0,2
1659650,5.227,5.0,2
1659700,5.227,5.0,2
1659750,5.227,5.0,2
1659800,5.227,5.0,2
1659850,5.227,5.0,2
1659900,5.227,5.0,2
1659950,5.23,5.0,2
1660000,5.23,5.0,2
1660050,5.233,5.0,2
1660100,5.233,5.0,2
1660150,5.233,5.0,2
1660200,5.233,5.0,2
1660250,5.233,5.0,2
1660300,5.233,5.0,2
1660350,5.238,5.0,2
1660400,5.238,5.0,2
1660450,5.238,5.0,2
1660500,5.238,5.0,2
1660550,5.238,5.0,2
1660600,5.238,5.0,2
1660650,5.238,5.0,2
1660700,5.238,5.0,2
1660750,5.238,5.0,2
1660800,5.238,5.0,2
1660850,5.238,5.0,2
1660900,5.238,5.0,2
1660950,5.238,5.0,2
1661000,5.238,5.0,2
1661050,5.238,5.0,2
1661100,5.238,5.0,2
1661150,5.238,5.0,2
1661200,5.238,5.0,2
1661250,5.238,5.0,2
1661300,5.238,5.0,2
1661350,5.238,5.0,2
1661400,5.238,5.0,2
1661450,5.238,5.0,2
1661500,5.238,5.0,2
1661550,5.238,5.0,2
1661600,5.238,5.0,2
1661650,5.238,5.0,2
1661700,5.238,5.0,2
1661750,5.238,5.0,2
1661800,5.238,5.0,2
1661850,5.238,5.0,2
1661900,5.238,5.0,2
1661950,5.238,5.0,2
1662000,5.238,5.0,2
1662050,5.238,5.0,2
1662100,5.238,5.0,2
1662150,5.238,5.0,2
1662200,5.238,5.0,2
1662250,5.238,5.0,2
1662300,5.238,5.0,2
1662350,5.238,5.0,2
1662400,5.238,5.0,2
1662450,5.238,5.0,2
1662500,5.238,5.0,2
1662550,5.238,5.0,2
1662600,5.238,5.0,2
1662650,5.238,5.0,2
1662700,5.238,5.0,2
1662750,5.238,5.0,2
1662800,5.238,5.0,2
1662850,5.227,5.0,2
1662900,5.225,5.0,2
1662950,5.225,5.0,2
1663000,5.224,5.0,2
1663050,5.221,5.0,2
1663100,5.215,5.0,2
1663150,5.193,5.0,2
1663200,5.164,5.0,2
1663250,5.136,5.0,2
1663300,5.122,5.0,2
1663350,5.122,5.0,2
1663400,5.122,5.0,2
1663450,5.122,5.0,2
1663500,5.122,5.0,2
1663550,5.122,5.0,2
1663600,5.122,5.0,2
1663650,5.122,5.0,2
1663700,5.122,5.0,2
1663750,5.122,5.0,2
1663800,5.122,5.0,2
1663850,5.122,5.0,2
1663900,5.122,5.0,2
1663950,5.113,5.0,2
1664000,5.061,5.0,2
1664050,5.0,5.0,2
1664100,5.0,5.0,2
1664150,5.0,5.0,2
1664200,5.0,5.0,2
1664250,5.0,5.0,2
1664300,5.0,5.0,2
1664350,5.0,5.0,2
1664400,5.0,5.0,2
1664450,5.0,5.0,2
1664500,5.0,5.0,2
1664550,5.0,5.0,2
1664600,5.014,5.0,2
1664650,5.038,5.0,2
1664700,5.052,5.0,2
1664750,5.054,5.0,2
1664800,5.054,5.0,2
1664850,5.054,5.0,2
1664900,5.054,5.0,2
1664950,5.054,5.0,2
1665000,5.061,5.0,2
1665050,5.073,5.0,2
1665100,5.083,5.0,2
1665150,5.099,5.0,2
1665200,5.103,5.0,2
1665250,5.103,5.0,2
1665300,5.103,5.0,2
1665350,5.103,5.0,2
1665400,5.103,5.0,2
1665450,5.103,5.0,2
1665500,5.103,5.0,2
1665550,5.103,5.0,2
1665600,5.103,5.0,2
1665650,5.088,5.0,2
1665700,5.048,5.0,2
1665750,5.035,5.0,2
1665800,5.0,5.0,2
1665850,5.0,5.0,2
1665900,5.0,5.0,2
1665950,5.0,5.0,2
1666000,5.0,5.0,2
1666050,5.0,5.0,2
1666100,5.0,5.0,2
1666150,5.0,5.0,2
1666200,5.0,5.0,2
1666250,5.0,5.0,2
1666300,5.0,5.0,2
1666350,5.0,5.0,2
1666400,5.0,5.0,2
1666450,5.0,5.0,2
1666500,5.0,5.0,2
1666550,5.0,5.0,2
1666600,5.0,5.0,2
1666650,5.0,5.0,2
1666700,5.0,5.0,2
1666750,5.0,5.0,2
1666800,5.0,5.0,2
1666850,5.0,5.0,2
1666900,5.0,5.0,2
1666950,5.0,5.0,2
1667000,5.0,5.0,2
1667050,5.0,5.0,2
1667100,5.0,5.0,2
1667150,5.0,5.0,2
1667200,5.0,5.0,2
1667250,5.0,5.0,2
1667300,5.0,5.0,2
1667350,5.0,5.0,2
1667400,5.0,5.0,2
1667450,5.0,5.0,2
1667500,5.0,5.0,2
1667550,5.0,5.0,2
1667600,5.0,5.0,2
1667650,5.0,5.0,2
1667700,5.0,5.0,2
1667750,5.002,5.0,2
1667800,5.018,5.0,2
1667850,5.033,5.0,2
1667900,5.037,5.0,2
1667950,5.037,5.0,2
1668000,5.037,5.0,2
1668050,5.035,5.001,2
1668100,5.001,5.024,2
1668150,5.0,5.033,2
1668200,5.0,5.034,2
1668250,5.0,5.034,2
1668300,5.0,5.034,2
1668350,5.0,5.063,2
1668400,5.0,5.063,2
1668450,5.0,5.063,2
1668500,5.0,5.063,2
1668550,5.0,5.063,2
1668600,5.0,5.063,2
1668650,5.0,5.063,2
1668700,5.0,5.05,2
1668750,5.0,5.001,2
1668800,5.0,5.0,2
1668850,5.0,5.0,2
1668900,5.0,5.0,2
1668950,5.0,5.0,2
1669000,5.0,5.0,2
1669050,5.0,5.0,2
1669100,5.0,5.0,2
1669150,5.0,5.0,2
1669200,5.0,5.0,2
1669250,5.0,5.0,2
1669300,5.0,5.0,2
1669350,5.0,5.0,2
1669400,5.0,5.0,2
1669450,5.0,5.0,2
1669500,5.0,5.0,2
1669550,5.0,5.0,2
1669600,5.0,5.0,2
1669650,5.0,5.0,2
1669700,5.0,5.0,2
1669750,5.0,5.0,2
1669800,5.0,5.0,2
1669850,5.0,5.0,2
1669900,5.0,5.0,2
1669950,5.0,5.0,2
1670000,5.0,5.0,2
1670050,5.0,5.0,2
1670100,5.0,5.0,2
1670150,5.0,5.0,2
1670200,5.0,5.0,2
1670250,5.0,5.0,2
1670300,5.0,5.0,2
1670350,5.0,5.0,2
1670400,5.0,5.0,2
1670450,5.0,5.0,2
1670500,5.0,5.0,2
1670550,5.0,5.0,2
1670600,5.0,5.0,2
1670650,5.0,5.0,2
1670700,5.0,5.0,2
1670750,5.0,5.0,2
1670800,5.0,5.0,2
1670850,5.0,5.0,2
1670900,5.0,5.0,2
1670950,5.0,5.0,2
1671000,5.0,5.0,2
1671050,5.0,5.0,2
1671100,5.0,5.0,2
1671150,5.0,5.0,2
1671200,5.0,5.0,2
1671250,5.0,5.0,2
1671300,5.0,5.0,2
1671350,5.002,5.0,2
1671400,5.018,5.0,2
1671450,5.033,5.0,2
1671500,5.033,5.0,2
1671550,5.033,5.0,2
1671600,5.033,5.0,2
1671650,5.033,5.0,2
1671700,5.033,5.0,2
1671750,5.033,5.0,2
1671800,5.033,5.0,2
1671850,5.033,5.0,2
1671900,5.033,5.0,2
1671950,5.033,5.0,2
1672000,5.033,5.0,2
1672050,5.033,5.0,2
1672100,5.033,5.0,2
1672150,5.033,5.0,2
1672200,5.033,5.0,2
1672250,5.033,5.0,2
1672300,5.033,5.0,2
1672350,5.033,5.0,2
1672400,5.033,5.0,2
1672450,5.033,5.0,2
1672500,5.033,5.0,2
1672550,5.033,5.0,2
1672600,5.033,5.0,2
1672650,5.033,5.0,2
1672700,5.033,5.0,2
1672750,5.033,5.0,2
1672800,5.033,5.0,2
1672850,5.033,5.0,2
1672900,5.033,5.0,2
1672950,5.033,5.0,2
1673000,5.033,5.0,2
1673050,5.033,5.0,2
1673100,5.033,5.0,2
1673150,5.033,5.0,2
1673200,5.033,5.0,2
1673250,5.033,5.0,2
1673300,5.033,5.0,2
1673350,5.033,5.0,2
1673400,5.033,5.0,2
1673450,5.033,5.0,2
1673500,5.033,5.0,2
1673550,5.033,5.0,2
1673600,5.033,5.0,2
1673650,5.033,5.0,2
1673700,5.033,5.0,2
1673750,5.033,5.0,2
1673800,5.033,5.0,2
1673850,5.033,5.0,2
1673900,5.033,5.0,2
1673950,5.033,5.0,2
1674000,5.033,5.0,2
1674050,5.033,5.0,2
1674100,5.026,5.0,2
1674150,5.016,5.0,2
1674200,5.014,5.0,2
1674250,5.001,5.0,2
1674300,5.0,5.0,2
1674350,5.0,5.0,2
1674400,5.0,5.0,2
1674450,5.0,5.0,2
1674500,5.0,5.0,2
1674550,5.0,5.0,2
1674600,5.0,5.0,2
1674650,5.0,5.0,2
1674700,5.0,5.0,2
1674750,5.017,5.0,2
1674800,5.049,5.0,2
1674850,5.104,5.0,2
1674900,5.186,5.0,2
1674950,5.293,4.955,2
1675000,5.396,4.91,2
1675050,5.64,4.826,2
1675100,5.882,4.787,2
1675150,5.916,4.746,2
1675200,5.916,4.742,2
1675250,5.851,4.742,2
1675300,5.732,4.75,2
1675350,5.516,4.776,2
1675400,5.337,4.86,2
1675450,5.319,4.897,2
1675500,5.319,4.898,2
1675550,5.319,4.898,2
1675600,5.319,4.904,2
1675650,5.316,4.926,2
1675700,5.305,4.984,2
1675750,5.293,5.004,2
1675800,5.291,5.011,2
1675850,5.291,5.014,2
1675900,5.291,5.014,2
1675950,5.291,5.02,2
1676000,5.291,5.033,2
1676050,5.291,5.034,2
1676100,5.291,5.034,2
1676150,5.291,5.034,2
1676200,5.291,5.034,2
1676250,5.291,5.034,2
1676300,5.291,5.034,2
1676350,5.291,5.034,2
1676400,5.291,5.034,2
1676450,5.291,5.034,2
1676500,5.291,5.034,2
1676550,5.291,5.034,2
1676600,5.291,5.034,2
1676650,5.292,5.034,2
1676700,5.297,5.034,2
1676750,5.297,5.034,2
1676800,5.297,5.032,2
1676850,5.297,5.032,2
1676900,5.299,5.032,2
1676950,5.299,5.02,2
1677000,5.308,5.004,2
1677050,5.314,4.991,2
1677100,5.317,4.991,2
1677150,5.321,4.991,2
1677200,5.325,4.986,2
1677250,5.325,4.986,2
1677300,5.325,4.986,2
1677350,5.325,4.986,2
1677400,5.325,4.986,2
1677450,5.325,4.986,2
1677500,5.325,4.986,2
1677550,5.325,4.986,2
1677600,5.325,4.986,2
1677650,5.325,4.983,2
1677700,5.325,4.981,2
1677750,5.325,4.981,2
1677800,5.325,4.981,2
1677850,5.325,4.981,2
1677900,5.325,4.981,2
1677950,5.325,4.981,2
1678000,5.325,4.981,2
1678050,5.325,4.981,2
1678100,5.325,4.981,2
1678150,5.325,4.981,2
1678200,5.325,4.981,2
1678250,5.325,4.981,2
1678300,5.325,4.981,2
1678350,5.325,4.981,2
1678400,5.325,4.981,2
1678450,5.325,4.981,2
1678500,5.325,4.981,2
1678550,5.325,4.981,2
1678600,5.325,4.981,2
1678650,5.325,4.981,2
1678700,5.325,4.981,2
1678750,5.325,4.981,2
1678800,5.325,4.981,2
1678850,5.325,4.981,2
1678900,5.325,4.981,2
1678950,5.325,4.981,2
1679000,5.325,4.981,2
1679050,5.325,4.981,2
1679100,5.325,4.981,2
1679150,5.325,4.981,2
1679200,5.325,4.981,2
1679250,5.325,4.981,2
1679300,5.325,4.981,2
1679350,5.325,4.981,2
1679400,5.325,4.981,2
1679450,5.325,4.981,2
1679500,5.325,4.981,2
1679550,5.325,4.981,2
1679600,5.325,4.981,2
1679650,5.325,4.981,2
1679700,5.325,4.981,2
1679750,5.325,4.981,2
1679800,5.325,4.981,2
1679850,5.325,4.981,2
1679900,5.325,4.981,2
1679950,5.325,4.981,2
1680000,5.325,4.981,2
1680050,5.325,4.981,2
1680100,5.325,4.981,2
1680150,5.325,4.981,2
1680200,5.325,4.981,2
1680250,5.325,4.981,2
1680300,5.325,4.981,2
1680350,5.325,4.981,2
1680400,5.325,4.981,2
1680450,5.325,4.981,2
1680500,5.325,4.981,2
1680550,5.325,4.981,2
1680600,5.325,4.981,2
1680650,5.325,4.981,2
1680700,5.325,4.981,2
1680750,5.325,4.981,2
1680800,5.325,4.981,2
1680850,5.325,4.981,2
1680900,5.325,4.981,2
1680950,5.325,4.981,2
1681000,5.325,4.981,2
1681050,5.325,4.981,2
1681100,5.325,4.981,2
1681150,5.325,4.981,2
1681200,5.325,4.981,2
1681250,5.325,4.981,2
1681300,5.325,4.981,2
1681350,5.325,4.981,2
1681400,5.325,4.981,2
1681450,5.325,4.981,2
1681500,5.325,4.981,2
1681550,5.325,4.981,2
1681600,5.325,4.981,2
1681650,5.325,4.981,2
1681700,5.325,4.981,2
1681750,5.325,4.981,2
1681800,5.325,4.981,2
1681850,5.325,4.981,2
1681900,5.325,4.981,2
1681950,5.325,4.981,2
1682000,5.325,4.981,2
1682050,5.325,4.981,2
1682100,5.325,4.983,2
1682150,5.325,4.983,2
1682200,5.325,4.983,2
1682250,5.325,4.983,2
1682300,5.325,4.983,2
1682350,5.325,4.983,2
1682400,5.325,4.983,2
1682450,5.325,4.983,2
1682500,5.325,4.983,2
1682550,5.325,4.983,2
1682600,5.325,4.983,2
1682650,5.325,4.983,2
1682700,5.325,4.983,2
1682750,5.325,4.983,2
1682800,5.325,4.983,2
1682850,5.325,4.983,2
1682900,5.325,4.983,2
1682950,5.325,4.983,2
1683000,5.325,4.983,2
1683050,5.325,4.983,2
1683100,5.325,4.983,2
1683150,5.325,4.983,2
1683200,5.325,4.983,2
1683250,5.325,4.983,2
1683300,5.325,4.983,2
1683350,5.325,4.983,2
1683400,5.325,4.983,2
1683450,5.325,4.983,2
1683500,5.325,4.983,2
1683550,5.325,4.983,2
1683600,5.325,4.983,2
1683650,5.325,4.983,2
1683700,5.325,4.983,2
1683750,5.325,4.983,2
1683800,5.329,4.983,2
1683850,5.329,4.983,2
1683900,5.329,4.983,2
1683950,5.333,4.983,2
1684000,5.333,4.983,2
1684050,5.333,4.983,2
1684100,5.333,4.983,2
1684150,5.333,4.983,2
1684200,5.336,4.983,2
1684250,5.338,4.983,2
1684300,5.338,4.983,2
1684350,5.338,4.983,2
1684400,5.338,4.983,2
1684450,5.338,4.983,2
1684500,5.338,4.983,2
1684550,5.338,4.983,2
1684600,5.338,4.983,2
1684650,5.338,4.983,2
1684700,5.338,4.983,2
1684750,5.338,4.983,2
1684800,5.338,4.983,2
1684850,5.338,4.983,2
1684900,5.338,4.983,2
1684950,5.338,4.983,2
1685000,5.338,4.983,2
1685050,5.338,4.983,2
1685100,5.338,4.983,2
1685150,5.338,4.983,2
1685200,5.338,4.983,2
1685250,5.338,4.983,2
1685300,5.338,4.983,2
1685350,5.338,4.983,2
1685400,5.338,4.983,2
1685450,5.338,4.983,2
1685500,5.338,4.983,2
1685550,5.343,4.983,2
1685600,5.357,4.983,2
1685650,5.387,4.983,2
1685700,5.421,4.983,2
1685750,5.489,4.983,2
1685800,5.579,4.983,2
1685850,5.657,4.983,2
1685900,5.671,4.983,2
1685950,5.681,4.983,2
1686000,5.685,4.983,2
1686050,5.687,4.983,2
1686100,5.687,4.983,2
1686150,5.687,4.983,2
1686200,5.687,4.983,2
1686250,5.687,4.983,2
1686300,5.687,4.983,2
1686350,5.687,4.983,2
1686400,5.687,4.983,2
1686450,5.687,4.983,2
1686500,5.687,4.983,2
1686550,5.687,4.983,2
1686600,5.687,4.983,2
1686650,5.687,4.983,2
1686700,5.687,4.983,2
1686750,5.687,4.983,2
1686800,5.687,4.983,2
1686850,5.687,4.983,2
1686900,5.687,4.983,2
1686950,5.687,4.983,2
1687000,5.687,4.983,2
1687050,5.687,4.983,2
1687100,5.687,4.983,2
1687150,5.687,4.983,2
1687200,5.687,4.983,2
1687250,5.687,4.983,2
1687300,5.687,4.983,2
1687350,5.687,4.983,2
1687400,5.687,4.983,2
1687450,5.687,4.983,2
1687500,5.687,4.983,2
1687550,5.687,4.983,2
1687600,5.687,4.983,2
1687650,5.687,4.983,2
1687700,5.687,4.983,2
1687750,5.69,4.983,2
1687800,5.69,4.983,2
1687850,5.697,4.983,2
1687900,5.705,4.983,2
1687950,5.706,4.983,2
1688000,5.706,4.983,2
1688050,5.706,4.983,2
1688100,5.706,4.983,2
1688150,5.706,4.983,2
1688200,5.706,4.983,2
1688250,5.706,4.983,2
1688300,5.706,4.983,2
1688350,5.706,4.983,2
1688400,5.712,4.983,2
1688450,5.722,4.983,2
1688500,5.728,4.983,2
1688550,5.728,4.983,2
1688600,5.728,4.983,2
1688650,5.729,4.983,2
1688700,5.738,4.983,2
1688750,5.755,4.983,2
1688800,5.779,4.983,2
1688850,5.808,4.983,2
1688900,5.817,4.983,2
1688950,5.818,4.983,2
1689000,5.818,4.983,2
1689050,5.818,4.983,2
1689100,5.818,4.983,2
1689150,5.818,4.983,2
1689200,5.821,4.983,2
1689250,5.821,4.983,2
1689300,5.821,4.983,2
1689350,5.821,4.983,2
1689400,5.821,4.983,2
1689450,5.822,4.983,2
1689500,5.825,4.98,2
1689550,5.826,4.967,2
1689600,5.835,4.967,2
1689650,5.835,4.965,2
1689700,5.835,4.965,2
1689750,5.835,4.965,2
1689800,5.837,4.965,2
1689850,5.84,4.965,2
1689900,5.841,4.965,2
1689950,5.841,4.965,2
1690000,5.842,4.965,2
1690050,5.843,4.965,2
1690100,5.849,4.965,2
1690150,5.853,4.965,2
1690200,5.861,4.965,2
1690250,5.87,4.965,2
1690300,5.878,4.965,2
1690350,5.898,4.965,2
1690400,5.919,4.965,2
1690450,5.937,4.965,2
1690500,5.959,4.965,2
1690550,5.973,4.965,2
1690600,5.976,4.965,2
1690650,5.979,4.965,2
1690700,5.982,4.965,2
1690750,5.983,4.965,2
1690800,5.983,4.965,2
1690850,5.983,4.965,2
1690900,5.983,4.965,2
1690950,5.983,4.965,2
1691000,5.983,4.965,2
1691050,5.983,4.965,2
1691100,5.983,4.965,2
1691150,5.983,4.965,2
1691200,5.983,4.965,2
1691250,5.983,4.965,2
1691300,5.983,4.965,2
1691350,5.983,4.965,2
1691400,5.983,4.965,2
1691450,5.983,4.965,2
1691500,5.983,4.965,2
1691550,5.983,4.965,2
1691600,5.983,4.965,2
1691650,5.983,4.965,2
1691700,5.983,4.965,2
1691750,5.983,4.965,2
1691800,5.983,4.965,2
1691850,5.983,4.965,2
1691900,5.983,4.965,2
1691950,5.983,4.965,2
1692000,5.983,4.965,2
1692050,5.983,4.965,2
1692100,5.983,4.965,2
1692150,5.983,4.965,2
1692200,5.983,4.965,2
1692250,5.983,4.965,2
1692300,5.983,4.965,2
1692350,5.983,4.965,2
1692400,5.983,4.965,2
1692450,5.984,4.965,2
1692500,5.985,4.965,2
1692550,5.985,4.965,2
1692600,5.985,4.965,2
1692650,5.985,4.965,2
1692700,5.985,4.965,2
1692750,5.988,4.965,2
1692800,5.988,4.965,2
1692850,5.988,4.965,2
1692900,5.988,4.965,2
1692950,5.988,4.965,2
1693000,5.988,4.965,2
1693050,5.988,4.965,2
1693100,5.988,4.965,2
1693150,5.988,4.965,2
1693200,5.988,4.965,2
1693250,5.988,4.965,2
1693300,5.988,4.965,2
1693350,5.989,4.965,2
1693400,5.989,4.965,2
1693450,5.989,4.965,2
1693500,5.989,4.965,2
1693550,5.989,4.965,2
1693600,5.989,4.965,2
1693650,5.989,4.965,2
1693700,5.989,4.965,2
1693750,5.989,4.965,2
1693800,5.989,4.965,2
1693850,5.989,4.965,2
1693900,5.989,4.965,2
1693950,5.989,4.965,2
1694000,5.989,4.965,2
1694050,5.989,4.965,2
1694100,5.989,4.965,2
1694150,5.989,4.965,2
1694200,5.99,4.965,2
1694250,5.99,4.965,2
1694300,5.99,4.965,2
1694350,5.99,4.965,2
1694400,5.99,4.965,2
1694450,5.99,4.965,2
1694500,5.99,4.965,2
1694550,5.99,4.965,2
1694600,5.99,4.965,2
1694650,5.991,4.965,2
1694700,5.991,4.965,2
1694750,5.991,4.965,2
1694800,5.991,4.965,2
1694850,5.991,4.965,2
1694900,5.991,4.965,2
1694950,5.991,4.965,2
1695000,5.991,4.965,2
1695050,5.991,4.965,2
1695100,5.994,4.965,2
1695150,5.994,4.965,2
1695200,5.994,4.965,2
1695250,5.994,4.965,2
1695300,5.994,4.965,2
1695350,5.994,4.965,2
1695400,5.994,4.965,2
1695450,5.994,4.965,2
1695500,5.994,4.965,2
1695550,5.994,4.965,2
1695600,5.994,4.965,2
1695650,5.997,4.965,2
1695700,6.017,4.965,2
1695750,6.065,4.965,2
1695800,6.157,4.965,2
1695850,6.287,4.965,2
1695900,6.347,4.966,2
1695950,6.352,4.968,2
1696000,6.352,4.976,2
1696050,6.352,4.979,2
1696100,6.352,4.98,2
1696150,6.352,4.98,2
1696200,6.352,4.983,2
1696250,6.352,4.983,2
1696300,6.352,4.983,2
1696350,6.352,4.983,2
1696400,6.352,4.985,2
1696450,6.352,4.985,2
1696500,6.352,4.985,2
1696550,6.352,4.985,2
1696600,6.352,4.985,2
1696650,6.352,4.987,2
1696700,6.352,4.987,2
1696750,6.352,4.989,2
1696800,6.352,4.993,2
1696850,6.352,4.993,2
1696900,6.352,4.993,2
1696950,6.352,4.993,2
1697000,6.352,4.993,2
1697050,6.352,4.993,2
1697100,6.352,4.993,2
1697150,6.352,4.993,2
1697200,6.352,4.993,2
1697250,6.352,4.993,2
1697300,6.352,4.993,2
1697350,6.352,4.993,2
1697400,6.352,4.993,2
1697450,6.352,4.993,2
1697500,6.352,4.993,2
1697550,6.352,4.993,2
1697600,6.352,4.993,2
1697650,6.352,5.0,2
1697700,6.352,5.001,2
1697750,6.352,5.001,2
1697800,6.352,5.001,2
1697850,6.352,5.001,2
1697900,6.352,5.001,2
1697950,6.352,5.001,2
1698000,6.352,5.001,2
1698050,6.352,5.001,2
1698100,6.352,5.001,2
1698150,6.352,5.001,2
1698200,6.352,5.001,2
1698250,6.352,5.001,2
1698300,6.352,5.001,2
1698350,6.352,5.001,2
1698400,6.352,5.001,2
1698450,6.352,5.001,2
1698500,6.352,5.001,2
1698550,6.352,5.001,2
1698600,6.352,5.001,2
1698650,6.352,5.001,2
1698700,6.352,5.001,2
1698750,6.352,5.001,2
1698800,6.352,5.001,2
1698850,6.352,5.001,2
1698900,6.352,5.001,2
1698950,6.352,5.001,2
1699000,6.352,5.001,2
1699050,6.352,5.001,2
1699100,6.352,5.001,2
1699150,6.352,5.001,2
1699200,6.352,5.001,2
1699250,6.352,5.001,2
1699300,6.352,5.001,2
1699350,6.352,5.001,2
1699400,6.352,5.001,2
1699450,6.352,5.001,2
1699500,6.352,5.001,2
1699550,6.352,5.001,2
1699600,6.352,5.001,2
1699650,6.352,5.001,2
1699700,6.352,5.001,2
1699750,6.352,5.001,2
1699800,6.352,5.001,2
1699850,6.352,5.001,2
1699900,6.352,5.001,2
1699950,6.352,5.001,2
1700000,6.352,5.001,2
1700050,6.352,5.001,2
1700100,6.352,5.001,2
1700150,6.352,5.001,2
1700200,6.352,5.001,2
1700250,6.352,5.001,2
1700300,6.352,5.001,2
1700350,6.352,5.001,2
1700400,6.352,5.001,2
1700450,6.352,5.001,2
1700500,6.352,5.001,2
1700550,6.352,5.001,2
1700600,6.352,5.001,2
1700650,6.352,5.001,2
1700700,6.352,5.001,2
1700750,6.352,5.001,2
1700800,6.352,5.001,2
1700850,6.352,5.001,2
1700900,6.352,5.001,2
1700950,6.352,5.001,2
1701000,6.352,5.001,2
1701050,6.352,5.001,2
1701100,6.352,5.001,2
1701150,6.352,5.001,2
1701200,6.352,5.001,2
1701250,6.352,5.001,2
1701300,6.352,5.001,2
1701350,6.352,5.001,2
1701400,6.352,5.001,2
1701450,6.352,5.001,2
1701500,6.352,5.001,2
1701550,6.352,5.001,2
1701600,6.352,5.001,2
1701650,6.352,5.001,2
1701700,6.352,5.001,2
1701750,6.352,5.001,2
1701800,6.352,5.001,2
1701850,6.352,5.001,2
1701900,6.352,5.001,2
1701950,6.352,5.001,2
1702000,6.352,5.001,2
1702050,6.352,5.001,2
1702100,6.352,5.001,2
1702150,6.352,5.001,2
1702200,6.352,5.001,2
1702250,6.354,5.001,2
1702300,6.355,5.001,2
1702350,6.355,5.001,2
1702400,6.355,5.001,2
1702450,6.355,5.001,2
1702500,6.355,5.001,2
1702550,6.355,5.001,2
1702600,6.356,5.001,2
1702650,6.356,5.001,2
1702700,6.356,5.001,2
1702750,6.356,5.001,2
1702800,6.356,5.001,2
1702850,6.357,5.001,2
1702900,6.358,5.001,2
1702950,6.358,5.001,2
1703000,6.358,5.001,2
1703050,6.358,5.001,2
1703100,6.358,5.001,2
1703150,6.359,5.001,2
1703200,6.359,5.001,2
1703250,6.359,5.001,2
1703300,6.361,5.001,2
1703350,6.361,5.001,2
1703400,6.361,5.001,2
1703450,6.361,5.001,2
1703500,6.361,5.001,2
1703550,6.361,5.001,2
1703600,6.361,5.001,2
1703650,6.361,5.001,2
1703700,6.365,5.001,2
1703750,6.365,5.001,2
1703800,6.367,5.001,2
1703850,6.371,5.001,2
1703900,6.374,5.001,2
1703950,6.374,5.001,2
1704000,6.376,5.001,2
1704050,6.376,5.001,2
1704100,6.376,5.001,2
1704150,6.376,5.001,2
1704200,6.376,5.001,2
1704250,6.376,5.001,2
1704300,6.376,5.001,2
1704350,6.376,5.001,2
1704400,6.376,5.001,2
1704450,6.376,5.001,2
1704500,6.376,5.001,2
1704550,6.376,5.001,2
1704600,6.376,5.001,2
1704650,6.376,5.001,2
1704700,6.376,5.001,2
1704750,6.376,5.001,2
1704800,6.376,5.001,2
1704850,6.376,5.001,2
1704900,6.376,5.001,2
1704950,6.376,5.001,2
1705000,6.376,5.001,2
1705050,6.376,5.001,2
1705100,6.376,5.001,2
1705150,6.376,5.001,2
1705200,6.376,5.001,2
1705250,6.376,5.001,2
1705300,6.376,5.001,2
1705350,6.376,5.001,2
1705400,6.376,5.001,2
1705450,6.376,5.001,2
1705500,6.376,5.001,2
1705550,6.376,5.001,2
1705600,6.376,5.001,2
1705650,6.376,5.001,2
1705700,6.376,5.001,2
1705750,6.376,5.001,2
1705800,6.376,5.001,2
1705850,6.376,5.001,2
1705900,6.376,5.001,2
1705950,6.376,5.001,2
1706000,6.376,5.001,2
1706050,6.376,5.001,2
1706100,6.376,5.001,2
1706150,6.376,5.001,2
1706200,6.376,5.001,2
1706250,6.376,5.001,2
1706300,6.376,5.001,2
1706350,6.376,5.001,2
1706400,6.376,5.001,2
1706450,6.376,5.001,2
1706500,6.376,5.001,2
1706550,6.376,5.001,2
1706600,6.376,5.001,2
1706650,6.376,5.001,2
1706700,6.376,5.001,2
1706750,6.376,5.001,2
1706800,6.376,5.001,2
1706850,6.376,5.001,2
1706900,6.376,5.001,2
1706950,6.376,5.001,2
1707000,6.376,5.001,2
1707050,6.376,5.001,2
1707100,6.376,5.001,2
1707150,6.376,5.001,2
1707200,6.376,5.001,2
1707250,6.376,5.001,2
1707300,6.376,5.001,2
1707350,6.376,5.001,2
1707400,6.376,5.001,2
1707450,6.376,5.001,2
1707500,6.376,5.001,2
1707550,6.376,5.001,2
1707600,6.376,5.001,2
1707650,6.376,5.001,2
1707700,6.376,5.001,2
1707750,6.376,5.001,2
1707800,6.376,5.001,2
1707850,6.376,5.001,2
1707900,6.376,5.001,2
1707950,6.376,5.001,2
1708000,6.376,5.001,2
1708050,6.376,5.001,2
1708100,6.376,5.001,2
1708150,6.376,5.001,2
1708200,6.376,5.001,2
1708250,6.376,5.001,2
1708300,6.376,5.001,2
1708350,6.376,5.001,2
1708400,6.376,5.001,2
1708450,6.376,5.001,2
1708500,6.376,5.001,2
1708550,6.376,5.001,2
1708600,6.376,5.001,2
1708650,6.376,5.001,2
1708700,6.376,5.001,2
1708750,6.376,5.001,2
1708800,6.376,5.001,2
1708850,6.376,5.001,2
1708900,6.376,5.001,2
1708950,6.376,5.001,2
1709000,6.376,5.001,2
1709050,6.376,5.001,2
1709100,6.376,5.001,2
1709150,6.376,5.001,2
1709200,6.376,5.001,2
1709250,6.376,5.001,2
1709300,6.376,5.001,2
1709350,6.376,5.001,2
1709400,6.376,5.001,2
1709450,6.376,5.001,2
1709500,6.376,5.001,2
1709550,6.376,5.001,2
1709600,6.376,5.001,2
1709650,6.376,5.001,2
1709700,6.376,5.001,2
1709750,6.376,5.001,2
1709800,6.376,5.001,2
1709850,6.376,5.001,2
1709900,6.376,5.001,2
1709950,6.376,5.001,2
1710000,6.376,5.001,2
1710050,6.376,5.001,2
1710100,6.376,5.001,2
1710150,6.376,5.001,2
1710200,6.376,5.001,2
1710250,6.376,5.001,2
1710300,6.376,5.001,2
1710350,6.376,5.001,2
1710400,6.376,5.001,2
1710450,6.376,5.001,2
1710500,6.376,5.001,2
1710550,6.376,5.001,2
1710600,6.376,5.001,2
1710650,6.376,5.001,2
1710700,6.376,5.001,2
1710750,6.376,5.001,2
1710800,6.376,5.001,2
1710850,6.376,5.001,2
1710900,6.376,5.001,2
1710950,6.376,5.001,2
1711000,6.376,5.001,2
1711050,6.376,5.001,2
1711100,6.376,5.001,2
1711150,6.376,5.001,2
1711200,6.376,5.001,2
1711250,6.376,5.001,2
1711300,6.376,5.001,2
1711350,6.376,5.001,2
1711400,6.376,5.001,2
1711450,6.376,5.001,2
1711500,6.376,5.001,2
1711550,6.376,5.001,2
1711600,6.376,5.001,2
1711650,6.376,5.001,2
1711700,6.376,5.001,2
1711750,6.376,5.001,2
1711800,6.376,5.001,2
1711850,6.376,5.001,2
1711900,6.376,5.001,2
1711950,6.376,5.001,2
1712000,6.376,5.001,2
1712050,6.376,5.001,2
1712100,6.376,5.001,2
1712150,6.376,5.001,2
1712200,6.376,5.001,2
1712250,6.376,5.001,2
1712300,6.376,5.001,2
1712350,6.376,5.001,2
1712400,6.376,5.001,2
1712450,6.376,5.001,2
1712500,6.376,5.001,2
1712550,6.376,5.001,2
1712600,6.376,5.001,2
1712650,6.376,5.001,2
1712700,6.376,5.001,2
1712750,6.376,5.001,2
1712800,6.376,5.001,2
1712850,6.376,5.001,2
1712900,6.376,5.001,2
1712950,6.376,5.001,2
1713000,6.376,5.001,2
1713050,6.376,5.001,2
1713100,6.376,5.001,2
1713150,6.376,5.001,2
1713200,6.376,5.001,2
1713250,6.376,5.001,2
1713300,6.376,5.001,2
1713350,6.376,5.001,2
1713400,6.376,5.001,2
1713450,6.376,5.001,2
1713500,6.376,5.001,2
1713550,6.376,5.001,2
1713600,6.376,5.001,2
1713650,6.376,5.001,2
1713700,6.376,5.001,2
1713750,6.376,5.001,2
1713800,6.376,5.001,2
1713850,6.376,5.001,2
1713900,6.376,5.001,2
1713950,6.376,5.001,2
1714000,6.376,5.001,2
1714050,6.376,5.001,2
1714100,6.376,5.001,2
1714150,6.376,5.001,2
1714200,6.376,5.001,2
1714250,6.376,5.001,2
1714300,6.376,5.001,2
1714350,6.376,5.001,2
1714400,6.376,5.001,2
1714450,6.376,5.001,2
1714500,6.376,5.001,2
1714550,6.376,5.001,2
1714600,6.376,5.001,2
1714650,6.376,5.001,2
1714700,6.376,5.001,2
1714750,6.376,5.001,2
1714800,6.376,5.001,2
1714850,6.376,5.001,2
1714900,6.376,5.001,2
1714950,6.376,5.001,2
1715000,6.376,5.001,2
1715050,6.376,5.001,2
1715100,6.376,5.001,2
1715150,6.376,5.001,2
1715200,6.376,5.001,2
1715250,6.376,5.001,2
1715300,6.376,5.001,2
1715350,6.376,5.001,2
1715400,6.376,5.001,2
1715450,6.376,5.001,2
1715500,6.376,5.001,2
1715550,6.376,5.001,2
1715600,6.376,5.001,2
1715650,6.376,5.001,2
1715700,6.376,5.001,2
1715750,6.376,5.001,2
1715800,6.376,5.001,2
1715850,6.376,5.001,2
1715900,6.376,5.001,2
1715950,6.376,5.001,2
1716000,6.376,5.001,2
1716050,6.376,5.001,2
1716100,6.376,5.001,2
1716150,6.376,5.001,2
1716200,6.376,5.001,2
1716250,6.376,5.001,2
1716300,6.376,5.001,2
1716350,6.376,5.001,2
1716400,6.376,5.001,2
1716450,6.376,5.001,2
1716500,6.376,5.001,2
1716550,6.376,5.001,2
1716600,6.376,5.001,2
1716650,6.376,5.001,2
1716700,6.376,5.001,2
1716750,6.376,5.001,2
1716800,6.376,5.001,2
1716850,6.376,5.001,2
1716900,6.376,5.001,2
1716950,6.376,5.001,2
1717000,6.376,5.001,2
1717050,6.376,5.001,2
1717100,6.376,5.001,2
1717150,6.376,5.001,2
1717200,6.376,5.001,2
1717250,6.376,5.001,2
1717300,6.376,5.001,2
1717350,6.376,5.001,2
1717400,6.376,5.001,2
1717450,6.376,5.001,2
1717500,6.376,5.001,2
1717550,6.376,5.001,2
1717600,6.376,5.001,2
1717650,6.376,5.001,2
1717700,6.376,5.001,2
1717750,6.376,5.001,2
1717800,6.376,5.001,2
1717850,6.376,5.001,2
1717900,6.376,5.001,2
1717950,6.376,5.001,2
1718000,6.376,5.001,2
1718050,6.376,5.001,2
1718100,6.376,5.001,2
1718150,6.376,5.001,2
1718200,6.376,5.001,2
1718250,6.376,5.001,2
1718300,6.376,5.001,2
1718350,6.376,5.001,2
1718400,6.376,5.001,2
1718450,6.376,5.001,2
1718500,6.376,5.001,2
1718550,6.376,5.001,2
1718600,6.376,5.001,2
1718650,6.376,5.001,2
1718700,6.376,5.001,2
1718750,6.376,5.001,2
1718800,6.376,5.001,2
1718850,6.376,5.001,2
1718900,6.376,5.001,2
1718950,6.376,5.001,2
1719000,6.376,5.001,2
1719050,6.376,5.001,2
1719100,6.376,5.001,2
1719150,6.376,5.001,2
1719200,6.376,5.001,2
1719250,6.376,5.001,2
1719300,6.376,5.001,2
1719350,6.376,5.001,2
1719400,6.376,5.001,2
1719450,6.376,5.001,2
1719500,6.376,5.001,2
1719550,6.376,5.001,2
1719600,6.376,5.001,2
1719650,6.376,5.001,2
1719700,6.376,5.001,2
1719750,6.376,5.001,2
1719800,6.376,5.001,2
1719850,6.376,5.001,2
1719900,6.376,5.001,2
1719950,6.376,5.001,2
1720000,6.376,5.001,2
1720050,6.376,5.001,2
1720100,6.376,5.001,2
1720150,6.376,5.001,2
1720200,6.376,5.001,2
1720250,6.376,5.001,2
1720300,6.376,5.001,2
1720350,6.376,5.001,2
1720400,6.376,5.001,2
1720450,6.376,5.001,2
1720500,6.376,5.001,2
1720550,6.376,5.001,2
1720600,6.376,5.001,2
1720650,6.376,5.001,2
1720700,6.376,5.001,2
1720750,6.376,5.001,2
1720800,6.376,5.001,2
1720850,6.376,5.001,2
1720900,6.376,5.001,2
1720950,6.376,5.001,2
1721000,6.376,5.001,2
1721050,6.376,5.001,2
1721100,6.376,5.001,2
1721150,6.376,5.001,2
1721200,6.376,5.001,2
1721250,6.376,5.001,2
1721300,6.376,5.001,2
1721350,6.376,5.001,2
1721400,6.376,5.001,2
1721450,6.376,5.001,2
1721500,6.376,5.001,2
1721550,6.376,5.001,2
1721600,6.376,5.001,2
1721650,6.376,5.001,2
1721700,6.376,5.001,2
1721750,6.376,5.001,2
1721800,6.376,5.001,2
1721850,6.376,5.001,2
1721900,6.376,5.001,2
1721950,6.376,5.001,2
1722000,6.376,5.001,2
1722050,6.376,5.001,2
1722100,6.376,5.001,2
1722150,6.376,5.001,2
1722200,6.376,5.001,2
1722250,6.376,5.001,2
1722300,6.376,5.001,2
1722350,6.376,5.001,2
1722400,6.376,5.001,2
1722450,6.376,5.001,2
1722500,6.376,5.001,2
1722550,6.376,5.001,2
1722600,6.376,5.001,2
1722650,6.376,5.001,2
1722700,6.376,5.001,2
1722750,6.376,5.001,2
1722800,6.376,5.001,2
1722850,6.376,5.001,2
1722900,6.376,5.001,2
1722950,6.376,5.001,2
1723000,6.376,5.001,2
1723050,6.376,5.001,2
1723100,6.376,5.001,2
1723150,6.376,5.001,2
1723200,6.376,5.001,2
1723250,6.376,5.001,2
1723300,6.376,5.001,2
1723350,6.376,5.001,2
1723400,6.376,5.001,2
1723450,6.376,5.001,2
1723500,6.376,5.001,2
1723550,6.376,5.001,2
1723600,6.376,5.001,2
1723650,6.376,5.001,2
1723700,6.376,5.001,2
1723750,6.376,5.001,2
1723800,6.376,5.001,2
1723850,6.376,5.001,2
1723900,6.376,5.001,2
1723950,6.376,5.001,2
1724000,6.376,5.001,2
1724050,6.376,5.001,2
1724100,6.376,5.001,2
1724150,6.376,5.001,2
1724200,6.376,5.001,2
1724250,6.376,5.001,2
1724300,6.376,5.001,2
1724350,6.376,5.001,2
1724400,6.376,5.001,2
1724450,6.376,5.001,2
1724500,6.376,5.001,2
1724550,6.376,5.001,2
1724600,6.376,5.001,2
1724650,6.376,5.001,2
1724700,6.376,5.001,2
1724750,6.376,5.001,2
1724800,6.376,5.001,2
1724850,6.376,5.001,2
1724900,6.376,5.001,2
1724950,6.376,5.001,2
1725000,6.376,5.001,2
1725050,6.376,5.001,2
1725100,6.376,5.001,2
1725150,6.376,5.001,2
1725200,6.376,5.001,2
1725250,6.376,5.001,2
1725300,6.376,5.001,2
1725350,6.376,5.001,2
1725400,6.376,5.001,2
1725450,6.376,5.001,2
1725500,6.376,5.001,2
1725550,6.376,5.001,2
1725600,6.376,5.001,2
1725650,6.376,5.001,2
1725700,6.376,5.001,2
1725750,6.376,5.001,2
1725800,6.376,5.001,2
1725850,6.376,5.001,2
1725900,6.376,5.001,2
1725950,6.376,5.001,2
1726000,6.376,5.001,2
1726050,6.376,5.001,2
1726100,6.376,5.001,2
1726150,6.376,5.001,2
1726200,6.376,5.001,2
1726250,6.376,5.001,2
1726300,6.376,5.001,2
1726350,6.376,5.001,2
1726400,6.376,5.001,2
1726450,6.376,5.001,2
1726500,6.376,5.001,2
1726550,6.376,5.001,2
1726600,6.376,5.001,2
1726650,6.376,5.001,2
1726700,6.376,5.001,2
1726750,6.376,5.001,2
1726800,6.376,5.001,2
1726850,6.376,5.001,2
1726900,6.376,5.001,2
1726950,6.376,5.001,2
1727000,6.376,5.001,2
1727050,6.376,5.001,2
1727100,6.376,5.001,2
1727150,6.376,5.004,2
1727200,6.376,5.004,2
1727250,6.376,5.008,2
1727300,6.376,5.01,2
1727350,6.376,5.019,2
1727400,6.376,5.019,2
1727450,6.376,5.019,2
1727500,6.376,5.019,2
1727550,6.376,5.019,2
1727600,6.376,5.019,2
1727650,6.376,5.02,2
1727700,6.376,5.024,2
1727750,6.376,5.03,2
1727800,6.376,5.037,2
1727850,6.376,5.039,2
1727900,6.375,5.039,2
1727950,6.375,5.04,2
1728000,6.366,5.042,2
1728050,6.366,5.044,2
1728100,6.363,5.045,2
1728150,6.362,5.047,2
1728200,6.362,5.047,2
1728250,6.361,5.05,2
1728300,6.354,5.051,2
1728350,6.354,5.051,2
1728400,6.351,5.055,2
1728450,6.349,5.056,2
1728500,6.343,5.061,2
1728550,6.331,5.062,2
1728600,6.292,5.062,2
1728650,6.249,5.062,2
1728700,6.219,5.062,2
1728750,6.213,5.062,2
1728800,6.213,5.062,2
1728850,6.212,5.062,2
1728900,6.212,5.062,2
1728950,6.212,5.062,2
1729000,6.212,5.062,2
1729050,6.212,5.062,2
1729100,6.212,5.062,2
1729150,6.212,5.062,2
1729200,6.212,5.062,2
1729250,6.212,5.062,2
1729300,6.212,5.062,2
1729350,6.212,5.062,2
1729400,6.212,5.062,2
1729450,6.212,5.062,2
1729500,6.212,5.062,2
1729550,6.212,5.062,2
1729600,6.212,5.062,2
1729650,6.212,5.062,2
1729700,6.212,5.062,2
1729750,6.212,5.062,2
1729800,6.212,5.062,2
1729850,6.212,5.062,2
1729900,6.212,5.062,2
1729950,6.212,5.062,2
1730000,6.212,5.062,2
1730050,6.212,5.062,2
1730100,6.212,5.062,2
1730150,6.212,5.062,2
1730200,6.212,5.062,2
1730250,6.212,5.062,2
1730300,6.212,5.062,2
1730350,6.212,5.062,2
1730400,6.212,5.062,2
1730450,6.212,5.062,2
1730500,6.212,5.062,2
1730550,6.212,5.062,2
1730600,6.212,5.062,2
1730650,6.212,5.062,2
1730700,6.212,5.062,2
1730750,6.212,5.062,2
1730800,6.212,5.062,2
1730850,6.212,5.062,2
1730900,6.212,5.062,2
1730950,6.212,5.062,2
1731000,6.212,5.062,2
1731050,6.212,5.062,2
1731100,6.212,5.062,2
1731150,6.212,5.062,2
1731200,6.212,5.062,2
1731250,6.212,5.062,2
1731300,6.212,5.062,2
1731350,6.212,5.062,2
1731400,6.212,5.062,2
1731450,6.212,5.064,2
1731500,6.212,5.064,2
1731550,6.212,5.064,2
1731600,6.212,5.064,2
1731650,6.212,5.064,2
1731700,6.212,5.064,2
1731750,6.212,5.064,2
1731800,6.212,5.064,2
1731850,6.212,5.064,2
1731900,6.212,5.064,2
1731950,6.212,5.064,2
1732000,6.212,5.064,2
1732050,6.212,5.065,2
1732100,6.212,5.065,2
1732150,6.212,5.065,2
1732200,6.212,5.065,2
1732250,6.212,5.068,2
1732300,6.212,5.069,2
1732350,6.212,5.071,2
1732400,6.212,5.071,2
1732450,6.212,5.071,2
1732500,6.212,5.071,2
1732550,6.212,5.073,2
1732600,6.212,5.073,2
1732650,6.212,5.073,2
1732700,6.212,5.075,2
1732750,6.212,5.075,2
1732800,6.212,5.075,2
1732850,6.212,5.075,2
1732900,6.21,5.075,2
1732950,6.21,5.075,2
1733000,6.21,5.075,2
1733050,6.21,5.075,2
1733100,6.21,5.075,2
1733150,6.21,5.075,2
1733200,6.21,5.075,2
1733250,6.208,5.075,2
1733300,6.208,5.076,2
1733350,6.208,5.076,2
1733400,6.208,5.076,2
1733450,6.208,5.076,2
1733500,6.208,5.076,2
1733550,6.208,5.076,2
1733600,6.208,5.076,2
1733650,6.208,5.076,2
1733700,6.208,5.076,2
1733750,6.208,5.076,2
1733800,6.208,5.076,2
1733850,6.208,5.076,2
1733900,6.208,5.076,2
1733950,6.208,5.076,2
1734000,6.208,5.076,2
1734050,6.208,5.076,2
1734100,6.208,5.076,2
1734150,6.208,5.076,2
1734200,6.208,5.076,2
1734250,6.208,5.076,2
1734300,6.208,5.076,2
1734350,6.208,5.076,2
1734400,6.208,5.076,2
1734450,6.208,5.076,2
1734500,6.208,5.076,2
1734550,6.208,5.076,2
1734600,6.208,5.076,2
1734650,6.208,5.076,2
1734700,6.208,5.076,2
1734750,6.208,5.076,2
1734800,6.208,5.076,2
1734850,6.208,5.076,2
1734900,6.208,5.076,2
1734950,6.208,5.076,2
1735000,6.208,5.076,2
1735050,6.208,5.076,2
1735100,6.208,5.076,2
1735150,6.208,5.076,2
1735200,6.208,5.076,2
1735250,6.208,5.077,2
1735300,6.208,5.078,2
1735350,6.208,5.078,2
1735400,6.208,5.08,2
1735450,6.208,5.08,2
1735500,6.208,5.08,2
1735550,6.208,5.08,2
1735600,6.208,5.08,2
1735650,6.208,5.08,2
1735700,6.208,5.08,2
1735750,6.208,5.08,2
1735800,6.208,5.082,2
1735850,6.208,5.082,2
1735900,6.208,5.082,2
1735950,6.208,5.082,2
1736000,6.208,5.082,2
1736050,6.208,5.082,2
1736100,6.208,5.082,2
1736150,6.208,5.082,2
1736200,6.208,5.082,2
1736250,6.208,5.082,2
1736300,6.208,5.082,2
1736350,6.208,5.082,2
1736400,6.207,5.082,2
1736450,6.207,5.082,2
1736500,6.207,5.082,2
1736550,6.207,5.082,2
1736600,6.207,5.082,2
1736650,6.207,5.082,2
1736700,6.207,5.082,2
1736750,6.207,5.082,2
1736800,6.207,5.083,2
1736850,6.207,5.083,2
1736900,6.207,5.083,2
1736950,6.207,5.083,2
1737000,6.207,5.083,2
1737050,6.205,5.083,2
1737100,6.204,5.083,2
1737150,6.202,5.083,2
1737200,6.202,5.083,2
1737250,6.201,5.083,2
1737300,6.2,5.083,2
1737350,6.2,5.083,2
1737400,6.199,5.083,2
1737450,6.199,5.083,2
1737500,6.196,5.083,2
1737550,6.193,5.083,2
1737600,6.193,5.083,2
1737650,6.193,5.083,2
1737700,6.193,5.083,2
1737750,6.193,5.083,2
1737800,6.193,5.083,2
1737850,6.191,5.083,2
1737900,6.191,5.083,2
1737950,6.191,5.083,2
1738000,6.191,5.083,2
1738050,6.191,5.083,2
1738100,6.191,5.083,2
1738150,6.191,5.083,2
1738200,6.191,5.083,2
1738250,6.191,5.083,2
1738300,6.191,5.083,2
1738350,6.191,5.083,2
1738400,6.191,5.083,2
1738450,6.191,5.083,2
1738500,6.191,5.083,2
1738550,6.191,5.083,2
1738600,6.191,5.083,2
1738650,6.191,5.083,2
1738700,6.191,5.083,2
1738750,6.191,5.083,2
1738800,6.191,5.083,2
1738850,6.191,5.083,2
1738900,6.191,5.083,2
1738950,6.191,5.083,2
1739000,6.191,5.083,2
1739050,6.191,5.083,2
1739100,6.191,5.083,2
1739150,6.191,5.083,2
1739200,6.191,5.083,2
1739250,6.191,5.083,2
1739300,6.191,5.083,2
1739350,6.191,5.083,2
1739400,6.191,5.083,2
1739450,6.191,5.083,2
1739500,6.191,5.083,2
1739550,6.191,5.086,2
1739600,6.191,5.086,2
1739650,6.191,5.086,2
1739700,6.191,5.086,2
1739750,6.191,5.086,2
1739800,6.191,5.086,2
1739850,6.191,5.086,2
1739900,6.191,5.086,2
1739950,6.191,5.086,2
1740000,6.191,5.086,2
1740050,6.191,5.086,2
1740100,6.191,5.086,2
1740150,6.191,5.086,2
1740200,6.191,5.086,2
1740250,6.191,5.086,2
1740300,6.191,5.086,2
1740350,6.191,5.086,2
1740400,6.191,5.086,2
1740450,6.191,5.086,2
1740500,6.191,5.086,2
1740550,6.191,5.086,2
1740600,6.191,5.086,2
1740650,6.191,5.086,2
1740700,6.191,5.086,2
1740750,6.191,5.086,2
1740800,6.191,5.086,2
1740850,6.191,5.086,2
1740900,6.191,5.086,2
1740950,6.191,5.086,2
1741000,6.191,5.086,2
1741050,6.191,5.086,2
1741100,6.191,5.086,2
1741150,6.191,5.086,2
1741200,6.191,5.086,2
1741250,6.191,5.086,2
1741300,6.191,5.086,2
1741350,6.19,5.086,2
1741400,6.189,5.086,2
1741450,6.189,5.086,2
1741500,6.188,5.086,2
1741550,6.188,5.086,2
1741600,6.187,5.086,2
1741650,6.187,5.086,2
1741700,6.187,5.086,2
1741750,6.186,5.086,2
1741800,6.186,5.086,2
1741850,6.184,5.086,2
1741900,6.184,5.086,2
1741950,6.184,5.086,2
1742000,6.183,5.086,2
1742050,6.182,5.086,2
1742100,6.181,5.086,2
1742150,6.176,5.086,2
1742200,6.171,5.086,2
1742250,6.159,5.086,2
1742300,6.128,5.086,2
1742350,6.031,5.086,2
1742400,5.895,5.086,2
1742450,5.871,5.086,2
1742500,5.87,5.086,2
1742550,5.87,5.085,2
1742600,5.87,5.084,2
1742650,5.87,5.084,2
1742700,5.87,5.084,2
1742750,5.87,5.084,2
1742800,5.87,5.084,2
1742850,5.87,5.084,2
1742900,5.87,5.084,2
1742950,5.87,5.084,2
1743000,5.87,5.084,2
1743050,5.87,5.084,2
1743100,5.87,5.084,2
1743150,5.87,5.084,2
1743200,5.87,5.084,2
1743250,5.87,5.084,2
1743300,5.87,5.084,2
1743350,5.87,5.084,2
1743400,5.87,5.084,2
1743450,5.87,5.084,2
1743500,5.87,5.084,2
1743550,5.87,5.084,2
1743600,5.87,5.084,2
1743650,5.87,5.084,2
1743700,5.87,5.084,2
1743750,5.87,5.084,2
1743800,5.87,5.084,2
1743850,5.87,5.079,2
1743900,5.87,5.073,2
1743950,5.87,5.073,2
1744000,5.87,5.065,2
1744050,5.87,5.055,2
1744100,5.87,5.045,2
1744150,5.87,5.043,2
1744200,5.87,5.043,2
1744250,5.874,5.043,2
1744300,5.88,5.043,2
1744350,5.883,5.043,2
1744400,5.889,5.038,2
1744450,5.891,5.038,2
1744500,5.898,5.038,2
1744550,5.9,5.038,2
1744600,5.906,5.038,2
1744650,5.915,5.038,2
1744700,5.92,5.037,2
1744750,5.921,5.037,2
1744800,5.923,5.037,2
1744850,5.93,5.037,2
1744900,5.931,5.037,2
1744950,5.936,5.036,2
1745000,5.938,5.036,2
1745050,5.938,5.036,2
1745100,5.94,5.036,2
1745150,5.94,5.036,2
1745200,5.942,5.036,2
1745250,5.949,5.036,2
1745300,5.95,5.036,2
1745350,5.951,5.036,2
1745400,5.954,5.036,2
1745450,5.961,5.035,2
1745500,5.963,5.035,2
1745550,5.967,5.035,2
1745600,5.969,5.031,2
1745650,5.973,5.031,2
1745700,5.978,5.031,2
1745750,5.979,5.031,2
1745800,5.984,5.031,2
1745850,5.985,5.031,2
1745900,5.985,5.031,2
1745950,5.985,5.031,2
1746000,5.985,5.031,2
1746050,5.988,5.031,2
1746100,5.991,5.031,2
1746150,5.991,5.031,2
1746200,5.991,5.031,2
1746250,5.991,5.031,2
1746300,5.991,5.031,2
1746350,5.991,5.031,2
1746400,5.991,5.031,2
1746450,5.991,5.031,2
1746500,5.991,5.031,2
1746550,5.991,5.031,2
1746600,5.991,5.031,2
1746650,5.991,5.031,2
1746700,5.991,5.031,2
1746750,5.995,5.031,2
1746800,5.995,5.031,2
1746850,5.995,5.031,2
1746900,5.995,5.031,2
1746950,5.995,5.031,2
1747000,5.995,5.031,2
1747050,5.995,5.031,2
1747100,5.995,5.031,2
1747150,5.995,5.031,2
1747200,5.995,5.031,2
1747250,5.995,5.031,2
1747300,5.995,5.031,2
1747350,5.995,5.031,2
1747400,5.995,5.031,2
1747450,5.995,5.031,2
1747500,5.995,5.031,2
1747550,5.995,5.031,2
1747600,5.995,5.031,2
1747650,5.995,5.031,2
1747700,5.995,5.031,2
1747750,5.995,5.031,2
1747800,5.995,5.031,2
1747850,5.995,5.031,2
1747900,5.995,5.031,2
1747950,5.995,5.031,2
1748000,5.995,5.031,2
1748050,5.995,5.031,2
1748100,5.995,5.031,2
1748150,5.995,5.031,2
1748200,5.995,5.031,2
1748250,5.995,5.031,2
1748300,5.995,5.031,2
1748350,5.995,5.031,2
1748400,5.995,5.031,2
1748450,5.995,5.031,2
1748500,5.995,5.031,2
1748550,5.995,5.031,2
1748600,5.995,5.031,2
1748650,5.995,5.031,2
1748700,5.995,5.031,2
1748750,5.995,5.031,2
1748800,5.995,5.031,2
1748850,5.995,5.031,2
1748900,5.995,5.031,2
1748950,5.995,5.031,2
1749000,5.995,5.031,2
1749050,5.995,5.031,2
1749100,5.995,5.031,2
1749150,5.995,5.031,2
1749200,5.995,5.031,2
1749250,5.995,5.031,2
1749300,5.995,5.031,2
1749350,5.995,5.031,2
1749400,5.995,5.031,2
1749450,5.995,5.031,2
1749500,5.995,5.031,2
1749550,5.995,5.031,2
1749600,5.995,5.031,2
1749650,5.995,5.031,2
1749700,5.995,5.031,2
1749750,5.995,5.031,2
1749800,5.995,5.031,2
1749850,5.995,5.031,2
1749900,5.995,5.031,2
1749950,5.995,5.031,2
1750000,5.995,5.031,2
1750050,5.995,5.031,2
1750100,5.995,5.031,2
1750150,5.995,5.031,2
1750200,5.995,5.031,2
1750250,5.995,5.031,2
1750300,5.995,5.031,2
1750350,5.995,5.031,2
1750400,5.995,5.031,2
1750450,5.995,5.031,2
1750500,5.995,5.031,2
1750550,5.995,5.031,2
1750600,5.995,5.031,2
1750650,5.995,5.031,2
1750700,5.995,5.031,2
1750750,5.995,5.031,2
1750800,5.995,5.031,2
1750850,5.995,5.031,2
1750900,5.995,5.031,2
1750950,5.995,5.031,2
1751000,5.995,5.031,2
1751050,5.995,5.031,2
1751100,5.995,5.031,2
1751150,5.995,5.031,2
1751200,5.995,5.031,2
1751250,5.995,5.031,2
1751300,5.995,5.031,2
1751350,5.995,5.031,2
1751400,5.995,5.031,2
1751450,5.995,5.031,2
1751500,5.995,5.031,2
1751550,5.995,5.031,2
1751600,5.995,5.031,2
1751650,5.995,5.031,2
1751700,5.995,5.031,2
1751750,5.995,5.031,2
1751800,5.995,5.031,2
1751850,5.995,5.031,2
1751900,5.995,5.031,2
1751950,5.995,5.031,2
1752000,5.995,5.031,2
1752050,5.995,5.031,2
1752100,5.995,5.031,2
1752150,5.995,5.031,2
1752200,5.995,5.031,2
1752250,5.995,5.031,2
1752300,5.995,5.031,2
1752350,5.995,5.031,2
1752400,5.995,5.031,2
1752450,5.995,5.031,2
1752500,5.995,5.031,2
1752550,5.995,5.031,2
1752600,5.995,5.031,2
1752650,5.995,5.031,2
1752700,5.995,5.031,2
1752750,5.995,5.031,2
1752800,5.995,5.031,2
1752850,5.995,5.031,2
1752900,5.995,5.031,2
1752950,5.995,5.031,2
1753000,5.995,5.031,2
1753050,5.995,5.031,2
1753100,5.995,5.031,2
1753150,5.995,5.031,2
1753200,5.995,5.031,2
1753250,5.995,5.031,2
1753300,5.995,5.031,2
1753350,5.995,5.031,2
1753400,5.995,5.031,2
1753450,5.995,5.031,2
1753500,5.995,5.031,2
1753550,5.995,5.031,2
1753600,5.995,5.031,2
1753650,5.995,5.031,2
1753700,5.995,5.031,2
1753750,5.995,5.031,2
1753800,5.995,5.031,2
1753850,5.995,5.031,2
1753900,5.995,5.031,2
1753950,5.995,5.031,2
1754000,5.995,5.031,2
1754050,5.995,5.031,2
1754100,5.995,5.031,2
1754150,5.995,5.031,2
1754200,5.995,5.031,2
1754250,5.995,5.031,2
1754300,5.995,5.031,2
1754350,5.995,5.031,2
1754400,5.995,5.031,2
1754450,5.995,5.031,2
1754500,5.995,5.031,2
1754550,5.995,5.031,2
1754600,5.995,5.031,2
1754650,5.995,5.031,2
1754700,5.995,5.031,2
1754750,5.995,5.031,2
1754800,6.001,5.031,2
1754850,6.008,5.031,2
1754900,6.015,5.031,2
1754950,6.037,5.022,2
1755000,6.076,5.018,2
1755050,6.147,5.017,2
1755100,6.199,5.017,2
1755150,6.207,5.017,2
1755200,6.207,5.017,2
1755250,6.207,5.017,2
1755300,6.207,5.017,2
1755350,6.207,5.017,2
1755400,6.207,5.017,2
1755450,6.214,5.017,2
1755500,6.23,5.017,2
1755550,6.258,5.017,2
1755600,6.28,5.017,2
1755650,6.287,5.017,2
1755700,6.288,5.017,2
1755750,6.288,5.017,2
1755800,6.288,5.017,2
1755850,6.29,5.017,2
1755900,6.29,5.017,2
1755950,6.29,5.017,2
1756000,6.29,5.017,2
1756050,6.29,5.017,2
1756100,6.29,5.017,2
1756150,6.29,5.017,2
1756200,6.29,5.017,2
1756250,6.29,5.017,2
1756300,6.29,5.017,2
1756350,6.29,5.017,2
1756400,6.29,5.017,2
1756450,6.29,5.017,2
1756500,6.29,5.017,2
1756550,6.29,5.017,2
1756600,6.29,5.017,2
1756650,6.29,5.017,2
1756700,6.29,5.017,2
1756750,6.29,5.017,2
1756800,6.29,5.017,2
1756850,6.29,5.017,2
1756900,6.29,5.017,2
1756950,6.29,5.017,2
1757000,6.29,5.017,2
1757050,6.29,5.017,2
1757100,6.29,5.017,2
1757150,6.29,5.017,2
1757200,6.29,5.017,2
1757250,6.29,5.017,2
1757300,6.29,5.017,2
1757350,6.29,5.017,2
1757400,6.29,5.017,2
1757450,6.29,5.017,2
1757500,6.29,5.017,2
1757550,6.29,5.017,2
1757600,6.29,5.017,2
1757650,6.29,5.017,2
1757700,6.29,5.017,2
1757750,6.29,5.017,2
1757800,6.29,5.017,2
1757850,6.29,5.017,2
1757900,6.29,5.017,2
1757950,6.29,5.017,2
1758000,6.29,5.017,2
1758050,6.29,5.017,2
1758100,6.29,5.017,2
1758150,6.29,5.017,2
1758200,6.29,5.017,2
1758250,6.29,5.017,2
1758300,6.29,5.017,2
1758350,6.29,5.017,2
1758400,6.29,5.017,2
1758450,6.29,5.017,2
1758500,6.29,5.017,2
1758550,6.29,5.017,2
1758600,6.29,5.017,2
1758650,6.29,5.017,2
1758700,6.29,5.017,2
1758750,6.29,5.017,2
1758800,6.29,5.017,2
1758850,6.29,5.017,2
1758900,6.29,5.017,2
1758950,6.29,5.017,2
1759000,6.29,5.017,2
1759050,6.29,5.017,2
1759100,6.29,5.017,2
1759150,6.29,5.017,2
1759200,6.29,5.017,2
1759250,6.29,5.017,2
1759300,6.29,5.017,2
1759350,6.29,5.017,2
1759400,6.29,5.017,2
1759450,6.29,5.017,2
1759500,6.29,5.017,2
1759550,6.29,5.017,2
1759600,6.29,5.017,2
1759650,6.29,5.017,2
1759700,6.29,5.017,2
1759750,6.29,5.017,2
1759800,6.29,5.017,2
1759850,6.29,5.017,2
1759900,6.29,5.017,2
1759950,6.29,5.017,2
1760000,6.29,5.017,2
1760050,6.29,5.017,2
1760100,6.29,5.017,2
1760150,6.29,5.017,2
1760200,6.29,5.017,2
1760250,6.29,5.017,2
1760300,6.29,5.017,2
1760350,6.29,5.017,2
1760400,6.29,5.017,2
1760450,6.291,5.017,2
1760500,6.291,5.017,2
1760550,6.291,5.017,2
1760600,6.291,5.017,2
1760650,6.293,5.017,2
1760700,6.293,5.017,2
1760750,6.296,5.017,2
1760800,6.297,5.017,2
1760850,6.299,5.017,2
1760900,6.299,5.017,2
1760950,6.299,5.017,2
1761000,6.299,5.017,2
1761050,6.299,5.017,2
1761100,6.299,5.017,2
1761150,6.299,5.017,2
1761200,6.299,5.017,2
1761250,6.299,5.017,2
1761300,6.299,5.017,2
1761350,6.299,5.017,2
1761400,6.299,5.017,2
1761450,6.299,5.017,2
1761500,6.299,5.017,2
1761550,6.299,5.017,2
1761600,6.299,5.017,2
1761650,6.299,5.017,2
1761700,6.299,5.017,2
1761750,6.299,5.017,2
1761800,6.299,5.017,2
1761850,6.299,5.017,2
1761900,6.299,5.017,2
1761950,6.3,5.017,2
1762000,6.3,5.017,2
1762050,6.3,5.017,2
1762100,6.3,5.017,2
1762150,6.3,5.017,2
1762200,6.3,5.017,2
1762250,6.3,5.017,2
1762300,6.3,5.017,2
1762350,6.3,5.017,2
1762400,6.3,5.017,2
1762450,6.3,5.017,2
1762500,6.3,5.017,2
1762550,6.3,5.017,2
1762600,6.3,5.017,2
1762650,6.3,5.017,2
1762700,6.3,5.017,2
1762750,6.3,5.017,2
1762800,6.3,5.017,2
1762850,6.3,5.017,2
1762900,6.3,5.017,2
1762950,6.3,5.017,2
1763000,6.305,5.017,2
1763050,6.306,5.017,2
1763100,6.307,5.017,2
1763150,6.307,5.017,2
1763200,6.307,5.017,2
1763250,6.307,5.017,2
1763300,6.307,5.017,2
1763350,6.307,5.017,2
1763400,6.307,5.017,2
1763450,6.307,5.017,2
1763500,6.307,5.017,2
1763550,6.307,5.017,2
1763600,6.307,5.017,2
1763650,6.307,5.017,2
1763700,6.307,5.017,2
1763750,6.307,5.017,2
1763800,6.307,5.017,2
1763850,6.307,5.017,2
1763900,6.307,5.017,2
1763950,6.307,5.017,2
1764000,6.307,5.017,2
1764050,6.307,5.017,2
1764100,6.307,5.017,2
1764150,6.307,5.017,2
1764200,6.307,5.017,2
1764250,6.307,5.017,2
1764300,6.307,5.017,2
1764350,6.307,5.017,2
1764400,6.307,5.017,2
1764450,6.307,5.017,2
1764500,6.307,5.017,2
1764550,6.307,5.017,2
1764600,6.307,5.017,2
1764650,6.307,5.017,2
1764700,6.307,5.017,2
1764750,6.307,5.017,2
1764800,6.307,5.017,2
1764850,6.307,5.017,2
1764900,6.307,5.017,2
1764950,6.307,5.017,2
1765000,6.307,5.017,2
1765050,6.307,5.017,2
1765100,6.307,5.017,2
1765150,6.307,5.017,2
1765200,6.307,5.017,2
1765250,6.307,5.017,2
1765300,6.307,5.017,2
1765350,6.307,5.017,2
1765400,6.307,5.017,2
1765450,6.307,5.017,2
1765500,6.307,5.017,2
1765550,6.307,5.017,2
1765600,6.307,5.017,2
1765650,6.307,5.017,2
1765700,6.307,5.017,2
1765750,6.307,5.017,2
1765800,6.307,5.017,2
1765850,6.307,5.017,2
1765900,6.307,5.017,2
1765950,6.307,5.017,2
1766000,6.307,5.017,2
1766050,6.307,5.017,2
1766100,6.307,5.017,2
1766150,6.307,5.017,2
1766200,6.307,5.017,2
1766250,6.307,5.017,2
1766300,6.307,5.017,2
1766350,6.307,5.017,2
1766400,6.307,5.017,2
1766450,6.307,5.017,2
1766500,6.307,5.017,2
1766550,6.307,5.017,2
1766600,6.307,5.017,2
1766650,6.307,5.017,2
1766700,6.307,5.017,2
1766750,6.307,5.017,2
1766800,6.307,5.017,2
1766850,6.307,5.017,2
1766900,6.307,5.017,2
1766950,6.307,5.017,2
1767000,6.307,5.017,2
1767050,6.307,5.017,2
1767100,6.307,5.017,2
1767150,6.307,5.017,2
1767200,6.307,5.017,2
1767250,6.307,5.017,2
1767300,6.307,5.017,2
1767350,6.307,5.017,2
1767400,6.307,5.017,2
1767450,6.307,5.017,2
1767500,6.307,5.017,2
1767550,6.307,5.017,2
1767600,6.307,5.017,2
1767650,6.307,5.017,2
1767700,6.307,5.017,2
1767750,6.307,5.017,2
1767800,6.307,5.017,2
1767850,6.307,5.017,2
1767900,6.307,5.017,2
1767950,6.307,5.017,2
1768000,6.307,5.017,2
1768050,6.307,5.017,2
1768100,6.307,5.017,2
1768150,6.307,5.017,2
1768200,6.307,5.017,2
1768250,6.307,5.017,2
1768300,6.307,5.017,2
1768350,6.307,5.017,2
1768400,6.307,5.017,2
1768450,6.307,5.017,2
1768500,6.307,5.017,2
1768550,6.307,5.017,2
1768600,6.307,5.017,2
1768650,6.307,5.017,2
1768700,6.307,5.017,2
1768750,6.307,5.017,2
1768800,6.307,5.017,2
1768850,6.307,5.017,2
1768900,6.307,5.017,2
1768950,6.307,5.017,2
1769000,6.308,5.017,2
1769050,6.308,5.002,2
1769100,6.319,5.0,2
1769150,6.32,5.0,2
1769200,6.32,5.0,2
1769250,6.32,5.0,2
1769300,6.32,5.0,2
1769350,6.32,5.0,2
1769400,6.32,5.0,2
1769450,6.32,5.0,2
1769500,6.32,5.0,2
1769550,6.32,5.0,2
1769600,6.321,5.0,2
1769650,6.336,5.0,2
1769700,6.377,5.0,2
1769750,6.437,5.0,2
1769800,6.478,5.0,2
1769850,6.482,5.0,2
1769900,6.482,5.0,2
1769950,6.482,5.0,2
1770000,6.482,5.0,2
1770050,6.482,5.0,2
1770100,6.482,5.0,2
1770150,6.482,5.0,2
1770200,6.482,5.0,2
1770250,6.482,5.0,2
1770300,6.482,5.0,2
1770350,6.482,5.0,2
1770400,6.482,5.0,2
1770450,6.482,5.0,2
1770500,6.482,5.0,2
1770550,6.482,5.0,2
1770600,6.482,5.0,2
1770650,6.482,5.0,2
1770700,6.482,5.0,2
1770750,6.482,5.0,2
1770800,6.482,5.0,2
1770850,6.482,5.0,2
1770900,6.482,5.0,2
1770950,6.482,5.0,2
1771000,6.482,5.0,2
1771050,6.482,5.0,2
1771100,6.482,5.0,2
1771150,6.482,4.994,2
1771200,6.482,4.969,2
1771250,6.485,4.963,2
1771300,6.486,4.96,2
1771350,6.486,4.96,2
1771400,6.486,4.96,2
1771450,6.486,4.96,2
1771500,6.486,4.96,2
1771550,6.486,4.96,2
1771600,6.486,4.96,2
1771650,6.486,4.96,2
1771700,6.486,4.96,2
1771750,6.486,4.96,2
1771800,6.486,4.96,2
1771850,6.486,4.96,2
1771900,6.486,4.96,2
1771950,6.486,4.96,2
1772000,6.486,4.96,2
1772050,6.486,4.96,2
1772100,6.486,4.96,2
1772150,6.486,4.96,2
1772200,6.486,4.96,2
1772250,6.486,4.96,2
1772300,6.486,4.96,2
1772350,6.486,4.96,2
1772400,6.486,4.96,2
1772450,6.486,4.96,2
1772500,6.486,4.96,2
1772550,6.49,4.96,2
1772600,6.49,4.96,2
1772650,6.49,4.96,2
1772700,6.49,4.96,2
1772750,6.495,4.96,2
1772800,6.495,4.96,2
1772850,6.495,4.96,2
1772900,6.495,4.96,2
1772950,6.495,4.96,2
1773000,6.495,4.96,2
1773050,6.495,4.96,2
1773100,6.497,4.96,2
1773150,6.502,4.962,2
1773200,6.503,4.962,2
1773250,6.503,4.962,2
1773300,6.511,4.962,2
1773350,6.523,4.962,2
1773400,6.526,4.962,2
1773450,6.529,4.962,2
1773500,6.529,4.962,2
1773550,6.529,4.962,2
1773600,6.529,4.962,2
1773650,6.529,4.962,2
1773700,6.529,4.962,2
1773750,6.529,4.962,2
1773800,6.529,4.962,2
1773850,6.529,4.962,2
1773900,6.532,4.962,2
1773950,6.532,4.962,2
1774000,6.532,4.962,2
1774050,6.532,4.962,2
1774100,6.532,4.962,2
1774150,6.532,4.962,2
1774200,6.532,4.962,2
1774250,6.532,4.962,2
1774300,6.534,4.962,2
1774350,6.536,4.962,2
1774400,6.536,4.962,2
1774450,6.541,4.962,2
1774500,6.55,4.962,2
1774550,6.558,4.965,2
1774600,6.561,4.965,2
1774650,6.564,4.965,2
1774700,6.565,4.965,2
1774750,6.568,4.965,2
1774800,6.569,4.965,2
1774850,6.569,4.965,2
1774900,6.569,4.965,2
1774950,6.569,4.965,2
1775000,6.569,4.965,2
1775050,6.569,4.965,2
1775100,6.569,4.966,2
1775150,6.569,4.966,2
1775200,6.569,4.966,2
1775250,6.569,4.966,2
1775300,6.569,4.966,2
1775350,6.569,4.969,2
1775400,6.569,4.972,2
1775450,6.569,4.972,2
1775500,6.569,4.972,2
1775550,6.569,4.975,2
1775600,6.569,4.976,2
1775650,6.569,4.976,2
1775700,6.569,4.976,2
1775750,6.569,4.976,2
1775800,6.569,4.976,2
1775850,6.569,4.976,2
1775900,6.569,4.976,2
1775950,6.569,4.995,2
1776000,6.569,5.015,2
1776050,6.569,5.018,2
1776100,6.569,5.018,2
1776150,6.569,5.018,2
1776200,6.569,5.018,2
1776250,6.569,5.018,2
1776300,6.569,5.018,2
1776350,6.569,5.018,2
1776400,6.572,5.018,2
1776450,6.584,5.018,2
1776500,6.594,5.018,2
1776550,6.595,5.018,2
1776600,6.595,5.018,2
1776650,6.595,5.018,2
1776700,6.595,5.018,2
1776750,6.595,5.018,2
1776800,6.595,5.018,2
1776850,6.595,5.018,2
1776900,6.599,5.018,2
1776950,6.602,5.018,2
1777000,6.61,5.018,2
1777050,6.669,5.018,2
1777100,6.836,5.018,2
1777150,6.935,5.018,2
1777200,6.946,5.018,2
1777250,6.946,5.018,2
1777300,6.946,5.018,2
1777350,6.946,5.018,2
1777400,6.946,5.018,2
1777450,6.946,5.018,2
1777500,6.946,5.018,2
1777550,6.946,5.018,2
1777600,6.946,5.018,2
1777650,6.946,5.018,2
1777700,6.946,5.018,2
1777750,6.937,5.018,2
1777800,6.935,5.018,2
1777850,6.935,5.018,2
1777900,6.933,5.018,2
1777950,6.933,5.018,2
1778000,6.933,5.018,2
1778050,6.933,5.018,2
1778100,6.933,5.018,2
1778150,6.933,5.018,2
1778200,6.933,5.018,2
1778250,6.933,5.015,2
1778300,6.933,5.014,2
1778350,6.933,5.013,2
1778400,6.933,5.013,2
1778450,6.933,5.013,2
1778500,6.933,5.013,2
1778550,6.933,5.011,2
1778600,6.933,5.011,2
1778650,6.933,5.001,2
1778700,6.933,4.996,2
1778750,6.933,4.976,2
1778800,6.933,4.971,2
1778850,6.933,4.971,2
1778900,6.933,4.971,2
1778950,6.933,4.971,2
1779000,6.933,4.971,2
1779050,6.933,4.971,2
1779100,6.933,4.971,2
1779150,6.933,4.971,2
1779200,6.933,4.971,2
1779250,6.933,4.971,2
1779300,6.933,4.971,2
1779350,6.933,4.971,2
1779400,6.933,4.971,2
1779450,6.933,4.971,2
1779500,6.944,4.971,2
1779550,6.969,4.971,2
1779600,6.988,4.97,2
1779650,7.001,4.953,2
1779700,7.013,4.951,2
1779750,7.015,4.95,2
1779800,7.015,4.944,2
1779850,7.015,4.942,2
1779900,7.015,4.941,2
1779950,7.015,4.941,2
1780000,7.015,4.941,2
1780050,7.015,4.94,2
1780100,7.015,4.94,2
1780150,7.016,4.94,2
1780200,7.016,4.94,2
1780250,7.016,4.938,2
1780300,7.016,4.933,2
1780350,7.016,4.931,2
1780400,7.021,4.931,2
1780450,7.032,4.931,2
1780500,7.038,4.931,2
1780550,7.049,4.931,2
1780600,7.08,4.931,2
1780650,7.104,4.931,2
1780700,7.106,4.931,2
1780750,7.106,4.931,2
1780800,7.106,4.931,2
1780850,7.106,4.931,2
1780900,7.106,4.931,2
1780950,7.106,4.931,2
1781000,7.106,4.931,2
1781050,7.106,4.931,2
1781100,7.106,4.931,2
1781150,7.106,4.931,2
1781200,7.106,4.931,2
1781250,7.106,4.931,2
1781300,7.106,4.931,2
1781350,7.106,4.931,2
1781400,7.106,4.931,2
1781450,7.106,4.931,2
1781500,7.106,4.931,2
1781550,7.106,4.931,2
1781600,7.106,4.931,2
1781650,7.106,4.931,2
1781700,7.106,4.931,2
1781750,7.106,4.931,2
1781800,7.106,4.931,2
1781850,7.106,4.931,2
1781900,7.106,4.931,2
1781950,7.106,4.931,2
1782000,7.106,4.931,2
1782050,7.106,4.931,2
1782100,7.106,4.931,2
1782150,7.106,4.931,2
1782200,7.106,4.931,2
1782250,7.106,4.931,2
1782300,7.106,4.931,2
1782350,7.106,4.931,2
1782400,7.106,4.931,2
1782450,7.106,4.931,2
1782500,7.106,4.931,2
1782550,7.106,4.931,2
1782600,7.106,4.931,2
1782650,7.106,4.931,2
1782700,7.106,4.931,2
1782750,7.106,4.931,2
1782800,7.106,4.931,2
1782850,7.106,4.931,2
1782900,7.106,4.931,2
1782950,7.106,4.931,2
1783000,7.106,4.931,2
1783050,7.106,4.934,2
1783100,7.106,4.934,2
1783150,7.106,4.934,2
1783200,7.106,4.934,2
1783250,7.106,4.934,2
1783300,7.106,4.934,2
1783350,7.106,4.934,2
1783400,7.106,4.934,2
1783450,7.106,4.934,2
1783500,7.106,4.934,2
1783550,7.106,4.954,2
1783600,7.112,4.976,2
1783650,7.118,4.979,2
1783700,7.119,4.979,2
1783750,7.119,4.979,2
1783800,7.119,4.979,2
1783850,7.119,4.979,2
1783900,7.119,4.979,2
1783950,7.119,4.979,2
1784000,7.119,4.979,2
1784050,7.119,4.979,2
1784100,7.119,4.979,2
1784150,7.119,4.979,2
1784200,7.121,4.979,2
1784250,7.121,4.979,2
1784300,7.124,4.979,2
1784350,7.128,4.979,2
1784400,7.129,4.98,2
1784450,7.131,4.986,2
1784500,7.134,4.988,2
1784550,7.134,4.988,2
1784600,7.138,4.992,2
1784650,7.139,4.994,2
1784700,7.139,4.994,2
1784750,7.139,4.994,2
1784800,7.139,4.994,2
1784850,7.139,4.994,2
1784900,7.139,4.994,2
1784950,7.139,4.994,2
1785000,7.139,4.994,2
1785050,7.139,4.996,2
1785100,7.139,4.996,2
1785150,7.139,4.996,2
1785200,7.139,4.996,2
1785250,7.139,4.996,2
1785300,7.139,4.998,2
1785350,7.139,4.998,2
1785400,7.139,4.998,2
1785450,7.139,4.998,2
1785500,7.139,4.998,2
1785550,7.139,4.998,2
1785600,7.139,4.998,2
1785650,7.139,4.998,2
1785700,7.139,4.998,2
1785750,7.139,4.998,2
1785800,7.139,4.999,2
1785850,7.139,4.999,2
1785900,7.139,4.999,2
1785950,7.139,4.999,2
1786000,7.139,4.999,2
1786050,7.139,4.999,2
1786100,7.139,4.999,2
1786150,7.139,4.999,2
1786200,7.139,4.999,2
1786250,7.139,4.999,2
1786300,7.139,4.999,2
1786350,7.139,4.999,2
1786400,7.139,4.999,2
1786450,7.139,4.999,2
1786500,7.139,4.999,2
1786550,7.139,4.999,2
1786600,7.139,4.999,2
1786650,7.139,4.999,2
1786700,7.139,4.999,2
1786750,7.139,4.999,2
1786800,7.139,4.999,2
1786850,7.139,4.999,2
1786900,7.139,4.999,2
1786950,7.139,4.999,2
1787000,7.139,4.999,2
1787050,7.139,4.999,2
1787100,7.139,4.999,2
1787150,7.139,4.999,2
1787200,7.139,4.999,2
1787250,7.139,4.999,2
1787300,7.139,4.999,2
1787350,7.139,4.999,2
1787400,7.139,4.999,2
1787450,7.139,5.001,2
1787500,7.139,5.001,2
1787550,7.139,5.001,2
1787600,7.139,5.001,2
1787650,7.139,5.001,2
1787700,7.139,5.001,2
1787750,7.139,5.001,2
1787800,7.139,5.001,2
1787850,7.139,5.001,2
1787900,7.139,5.001,2
1787950,7.139,5.001,2
1788000,7.139,5.001,2
1788050,7.139,5.001,2
1788100,7.139,5.001,2
1788150,7.139,5.001,2
1788200,7.139,5.001,2
1788250,7.139,5.001,2
1788300,7.139,5.001,2
1788350,7.139,5.001,2
1788400,7.139,5.001,2
1788450,7.139,5.001,2
1788500,7.139,5.001,2
1788550,7.139,5.001,2
1788600,7.139,5.001,2
1788650,7.139,5.001,2
1788700,7.139,5.001,2
1788750,7.139,5.002,2
1788800,7.139,5.002,2
1788850,7.139,5.003,2
1788900,7.139,5.003,2
1788950,7.139,5.003,2
1789000,7.139,5.003,2
1789050,7.139,5.02,2
1789100,7.139,5.03,2
1789150,7.139,5.031,2
1789200,7.139,5.031,2
1789250,7.139,5.031,2
1789300,7.139,5.031,2
1789350,7.139,5.031,2
1789400,7.139,5.031,2
1789450,7.139,5.031,2
1789500,7.139,5.031,2
1789550,7.139,5.031,2
1789600,7.139,5.031,2
1789650,7.139,5.031,2
1789700,7.139,5.031,2
1789750,7.139,5.031,2
1789800,7.139,5.031,2
1789850,7.139,5.031,2
1789900,7.139,5.031,2
1789950,7.139,5.031,2
1790000,7.139,5.031,2
1790050,7.139,5.031,2
1790100,7.139,5.031,2
1790150,7.139,5.031,2
1790200,7.139,5.031,2
1790250,7.139,5.031,2
1790300,7.139,5.031,2
1790350,7.139,5.031,2
1790400,7.139,5.031,2
1790450,7.139,5.031,2
1790500,7.139,5.031,2
1790550,7.139,5.031,2
1790600,7.139,5.022,2
1790650,7.139,5.021,2
1790700,7.139,5.021,2
1790750,7.139,5.021,2
1790800,7.139,5.021,2
1790850,7.139,5.021,2
1790900,7.139,5.021,2
1790950,7.139,5.021,2
1791000,7.139,5.021,2
1791050,7.139,5.021,2
1791100,7.139,5.021,2
1791150,7.139,5.021,2
1791200,7.139,5.021,2
1791250,7.139,5.021,2
1791300,7.139,5.021,2
1791350,7.139,5.021,2
1791400,7.139,5.021,2
1791450,7.139,5.021,2
1791500,7.131,5.021,2
1791550,7.124,5.021,2
1791600,7.122,5.021,2
1791650,7.12,5.021,2
1791700,7.119,5.021,2
1791750,7.119,5.021,2
1791800,7.119,5.021,2
1791850,7.119,5.021,2
1791900,7.119,5.021,2
1791950,7.119,5.021,2
1792000,7.119,5.021,2
1792050,7.115,5.021,2
1792100,7.115,5.021,2
1792150,7.115,5.021,2
1792200,7.115,5.021,2
1792250,7.115,5.021,2
1792300,7.115,5.021,2
1792350,7.115,5.021,2
1792400,7.115,5.021,2
1792450,7.115,5.021,2
1792500,7.115,5.021,2
1792550,7.115,5.021,2
1792600,7.115,5.021,2
1792650,7.115,5.021,2
1792700,7.115,5.021,2
1792750,7.115,5.021,2
1792800,7.115,5.021,2
1792850,7.115,5.021,2
1792900,7.115,5.021,2
1792950,7.115,5.021,2
1793000,7.115,5.021,2
1793050,7.115,5.021,2
1793100,7.115,5.021,2
1793150,7.115,5.021,2
1793200,7.115,5.021,2
1793250,7.115,5.021,2
1793300,7.115,5.021,2
1793350,7.115,5.021,2
1793400,7.115,5.021,2
1793450,7.115,5.021,2
1793500,7.115,5.021,2
1793550,7.115,5.021,2
1793600,7.115,5.021,2
1793650,7.115,5.021,2
1793700,7.117,5.015,2
1793750,7.117,5.01,2
1793800,7.117,5.01,2
1793850,7.117,5.01,2
1793900,7.117,5.01,2
1793950,7.117,5.01,2
1794000,7.117,5.01,2
1794050,7.117,5.01,2
1794100,7.117,5.01,2
1794150,7.117,5.01,2
1794200,7.117,5.01,2
1794250,7.117,5.01,2
1794300,7.117,5.01,2
1794350,7.117,5.01,2
1794400,7.117,5.01,2
1794450,7.117,5.01,2
1794500,7.117,5.01,2
1794550,7.117,5.01,2
1794600,7.117,5.01,2
1794650,7.117,5.01,2
1794700,7.117,5.01,2
1794750,7.117,5.01,2
1794800,7.117,5.01,2
1794850,7.117,5.01,2
1794900,7.117,5.01,2
1794950,7.117,5.01,2
1795000,7.117,5.01,2
1795050,7.117,5.01,2
1795100,7.117,5.01,2
1795150,7.117,5.01,2
1795200,7.117,5.01,2
1795250,7.117,5.01,2
1795300,7.117,5.01,2
1795350,7.117,5.01,2
1795400,7.117,5.01,2
1795450,7.117,5.01,2
1795500,7.117,5.01,2
1795550,7.117,5.01,2
1795600,7.117,5.01,2
1795650,7.117,5.01,2
1795700,7.117,5.01,2
1795750,7.117,5.01,2
1795800,7.117,5.01,2
1795850,7.117,5.01,2
1795900,7.117,5.01,2
1795950,7.117,5.01,2
1796000,7.117,5.01,2
1796050,7.117,5.01,2
1796100,7.117,5.01,2
1796150,7.117,5.01,2
1796200,7.117,5.01,2
1796250,7.117,5.01,2
1796300,7.119,5.01,2
1796350,7.119,5.01,2
1796400,7.119,5.01,2
1796450,7.119,5.01,2
1796500,7.119,5.01,2
1796550,7.119,5.01,2
1796600,7.119,5.01,2
1796650,7.119,5.01,2
1796700,7.119,5.01,2
1796750,7.119,5.01,2
1796800,7.119,5.01,2
1796850,7.119,5.01,2
1796900,7.119,5.01,2
1796950,7.119,5.01,2
1797000,7.119,5.01,2
1797050,7.119,5.01,2
1797100,7.119,5.01,2
1797150,7.119,5.01,2
1797200,7.119,5.01,2
1797250,7.119,5.01,2
1797300,7.119,5.01,2
1797350,7.119,5.01,2
1797400,7.119,5.01,2
1797450,7.119,5.01,2
1797500,7.119,5.01,2
1797550,7.119,5.01,2
1797600,7.119,5.01,2
1797650,7.119,5.01,2
1797700,7.119,5.01,2
1797750,7.119,5.01,2
1797800,7.119,5.01,2
1797850,7.119,5.01,2
1797900,7.119,5.01,2
1797950,7.119,5.01,2
1798000,7.119,5.01,2
1798050,7.119,5.01,2
1798100,7.119,5.01,2
1798150,7.119,5.01,2
1798200,7.119,5.01,2
1798250,7.119,5.01,2
1798300,7.119,5.01,2
1798350,7.119,5.01,2
1798400,7.119,5.01,2
1798450,7.119,5.01,2
1798500,7.119,5.01,2
1798550,7.119,5.01,2
1798600,7.119,5.01,2
1798650,7.119,5.01,2
1798700,7.119,5.01,2
1798750,7.119,5.01,2
1798800,7.119,5.01,2
1798850,7.119,5.01,2
1798900,7.119,5.01,2
1798950,7.119,5.01,2
1799000,7.119,5.001,2
1799050,7.119,4.986,2
1799100,7.119,4.984,2
1799150,7.119,4.984,2
1799200,7.119,4.983,2
1799250,7.119,4.983,2
1799300,7.119,4.983,2
1799350,7.119,4.983,2
1799400,7.119,4.983,2
1799450,7.119,4.983,2
1799500,7.119,4.983,2
1799550,7.119,4.983,2
1799600,7.119,4.983,2
1799650,7.119,4.977,2
1799700,7.119,4.972,2
1799750,7.119,4.97,2
1799800,7.119,4.963,2
1799850,7.119,4.955,2
1799900,7.119,4.952,2
1799950,7.119,4.949,2
1800000,7.119,4.949,2
1800050,7.119,4.949,2
1800100,7.119,4.949,2
1800150,7.119,4.949,2
1800200,7.12,4.946,2
1800250,7.122,4.946,2
1800300,7.129,4.946,2
1800350,7.13,4.946,2
1800400,7.13,4.946,2
1800450,7.139,4.939,2
1800500,7.14,4.933,2
1800550,7.14,4.932,2
1800600,7.14,4.926,2
1800650,7.142,4.912,2
1800700,7.145,4.908,2
1800750,7.148,4.903,2
1800800,7.152,4.901,2
1800850,7.158,4.901,2
1800900,7.16,4.9,2
1800950,7.164,4.9,2
1801000,7.164,4.9,2
1801050,7.164,4.9,2
1801100,7.164,4.9,11
1801150,7.164,4.9,11
1801200,7.164,4.9,11
1801250,7.164,4.9,11
1801300,7.164,4.9,11
1801350,7.164,4.9,11
1801400,7.164,4.9,11
1801450,7.164,4.9,11
1801500,7.164,4.9,11
1801550,7.164,4.9,11
1801600,7.164,4.9,11
1801650,7.164,4.9,11
1801700,7.109,4.902,11
1801750,6.95,4.905,11
1801800,6.681,4.905,11
1801850,6.209,4.871,11
1801900,5.642,4.841,11
1801950,5.07,4.98,11
1802000,5.0,5.0,11
1802050,5.0,5.0,11
1802100,5.0,5.0,11
1802150,5.0,5.0,11
1802200,5.0,5.0,11
1802250,5.0,5.0,11
1802300,5.0,5.0,11
1802350,5.0,5.0,11
1802400,5.0,5.0,11
1802450,5.0,5.0,11
1802500,5.0,5.0,11
1802550,5.0,5.0,11
1802600,5.0,5.0,11
1802650,5.0,5.0,11
1802700,5.0,5.0,11
1802750,5.0,5.0,11
1802800,5.0,5.0,11
1802850,5.0,5.0,11
1802900,5.0,5.0,11
1802950,5.0,5.0,11
1803000,5.0,5.0,11
1803050,5.0,5.0,11
1803100,5.0,5.0,11
1803150,5.0,5.0,11
1803200,5.0,5.0,11
1803250,5.0,5.0,11
1803300,5.0,5.0,11
1803350,5.0,5.0,11
1803400,5.0,5.0,11
1803450,5.0,5.0,11
1803500,5.0,5.0,11
1803550,5.0,5.0,11
1803600,5.0,5.0,11
1803650,5.0,5.0,11
1803700,5.0,5.0,11
1803750,5.0,5.0,11
1803800,5.0,5.0,11
1803850,5.0,5.0,11
1803900,5.0,5.0,11
1803950,5.0,5.0,11
1804000,5.0,5.0,11
1804050,5.0,5.0,11
1804100,5.0,5.0,11
1804150,5.0,5.0,11
1804200,5.0,5.0,11
1804250,5.0,5.0,11
1804300,5.0,5.0,11
1804350,5.0,5.0,11
1804400,5.0,5.0,11
1804450,5.0,5.0,11
1804500,5.0,5.0,11
1804550,5.0,5.0,11
1804600,5.0,5.0,11
1804650,5.0,5.0,11
1804700,5.0,5.0,11
1804750,5.0,5.0,11
1804800,5.0,5.0,11
1804850,5.0,5.0,11
1804900,5.0,5.0,11
1804950,5.0,5.0,11
1805000,5.0,5.0,11
1805050,5.0,5.0,11
1805100,5.0,5.0,11
1805150,5.0,5.0,11
1805200,5.0,5.0,11
1805250,5.0,5.0,11
1805300,5.0,5.0,11
1805350,5.0,5.0,11
1805400,5.0,5.0,11
1805450,5.0,5.0,11
1805500,5.0,5.0,11
1805550,5.0,5.0,11
1805600,5.0,5.0,11
1805650,5.0,5.0,11
1805700,5.0,5.0,11
1805750,5.0,5.0,11
1805800,5.0,5.0,11
1805850,5.0,5.0,11
1805900,5.0,5.0,11
1805950,5.0,5.0,11
1806000,5.0,5.0,11
1806050,5.0,5.0,11
1806100,5.0,5.0,11
1806150,5.0,5.0,11
1806200,5.0,5.0,11
1806250,5.0,5.0,11
1806300,5.0,5.0,11
1806350,5.0,5.0,11
1806400,5.0,5.0,11
1806450,5.0,5.0,11
1806500,5.0,5.0,11
1806550,5.0,5.0,11
1806600,5.0,5.0,11
1806650,5.0,5.0,11
1806700,5.0,5.0,11
1806750,5.0,5.0,11
1806800,5.0,5.0,11
1806850,5.0,5.0,11
1806900,5.0,5.0,11
1806950,5.0,5.0,11
1807000,5.0,5.0,11
1807050,5.0,5.0,11
1807100,5.0,5.0,11
1807150,5.0,5.0,11
1807200,5.0,5.0,11
1807250,5.0,5.0,11
1807300,5.0,5.0,11
1807350,5.0,5.0,11
1807400,5.0,5.0,11
1807450,5.0,5.0,11
1807500,5.0,5.0,11
1807550,5.0,5.0,11
1807600,5.0,5.0,11
1807650,5.0,5.0,11
1807700,5.0,5.0,11
1807750,5.0,5.0,11
1807800,5.0,5.0,11
1807850,5.0,5.0,11
1807900,5.0,5.0,11
1807950,5.0,5.0,11
1808000,5.0,5.0,11
1808050,5.0,5.0,11
1808100,5.0,5.0,11
1808150,5.0,5.0,11
1808200,5.0,5.0,11
1808250,5.0,5.0,11
1808300,5.0,5.0,11
1808350,5.0,5.0,11
1808400,5.0,5.0,11
1808450,5.0,5.0,11
1808500,5.0,5.0,11
1808550,5.0,5.0,11
1808600,5.0,5.0,11
1808650,5.0,5.0,11
1808700,5.0,5.0,11
1808750,5.0,5.0,11
1808800,5.0,5.0,11
1808850,5.0,5.0,11
1808900,5.0,5.0,11
1808950,5.0,5.0,11
1809000,5.0,5.0,11
1809050,5.0,5.0,11
1809100,5.0,5.0,11
1809150,5.0,5.0,11
1809200,5.0,5.0,11
1809250,5.0,5.0,11
1809300,5.0,5.0,11
1809350,5.0,5.0,11
1809400,5.0,5.0,11
1809450,5.0,5.0,11
1809500,5.0,5.0,11
1809550,5.0,5.0,11
1809600,5.0,5.0,11
1809650,5.0,5.0,11
1809700,5.0,5.0,11
1809750,5.0,5.0,11
1809800,5.0,5.0,11
1809850,5.0,5.0,11
1809900,5.0,5.0,11
1809950,5.0,5.0,11
1810000,5.0,5.0,11
1810050,5.0,5.0,11
1810100,5.0,5.0,11
1810150,5.0,5.0,11
1810200,5.0,5.0,11
1810250,5.0,5.0,11
1810300,5.0,5.0,11
1810350,5.0,5.0,11
1810400,5.0,5.0,11
1810450,5.0,5.0,11
1810500,5.0,5.0,11
1810550,5.0,5.0,11
1810600,5.0,5.0,11
1810650,5.0,5.0,11
1810700,5.0,5.0,11
1810750,5.0,5.0,11
1810800,5.0,5.0,11
1810850,5.0,5.0,11
1810900,5.0,5.0,11
1810950,5.0,5.0,11
1811000,5.0,5.0,11
1811050,5.0,5.0,11
1811100,5.0,5.0,11
1811150,5.0,5.0,11
1811200,5.0,5.0,11
1811250,5.0,5.0,11
1811300,5.0,5.0,11
1811350,5.0,5.0,11
1811400,5.0,5.0,11
1811450,5.0,5.0,11
1811500,5.0,5.0,11
1811550,5.0,5.0,11
1811600,5.0,5.0,11
1811650,5.0,5.0,11
1811700,5.0,5.0,11
1811750,5.0,5.0,11
1811800,5.0,5.0,11
1811850,5.0,5.0,11
1811900,5.0,5.0,11
1811950,5.0,5.0,11
1812000,5.0,5.0,11
1812050,5.0,5.0,11
1812100,5.0,5.0,11
1812150,5.0,5.0,11
1812200,5.0,5.0,11
1812250,5.0,5.0,11
1812300,5.0,5.0,11
1812350,5.0,5.0,11
1812400,5.0,5.0,11
1812450,5.0,5.0,11
1812500,5.0,5.0,11
1812550,5.0,5.0,11
1812600,5.0,5.0,11
1812650,5.0,5.0,11
1812700,5.0,5.0,11
1812750,5.0,5.0,11
1812800,5.0,5.0,11
1812850,5.0,5.0,11
1812900,5.0,5.0,11
1812950,5.0,5.0,11
1813000,5.0,5.0,11
1813050,5.0,5.0,11
1813100,5.0,5.0,11
1813150,5.0,5.0,11
1813200,5.0,5.0,11
1813250,5.0,5.0,11
1813300,5.0,5.0,11
1813350,5.0,5.0,11
1813400,5.0,5.0,11
1813450,5.0,5.0,11
1813500,5.0,5.0,11
1813550,5.0,5.0,11
1813600,5.0,5.0,11
1813650,5.0,5.0,11
1813700,5.0,5.0,11
1813750,5.0,5.0,11
1813800,5.0,5.0,11
1813850,5.0,5.0,11
1813900,5.0,5.0,11
1813950,5.0,5.0,11
1814000,5.0,5.0,11
1814050,5.0,5.0,11
1814100,5.0,5.0,11
1814150,5.0,5.0,11
1814200,5.0,5.0,11
1814250,5.0,5.0,11
1814300,5.0,5.0,11
1814350,5.0,5.0,11
1814400,5.0,5.0,11
1814450,5.0,5.0,11
1814500,5.0,5.0,11
1814550,5.0,5.0,11
1814600,5.0,5.0,11
1814650,5.0,5.0,11
1814700,5.0,5.0,11
1814750,5.0,5.0,11
1814800,5.0,5.0,11
1814850,5.0,5.0,11
1814900,5.0,5.0,11
1814950,5.0,5.0,11
1815000,5.0,5.0,11
1815050,5.0,5.0,11
1815100,5.0,5.0,11
1815150,5.0,5.0,11
1815200,5.0,5.0,11
1815250,5.0,5.0,11
1815300,5.0,5.0,11
1815350,5.0,5.0,11
1815400,5.0,5.0,11
1815450,5.0,5.0,11
1815500,5.0,5.0,11
1815550,5.0,5.0,11
1815600,5.0,5.0,11
1815650,5.0,5.0,11
1815700,5.0,5.0,11
1815750,5.0,5.0,11
1815800,5.0,5.0,11
1815850,5.0,5.0,11
1815900,5.0,5.0,11
1815950,5.0,5.0,11
1816000,5.0,5.0,11
1816050,5.0,5.0,11
1816100,5.0,5.0,11
1816150,5.0,5.0,11
1816200,5.0,5.0,11
1816250,5.0,5.0,11
1816300,5.0,5.0,11
1816350,5.0,5.0,11
1816400,5.0,5.0,11
1816450,5.0,5.0,11
1816500,5.0,5.0,11
1816550,5.0,5.0,11
1816600,5.0,5.0,11
1816650,5.0,5.0,11
1816700,5.0,5.0,11
1816750,5.0,5.0,11
1816800,5.0,5.0,11
1816850,5.0,5.0,11
1816900,5.0,5.0,11
1816950,5.0,5.0,11
1817000,5.0,5.0,11
1817050,5.0,5.0,11
1817100,5.0,5.0,11
1817150,5.0,5.0,11
1817200,5.0,5.0,11
1817250,5.0,5.0,11
1817300,5.0,5.0,11
1817350,5.0,5.0,11
1817400,5.0,5.0,11
1817450,5.0,5.0,11
1817500,5.0,5.0,11
1817550,5.0,5.0,11
1817600,5.0,5.0,11
1817650,5.0,5.0,11
1817700,5.0,5.0,11
1817750,5.0,5.0,11
1817800,5.0,5.0,11
1817850,5.0,5.0,11
1817900,5.0,5.0,11
1817950,5.0,5.0,11
1818000,5.0,5.0,11
1818050,5.0,5.0,11
1818100,5.0,5.0,11
1818150,5.0,5.0,11
1818200,5.0,5.0,11
1818250,5.0,5.0,11
1818300,5.0,5.0,11
1818350,5.0,5.0,11
1818400,5.0,5.0,11
1818450,5.0,5.0,11
1818500,5.0,5.0,11
1818550,5.0,5.0,11
1818600,5.0,5.0,11
1818650,5.0,5.0,11
1818700,5.0,5.0,11
1818750,5.0,5.0,11
1818800,5.0,5.0,11
1818850,5.0,5.0,11
1818900,5.0,5.0,11
1818950,5.0,5.0,11
1819000,5.0,5.0,11
1819050,5.0,5.0,11
1819100,5.0,5.0,11
1819150,5.0,5.0,11
1819200,5.0,5.0,11
1819250,5.0,5.0,11
1819300,5.0,5.0,11
1819350,5.0,5.0,11
1819400,5.0,5.0,11
1819450,5.0,5.0,11
1819500,5.0,5.0,11
1819550,5.0,5.0,11
1819600,5.0,5.0,11
1819650,5.0,5.0,11
1819700,5.0,5.0,11
1819750,5.0,5.0,11
1819800,5.0,5.0,11
1819850,5.0,5.0,11
1819900,5.0,5.0,11
1819950,5.0,5.0,11
1820000,5.0,5.0,11
1820050,5.0,5.0,11
1820100,5.0,5.0,11
1820150,5.0,5.0,11
1820200,5.0,5.0,11
1820250,5.0,5.0,11
1820300,5.0,5.0,11
1820350,5.0,5.0,11
1820400,5.0,5.0,11
1820450,5.0,5.0,11
1820500,5.0,5.0,11
1820550,5.0,5.0,11
1820600,5.0,5.0,11
1820650,5.0,5.0,11
1820700,5.0,5.0,11
1820750,5.0,5.0,11
1820800,5.0,5.0,11
1820850,5.0,5.0,11
1820900,5.0,5.0,11
1820950,5.0,5.0,11
1821000,5.0,5.0,11
1821050,5.0,5.0,11
1821100,5.0,5.0,11
1821150,5.0,5.0,11
1821200,5.0,5.0,11
1821250,5.0,5.0,11
1821300,5.0,5.0,11
1821350,5.0,5.0,11
1821400,5.0,5.0,11
1821450,5.0,5.0,11
1821500,5.0,5.0,11
1821550,5.0,5.0,11
1821600,5.0,5.0,11
1821650,5.0,5.0,11
1821700,5.0,5.0,11
1821750,5.0,5.0,11
1821800,5.0,5.0,11
1821850,5.0,5.0,11
1821900,5.0,5.0,11
1821950,5.0,5.0,11
1822000,5.0,5.0,11
1822050,5.0,5.0,11
1822100,5.0,5.0,11
1822150,5.0,5.0,11
1822200,5.0,5.0,11
1822250,5.0,5.0,11
1822300,5.0,5.0,11
1822350,5.0,5.0,11
1822400,5.0,5.0,11
1822450,5.0,5.0,11
1822500,5.0,5.0,11
1822550,5.0,5.0,11
1822600,5.0,5.0,11
1822650,5.0,5.0,11
1822700,5.0,5.0,11
1822750,5.0,5.0,11
1822800,5.0,5.0,11
1822850,5.0,5.0,11
1822900,5.0,5.0,11
1822950,5.0,5.0,11
1823000,5.0,5.0,11
1823050,5.0,5.0,11
1823100,5.0,5.0,11
1823150,5.0,5.0,11
1823200,5.0,5.0,11
1823250,5.0,5.0,11
1823300,5.0,5.0,11
1823350,5.0,5.0,11
1823400,5.0,5.0,11
1823450,5.0,5.0,11
1823500,5.0,5.0,11
1823550,5.0,5.0,11
1823600,5.0,5.0,11
1823650,5.0,5.0,11
1823700,5.0,5.0,11
1823750,5.0,5.0,11
1823800,5.0,5.0,11
1823850,5.0,5.0,11
1823900,5.0,5.0,11
1823950,5.0,5.0,11
1824000,5.0,5.0,11
1824050,5.0,5.0,11
1824100,5.0,5.0,11
1824150,5.0,5.0,11
1824200,5.0,5.0,11
1824250,5.0,5.0,11
1824300,5.0,5.0,11
1824350,5.0,5.0,11
1824400,5.0,5.0,11
1824450,5.0,5.0,11
1824500,5.0,5.0,11
1824550,5.0,5.0,11
1824600,5.0,5.0,11
1824650,5.0,5.0,11
1824700,5.0,5.0,11
1824750,5.0,5.0,11
1824800,5.0,5.0,11
1824850,5.0,5.0,11
1824900,5.0,5.0,11
1824950,5.0,5.0,11
1825000,5.0,5.0,11
1825050,5.0,5.0,11
1825100,5.0,5.0,11
1825150,5.0,5.0,11
1825200,5.0,5.0,11
1825250,5.0,5.0,11
1825300,5.0,5.0,11
1825350,5.0,5.0,11
1825400,5.0,5.0,11
1825450,5.0,5.0,11
1825500,5.0,5.0,11
1825550,5.0,5.0,11
1825600,5.0,5.0,11
1825650,5.0,5.0,11
1825700,5.0,5.0,11
1825750,5.0,5.0,11
1825800,5.0,5.0,11
1825850,5.0,5.0,11
1825900,5.0,5.0,11
1825950,5.0,5.0,11
1826000,5.0,5.0,11
1826050,5.0,5.0,11
1826100,5.0,5.0,11
1826150,5.0,5.0,11
1826200,5.0,5.0,11
1826250,5.0,5.0,11
1826300,5.0,5.0,11
1826350,5.0,5.0,11
1826400,5.0,5.0,11
1826450,5.0,5.0,11
1826500,5.0,5.0,11
1826550,5.0,5.0,11
1826600,5.0,5.0,11
1826650,5.0,5.0,11
1826700,5.0,5.0,11
1826750,5.0,5.0,11
1826800,5.0,5.0,11
1826850,5.0,5.0,11
1826900,5.0,5.0,11
1826950,5.0,5.0,11
1827000,5.0,5.0,11
1827050,5.0,5.0,11
1827100,5.0,5.0,11
1827150,5.0,5.0,11
1827200,5.0,5.0,11
1827250,5.0,5.0,11
1827300,5.0,5.0,11
1827350,5.0,5.0,11
1827400,5.0,5.0,11
1827450,5.0,5.0,11
1827500,5.0,5.0,11
1827550,5.0,5.0,11
1827600,5.0,5.0,11
1827650,5.0,5.0,11
1827700,5.0,5.0,11
1827750,5.0,5.0,11
1827800,5.0,5.0,11
1827850,5.0,5.0,11
1827900,5.0,5.0,11
1827950,5.0,5.0,11
1828000,5.0,5.0,11
1828050,5.0,5.0,11
1828100,5.0,5.0,11
1828150,5.0,5.0,11
1828200,5.0,5.0,11
1828250,5.0,5.0,11
1828300,5.0,5.0,11
1828350,5.0,5.0,11
1828400,5.0,5.0,11
1828450,5.0,5.0,11
1828500,5.0,5.0,11
1828550,5.0,5.0,11
1828600,5.0,5.0,11
1828650,5.0,5.0,11
1828700,5.0,5.0,11
1828750,5.0,5.0,11
1828800,5.0,5.0,11
1828850,5.0,5.0,11
1828900,5.0,5.0,11
1828950,5.0,5.0,11
1829000,5.0,5.0,11
1829050,5.0,5.0,11
1829100,5.0,5.0,11
1829150,5.0,5.0,11
1829200,5.0,5.0,11
1829250,5.0,5.0,11
1829300,5.0,5.0,11
1829350,5.0,5.0,11
1829400,5.0,5.0,11
1829450,5.0,5.0,11
1829500,5.0,5.0,11
1829550,5.0,5.0,11
1829600,5.0,5.0,11
1829650,5.0,5.0,11
1829700,5.0,5.0,11
1829750,5.0,5.0,11
1829800,5.0,5.0,11
1829850,5.0,5.0,11
1829900,5.0,5.0,11
1829950,5.0,5.0,11
1830000,5.0,5.0,11
1830050,5.0,5.0,11
1830100,5.0,5.0,11
1830150,5.0,5.0,11
1830200,5.0,5.0,11
1830250,5.0,5.0,11
1830300,5.0,5.0,11
1830350,5.0,5.0,11
1830400,5.0,5.0,11
1830450,5.0,5.0,11
1830500,5.0,5.0,11
1830550,5.0,5.0,11
1830600,5.0,5.0,11
1830650,5.0,5.0,11
1830700,5.0,5.0,11
1830750,5.0,5.0,11
1830800,5.0,5.0,11
1830850,5.0,5.0,11
1830900,5.0,5.0,11
1830950,5.0,5.0,11
1831000,5.0,5.0,11
1831050,5.0,5.0,11
1831100,5.0,5.0,11
1831150,5.0,5.0,11
1831200,5.0,5.0,11
1831250,5.0,5.0,11
1831300,5.0,5.0,11
1831350,5.0,5.0,11
1831400,5.0,5.0,11
1831450,5.0,5.0,11
1831500,5.0,5.0,11
1831550,5.0,5.0,11
1831600,5.0,5.0,11
1831650,5.0,5.0,11
1831700,5.0,5.0,11
1831750,5.0,5.0,11
1831800,5.0,5.0,11
1831850,5.0,5.0,11
1831900,5.0,5.0,11
1831950,5.0,5.0,11
1832000,5.0,5.0,11
1832050,5.0,5.0,11
1832100,5.0,5.0,11
1832150,5.0,5.0,11
1832200,5.0,5.0,11
1832250,5.0,5.0,11
1832300,5.0,5.0,11
1832350,5.0,5.0,11
1832400,5.0,5.0,11
1832450,5.0,5.0,11
1832500,5.0,5.0,11
1832550,5.0,5.0,11
1832600,5.0,5.0,11
1832650,5.0,5.0,11
1832700,5.0,5.0,11
1832750,5.0,5.0,11
1832800,5.0,5.0,11
1832850,5.0,5.0,11
1832900,5.0,5.0,11
1832950,5.0,5.0,11
1833000,5.0,5.0,11
1833050,5.0,5.0,11
1833100,5.0,5.0,11
1833150,5.0,5.0,11
1833200,5.0,5.0,11
1833250,5.0,5.0,11
1833300,5.0,5.0,11
1833350,5.0,5.0,11
1833400,5.0,5.0,11
1833450,5.0,5.0,11
1833500,5.0,5.0,11
1833550,5.0,5.0,11
1833600,5.0,5.0,11
1833650,5.0,5.0,11
1833700,5.0,5.0,11
1833750,5.0,5.0,11
1833800,5.0,5.0,11
1833850,5.0,5.0,11
1833900,5.0,5.0,11
1833950,5.0,5.0,11
1834000,5.0,5.0,11
1834050,5.0,5.0,11
1834100,5.0,5.0,11
1834150,5.0,5.0,11
1834200,5.0,5.0,11
1834250,5.0,5.0,11
1834300,5.0,5.0,11
1834350,5.0,5.0,11
1834400,5.0,5.0,11
1834450,5.0,5.0,11
1834500,5.0,5.0,11
1834550,5.0,5.0,11
1834600,5.0,5.0,11
1834650,5.0,5.0,11
1834700,5.0,5.0,11
1834750,5.0,5.0,11
1834800,5.0,5.0,11
1834850,5.0,5.0,11
1834900,5.0,5.0,11
1834950,5.0,5.0,11
1835000,5.0,5.0,11
1835050,5.0,5.0,11
1835100,5.0,5.0,11
1835150,5.0,5.0,11
1835200,5.0,5.0,11
1835250,5.0,5.0,11
1835300,5.0,5.0,11
1835350,5.0,5.0,11
1835400,5.0,5.0,11
1835450,5.0,5.0,11
1835500,5.0,5.0,11
1835550,5.0,5.0,11
1835600,5.0,5.0,11
1835650,5.0,5.0,11
1835700,5.0,5.0,11
1835750,5.0,5.0,11
1835800,5.0,5.0,11
1835850,5.0,5.0,11
1835900,5.0,5.0,11
1835950,5.0,5.0,11
1836000,5.0,5.0,11
1836050,5.0,5.0,11
1836100,5.0,5.0,11
1836150,5.0,5.0,11
1836200,5.0,5.0,11
1836250,5.0,5.0,11
1836300,5.0,5.0,11
1836350,5.0,5.0,11
1836400,5.0,5.0,11
1836450,5.0,5.0,11
1836500,5.0,5.0,11
1836550,5.0,5.0,11
1836600,5.0,5.0,11
1836650,5.0,5.0,11
1836700,5.0,5.0,11
1836750,5.0,5.0,11
1836800,5.0,5.0,11
1836850,5.0,5.0,11
1836900,5.0,5.0,11
1836950,5.0,5.0,11
1837000,5.0,5.0,11
1837050,5.0,5.0,11
1837100,5.0,5.0,11
1837150,5.0,5.0,11
1837200,5.0,5.0,11
1837250,5.0,5.0,11
1837300,5.0,5.0,11
1837350,5.0,5.0,11
1837400,5.0,5.0,11
1837450,5.0,5.0,11
1837500,5.0,5.0,11
1837550,5.0,5.0,11
1837600,5.0,5.0,11
1837650,5.0,5.0,11
1837700,5.0,5.0,11
1837750,5.0,5.0,11
1837800,5.0,5.0,11
1837850,5.0,5.0,11
1837900,5.0,5.0,11
1837950,5.0,5.0,11
1838000,5.0,5.0,11
1838050,5.0,5.0,11
1838100,5.0,5.0,11
1838150,5.0,5.0,11
1838200,5.0,5.0,11
1838250,5.0,5.0,11
1838300,5.0,5.0,11
1838350,5.0,5.0,11
1838400,5.0,5.0,11
1838450,5.0,5.0,11
1838500,5.0,5.0,11
1838550,5.0,5.0,11
1838600,5.0,5.0,11
1838650,5.0,5.0,11
1838700,5.0,5.0,11
1838750,5.0,5.0,11
1838800,5.0,5.0,11
1838850,5.0,5.0,11
1838900,5.0,5.0,11
1838950,5.0,5.0,11
1839000,5.0,5.0,11
1839050,5.0,5.0,11
1839100,5.0,5.0,11
1839150,5.0,5.0,11
1839200,5.0,5.0,11
1839250,5.0,5.0,11
1839300,5.0,5.0,11
1839350,5.0,5.0,11
1839400,5.0,5.0,11
1839450,5.0,5.0,11
1839500,5.0,5.0,11
1839550,5.0,5.0,11
1839600,5.0,5.0,11
1839650,5.0,5.0,11
1839700,5.0,5.0,11
1839750,5.0,5.0,11
1839800,5.0,5.0,11
1839850,5.0,5.0,11
1839900,5.0,5.0,11
1839950,5.0,5.0,11
1840000,5.0,5.0,11
1840050,5.0,5.0,11
1840100,5.0,5.0,11
1840150,5.0,5.0,11
1840200,5.0,5.0,11
1840250,5.0,5.0,11
1840300,5.0,5.0,11
1840350,5.0,5.0,11
1840400,5.0,5.0,11
1840450,5.0,5.0,11
1840500,5.0,5.0,11
1840550,5.0,5.0,11
1840600,5.0,5.0,11
1840650,5.0,5.0,11
1840700,5.0,5.0,11
1840750,5.0,5.0,11
1840800,5.0,5.0,11
1840850,5.0,5.0,11
1840900,5.0,5.0,11
1840950,5.0,5.0,11
1841000,5.0,5.0,11
1841050,5.0,5.0,11
1841100,5.0,5.0,11
1841150,5.0,5.0,11
1841200,5.0,5.0,11
1841250,5.0,5.0,11
1841300,5.0,5.0,11
1841350,5.0,5.0,11
1841400,5.0,5.0,11
1841450,5.0,5.0,11
1841500,5.0,5.0,11
1841550,5.0,5.0,11
1841600,5.0,5.0,11
1841650,5.0,5.0,11
1841700,5.0,5.0,11
1841750,5.0,5.0,11
1841800,5.0,5.0,11
1841850,5.0,5.0,11
1841900,5.0,5.0,11
1841950,5.0,5.0,11
1842000,5.0,5.0,11
1842050,5.0,5.0,11
1842100,5.0,5.0,11
1842150,5.0,5.0,11
1842200,5.0,5.0,11
1842250,5.0,5.0,11
1842300,5.0,5.0,11
1842350,5.0,5.0,11
1842400,5.0,5.0,11
1842450,5.0,5.0,11
1842500,5.0,5.0,11
1842550,5.0,5.0,11
1842600,5.0,5.0,11
1842650,5.0,5.0,11
1842700,5.0,5.0,11
1842750,5.0,5.0,11
1842800,5.0,5.0,11
1842850,5.0,5.0,11
1842900,5.0,5.0,11
1842950,5.0,5.0,11
1843000,5.0,5.0,11
1843050,5.0,5.0,11
1843100,5.0,5.0,11
1843150,5.0,5.0,11
1843200,5.0,5.0,11
1843250,5.0,5.0,11
1843300,5.0,5.0,11
1843350,5.0,5.0,11
1843400,5.0,5.0,11
1843450,5.0,5.0,11
1843500,5.0,5.0,11
1843550,5.0,5.0,11
1843600,5.0,5.0,11
1843650,5.0,5.0,11
1843700,5.0,5.0,11
1843750,5.0,5.0,11
1843800,5.0,5.0,11
1843850,5.0,5.0,11
1843900,5.0,5.0,11
1843950,5.0,5.0,11
1844000,5.0,5.0,11
1844050,5.0,5.0,11
1844100,5.0,5.0,11
1844150,5.0,5.0,11
1844200,5.0,5.0,11
1844250,5.0,5.0,11
1844300,5.0,5.0,11
1844350,5.0,5.0,11
1844400,5.0,5.0,11
1844450,5.0,5.0,11
1844500,5.0,5.0,11
1844550,5.0,5.0,11
1844600,5.0,5.0,11
1844650,5.0,5.0,11
1844700,5.0,5.0,11
1844750,5.0,5.0,11
1844800,5.0,5.0,11
1844850,5.0,5.0,11
1844900,5.0,5.0,11
1844950,5.0,5.0,11
1845000,5.0,5.0,11
1845050,5.0,5.0,11
1845100,5.0,5.0,11
1845150,5.0,5.0,11
1845200,5.0,5.0,11
1845250,5.0,5.0,11
1845300,5.0,5.0,11
1845350,5.0,5.0,11
1845400,5.0,5.0,11
1845450,5.0,5.0,11
1845500,5.0,5.0,11
1845550,5.0,5.0,11
1845600,5.0,5.0,11
1845650,5.0,5.0,11
1845700,5.0,5.0,11
1845750,5.0,5.0,11
1845800,5.0,5.0,11
1845850,5.0,5.0,11
1845900,5.0,5.0,11
1845950,5.0,5.0,11
1846000,5.0,5.0,11
1846050,5.0,5.0,11
1846100,5.0,5.0,11
1846150,5.0,5.0,11
1846200,5.0,5.0,11
1846250,5.0,5.0,11
1846300,5.0,5.0,11
1846350,5.0,5.0,11
1846400,5.0,5.0,11
1846450,5.0,5.0,11
1846500,5.0,5.0,11
1846550,5.0,5.0,11
1846600,5.0,5.0,11
1846650,5.0,5.0,11
1846700,5.0,5.0,11
1846750,5.0,5.0,11
1846800,5.0,5.0,11
1846850,5.0,5.0,11
1846900,5.0,5.0,11
1846950,5.0,5.0,11
1847000,5.0,5.0,11
1847050,5.0,5.0,11
1847100,5.0,5.0,11
1847150,5.0,5.0,11
1847200,5.0,5.0,11
1847250,5.0,5.0,11
1847300,5.0,5.0,11
1847350,5.0,5.0,11
1847400,5.0,5.0,11
1847450,5.0,5.0,11
1847500,5.0,5.0,11
1847550,5.0,5.0,11
1847600,5.0,5.0,11
1847650,5.0,5.0,11
1847700,5.0,5.0,11
1847750,5.0,5.0,11
1847800,5.0,5.0,11
1847850,5.0,5.0,11
1847900,5.0,5.0,11
1847950,5.0,5.0,11
1848000,5.0,5.0,11
1848050,5.0,5.0,11
1848100,5.0,5.0,11
1848150,5.0,5.0,11
1848200,5.0,5.0,11
1848250,5.0,5.0,11
1848300,5.0,5.0,11
1848350,5.0,5.0,11
1848400,5.0,5.0,11
1848450,5.0,5.0,11
1848500,5.0,5.0,11
1848550,5.0,5.0,11
1848600,5.0,5.0,11
1848650,5.0,5.0,11
1848700,5.0,5.0,11
1848750,5.0,5.0,11
1848800,5.0,5.0,11
1848850,5.0,5.0,11
1848900,5.0,5.0,11
1848950,5.0,5.0,11
1849000,5.0,5.0,11
1849050,5.0,5.0,11
1849100,5.0,5.0,11
1849150,5.0,5.0,11
1849200,5.0,5.0,11
1849250,5.0,5.0,11
1849300,5.0,5.0,11
1849350,5.0,5.0,11
1849400,5.0,5.0,11
1849450,5.0,5.0,11
1849500,5.0,5.0,11
1849550,5.0,5.0,11
1849600,5.0,5.0,11
1849650,5.0,5.0,11
1849700,5.0,5.0,11
1849750,5.0,5.0,11
1849800,5.0,5.0,11
1849850,5.0,5.0,11
1849900,5.0,5.0,11
1849950,5.0,5.0,11
1850000,5.0,5.0,11
1850050,5.0,5.0,11
1850100,5.0,5.0,11
1850150,5.0,5.0,11
1850200,5.0,5.0,11
1850250,5.0,5.0,11
1850300,5.0,5.0,11
1850350,5.0,5.0,11
1850400,5.0,5.0,11
1850450,5.0,5.0,11
1850500,5.0,5.0,11
1850550,5.0,5.0,11
1850600,5.0,5.0,11
1850650,5.0,5.0,11
1850700,5.0,5.0,11
1850750,5.0,5.0,11
1850800,5.0,5.0,11
1850850,5.0,5.0,11
1850900,5.0,5.0,11
1850950,5.0,5.0,11
1851000,5.0,5.0,11
1851050,5.0,5.0,11
1851100,5.0,5.0,11
1851150,5.0,5.0,11
1851200,5.0,5.0,11
1851250,5.0,5.0,11
1851300,5.0,5.0,11
1851350,5.0,5.0,11
1851400,5.0,5.0,11
1851450,5.0,5.0,11
1851500,5.0,5.0,11
1851550,5.0,5.0,11
1851600,5.0,5.0,11
1851650,5.0,5.0,11
1851700,5.0,5.0,11
1851750,5.0,5.0,11
1851800,5.0,5.0,11
1851850,5.0,5.0,11
1851900,5.0,5.0,11
1851950,5.0,5.0,11
1852000,5.0,5.0,11
1852050,5.0,5.0,11
1852100,5.0,5.0,11
1852150,5.0,5.0,11
1852200,5.0,5.0,11
1852250,5.0,5.0,11
1852300,5.0,5.0,11
1852350,5.0,5.0,11
1852400,5.0,5.0,11
1852450,5.0,5.0,11
1852500,5.0,5.0,11
1852550,5.0,5.0,11
1852600,5.0,5.0,11
1852650,5.0,5.0,11
1852700,5.0,5.0,11
1852750,5.0,5.0,11
1852800,5.0,5.0,11
1852850,5.0,5.0,11
1852900,5.0,5.0,11
1852950,5.0,5.0,11
1853000,5.0,5.0,11
1853050,5.0,5.0,11
1853100,5.0,5.0,11
1853150,5.0,5.0,11
1853200,5.0,5.0,11
1853250,5.0,5.0,11
1853300,5.0,5.0,11
1853350,5.0,5.0,11
1853400,5.0,5.0,11
1853450,5.0,5.0,11
1853500,5.0,5.0,11
1853550,5.0,5.0,11
1853600,5.0,5.0,11
1853650,5.0,5.0,11
1853700,5.0,5.0,11
1853750,5.0,5.0,11
1853800,5.0,5.0,11
1853850,5.0,5.0,11
1853900,5.0,5.0,11
1853950,5.0,5.0,11
1854000,5.0,5.0,11
1854050,5.0,5.0,11
1854100,5.0,5.0,11
1854150,5.0,5.0,11
1854200,5.0,5.0,11
1854250,5.0,5.0,11
1854300,5.0,5.0,11
1854350,5.0,5.0,11
1854400,5.0,5.0,11
1854450,5.0,5.0,11
1854500,5.0,5.0,11
1854550,5.0,5.0,11
1854600,5.0,5.0,11
1854650,5.0,5.0,11
1854700,5.0,5.0,11
1854750,5.0,5.0,11
1854800,5.0,5.0,11
1854850,5.0,5.0,11
1854900,5.0,5.0,11
1854950,5.0,5.0,11
1855000,5.0,5.0,11
1855050,5.0,5.0,11
1855100,5.0,5.0,11
1855150,5.0,5.0,11
1855200,5.0,5.0,11
1855250,5.0,5.0,11
1855300,5.0,5.0,11
1855350,5.0,5.0,11
1855400,5.0,5.0,11
1855450,5.0,5.0,11
1855500,5.0,5.0,11
1855550,5.0,5.0,11
1855600,5.0,5.0,11
1855650,5.0,5.0,11
1855700,5.0,5.0,11
1855750,5.0,5.0,11
1855800,5.0,5.0,11
1855850,5.0,5.0,11
1855900,5.0,5.0,11
1855950,5.0,5.0,11
1856000,5.0,5.0,11
1856050,5.0,5.0,11
1856100,5.0,5.0,11
1856150,5.0,5.0,11
1856200,5.0,5.0,11
1856250,5.0,5.0,11
1856300,5.0,5.0,11
1856350,5.0,5.0,11
1856400,5.0,5.0,11
1856450,5.0,5.0,11
1856500,5.0,5.0,11
1856550,5.0,5.0,11
1856600,5.0,5.0,11
1856650,5.0,5.0,11
1856700,5.0,5.0,11
1856750,5.0,5.0,11
1856800,5.0,5.0,11
1856850,5.0,5.0,11
1856900,5.0,5.0,11
1856950,5.0,5.0,11
1857000,5.0,5.0,11
1857050,5.0,5.0,11
1857100,5.0,5.0,11
1857150,5.0,5.0,11
1857200,5.0,5.0,11
1857250,5.0,5.0,11
1857300,5.0,5.0,11
1857350,5.0,5.0,11
1857400,5.0,5.0,11
1857450,5.0,5.0,11
1857500,5.0,5.0,11
1857550,5.0,5.0,11
1857600,5.0,5.0,11
1857650,5.0,5.0,11
1857700,5.0,5.0,11
1857750,5.0,5.0,11
1857800,5.0,5.0,11
1857850,5.0,5.0,11
1857900,5.0,5.0,11
1857950,5.0,5.0,11
1858000,5.0,5.0,11
1858050,5.0,5.0,11
1858100,5.0,5.0,11
1858150,5.0,5.0,11
1858200,5.0,5.0,11
1858250,5.0,5.0,11
1858300,5.0,5.0,11
1858350,5.0,5.0,11
1858400,5.0,5.0,11
1858450,5.0,5.0,11
1858500,5.0,5.0,11
1858550,5.0,5.0,11
1858600,5.0,5.0,11
1858650,5.0,5.0,11
1858700,5.0,5.0,11
1858750,5.0,5.0,11
1858800,5.0,5.0,11
1858850,5.0,5.0,11
1858900,5.0,5.0,11
1858950,5.0,5.0,11
1859000,5.0,5.0,11
1859050,5.0,5.0,11
1859100,5.0,5.0,11
1859150,5.0,5.0,11
1859200,5.0,5.0,11
1859250,5.0,5.0,11
1859300,5.0,5.0,11
1859350,5.0,5.0,11
1859400,5.0,5.0,11
1859450,5.0,5.0,11
1859500,5.0,5.0,11
1859550,5.0,5.0,11
1859600,5.0,5.0,11
1859650,5.0,5.0,11
1859700,5.0,5.0,11
1859750,5.0,5.0,11
1859800,5.0,5.0,11
1859850,5.0,5.0,11
1859900,5.0,5.0,11
1859950,5.0,5.0,11
1860000,5.0,5.0,11
1860050,5.0,5.0,11
1860100,5.0,5.0,11
1860150,5.0,5.0,11
1860200,5.0,5.0,11
1860250,5.0,5.0,11
1860300,5.0,5.0,11
1860350,5.0,5.0,11
1860400,5.0,5.0,11
1860450,5.0,5.0,11
1860500,5.0,5.0,11
1860550,5.0,5.0,11
1860600,5.0,5.0,11
1860650,5.0,5.0,11
1860700,5.0,5.0,11
1860750,5.0,5.0,11
1860800,5.0,5.0,11
1860850,5.0,5.0,11
1860900,5.0,5.0,11
1860950,5.0,5.0,11
1861000,5.0,5.0,11
1861050,5.0,5.0,11
1861100,5.0,5.0,11
1861150,5.0,5.0,11
1861200,5.0,5.0,11
1861250,5.0,5.0,11
1861300,5.0,5.0,11
1861350,5.0,5.0,11
1861400,5.0,5.0,11
1861450,5.0,5.0,11
1861500,5.0,5.0,11
1861550,5.0,5.0,11
1861600,5.0,5.0,11
1861650,5.0,5.0,11
1861700,5.0,5.0,11
1861750,5.0,5.0,11
1861800,5.0,5.0,11
1861850,5.0,5.0,11
1861900,5.0,5.0,11
1861950,5.0,5.0,11
1862000,5.0,5.0,11
1862050,5.0,5.0,11
1862100,5.0,5.0,11
1862150,5.0,5.0,11
1862200,5.0,5.0,11
1862250,5.0,5.0,11
1862300,5.0,5.0,11
1862350,5.0,5.0,11
1862400,5.0,5.0,11
1862450,5.0,5.0,11
1862500,5.0,5.0,11
1862550,5.0,5.0,11
1862600,5.0,5.0,11
1862650,5.0,5.0,11
1862700,5.0,5.0,11
1862750,5.0,5.0,11
1862800,5.0,5.0,11
1862850,5.0,5.0,11
1862900,5.0,5.0,11
1862950,5.0,5.0,11
1863000,5.0,5.0,11
1863050,5.0,5.0,11
1863100,5.0,5.0,11
1863150,5.0,5.0,11
1863200,5.0,5.0,11
1863250,5.0,5.0,11
1863300,5.0,5.0,11
1863350,5.0,5.0,11
1863400,5.0,5.0,11
1863450,5.0,5.0,11
1863500,5.0,5.0,11
1863550,5.0,5.0,11
1863600,5.0,5.0,11
1863650,5.0,5.0,11
1863700,5.0,5.0,11
1863750,5.0,5.0,11
1863800,5.0,5.0,11
1863850,5.0,5.0,11
1863900,5.0,5.0,11
1863950,5.0,5.0,11
1864000,5.0,5.0,11
1864050,5.0,5.0,11
1864100,5.0,5.0,11
1864150,5.0,5.0,11
1864200,5.0,5.0,11
1864250,5.0,5.0,11
1864300,5.0,5.0,11
1864350,5.0,5.0,11
1864400,5.0,5.0,11
1864450,5.0,5.0,11
1864500,5.0,5.0,11
1864550,5.0,5.0,11
1864600,5.0,5.0,11
1864650,5.0,5.0,11
1864700,5.0,5.0,11
1864750,5.0,5.0,11
1864800,5.0,5.0,11
1864850,5.0,5.0,11
1864900,5.0,5.0,11
1864950,5.0,5.0,11
1865000,5.0,5.0,11
1865050,5.0,5.0,11
1865100,5.0,5.0,11
1865150,5.0,5.0,11
1865200,5.0,5.0,11
1865250,5.0,5.0,11
1865300,5.0,5.0,11
1865350,5.0,5.0,11
1865400,5.0,5.0,11
1865450,5.0,5.0,11
1865500,5.0,5.0,11
1865550,5.0,5.0,11
1865600,5.0,5.0,11
1865650,5.0,5.0,11
1865700,5.0,5.0,11
1865750,5.0,5.0,11
1865800,5.0,5.0,11
1865850,5.0,5.0,11
1865900,5.0,5.0,11
1865950,5.0,5.0,11
1866000,5.0,5.0,11
1866050,5.0,5.0,11
1866100,5.0,5.0,11
1866150,5.0,5.0,11
1866200,5.0,5.0,11
1866250,5.0,5.0,11
1866300,5.0,5.0,11
1866350,5.0,5.0,11
1866400,5.0,5.0,11
1866450,5.0,5.0,11
1866500,5.0,5.0,11
1866550,5.0,5.0,11
1866600,5.0,5.0,11
1866650,5.0,5.0,11
1866700,5.0,5.0,11
1866750,5.0,5.0,11
1866800,5.0,5.0,11
1866850,5.0,5.0,11
1866900,5.0,5.0,11
1866950,5.0,5.0,11
1867000,5.0,5.0,11
1867050,5.0,5.0,11
1867100,5.0,5.0,11
1867150,5.0,5.0,11
1867200,5.0,5.0,11
1867250,5.0,5.0,11
1867300,5.0,5.0,11
1867350,5.0,5.0,11
1867400,5.0,5.0,11
1867450,5.0,5.0,11
1867500,5.0,5.0,11
1867550,5.0,5.0,11
1867600,5.0,5.0,11
1867650,5.0,5.0,11
1867700,5.0,5.0,11
1867750,5.0,5.0,11
1867800,5.0,5.0,11
1867850,5.0,5.0,11
1867900,5.0,5.0,11
1867950,5.0,5.0,11
1868000,5.0,5.0,11
1868050,5.0,5.0,11
1868100,5.0,5.0,11
1868150,5.0,5.0,11
1868200,5.0,5.0,11
1868250,5.0,5.0,11
1868300,5.0,5.0,11
1868350,5.0,5.0,11
1868400,5.0,5.0,11
1868450,5.0,5.0,11
1868500,5.0,5.0,11
1868550,5.0,5.0,11
1868600,5.0,5.0,11
1868650,5.0,5.0,11
1868700,5.0,5.0,11
1868750,5.0,5.0,11
1868800,5.0,5.0,11
1868850,5.0,5.0,11
1868900,5.0,5.0,11
1868950,5.0,5.0,11
1869000,5.0,5.0,11
1869050,5.0,5.0,11
1869100,5.0,5.0,11
1869150,5.0,5.0,11
1869200,5.0,5.0,11
1869250,5.0,5.0,11
1869300,5.0,5.0,11
1869350,5.0,5.0,11
1869400,5.0,5.0,11
1869450,5.0,5.0,11
1869500,5.0,5.0,11
1869550,5.0,5.0,11
1869600,5.0,5.0,11
1869650,5.0,5.0,11
1869700,5.0,5.0,11
1869750,5.0,5.0,11
1869800,5.0,5.0,11
1869850,5.0,5.0,11
1869900,5.0,5.0,11
1869950,5.0,5.0,11
1870000,5.0,5.0,11
1870050,5.0,5.0,11
1870100,5.0,5.0,11
1870150,5.0,5.0,11
1870200,5.0,5.0,11
1870250,5.0,5.0,11
1870300,5.0,5.0,11
1870350,5.0,5.0,11
1870400,5.0,5.0,11
1870450,5.0,5.0,11
1870500,5.0,5.0,11
1870550,5.0,5.0,11
1870600,5.0,5.0,11
1870650,5.0,5.0,11
1870700,5.0,5.0,11
1870750,5.0,5.0,11
1870800,5.0,5.0,11
1870850,5.0,5.0,11
1870900,5.0,5.0,11
1870950,5.0,5.0,11
1871000,5.0,5.0,11
1871050,5.0,5.0,11
1871100,5.0,5.0,11
1871150,5.0,5.0,11
1871200,5.0,5.0,11
1871250,5.0,5.0,11
1871300,5.0,5.0,11
1871350,5.0,5.0,11
1871400,5.0,5.0,11
1871450,5.0,5.0,11
1871500,5.0,5.0,11
1871550,5.0,5.0,11
1871600,5.0,5.0,11
1871650,5.0,5.0,11
1871700,5.0,5.0,11
1871750,5.0,5.0,11
1871800,5.0,5.0,11
1871850,5.0,5.0,11
1871900,5.0,5.0,11
1871950,5.0,5.0,11
1872000,5.0,5.0,11
1872050,5.0,5.0,11
1872100,5.0,5.0,11
1872150,5.0,5.0,11
1872200,5.0,5.0,11
1872250,5.0,5.0,11
1872300,5.0,5.0,11
1872350,5.0,5.0,11
1872400,5.0,5.0,11
1872450,5.0,5.0,11
1872500,5.0,5.0,11
1872550,5.0,5.0,11
1872600,5.0,5.0,11
1872650,5.0,5.0,11
1872700,5.0,5.0,11
1872750,5.0,5.0,11
1872800,5.0,5.0,11
1872850,5.0,5.0,11
1872900,5.0,5.0,11
1872950,5.0,5.0,11
1873000,5.0,5.0,11
1873050,5.0,5.0,11
1873100,5.0,5.0,11
1873150,5.0,5.0,11
1873200,5.0,5.0,11
1873250,5.0,5.0,11
1873300,5.0,5.0,11
1873350,5.0,5.0,11
1873400,5.0,5.0,11
1873450,5.0,5.0,11
1873500,5.0,5.0,11
1873550,5.0,5.0,11
1873600,5.0,5.0,11
1873650,5.0,5.0,11
1873700,5.0,5.0,11
1873750,5.0,5.0,11
1873800,5.0,5.0,11
1873850,5.0,5.0,11
1873900,5.0,5.0,11
1873950,5.0,5.0,11
1874000,5.0,5.0,11
1874050,5.0,5.0,11
1874100,5.0,5.0,11
1874150,5.0,5.0,11
1874200,5.0,5.0,11
1874250,5.0,5.0,11
1874300,5.0,5.0,11
1874350,5.0,5.0,11
1874400,5.0,5.0,11
1874450,5.0,5.0,11
1874500,5.0,5.0,11
1874550,5.0,5.0,11
1874600,5.0,5.0,11
1874650,5.0,5.0,11
1874700,5.0,5.0,11
1874750,5.0,5.0,11
1874800,5.0,5.0,11
1874850,5.0,5.0,11
1874900,5.0,5.0,11
1874950,5.0,5.0,11
1875000,5.0,5.0,11
1875050,5.0,5.0,11
1875100,5.0,5.0,11
1875150,5.0,5.0,11
1875200,5.0,5.0,11
1875250,5.0,5.0,11
1875300,5.0,5.0,11
1875350,5.0,5.0,11
1875400,5.0,5.0,11
1875450,5.0,5.0,11
1875500,5.0,5.0,11
1875550,5.0,5.0,11
1875600,5.0,5.0,11
1875650,5.0,5.0,11
1875700,5.0,5.0,11
1875750,5.0,5.0,11
1875800,5.0,5.0,11
1875850,5.0,5.0,11
1875900,5.0,5.0,11
1875950,5.0,5.0,11
1876000,5.0,5.0,11
1876050,5.0,5.0,11
1876100,5.0,5.0,11
1876150,5.0,5.0,11
1876200,5.0,5.0,11
1876250,5.0,5.0,11
1876300,5.0,5.0,11
1876350,5.0,5.0,11
1876400,5.0,5.0,11
1876450,5.0,5.0,11
1876500,5.0,5.0,11
1876550,5.0,5.0,11
1876600,5.0,5.0,11
1876650,5.0,5.0,11
1876700,5.0,5.0,11
1876750,5.0,5.0,11
1876800,5.0,5.0,11
1876850,5.0,5.0,11
1876900,5.0,5.0,11
1876950,5.0,5.0,11
1877000,5.0,5.0,11
1877050,5.0,5.0,11
1877100,5.0,5.0,11
1877150,5.0,5.0,11
1877200,5.0,5.0,11
1877250,5.0,5.0,11
1877300,5.0,5.0,11
1877350,5.0,5.0,11
1877400,5.0,5.0,11
1877450,5.0,5.0,11
1877500,5.0,5.0,11
1877550,5.0,5.0,11
1877600,5.0,5.0,11
1877650,5.0,5.0,11
1877700,5.0,5.0,11
1877750,5.0,5.0,11
1877800,5.0,5.0,11
1877850,5.0,5.0,11
1877900,5.0,5.0,11
1877950,5.0,5.0,11
1878000,5.0,5.0,11
1878050,5.0,5.0,11
1878100,5.0,5.0,11
1878150,5.0,5.0,11
1878200,5.0,5.0,11
1878250,5.0,5.0,11
1878300,5.0,5.0,11
1878350,5.0,5.0,11
1878400,5.0,5.0,11
1878450,5.0,5.0,11
1878500,5.0,5.0,11
1878550,5.0,5.0,11
1878600,5.0,5.0,11
1878650,5.0,5.0,11
1878700,5.0,5.0,11
1878750,5.0,5.0,11
1878800,5.0,5.0,11
1878850,5.0,5.0,11
1878900,5.0,5.0,11
1878950,5.0,5.0,11
1879000,5.0,5.0,11
1879050,5.0,5.0,11
1879100,5.0,5.0,11
1879150,5.0,5.0,11
1879200,5.0,5.0,11
1879250,5.0,5.0,11
1879300,5.0,5.0,11
1879350,5.0,5.0,11
1879400,5.0,5.0,11
1879450,5.0,5.0,11
1879500,5.0,5.0,11
1879550,5.0,5.0,11
1879600,5.0,5.0,11
1879650,5.0,5.0,11
1879700,5.0,5.0,11
1879750,5.0,5.0,11
1879800,5.0,5.0,11
1879850,5.0,5.0,11
1879900,5.0,5.0,11
1879950,5.0,5.0,11
1880000,5.0,5.0,11
1880050,5.0,5.0,11
1880100,5.0,5.0,11
1880150,5.0,5.0,11
1880200,5.0,5.0,11
1880250,5.0,5.0,11
1880300,5.0,5.0,11
1880350,5.0,5.0,11
1880400,5.0,5.0,11
1880450,5.0,5.0,11
1880500,5.0,5.0,11
1880550,5.0,5.0,11
1880600,5.0,5.0,11
1880650,5.0,5.0,11
1880700,5.0,5.0,11
1880750,5.0,5.0,11
1880800,5.0,5.0,11
1880850,5.0,5.0,11
1880900,5.0,5.0,11
1880950,5.0,5.0,11
1881000,5.0,5.0,11
1881050,5.0,5.0,11
1881100,5.0,5.0,11
1881150,5.0,5.0,11
1881200,5.0,5.0,11
1881250,5.0,5.0,11
1881300,5.0,5.0,11
1881350,5.0,5.0,11
1881400,5.0,5.0,11
1881450,5.0,5.0,11
1881500,5.0,5.0,11
1881550,5.0,5.0,11
1881600,5.0,5.0,11
1881650,5.0,5.0,11
1881700,5.0,5.0,11
1881750,5.0,5.0,11
1881800,5.0,5.0,11
1881850,5.0,5.0,11
1881900,5.0,5.0,11
1881950,5.0,5.0,11
1882000,5.0,5.0,11
1882050,5.0,5.0,11
1882100,5.0,5.0,11
1882150,5.0,5.0,11
1882200,5.0,5.0,11
1882250,5.0,5.0,11
1882300,5.0,5.0,11
1882350,5.0,5.0,11
1882400,5.0,5.0,11
1882450,5.0,5.0,11
1882500,5.0,5.0,11
1882550,5.0,5.0,11
1882600,5.0,5.0,11
1882650,5.0,5.0,11
1882700,5.0,5.0,11
1882750,5.0,5.0,11
1882800,5.0,5.0,11
1882850,5.0,5.0,11
1882900,5.0,5.0,11
1882950,5.0,5.0,11
1883000,5.0,5.0,11
1883050,5.0,5.0,11
1883100,5.0,5.0,11
1883150,5.0,5.0,11
1883200,5.0,5.0,11
1883250,5.0,5.0,11
1883300,5.0,5.0,11
1883350,5.0,5.0,11
1883400,5.0,5.0,11
1883450,5.0,5.0,11
1883500,5.0,5.0,11
1883550,5.0,5.0,11
1883600,5.0,5.0,11
1883650,5.0,5.0,11
1883700,5.0,5.0,11
1883750,5.0,5.0,11
1883800,5.0,5.0,11
1883850,5.0,5.0,11
1883900,5.0,5.0,11
1883950,5.0,5.0,11
1884000,5.0,5.0,11
1884050,5.0,5.0,11
1884100,5.0,5.0,11
1884150,5.0,5.0,11
1884200,5.0,5.0,11
1884250,5.0,5.0,11
1884300,5.0,5.0,11
1884350,5.0,5.0,11
1884400,5.0,5.0,11
1884450,5.0,5.0,11
1884500,5.0,5.0,11
1884550,5.0,5.0,11
1884600,5.0,5.0,11
1884650,5.0,5.0,11
1884700,5.0,5.0,11
1884750,5.0,5.0,11
1884800,5.0,5.0,11
1884850,5.0,5.0,11
1884900,5.0,5.0,11
1884950,5.0,5.0,11
1885000,5.0,5.0,11
1885050,5.0,5.0,11
1885100,5.0,5.0,11
1885150,5.0,5.0,11
1885200,5.0,5.0,11
1885250,5.0,5.0,11
1885300,5.0,5.0,11
1885350,5.0,5.0,11
1885400,5.0,5.0,11
1885450,5.0,5.0,11
1885500,5.0,5.0,11
1885550,5.0,5.0,11
1885600,5.0,5.0,11
1885650,5.0,5.0,11
1885700,5.0,5.0,11
1885750,5.0,5.0,11
1885800,5.0,5.0,11
1885850,5.0,5.0,11
1885900,5.0,5.0,11
1885950,5.0,5.0,11
1886000,5.0,5.0,11
1886050,5.0,5.0,11
1886100,5.0,5.0,11
1886150,5.0,5.0,11
1886200,5.0,5.0,11
1886250,5.0,5.0,11
1886300,5.0,5.0,11
1886350,5.0,5.0,11
1886400,5.0,5.0,11
1886450,5.0,5.0,11
1886500,5.0,5.0,11
1886550,5.0,5.0,11
1886600,5.0,5.0,11
1886650,5.0,5.0,11
1886700,5.0,5.0,11
1886750,5.0,5.0,11
1886800,5.0,5.0,11
1886850,5.0,5.0,11
1886900,5.0,5.0,11
1886950,5.0,5.0,11
1887000,5.0,5.0,11
1887050,5.0,5.0,11
1887100,5.0,5.0,11
1887150,5.0,5.0,11
1887200,5.0,5.0,11
1887250,5.0,5.0,11
1887300,5.0,5.0,11
1887350,5.0,5.0,11
1887400,5.0,5.0,11
1887450,5.0,5.0,11
1887500,5.0,5.0,11
1887550,5.0,5.0,11
1887600,5.0,5.0,11
1887650,5.0,5.0,11
1887700,5.0,5.0,11
1887750,5.0,5.0,11
1887800,5.0,5.0,11
1887850,5.0,5.0,11
1887900,5.0,5.0,11
1887950,5.0,5.0,11
1888000,5.0,5.0,11
1888050,5.0,5.0,11
1888100,5.0,5.0,11
1888150,5.0,5.0,11
1888200,5.0,5.0,11
1888250,5.0,5.0,11
1888300,5.0,5.0,11
1888350,5.0,5.0,11
1888400,5.0,5.0,11
1888450,5.0,5.0,11
1888500,5.0,5.0,11
1888550,5.0,5.0,11
1888600,5.0,5.0,11
1888650,5.0,5.0,11
1888700,5.0,5.0,11
1888750,5.0,5.0,11
1888800,5.0,5.0,11
1888850,5.0,5.0,11
1888900,5.0,5.0,11
1888950,5.0,5.0,11
1889000,5.0,5.0,11
1889050,5.0,5.0,11
1889100,5.0,5.0,11
1889150,5.0,5.0,11
1889200,5.0,5.0,11
1889250,5.0,5.0,11
1889300,5.0,5.0,11
1889350,5.0,5.0,11
1889400,5.0,5.0,11
1889450,5.0,5.0,11
1889500,5.0,5.0,11
1889550,5.0,5.0,11
1889600,5.0,5.0,11
1889650,5.0,5.0,11
1889700,5.0,5.0,11
1889750,5.0,5.0,11
1889800,5.0,5.0,11
1889850,5.0,5.0,11
1889900,5.0,5.0,11
1889950,5.0,5.0,11
1890000,5.0,5.0,11
1890050,5.0,5.0,11
1890100,5.0,5.0,11
1890150,5.0,5.0,11
1890200,5.0,5.0,11
1890250,5.0,5.0,11
1890300,5.0,5.0,11
1890350,5.0,5.0,11
1890400,5.0,5.0,11
1890450,5.0,5.0,11
1890500,5.0,5.0,11
1890550,5.0,5.0,11
1890600,5.0,5.0,11
1890650,5.0,5.0,11
1890700,5.0,5.0,11
1890750,5.0,5.0,11
1890800,5.0,5.0,11
1890850,5.0,5.0,11
1890900,5.0,5.0,11
1890950,5.0,5.0,11
1891000,5.0,5.0,11
1891050,5.0,5.0,11
1891100,5.0,5.0,11
1891150,5.0,5.0,11
1891200,5.0,5.0,11
1891250,5.0,5.0,11
1891300,5.0,5.0,11
1891350,5.0,5.0,11
1891400,5.0,5.0,11
1891450,5.0,5.0,11
1891500,5.0,5.0,11
1891550,5.0,5.0,11
1891600,5.0,5.0,11
1891650,5.0,5.0,11
1891700,5.0,5.0,11
1891750,5.0,5.0,11
1891800,5.0,5.0,11
1891850,5.0,5.0,11
1891900,5.0,5.0,11
1891950,5.0,5.0,11
1892000,5.0,5.0,11
1892050,5.0,5.0,11
1892100,5.0,5.0,11
1892150,5.0,5.0,11
1892200,5.0,5.0,11
1892250,5.0,5.0,11
1892300,5.0,5.0,11
1892350,5.0,5.0,11
1892400,5.0,5.0,11
1892450,5.0,5.0,11
1892500,5.0,5.0,11
1892550,5.0,5.0,11
1892600,5.0,5.0,11
1892650,5.0,5.0,11
1892700,5.0,5.0,11
1892750,5.0,5.0,11
1892800,5.0,5.0,11
1892850,5.0,5.0,11
1892900,5.0,5.0,11
1892950,5.0,5.0,11
1893000,5.0,5.0,11
1893050,5.0,5.0,11
1893100,5.0,5.0,11
1893150,5.0,5.0,11
1893200,5.0,5.0,11
1893250,5.0,5.0,11
1893300,5.0,5.0,11
1893350,5.0,5.0,11
1893400,5.0,5.0,11
1893450,5.0,5.0,11
1893500,5.0,5.0,11
1893550,5.0,5.0,11
1893600,5.0,5.0,11
1893650,5.0,5.0,11
1893700,5.0,5.0,11
1893750,5.0,5.0,11
1893800,5.0,5.0,11
1893850,5.0,5.0,11
1893900,5.0,5.0,11
1893950,5.0,5.0,11
1894000,5.0,5.0,11
1894050,5.0,5.0,11
1894100,5.0,5.0,11
1894150,5.0,5.0,11
1894200,5.0,5.0,11
1894250,5.0,5.0,11
1894300,5.0,5.0,11
1894350,5.0,5.0,11
1894400,5.0,5.0,11
1894450,5.0,5.0,11
1894500,5.0,5.0,11
1894550,5.0,5.0,11
1894600,5.0,5.0,11
1894650,5.0,5.0,11
1894700,5.0,5.0,11
1894750,5.0,5.0,11
1894800,5.0,5.0,11
1894850,5.0,5.0,11
1894900,5.0,5.0,11
1894950,5.0,5.0,11
1895000,5.0,5.0,11
1895050,5.0,5.0,11
1895100,5.0,5.0,11
1895150,5.0,5.0,11
1895200,5.0,5.0,11
1895250,5.0,5.0,11
1895300,5.0,5.0,11
1895350,5.0,5.0,11
1895400,5.0,5.0,11
1895450,5.0,5.0,11
1895500,5.0,5.0,11
1895550,5.0,5.0,11
1895600,5.0,5.0,11
1895650,5.0,5.0,11
1895700,5.0,5.0,11
1895750,5.0,5.0,11
1895800,5.0,5.0,11
1895850,5.0,5.0,11
1895900,5.0,5.0,11
1895950,5.0,5.0,11
1896000,5.0,5.0,11
1896050,5.0,5.0,11
1896100,5.0,5.0,11
1896150,5.0,5.0,11
1896200,5.0,5.0,11
1896250,5.0,5.0,11
1896300,5.0,5.0,11
1896350,5.0,5.0,11
1896400,5.0,5.0,11
1896450,5.0,5.0,11
1896500,5.0,5.0,11
1896550,5.0,5.0,11
1896600,5.0,5.0,11
1896650,5.0,5.0,11
1896700,5.0,5.0,11
1896750,5.0,5.0,11
1896800,5.0,5.0,11
1896850,5.0,5.0,11
1896900,5.0,5.0,11
1896950,5.0,5.0,11
1897000,5.0,5.0,11
1897050,5.0,5.0,11
1897100,5.0,5.0,11
1897150,5.0,5.0,11
1897200,5.0,5.0,11
1897250,5.0,5.0,11
1897300,5.0,5.0,11
1897350,5.0,5.0,11
1897400,5.0,5.0,11
1897450,5.0,5.0,11
1897500,5.0,5.0,11
1897550,5.0,5.0,11
1897600,5.0,5.0,11
1897650,5.0,5.0,11
1897700,5.0,5.0,11
1897750,5.0,5.0,11
1897800,5.0,5.0,11
1897850,5.0,5.0,11
1897900,5.0,5.0,11
1897950,5.0,5.0,11
1898000,5.0,5.0,11
1898050,5.0,5.0,11
1898100,5.0,5.0,11
1898150,5.0,5.0,11
1898200,5.0,5.0,11
1898250,5.0,5.0,11
1898300,5.0,5.0,11
1898350,5.0,5.0,11
1898400,5.0,5.0,11
1898450,5.0,5.0,11
1898500,5.0,5.0,11
1898550,5.0,5.0,11
1898600,5.0,5.0,11
1898650,5.0,5.0,11
1898700,5.0,5.0,11
1898750,5.0,5.0,11
1898800,5.0,5.0,11
1898850,5.0,5.0,11
1898900,5.0,5.0,11
1898950,5.0,5.0,11
1899000,5.0,5.0,11
1899050,5.0,5.0,11
1899100,5.0,5.0,11
1899150,5.0,5.0,11
1899200,5.0,5.0,11
1899250,5.0,5.0,11
1899300,5.0,5.0,11
1899350,5.0,5.0,11
1899400,5.0,5.0,11
1899450,5.0,5.0,11
1899500,5.0,5.0,11
1899550,5.0,5.0,11
1899600,5.0,5.0,11
1899650,5.0,5.0,11
1899700,5.0,5.0,11
1899750,5.0,5.0,11
1899800,5.0,5.0,11
1899850,5.0,5.0,11
1899900,5.0,5.0,11
1899950,5.0,5.0,11
1900000,5.0,5.0,11
1900050,5.0,5.0,11
1900100,5.0,5.0,11
1900150,5.0,5.0,11
1900200,5.0,5.0,11
1900250,5.0,5.0,11
1900300,5.0,5.0,11
1900350,5.0,5.0,11
1900400,5.0,5.0,11
1900450,5.0,5.0,11
1900500,5.0,5.0,11
1900550,5.0,5.0,11
1900600,5.0,5.0,11
1900650,5.0,5.0,11
1900700,5.0,5.0,11
1900750,5.0,5.0,11
1900800,5.0,5.0,11
1900850,5.0,5.0,11
1900900,5.0,5.0,11
1900950,5.0,5.0,11
1901000,5.0,5.0,11
1901050,5.0,5.0,11
1901100,5.0,5.0,11
1901150,5.0,5.0,11
1901200,5.0,5.0,11
1901250,5.0,5.0,11
1901300,5.0,5.0,11
1901350,5.0,5.0,11
1901400,5.0,5.0,11
1901450,5.0,5.0,11
1901500,5.0,5.0,11
1901550,5.0,5.0,11
1901600,5.0,5.0,11
1901650,5.0,5.0,11
1901700,5.0,5.0,11
1901750,5.0,5.0,11
1901800,5.0,5.0,11
1901850,5.0,5.0,11
1901900,5.0,5.0,11
1901950,5.0,5.0,11
1902000,5.0,5.0,11
1902050,5.0,5.0,11
1902100,5.0,5.0,11
1902150,5.0,5.0,11
1902200,5.0,5.0,11
1902250,5.0,5.0,11
1902300,5.0,5.0,11
1902350,5.0,5.0,11
1902400,5.0,5.0,11
1902450,5.0,5.0,11
1902500,5.0,5.0,11
1902550,5.0,5.0,11
1902600,5.0,5.0,11
1902650,5.0,5.0,11
1902700,5.0,5.0,11
1902750,5.0,5.0,11
1902800,5.0,5.0,11
1902850,5.0,5.0,11
1902900,5.0,5.0,11
1902950,5.0,5.0,11
1903000,5.0,5.0,11
1903050,5.0,5.0,11
1903100,5.0,5.0,11
1903150,5.0,5.0,11
1903200,5.0,5.0,11
1903250,5.0,5.0,11
1903300,5.0,5.0,11
1903350,5.0,5.0,11
1903400,5.0,5.0,11
1903450,5.0,5.0,11
1903500,5.0,5.0,11
1903550,5.0,5.0,11
1903600,5.0,5.0,11
1903650,5.0,5.0,11
1903700,5.0,5.0,11
1903750,5.0,5.0,11
1903800,5.0,5.0,11
1903850,5.0,5.0,11
1903900,5.0,5.0,11
1903950,5.0,5.0,11
1904000,5.0,5.0,11
1904050,5.0,5.0,11
1904100,5.0,5.0,11
1904150,5.0,5.0,11
1904200,5.0,5.0,11
1904250,5.0,5.0,11
1904300,5.0,5.0,11
1904350,5.0,5.0,11
1904400,5.0,5.0,11
1904450,5.0,5.0,11
1904500,5.0,5.0,11
1904550,5.0,5.0,11
1904600,5.0,5.0,11
1904650,5.0,5.0,11
1904700,5.0,5.0,11
1904750,5.0,5.0,11
1904800,5.0,5.0,11
1904850,5.0,5.0,11
1904900,5.0,5.0,11
1904950,5.0,5.0,11
1905000,5.0,5.0,11
1905050,5.0,5.0,11
1905100,5.0,5.0,11
1905150,5.0,5.0,11
1905200,5.0,5.0,11
1905250,5.0,5.0,11
1905300,5.0,5.0,11
1905350,5.0,5.0,11
1905400,5.0,5.0,11
1905450,5.0,5.0,11
1905500,5.0,5.0,11
1905550,5.0,5.0,11
1905600,5.0,5.0,11
1905650,5.0,5.0,11
1905700,5.0,5.0,11
1905750,5.0,5.0,11
1905800,5.0,5.0,11
1905850,5.0,5.0,11
1905900,5.0,5.0,11
1905950,5.0,5.0,11
1906000,5.0,5.0,11
1906050,5.0,5.0,11
1906100,5.0,5.0,11
1906150,5.0,5.0,11
1906200,5.0,5.0,11
1906250,5.0,5.0,11
1906300,5.0,5.0,11
1906350,5.0,5.0,11
1906400,5.0,5.0,11
1906450,5.0,5.0,11
1906500,5.0,5.0,11
1906550,5.0,5.0,11
1906600,5.0,5.0,11
1906650,5.0,5.0,11
1906700,5.0,5.0,11
1906750,5.0,5.0,11
1906800,5.0,5.0,11
1906850,5.0,5.0,11
1906900,5.0,5.0,11
1906950,5.0,5.0,11
1907000,5.0,5.0,11
1907050,5.0,5.0,11
1907100,5.0,5.0,11
1907150,5.0,5.0,11
1907200,5.0,5.0,11
1907250,5.0,5.0,11
1907300,5.0,5.0,11
1907350,5.0,5.0,11
1907400,5.0,5.0,11
1907450,5.0,5.0,11
1907500,5.0,5.0,11
1907550,5.0,5.0,11
1907600,5.0,5.0,11
1907650,5.0,5.0,11
1907700,5.0,5.0,11
1907750,5.0,5.0,11
1907800,5.0,5.0,11
1907850,5.0,5.0,11
1907900,5.0,5.0,11
1907950,5.0,5.0,11
1908000,5.0,5.0,11
1908050,5.0,5.0,11
1908100,5.0,5.0,11
1908150,5.0,5.0,11
1908200,5.0,5.0,11
1908250,5.0,5.0,11
1908300,5.0,5.0,11
1908350,5.0,5.0,11
1908400,5.0,5.0,11
1908450,5.0,5.0,11
1908500,5.0,5.0,11
1908550,5.0,5.0,11
1908600,5.0,5.0,11
1908650,5.0,5.0,11
1908700,5.0,5.0,11
1908750,5.0,5.0,11
1908800,5.0,5.0,11
1908850,5.0,5.0,11
1908900,5.0,5.0,11
1908950,5.0,5.0,11
1909000,5.0,5.0,11
1909050,5.0,5.0,11
1909100,5.0,5.0,11
1909150,5.0,5.0,11
1909200,5.0,5.0,11
1909250,5.0,5.0,11
1909300,5.0,5.0,11
1909350,5.0,5.0,11
1909400,5.0,5.0,11
1909450,5.0,5.0,11
1909500,5.0,5.0,11
1909550,5.0,5.0,11
1909600,5.0,5.0,11
1909650,5.0,5.0,11
1909700,5.0,5.0,11
1909750,5.0,5.0,11
1909800,5.0,5.0,11
1909850,5.0,5.0,11
1909900,5.0,5.0,11
1909950,5.0,5.0,11
1910000,5.0,5.0,11
1910050,5.0,5.0,11
1910100,5.0,5.0,11
1910150,5.0,5.0,11
1910200,5.0,5.0,11
1910250,5.0,5.0,11
1910300,5.0,5.0,11
1910350,5.0,5.0,11
1910400,5.0,5.0,11
1910450,5.0,5.0,11
1910500,5.0,5.0,11
1910550,5.0,5.0,11
1910600,5.0,5.0,11
1910650,5.0,5.0,11
1910700,5.0,5.0,11
1910750,5.0,5.0,11
1910800,5.0,5.0,11
1910850,5.0,5.0,11
1910900,5.0,5.0,11
1910950,5.0,5.0,11
1911000,5.0,5.0,11
1911050,5.0,5.0,11
1911100,5.0,5.0,11
1911150,5.0,5.0,11
1911200,5.0,5.0,11
1911250,5.0,5.0,11
1911300,5.0,5.0,11
1911350,5.0,5.0,11
1911400,5.0,5.0,11
1911450,5.0,5.0,11
1911500,5.0,5.0,11
1911550,5.0,5.0,11
1911600,5.0,5.0,11
1911650,5.0,5.0,11
1911700,5.0,5.0,11
1911750,5.0,5.0,11
1911800,5.0,5.0,11
1911850,5.0,5.0,11
1911900,5.0,5.0,11
1911950,5.0,5.0,11
1912000,5.0,5.0,11
1912050,5.0,5.0,11
1912100,5.0,5.0,11
1912150,5.0,5.0,11
1912200,5.0,5.0,11
1912250,5.0,5.0,11
1912300,5.0,5.0,11
1912350,5.0,5.0,11
1912400,5.0,5.0,11
1912450,5.0,5.0,11
1912500,5.0,5.0,11
1912550,5.0,5.0,11
1912600,5.0,5.0,11
1912650,5.0,5.0,11
1912700,5.0,5.0,11
1912750,5.0,5.0,11
1912800,5.0,5.0,11
1912850,5.0,5.0,11
1912900,5.0,5.0,11
1912950,5.0,5.0,11
1913000,5.0,5.0,11
1913050,5.0,5.0,11
1913100,5.0,5.0,11
1913150,5.0,5.0,11
1913200,5.0,5.0,11
1913250,5.0,5.0,11
1913300,5.0,5.0,11
1913350,5.0,5.0,11
1913400,5.0,5.0,11
1913450,5.0,5.0,11
1913500,5.0,5.0,11
1913550,5.0,5.0,11
1913600,5.0,5.0,11
1913650,5.0,5.0,11
1913700,5.0,5.0,11
1913750,5.0,5.0,11
1913800,5.0,5.0,11
1913850,5.0,5.0,11
1913900,5.0,5.0,11
1913950,5.0,5.0,11
1914000,5.0,5.0,11
1914050,5.0,5.0,11
1914100,5.0,5.0,11
1914150,5.0,5.0,11
1914200,5.0,5.0,11
1914250,5.0,5.0,11
1914300,5.0,5.0,11
1914350,5.0,5.0,11
1914400,5.0,5.0,11
1914450,5.0,5.0,11
1914500,5.0,5.0,11
1914550,5.0,5.0,11
1914600,5.0,5.0,11
1914650,5.0,5.0,11
1914700,5.0,5.0,11
1914750,5.0,5.0,11
1914800,5.0,5.0,11
1914850,5.0,5.0,11
1914900,5.0,5.0,11
1914950,5.0,5.0,11
1915000,5.0,5.0,11
1915050,5.0,5.0,11
1915100,5.0,5.0,11
1915150,5.0,5.0,11
1915200,5.0,5.0,11
1915250,5.0,5.0,11
1915300,5.0,5.0,11
1915350,5.0,5.0,11
1915400,5.0,5.0,11
1915450,5.0,5.0,11
1915500,5.0,5.0,11
1915550,5.0,5.0,11
1915600,5.0,5.0,11
1915650,5.0,5.0,11
1915700,5.0,5.0,11
1915750,5.0,5.0,11
1915800,5.0,5.0,11
1915850,5.0,5.0,11
1915900,5.0,5.0,11
1915950,5.0,5.0,11
1916000,5.0,5.0,11
1916050,5.0,5.0,11
1916100,5.0,5.0,11
1916150,5.0,5.0,11
1916200,5.0,5.0,11
1916250,5.0,5.0,11
1916300,5.0,5.0,11
1916350,5.0,5.0,11
1916400,5.0,5.0,11
1916450,5.0,5.0,11
1916500,5.0,5.0,11
1916550,5.0,5.0,11
1916600,5.0,5.0,11
1916650,5.0,5.0,11
1916700,5.0,5.0,11
1916750,5.0,5.0,11
1916800,5.0,5.0,11
1916850,5.0,5.0,11
1916900,5.0,5.0,11
1916950,5.0,5.0,11
1917000,5.0,5.0,11
1917050,5.0,5.0,11
1917100,5.0,5.0,11
1917150,5.0,5.0,11
1917200,5.0,5.0,11
1917250,5.0,5.0,11
1917300,5.0,5.0,11
1917350,5.0,5.0,11
1917400,5.0,5.0,11
1917450,5.0,5.0,11
1917500,5.0,5.0,11
1917550,5.0,5.0,11
1917600,5.0,5.0,11
1917650,5.0,5.0,11
1917700,5.0,5.0,11
1917750,5.0,5.0,11
1917800,5.0,5.0,11
1917850,5.0,5.0,11
1917900,5.0,5.0,11
1917950,5.0,5.0,11
1918000,5.0,5.0,11
1918050,5.0,5.0,11
1918100,5.0,5.0,11
1918150,5.0,5.0,11
1918200,5.0,5.0,11
1918250,5.0,5.0,11
1918300,5.0,5.0,11
1918350,5.0,5.0,11
1918400,5.0,5.0,11
1918450,5.0,5.0,11
1918500,5.0,5.0,11
1918550,5.0,5.0,11
1918600,5.0,5.0,11
1918650,5.0,5.0,11
1918700,5.0,5.0,11
1918750,5.0,5.0,11
1918800,5.0,5.0,11
1918850,5.0,5.0,11
1918900,5.0,5.0,11
1918950,5.0,5.0,11
1919000,5.0,5.0,11
1919050,5.0,5.0,11
1919100,5.0,5.0,11
1919150,5.0,5.0,11
1919200,5.0,5.0,11
1919250,5.0,5.0,11
1919300,5.0,5.0,11
1919350,5.0,5.0,11
1919400,5.0,5.0,11
1919450,5.0,5.0,11
1919500,5.0,5.0,11
1919550,5.0,5.0,11
1919600,5.0,5.0,11
1919650,5.0,5.0,11
1919700,5.0,5.0,11
1919750,5.0,5.0,11
1919800,5.0,5.0,11
1919850,5.0,5.0,11
1919900,5.0,5.0,11
1919950,5.0,5.0,11
1920000,5.0,5.0,11
1920050,5.0,5.0,11
1920100,5.0,5.0,11
1920150,5.0,5.0,11
1920200,5.0,5.0,11
1920250,5.0,5.0,11
1920300,5.0,5.0,11
1920350,5.0,5.0,11
1920400,5.0,5.0,11
1920450,5.0,5.0,11
1920500,5.0,5.0,11
1920550,5.0,5.0,11
1920600,5.0,5.0,11
1920650,5.0,5.0,11
1920700,5.0,5.0,11
1920750,5.0,5.0,11
1920800,5.0,5.0,11
1920850,5.0,5.0,11
1920900,5.0,5.0,11
1920950,5.0,5.0,11
1921000,5.0,5.0,11
1921050,5.0,5.0,11
1921100,5.0,5.0,6
1921150,5.0,5.0,6
1921200,5.0,5.0,6
1921250,5.0,5.0,6
1921300,5.0,5.0,6
1921350,5.0,5.0,6
1921400,5.0,5.0,6
1921450,5.0,5.0,6
1921500,5.0,5.0,6
1921550,5.0,5.0,6
1921600,5.0,5.0,6
1921650,5.0,5.0,6
1921700,5.0,5.0,6
1921750,5.0,5.0,6
1921800,5.0,5.0,6
1921850,5.0,5.0,6
1921900,5.0,5.0,6
1921950,5.0,5.0,6
1922000,5.0,5.0,6
1922050,5.0,5.0,6
1922100,5.0,5.0,6
1922150,5.0,5.0,6
1922200,5.0,5.0,6
1922250,5.0,5.0,6
1922300,5.0,5.0,6
1922350,5.0,5.0,6
1922400,5.0,5.0,6
1922450,5.0,5.0,6
1922500,5.0,5.0,6
1922550,5.0,5.0,6
1922600,5.0,5.0,6
1922650,5.0,5.0,6
1922700,5.0,5.0,6
1922750,5.0,5.0,6
1922800,5.0,5.0,6
1922850,5.0,5.0,6
1922900,5.0,5.0,6
1922950,5.0,5.0,6
1923000,5.0,5.0,6
1923050,5.0,5.0,6
1923100,5.0,5.0,6
1923150,5.0,5.0,6
1923200,5.0,5.0,6
1923250,5.0,5.0,6
1923300,5.0,5.0,6
1923350,5.0,5.0,6
1923400,5.0,5.0,6
1923450,5.0,5.0,6
1923500,5.0,5.0,6
1923550,5.0,5.0,6
1923600,5.0,5.0,6
1923650,5.0,5.0,6
1923700,5.0,5.0,6
1923750,5.0,5.0,6
1923800,5.0,5.0,6
1923850,5.0,5.0,6
1923900,5.0,5.0,6
1923950,5.0,5.0,6
1924000,5.0,5.0,6
1924050,5.0,5.0,6
1924100,5.0,5.0,6
1924150,5.0,5.0,6
1924200,5.0,5.0,6
1924250,5.0,5.0,6
1924300,5.0,5.0,6
1924350,5.0,5.0,6
1924400,5.0,5.0,6
1924450,5.0,5.0,6
1924500,5.0,5.0,6
1924550,5.0,5.0,6
1924600,5.0,5.0,6
1924650,5.0,5.0,6
1924700,5.0,5.0,6
1924750,5.0,5.0,6
1924800,5.0,5.0,6
1924850,5.0,5.0,6
1924900,5.0,5.0,6
1924950,5.0,5.0,6
1925000,5.0,5.0,6
1925050,5.0,5.0,6
1925100,5.0,5.0,6
1925150,5.0,5.0,6
1925200,5.0,5.0,6
1925250,5.0,5.0,6
1925300,5.0,5.0,6
1925350,5.0,5.0,6
1925400,5.0,5.0,6
1925450,5.0,5.0,6
1925500,5.0,5.0,6
1925550,5.0,5.0,6
1925600,5.0,5.0,6
1925650,5.0,5.0,6
1925700,5.0,5.0,6
1925750,5.0,5.0,6
1925800,5.0,5.0,6
1925850,5.0,5.0,6
1925900,5.0,5.0,6
1925950,5.0,5.0,6
1926000,5.0,5.0,6
1926050,5.0,5.0,6
1926100,5.0,5.0,6
1926150,5.0,5.0,6
1926200,5.0,5.0,6
1926250,5.0,5.0,6
1926300,5.0,5.0,6
1926350,5.0,5.0,6
1926400,5.0,5.0,6
1926450,5.0,5.0,6
1926500,5.0,5.0,6
1926550,5.0,5.0,6
1926600,5.0,5.0,6
1926650,5.0,5.0,6
1926700,5.0,5.0,6
1926750,5.0,5.0,6
1926800,5.0,5.0,6
1926850,5.0,5.0,6
1926900,5.0,5.0,6
1926950,5.0,5.0,6
1927000,5.0,5.0,6
1927050,5.0,5.0,6
1927100,5.0,5.0,6
1927150,5.0,5.0,6
1927200,5.0,5.0,6
1927250,5.0,5.0,6
1927300,5.0,5.0,6
1927350,5.0,5.0,6
1927400,5.0,5.0,6
1927450,5.0,5.0,6
1927500,5.0,5.0,6
1927550,5.0,5.0,6
1927600,5.0,5.0,6
1927650,5.0,5.0,6
1927700,5.0,5.0,6
1927750,5.0,5.0,6
1927800,5.0,5.0,6
1927850,5.0,5.0,6
1927900,5.0,5.0,6
1927950,5.0,5.0,6
1928000,5.0,5.0,6
1928050,5.0,5.0,6
1928100,5.0,5.0,6
1928150,5.0,5.0,6
1928200,5.0,5.0,6
1928250,5.0,5.0,6
1928300,5.0,5.0,6
1928350,5.0,5.0,6
1928400,5.0,5.0,6
1928450,5.0,5.0,6
1928500,5.0,5.0,6
1928550,5.0,5.0,6
1928600,5.0,5.0,6
1928650,5.0,5.0,6
1928700,5.0,5.0,6
1928750,5.0,5.0,6
1928800,5.0,5.0,6
1928850,5.0,5.0,6
1928900,5.0,5.0,6
1928950,5.0,5.0,6
1929000,5.0,5.0,6
1929050,5.0,5.0,6
1929100,5.0,5.0,6
1929150,5.0,5.0,6
1929200,5.0,5.0,6
1929250,5.0,5.0,6
1929300,5.0,5.0,6
1929350,5.0,5.0,6
1929400,5.0,5.0,6
1929450,5.0,5.0,6
1929500,5.0,5.0,6
1929550,5.0,5.0,6
1929600,5.0,5.0,6
1929650,5.0,5.0,6
1929700,5.0,5.0,6
1929750,5.0,5.0,6
1929800,5.0,5.0,6
1929850,5.0,5.0,6
1929900,5.0,5.0,6
1929950,5.0,5.0,6
1930000,5.0,5.0,6
1930050,5.0,5.0,6
1930100,5.0,5.0,6
1930150,5.0,5.0,6
1930200,5.0,5.0,6
1930250,5.0,5.0,6
1930300,5.0,5.0,6
1930350,5.0,5.0,6
1930400,5.0,5.0,6
1930450,5.0,5.0,6
1930500,5.0,5.0,6
1930550,5.0,5.0,6
1930600,5.0,5.0,6
1930650,5.0,5.0,6
1930700,5.0,5.0,6
1930750,5.0,5.0,6
1930800,5.0,5.0,6
1930850,5.0,5.0,6
1930900,5.0,5.0,6
1930950,5.0,5.0,6
1931000,5.0,5.0,6
1931050,5.0,5.0,6
1931100,5.0,5.0,6
1931150,5.0,5.0,6
1931200,5.0,5.0,6
1931250,5.0,5.0,6
1931300,5.0,5.0,6
1931350,5.0,5.0,6
1931400,5.0,5.0,6
1931450,5.0,5.0,6
1931500,5.0,5.0,6
1931550,5.0,5.0,6
1931600,5.0,5.0,6
1931650,5.0,5.0,6
1931700,5.0,5.0,6
1931750,5.0,5.0,6
1931800,5.0,5.0,6
1931850,5.0,5.0,6
1931900,5.0,5.0,6
1931950,5.0,5.0,6
1932000,5.0,5.0,6
1932050,5.0,5.0,6
1932100,5.0,5.0,6
1932150,5.0,5.0,6
1932200,5.0,5.0,6
1932250,5.0,5.0,6
1932300,5.0,5.0,6
1932350,5.0,5.0,6
1932400,5.0,5.0,6
1932450,5.0,5.0,6
1932500,5.0,5.0,6
1932550,5.0,5.0,6
1932600,5.0,5.0,6
1932650,5.0,5.0,6
1932700,5.0,5.0,6
1932750,5.0,5.0,6
1932800,5.0,5.0,6
1932850,5.0,5.0,6
1932900,5.0,5.0,6
1932950,5.0,5.0,6
1933000,5.0,5.0,6
1933050,5.0,5.0,6
1933100,5.0,5.0,6
1933150,5.0,5.0,6
1933200,5.0,5.0,6
1933250,5.0,5.0,6
1933300,5.0,5.0,6
1933350,5.0,5.0,6
1933400,5.0,5.0,6
1933450,5.0,5.0,6
1933500,5.0,5.0,6
1933550,5.0,5.0,6
1933600,5.0,5.0,6
1933650,5.0,5.0,6
1933700,5.0,5.0,6
1933750,5.0,5.0,6
1933800,5.0,5.0,6
1933850,5.0,5.0,6
1933900,5.0,5.0,6
1933950,5.0,5.0,6
1934000,5.0,5.0,6
1934050,5.0,5.0,6
1934100,5.0,5.0,6
1934150,5.0,5.0,6
1934200,5.0,5.0,6
1934250,5.0,5.0,6
1934300,5.0,5.0,6
1934350,5.0,5.0,6
1934400,5.0,5.0,6
1934450,5.0,5.0,6
1934500,5.0,5.0,6
1934550,5.0,5.0,6
1934600,5.0,5.0,6
1934650,5.0,5.0,6
1934700,5.0,5.0,6
1934750,5.0,5.0,6
1934800,5.0,5.0,6
1934850,5.0,5.0,6
1934900,5.0,5.0,6
1934950,5.0,5.0,6
1935000,5.0,5.0,6
1935050,5.0,5.0,6
1935100,5.0,5.0,6
1935150,5.0,5.0,6
1935200,5.0,5.0,6
1935250,5.0,5.0,6
1935300,5.0,5.0,6
1935350,5.0,5.0,6
1935400,5.0,5.0,6
1935450,5.0,5.0,6
1935500,5.0,5.0,6
1935550,5.0,5.0,6
1935600,5.0,5.0,6
1935650,5.0,5.0,6
1935700,5.0,5.0,6
1935750,5.0,5.0,6
1935800,5.0,5.0,6
1935850,5.0,5.0,6
1935900,5.0,5.0,6
1935950,5.0,5.0,6
1936000,5.0,5.0,6
1936050,5.0,5.0,6
1936100,5.0,5.0,6
1936150,5.0,5.0,6
1936200,5.0,5.0,6
1936250,5.0,5.0,6
1936300,5.0,5.0,6
1936350,5.0,5.0,6
1936400,5.0,5.0,6
1936450,5.0,5.0,6
1936500,5.0,5.0,6
1936550,5.0,5.0,6
1936600,5.0,5.0,6
1936650,5.0,5.0,6
1936700,5.0,5.0,6
1936750,5.0,5.0,6
1936800,5.0,5.0,6
1936850,5.0,5.0,6
1936900,5.0,5.0,6
1936950,5.0,5.0,6
1937000,5.0,5.0,6
1937050,5.0,5.0,6
1937100,5.0,5.0,6
1937150,5.0,5.0,6
1937200,5.0,5.0,6
1937250,5.0,5.0,6
1937300,5.0,5.0,6
1937350,5.0,5.0,6
1937400,5.0,5.0,6
1937450,5.0,5.0,6
1937500,5.0,5.0,6
1937550,5.0,5.0,6
1937600,5.0,5.0,6
1937650,5.0,5.0,6
1937700,5.0,5.0,6
1937750,5.0,5.0,6
1937800,5.0,5.0,6
1937850,5.0,5.0,6
1937900,5.0,5.0,6
1937950,5.0,5.0,6
1938000,5.0,5.0,6
1938050,5.0,5.0,6
1938100,5.0,5.0,6
1938150,5.0,5.0,6
1938200,5.0,5.0,6
1938250,5.0,5.0,6
1938300,5.0,5.0,6
1938350,5.0,5.0,6
1938400,5.0,5.0,6
1938450,5.0,5.0,6
1938500,5.0,5.0,6
1938550,5.0,5.0,6
1938600,5.0,5.0,6
1938650,5.0,5.0,6
1938700,5.0,5.0,6
1938750,5.0,5.0,6
1938800,5.0,5.0,6
1938850,5.0,5.0,6
1938900,5.0,5.0,6
1938950,5.0,5.0,6
1939000,5.0,5.0,6
1939050,5.0,5.0,6
1939100,5.0,5.0,6
1939150,5.0,5.0,6
1939200,5.0,5.0,6
1939250,5.0,5.0,6
1939300,5.0,5.0,6
1939350,5.0,5.0,6
1939400,5.0,5.0,6
1939450,5.0,5.0,6
1939500,5.0,5.0,6
1939550,5.0,5.0,6
1939600,5.0,5.0,6
1939650,5.0,5.0,6
1939700,5.0,5.0,6
1939750,5.0,5.0,6
1939800,5.0,5.0,6
1939850,5.0,5.0,6
1939900,5.0,5.0,6
1939950,5.0,5.0,6
1940000,5.0,5.0,6
1940050,5.0,5.0,6
1940100,5.0,5.0,6
1940150,5.0,5.0,6
1940200,5.0,5.0,6
1940250,5.0,5.0,6
1940300,5.0,5.0,6
1940350,5.0,5.0,6
1940400,5.0,5.0,6
1940450,5.0,5.0,6
1940500,5.0,5.0,6
1940550,5.0,5.0,6
1940600,5.0,5.0,6
1940650,5.0,5.0,6
1940700,5.0,5.0,6
1940750,5.0,5.0,6
1940800,5.0,5.0,6
1940850,5.0,5.0,6
1940900,5.0,5.0,6
1940950,5.0,5.0,6
1941000,5.0,5.0,6
1941050,5.0,5.0,6
1941100,5.0,5.0,6
1941150,5.0,5.0,6
1941200,5.0,5.0,6
1941250,5.0,5.0,6
1941300,5.0,5.0,6
1941350,5.0,5.0,6
1941400,5.0,5.0,6
1941450,5.0,5.0,6
1941500,5.0,5.0,6
1941550,5.0,5.0,6
1941600,5.0,5.0,6
1941650,5.0,5.0,6
1941700,5.0,5.0,6
1941750,5.0,5.0,6
1941800,5.0,5.0,6
1941850,5.0,5.0,6
1941900,5.0,5.0,6
1941950,5.0,5.0,6
1942000,5.0,5.0,6
1942050,5.0,5.0,6
1942100,5.0,5.0,6
1942150,5.0,5.0,6
1942200,5.0,5.0,6
1942250,5.0,5.0,6
1942300,5.0,5.0,6
1942350,5.0,5.0,6
1942400,5.0,5.0,6
1942450,5.0,5.0,6
1942500,5.0,5.0,6
1942550,5.0,5.0,6
1942600,5.0,5.0,6
1942650,5.0,5.0,6
1942700,5.0,5.0,6
1942750,5.0,5.0,6
1942800,5.0,5.0,6
1942850,5.0,5.0,6
1942900,5.0,5.0,6
1942950,5.0,5.0,6
1943000,5.0,5.0,6
1943050,5.0,5.0,6
1943100,5.0,5.0,6
1943150,5.0,5.0,6
1943200,5.0,5.0,6
1943250,5.0,5.0,6
1943300,5.0,5.0,6
1943350,5.0,5.0,6
1943400,5.0,5.0,6
1943450,5.0,5.0,6
1943500,5.0,5.0,6
1943550,5.0,5.0,6
1943600,5.0,5.0,6
1943650,5.0,5.0,6
1943700,5.0,5.0,6
1943750,5.0,5.0,6
1943800,5.0,5.0,6
1943850,5.0,5.0,6
1943900,5.0,5.0,6
1943950,5.0,5.0,6
1944000,5.0,5.0,6
1944050,5.0,5.0,6
1944100,5.0,5.0,6
1944150,5.0,5.0,6
1944200,5.0,5.0,6
1944250,5.0,5.0,6
1944300,5.0,5.0,6
1944350,5.0,5.0,6
1944400,5.0,5.0,6
1944450,5.0,5.0,6
1944500,5.0,5.0,6
1944550,5.0,5.0,6
1944600,5.0,5.0,6
1944650,5.0,5.0,6
1944700,5.0,5.0,6
1944750,5.0,5.0,6
1944800,5.0,5.0,6
1944850,5.0,5.0,6
1944900,5.0,5.0,6
1944950,5.0,5.0,6
1945000,5.0,5.0,6
1945050,5.0,5.0,6
1945100,5.0,5.0,6
1945150,5.0,5.0,6
1945200,5.0,5.0,6
1945250,5.0,5.0,6
1945300,5.0,5.0,6
1945350,5.0,5.0,6
1945400,5.0,5.0,6
1945450,5.0,5.0,6
1945500,5.0,5.0,6
1945550,5.0,5.0,6
1945600,5.0,5.0,6
1945650,5.0,5.0,6
1945700,5.0,5.0,6
1945750,5.0,5.0,6
1945800,5.0,5.0,6
1945850,5.0,5.0,6
1945900,5.0,5.0,6
1945950,5.0,5.0,6
1946000,5.0,5.0,6
1946050,5.0,5.0,6
1946100,5.0,5.0,6
1946150,5.0,5.0,6
1946200,5.0,5.0,6
1946250,5.0,5.0,6
1946300,5.0,5.0,6
1946350,5.0,5.0,6
1946400,5.0,5.0,6
1946450,5.0,5.0,6
1946500,5.0,5.0,6
1946550,5.0,5.0,6
1946600,5.0,5.0,6
1946650,5.0,5.0,6
1946700,5.0,5.0,6
1946750,5.0,5.0,6
1946800,5.0,5.0,6
1946850,5.0,5.0,6
1946900,5.0,5.0,6
1946950,5.0,5.0,6
1947000,5.0,5.0,6
1947050,5.0,5.0,6
1947100,5.0,5.0,6
1947150,5.0,5.0,6
1947200,5.0,5.0,6
1947250,5.0,5.0,6
1947300,5.0,5.0,6
1947350,5.0,5.0,6
1947400,5.0,5.0,6
1947450,5.0,5.0,6
1947500,5.0,5.0,6
1947550,5.0,5.0,6
1947600,5.0,5.0,6
1947650,5.0,5.0,6
1947700,5.0,5.0,6
1947750,5.0,5.0,6
1947800,5.0,5.0,6
1947850,5.0,5.0,6
1947900,5.0,5.0,6
1947950,5.0,5.0,6
1948000,5.0,5.0,6
1948050,5.0,5.0,6
1948100,5.0,5.0,6
1948150,5.0,5.0,6
1948200,5.0,5.0,6
1948250,5.0,5.0,6
1948300,5.0,5.0,6
1948350,5.0,5.0,6
1948400,5.0,5.0,6
1948450,5.0,5.0,6
1948500,5.0,5.0,6
1948550,5.0,5.0,6
1948600,5.0,5.0,6
1948650,5.0,5.0,6
1948700,5.0,5.0,6
1948750,5.0,5.0,6
1948800,5.0,5.0,6
1948850,5.0,5.0,6
1948900,5.0,5.0,6
1948950,5.0,5.0,6
1949000,5.0,5.0,6
1949050,5.0,5.0,6
1949100,5.0,5.0,6
1949150,5.0,5.0,6
1949200,5.0,5.0,6
1949250,5.0,5.0,6
1949300,5.0,5.0,6
1949350,5.0,5.0,6
1949400,5.0,5.0,6
1949450,5.0,5.0,6
1949500,5.0,5.0,6
1949550,5.0,5.0,6
1949600,5.0,5.0,6
1949650,5.0,5.0,6
1949700,5.0,5.0,6
1949750,5.0,5.0,6
1949800,5.0,5.0,6
1949850,5.0,5.0,6
1949900,5.0,5.0,6
1949950,5.0,5.0,6
1950000,5.0,5.0,6
1950050,5.0,5.0,6
1950100,5.0,5.0,6
1950150,5.0,5.0,6
1950200,5.0,5.0,6
1950250,5.0,5.0,6
1950300,5.0,5.0,6
1950350,5.0,5.0,6
1950400,5.0,5.0,6
1950450,5.0,5.0,6
1950500,5.0,5.0,6
1950550,5.0,5.0,6
1950600,5.0,5.0,6
1950650,5.0,5.0,6
1950700,5.0,5.0,6
1950750,5.0,5.0,6
1950800,5.0,5.0,6
1950850,5.0,5.0,6
1950900,5.0,5.0,6
1950950,5.0,5.0,6
1951000,5.0,5.0,6
1951050,5.0,5.0,6
1951100,5.0,5.0,6
1951150,5.0,5.0,6
1951200,5.0,5.0,6
1951250,5.0,5.0,6
1951300,5.0,5.0,6
1951350,5.0,5.0,6
1951400,5.0,5.0,6
1951450,5.0,5.0,6
1951500,5.0,5.0,6
1951550,5.0,5.0,6
1951600,5.0,5.0,6
1951650,5.0,5.0,6
1951700,5.0,5.0,6
1951750,5.0,5.0,6
1951800,5.0,5.0,6
1951850,5.0,5.0,6
1951900,5.0,5.0,6
1951950,5.0,5.0,6
1952000,5.0,5.0,6
1952050,5.0,5.0,6
1952100,5.0,5.0,6
1952150,5.0,5.0,6
1952200,5.0,5.0,6
1952250,5.0,5.0,6
1952300,5.0,5.0,6
1952350,5.0,5.0,6
1952400,5.0,5.0,6
1952450,5.0,5.0,6
1952500,5.0,5.0,6
1952550,5.0,5.0,6
1952600,5.0,5.0,6
1952650,5.0,5.0,6
1952700,5.0,5.0,6
1952750,5.0,5.0,6
1952800,5.0,5.0,6
1952850,5.0,5.0,6
1952900,5.0,5.0,6
1952950,5.0,5.0,6
1953000,5.0,5.0,6
1953050,5.0,5.0,6
1953100,5.0,5.0,6
1953150,5.0,5.0,6
1953200,5.0,5.0,6
1953250,5.0,5.0,6
1953300,5.0,5.0,6
1953350,5.0,5.0,6
1953400,5.0,5.0,6
1953450,5.0,5.0,6
1953500,5.0,5.0,6
1953550,5.0,5.0,6
1953600,5.0,5.0,6
1953650,5.0,5.0,6
1953700,5.0,5.0,6
1953750,5.0,5.0,6
1953800,5.0,5.0,6
1953850,5.0,5.0,6
1953900,5.0,5.0,6
1953950,5.0,5.0,6
1954000,5.0,5.0,6
1954050,5.0,5.0,6
1954100,5.0,5.0,6
1954150,5.0,5.0,6
1954200,5.0,5.0,6
1954250,5.0,5.0,6
1954300,5.0,5.0,6
1954350,5.0,5.0,6
1954400,5.0,5.0,6
1954450,5.0,5.0,6
1954500,5.0,5.0,6
1954550,5.0,5.0,6
1954600,5.0,5.0,6
1954650,5.0,5.0,6
1954700,5.0,5.0,6
1954750,5.0,5.0,6
1954800,5.0,5.0,6
1954850,5.0,5.0,6
1954900,5.0,5.0,6
1954950,5.0,5.0,6
1955000,5.0,5.0,6
1955050,5.0,5.0,6
1955100,5.0,5.0,6
1955150,5.0,5.0,6
1955200,5.0,5.0,6
1955250,5.0,5.0,6
1955300,5.0,5.0,6
1955350,5.0,5.0,6
1955400,5.0,5.0,6
1955450,5.0,5.0,6
1955500,5.0,5.0,6
1955550,5.0,5.0,6
1955600,5.0,5.0,6
1955650,5.0,5.0,6
1955700,5.0,5.0,6
1955750,5.0,5.0,6
1955800,5.0,5.0,6
1955850,5.0,5.0,6
1955900,5.0,5.0,6
1955950,5.0,5.0,6
1956000,5.0,5.0,6
1956050,5.0,5.0,6
1956100,5.0,5.0,6
1956150,5.0,5.0,6
1956200,5.0,5.0,6
1956250,5.0,5.0,6
1956300,5.0,5.0,6
1956350,5.0,5.0,6
1956400,5.0,5.0,6
1956450,5.0,5.0,6
1956500,5.0,5.0,6
1956550,5.0,5.0,6
1956600,5.0,5.0,6
1956650,5.0,5.0,6
1956700,5.0,5.0,6
1956750,5.0,5.0,6
1956800,5.0,5.0,6
1956850,5.0,5.0,6
1956900,5.0,5.0,6
1956950,5.0,5.0,6
1957000,5.0,5.0,6
1957050,5.0,5.0,6
1957100,5.0,5.0,6
1957150,5.0,5.0,6
1957200,5.0,5.0,6
1957250,5.0,5.0,6
1957300,5.0,5.0,6
1957350,5.0,5.0,6
1957400,5.0,5.0,6
1957450,5.0,5.0,6
1957500,5.0,5.0,6
1957550,5.0,5.0,6
1957600,5.0,5.0,6
1957650,5.0,5.0,6
1957700,5.0,5.0,6
1957750,5.0,5.0,6
1957800,5.0,5.0,6
1957850,5.0,5.0,6
1957900,5.0,5.0,6
1957950,5.0,5.0,6
1958000,5.0,5.0,6
1958050,5.0,5.0,6
1958100,5.0,5.0,6
1958150,5.0,5.0,6
1958200,5.0,5.0,6
1958250,5.0,5.0,6
1958300,5.0,5.0,6
1958350,5.0,5.0,6
1958400,5.0,5.0,6
1958450,5.0,5.0,6
1958500,5.0,5.0,6
1958550,5.0,5.0,6
1958600,5.0,5.0,6
1958650,5.0,5.0,6
1958700,5.0,5.0,6
1958750,5.0,5.0,6
1958800,5.0,5.0,6
1958850,5.0,5.0,6
1958900,5.0,5.0,6
1958950,5.0,5.0,6
1959000,5.0,5.0,6
1959050,5.0,5.0,6
1959100,5.0,5.0,6
1959150,5.0,5.0,6
1959200,5.0,5.0,6
1959250,5.0,5.0,6
1959300,5.0,5.0,6
1959350,5.0,5.0,6
1959400,5.0,5.0,6
1959450,5.0,5.0,6
1959500,5.0,5.0,6
1959550,5.0,5.0,6
1959600,5.0,5.0,6
1959650,5.0,5.0,6
1959700,5.0,5.0,6
1959750,5.0,5.0,6
1959800,5.0,5.0,6
1959850,5.0,5.0,6
1959900,5.0,5.0,6
1959950,5.0,5.0,6
1960000,5.0,5.0,6
1960050,5.0,5.0,6
1960100,5.0,5.0,6
1960150,5.0,5.0,6
1960200,5.0,5.0,6
1960250,5.0,5.0,6
1960300,5.0,5.0,6
1960350,5.0,5.0,6
1960400,5.0,5.0,6
1960450,5.0,5.0,6
1960500,5.0,5.0,6
1960550,5.0,5.0,6
1960600,5.0,5.0,6
1960650,5.0,5.0,6
1960700,5.0,5.0,6
1960750,5.0,5.0,6
1960800,5.0,5.0,6
1960850,5.0,5.0,6
1960900,5.0,5.0,6
1960950,5.0,5.0,6
1961000,5.0,5.0,6
1961050,5.0,5.0,6
1961100,5.0,5.0,6
1961150,5.0,5.0,6
1961200,5.0,5.0,6
1961250,5.0,5.0,6
1961300,5.0,5.0,6
1961350,5.0,5.0,6
1961400,5.0,5.0,6
1961450,5.0,5.0,6
1961500,5.0,5.0,6
1961550,5.0,5.0,6
1961600,5.0,5.0,6
1961650,5.0,5.0,6
1961700,5.0,5.0,6
1961750,5.0,5.0,6
1961800,5.0,5.0,6
1961850,5.0,5.0,6
1961900,5.0,5.0,6
1961950,5.0,5.0,6
1962000,5.0,5.0,6
1962050,5.0,5.0,6
1962100,5.0,5.0,6
1962150,5.0,5.0,6
1962200,5.0,5.0,6
1962250,5.0,5.0,6
1962300,5.0,5.0,6
1962350,5.0,5.0,6
1962400,5.0,5.0,6
1962450,5.0,5.0,6
1962500,5.0,5.0,6
1962550,5.0,5.0,6
1962600,5.0,5.0,6
1962650,5.0,5.0,6
1962700,5.0,5.0,6
1962750,5.0,5.0,6
1962800,5.0,5.0,6
1962850,5.0,5.0,6
1962900,5.0,5.0,6
1962950,5.0,5.0,6
1963000,5.0,5.0,6
1963050,5.0,5.0,6
1963100,5.0,5.0,6
1963150,5.0,5.0,6
1963200,5.0,5.0,6
1963250,5.0,5.0,6
1963300,5.0,5.0,6
1963350,5.0,5.0,6
1963400,5.0,5.0,6
1963450,5.0,5.0,6
1963500,5.0,5.0,6
1963550,5.0,5.0,6
1963600,5.0,5.0,6
1963650,5.0,5.0,6
1963700,5.0,5.0,6
1963750,5.0,5.0,6
1963800,5.0,5.0,6
1963850,5.0,5.0,6
1963900,5.0,5.0,6
1963950,5.0,5.0,6
1964000,5.0,5.0,6
1964050,5.0,5.0,6
1964100,5.0,5.0,6
1964150,5.0,5.0,6
1964200,5.0,5.0,6
1964250,5.0,5.0,6
1964300,5.0,5.0,6
1964350,5.0,5.0,6
1964400,5.0,5.0,6
1964450,5.0,5.0,6
1964500,5.0,5.0,6
1964550,5.0,5.0,6
1964600,5.0,5.0,6
1964650,5.0,5.0,6
1964700,5.0,5.0,6
1964750,5.0,5.0,6
1964800,5.0,5.0,6
1964850,5.0,5.0,6
1964900,5.0,5.0,6
1964950,5.0,5.0,6
1965000,5.0,5.0,6
1965050,5.0,5.0,6
1965100,5.0,5.0,6
1965150,5.0,5.0,6
1965200,5.0,5.0,6
1965250,5.0,5.0,6
1965300,5.0,5.0,6
1965350,5.0,5.0,6
1965400,5.0,5.0,6
1965450,5.0,5.0,6
1965500,5.0,5.0,6
1965550,5.0,5.0,6
1965600,5.0,5.0,6
1965650,5.0,5.0,6
1965700,5.0,5.0,6
1965750,5.0,5.0,6
1965800,5.0,5.0,6
1965850,5.0,5.0,6
1965900,5.0,5.0,6
1965950,5.0,5.0,6
1966000,5.0,5.0,6
1966050,5.0,5.0,6
1966100,5.0,5.0,6
1966150,5.0,5.0,6
1966200,5.0,5.0,6
1966250,5.0,5.0,6
1966300,5.0,5.0,6
1966350,5.0,5.0,6
1966400,5.0,5.0,6
1966450,5.0,5.0,6
1966500,5.0,5.0,6
1966550,5.0,5.0,6
1966600,5.0,5.0,6
1966650,5.0,5.0,6
1966700,5.0,5.0,6
1966750,5.0,5.0,6
1966800,5.0,5.0,6
1966850,5.0,5.0,6
1966900,5.0,5.0,6
1966950,5.0,5.0,6
1967000,5.0,5.0,6
1967050,5.0,5.0,6
1967100,5.0,5.0,6
1967150,5.0,5.0,6
1967200,5.0,5.0,6
1967250,5.0,5.0,6
1967300,5.0,5.0,6
1967350,5.0,5.0,6
1967400,5.0,5.0,6
1967450,5.0,5.0,6
1967500,5.0,5.0,6
1967550,5.0,5.0,6
1967600,5.0,5.0,6
1967650,5.0,5.0,6
1967700,5.0,5.0,6
1967750,5.0,5.0,6
1967800,5.0,5.0,6
1967850,5.0,5.0,6
1967900,5.0,5.0,6
1967950,5.0,5.0,6
1968000,5.0,5.0,6
1968050,5.0,5.0,6
1968100,5.0,5.0,6
1968150,5.0,5.0,6
1968200,5.0,5.0,6
1968250,5.0,5.0,6
1968300,5.0,5.0,6
1968350,5.0,5.0,6
1968400,5.0,5.0,6
1968450,5.0,5.0,6
1968500,5.0,5.0,6
1968550,5.0,5.0,6
1968600,5.0,5.0,6
1968650,5.0,5.0,6
1968700,5.0,5.0,6
1968750,5.0,5.0,6
1968800,5.0,5.0,6
1968850,5.0,5.0,6
1968900,5.0,5.0,6
1968950,5.0,5.0,6
1969000,5.0,5.0,6
1969050,5.0,5.0,6
1969100,5.0,5.0,6
1969150,5.0,5.0,6
1969200,5.0,5.0,6
1969250,5.0,5.0,6
1969300,5.0,5.0,6
1969350,5.0,5.0,6
1969400,5.0,5.0,6
1969450,5.0,5.0,6
1969500,5.0,5.0,6
1969550,5.0,5.0,6
1969600,5.0,5.0,6
1969650,5.0,5.0,6
1969700,5.0,5.0,6
1969750,5.0,5.0,6
1969800,5.0,5.0,6
1969850,5.0,5.0,6
1969900,5.0,5.0,6
1969950,5.0,5.0,6
1970000,5.0,5.0,6
1970050,5.0,5.0,6
1970100,5.0,5.0,6
1970150,5.0,5.0,6
1970200,5.0,5.0,6
1970250,5.0,5.0,6
1970300,5.0,5.0,6
1970350,5.0,5.0,6
1970400,5.0,5.0,6
1970450,5.0,5.0,6
1970500,5.0,5.0,6
1970550,5.0,5.0,6
1970600,5.0,5.0,6
1970650,5.0,5.0,6
1970700,5.0,5.0,6
1970750,5.0,5.0,6
1970800,5.0,5.0,6
1970850,5.0,5.0,6
1970900,5.0,5.0,6
1970950,5.0,5.0,6
1971000,5.0,5.0,6
1971050,5.0,5.0,6
1971100,5.0,5.0,6
1971150,5.0,5.0,6
1971200,5.0,5.0,6
1971250,5.0,5.0,6
1971300,5.0,5.0,6
1971350,5.0,5.0,6
1971400,5.0,5.0,6
1971450,5.0,5.0,6
1971500,5.0,5.0,6
1971550,5.0,5.0,6
1971600,5.0,5.0,6
1971650,5.0,5.0,6
1971700,5.0,5.0,6
1971750,5.0,5.0,6
1971800,5.0,5.0,6
1971850,5.0,5.0,6
1971900,5.0,5.0,6
1971950,5.0,5.0,6
1972000,5.0,5.0,6
1972050,5.0,5.0,6
1972100,5.0,5.0,6
1972150,5.0,5.0,6
1972200,5.0,5.0,6
1972250,5.0,5.0,6
1972300,5.0,5.0,6
1972350,5.0,5.0,6
1972400,5.0,5.0,6
1972450,5.0,5.0,6
1972500,5.0,5.0,6
1972550,5.0,5.0,6
1972600,5.0,5.0,6
1972650,5.0,5.0,6
1972700,5.0,5.0,6
1972750,5.0,5.0,6
1972800,5.0,5.0,6
1972850,5.0,5.0,6
1972900,5.0,5.0,6
1972950,5.0,5.0,6
1973000,5.0,5.0,6
1973050,5.0,5.0,6
1973100,5.0,5.0,6
1973150,5.0,5.0,6
1973200,5.0,5.0,6
1973250,5.0,5.0,6
1973300,5.0,5.0,6
1973350,5.0,5.0,6
1973400,5.0,5.0,6
1973450,5.0,5.0,6
1973500,5.0,5.0,6
1973550,5.0,5.0,6
1973600,5.0,5.0,6
1973650,5.0,5.0,6
1973700,5.0,5.0,6
1973750,5.0,5.0,6
1973800,5.0,5.0,6
1973850,5.0,5.0,6
1973900,5.0,5.0,6
1973950,5.0,5.0,6
1974000,5.0,5.0,6
1974050,5.0,5.0,6
1974100,5.0,5.0,6
1974150,5.0,5.0,6
1974200,5.0,5.0,6
1974250,5.0,5.0,6
1974300,5.0,5.0,6
1974350,5.0,5.0,6
1974400,5.0,5.0,6
1974450,5.0,5.0,6
1974500,5.0,5.0,6
1974550,5.0,5.0,6
1974600,5.0,5.0,6
1974650,5.0,5.0,6
1974700,5.0,5.0,6
1974750,5.0,5.0,6
1974800,5.0,5.0,6
1974850,5.0,5.0,6
1974900,5.0,5.0,6
1974950,5.0,5.0,6
1975000,5.0,5.0,6
1975050,5.0,5.0,6
1975100,5.0,5.0,6
1975150,5.0,5.0,6
1975200,5.0,5.0,6
1975250,5.0,5.0,6
1975300,5.0,5.0,6
1975350,5.0,5.0,6
1975400,5.0,5.0,6
1975450,5.0,5.0,6
1975500,5.0,5.0,6
1975550,5.0,5.0,6
1975600,5.0,5.0,6
1975650,5.0,5.0,6
1975700,5.0,5.0,6
1975750,5.0,5.0,6
1975800,5.0,5.0,6
1975850,5.0,5.0,6
1975900,5.0,5.0,6
1975950,5.0,5.0,6
1976000,5.0,5.0,6
1976050,5.0,5.0,6
1976100,5.0,5.0,6
1976150,5.0,5.0,6
1976200,5.0,5.0,6
1976250,5.0,5.0,6
1976300,5.0,5.0,6
1976350,5.0,5.0,6
1976400,5.0,5.0,6
1976450,5.0,5.0,6
1976500,5.0,5.0,6
1976550,5.0,5.0,6
1976600,5.0,5.0,6
1976650,5.0,5.0,6
1976700,5.0,5.0,6
1976750,5.0,5.0,6
1976800,5.0,5.0,6
1976850,5.0,5.0,6
1976900,5.0,5.0,6
1976950,5.0,5.0,6
1977000,5.0,5.0,6
1977050,5.0,5.0,6
1977100,5.0,5.0,6
1977150,5.0,5.0,6
1977200,5.0,5.0,6
1977250,5.0,5.0,6
1977300,5.0,5.0,6
1977350,5.0,5.0,6
1977400,5.0,5.0,6
1977450,5.0,5.0,6
1977500,5.0,5.0,6
1977550,5.0,5.0,6
1977600,5.0,5.0,6
1977650,5.0,5.0,6
1977700,5.0,5.0,6
1977750,5.0,5.0,6
1977800,5.0,5.0,6
1977850,5.0,5.0,6
1977900,5.0,5.0,6
1977950,5.0,5.0,6
1978000,5.0,5.0,6
1978050,5.0,5.0,6
1978100,5.0,5.0,6
1978150,5.0,5.0,6
1978200,5.0,5.0,6
1978250,5.0,5.0,6
1978300,5.0,5.0,6
1978350,5.0,5.0,6
1978400,5.0,5.0,6
1978450,5.0,5.0,6
1978500,5.0,5.0,6
1978550,5.0,5.0,6
1978600,5.0,5.0,6
1978650,5.0,5.0,6
1978700,5.0,5.0,6
1978750,5.0,5.0,6
1978800,5.0,5.0,6
1978850,5.0,5.0,6
1978900,5.0,5.0,6
1978950,5.0,5.0,6
1979000,5.0,5.0,6
1979050,5.0,5.0,6
1979100,5.0,5.0,6
1979150,5.0,5.0,6
1979200,5.0,5.0,6
1979250,5.0,5.0,6
1979300,5.0,5.0,6
1979350,5.0,5.0,6
1979400,5.0,5.0,6
1979450,5.0,5.0,6
1979500,5.0,5.0,6
1979550,5.0,5.0,6
1979600,5.0,5.0,6
1979650,5.0,5.0,6
1979700,5.0,5.0,6
1979750,5.0,5.0,6
1979800,5.0,5.0,6
1979850,5.0,5.0,6
1979900,5.0,5.0,6
1979950,5.0,5.0,6
1980000,5.0,5.0,6
1980050,5.0,5.0,6
1980100,5.0,5.0,6
1980150,5.0,5.0,6
1980200,5.0,5.0,6
1980250,5.0,5.0,6
1980300,5.0,5.0,6
1980350,5.0,5.0,6
1980400,5.0,5.0,6
1980450,5.0,5.0,6
1980500,5.0,5.0,6
1980550,5.0,5.0,6
1980600,5.0,5.0,6
1980650,5.0,5.0,6
1980700,5.0,5.0,6
1980750,5.0,5.0,6
1980800,5.0,5.0,6
1980850,5.0,5.0,6
1980900,5.0,5.0,6
1980950,5.0,5.0,6
1981000,5.0,5.0,6
1981050,5.0,5.0,6
1981100,5.0,5.0,6
1981150,5.0,5.0,6
1981200,5.0,5.0,6
1981250,5.0,5.0,6
1981300,5.0,5.0,6
1981350,5.0,5.0,6
1981400,5.0,5.0,6
1981450,5.0,5.0,6
1981500,5.0,5.0,6
1981550,5.0,5.0,6
1981600,5.0,5.0,6
1981650,5.0,5.0,6
1981700,5.0,5.0,6
1981750,5.0,5.0,6
1981800,5.0,5.0,6
1981850,5.0,5.0,6
1981900,5.0,5.0,6
1981950,5.0,5.0,6
1982000,5.0,5.0,6
1982050,5.0,5.0,6
1982100,5.0,5.0,6
1982150,5.0,5.0,6
1982200,5.0,5.0,6
1982250,5.0,5.0,6
1982300,5.0,5.0,6
1982350,5.0,5.0,6
1982400,5.0,5.0,6
1982450,5.0,5.0,6
1982500,5.0,5.0,6
1982550,5.0,5.0,6
1982600,5.0,5.0,6
1982650,5.0,5.0,6
1982700,5.0,5.0,6
1982750,5.0,5.0,6
1982800,5.0,5.0,6
1982850,5.0,5.0,6
1982900,5.0,5.0,6
1982950,5.0,5.0,6
1983000,5.0,5.0,6
1983050,5.0,5.0,6
1983100,5.0,5.0,6
1983150,5.0,5.0,6
1983200,5.0,5.0,6
1983250,5.0,5.0,6
1983300,5.0,5.0,6
1983350,5.0,5.0,6
1983400,5.0,5.0,6
1983450,5.0,5.0,6
1983500,5.0,5.0,6
1983550,5.0,5.0,6
1983600,5.0,5.0,6
1983650,5.0,5.0,6
1983700,5.0,5.0,6
1983750,5.0,5.0,6
1983800,5.0,5.0,6
1983850,5.0,5.0,6
1983900,5.0,5.0,6
1983950,5.0,5.0,6
1984000,5.0,5.0,6
1984050,5.0,5.0,6
1984100,5.0,5.0,6
1984150,5.0,5.0,6
1984200,5.0,5.0,6
1984250,5.0,5.0,6
1984300,5.0,5.0,6
1984350,5.0,5.0,6
1984400,5.0,5.0,6
1984450,5.0,5.0,6
1984500,5.0,5.0,6
1984550,5.0,5.0,6
1984600,5.0,5.0,6
1984650,5.0,5.0,6
1984700,5.0,5.0,6
1984750,5.0,5.0,6
1984800,5.0,5.0,6
1984850,5.0,5.0,6
1984900,5.0,5.0,6
1984950,5.0,5.0,6
1985000,5.0,5.0,6
1985050,5.0,5.0,6
1985100,5.0,5.0,6
1985150,5.0,5.0,6
1985200,5.0,5.0,6
1985250,5.0,5.0,6
1985300,5.0,5.0,6
1985350,5.0,5.0,6
1985400,5.0,5.0,6
1985450,5.0,5.0,6
1985500,5.0,5.0,6
1985550,5.0,5.0,6
1985600,5.0,5.0,6
1985650,5.0,5.0,6
1985700,5.0,5.0,6
1985750,5.0,5.0,6
1985800,5.0,5.0,6
1985850,5.0,5.0,6
1985900,5.0,5.0,6
1985950,5.0,5.0,6
1986000,5.0,5.0,6
1986050,5.0,5.0,6
1986100,5.0,5.0,6
1986150,5.0,5.0,6
1986200,5.0,5.0,6
1986250,5.0,5.0,6
1986300,5.0,5.0,6
1986350,5.0,5.0,6
1986400,5.0,5.0,6
1986450,5.0,5.0,6
1986500,5.0,5.0,6
1986550,5.0,5.0,6
1986600,5.0,5.0,6
1986650,5.0,5.0,6
1986700,5.0,5.0,6
1986750,5.0,5.0,6
1986800,5.0,5.0,6
1986850,5.0,5.0,6
1986900,5.0,5.0,6
1986950,5.0,5.0,6
1987000,5.0,5.0,6
1987050,5.0,5.0,6
1987100,5.0,5.0,6
1987150,5.0,5.0,6
1987200,5.0,5.0,6
1987250,5.0,5.0,6
1987300,5.0,5.0,6
1987350,5.0,5.0,6
1987400,5.0,5.0,6
1987450,5.0,5.0,6
1987500,5.0,5.0,6
1987550,5.0,5.0,6
1987600,5.0,5.0,6
1987650,5.0,5.0,6
1987700,5.0,5.0,6
1987750,5.0,5.0,6
1987800,5.0,5.0,6
1987850,5.0,5.0,6
1987900,5.0,5.0,6
1987950,5.0,5.0,6
1988000,5.0,5.0,6
1988050,5.0,5.0,6
1988100,5.0,5.0,6
1988150,5.0,5.0,6
1988200,5.0,5.0,6
1988250,5.0,5.0,6
1988300,5.0,5.0,6
1988350,5.0,5.0,6
1988400,5.0,5.0,6
1988450,5.0,5.0,6
1988500,5.0,5.0,6
1988550,5.0,5.0,6
1988600,5.0,5.0,6
1988650,5.0,5.0,6
1988700,5.0,5.0,6
1988750,5.0,5.0,6
1988800,5.0,5.0,6
1988850,5.0,5.0,6
1988900,5.0,5.0,6
1988950,5.0,5.0,6
1989000,5.0,5.0,6
1989050,5.0,5.0,6
1989100,5.0,5.0,6
1989150,5.0,5.0,6
1989200,5.0,5.0,6
1989250,5.0,5.0,6
1989300,5.0,5.0,6
1989350,5.0,5.0,6
1989400,5.0,5.0,6
1989450,5.0,5.0,6
1989500,5.0,5.0,6
1989550,5.0,5.0,6
1989600,5.0,5.0,6
1989650,5.0,5.0,6
1989700,5.0,5.0,6
1989750,5.0,5.0,6
1989800,5.0,5.0,6
1989850,5.0,5.0,6
1989900,5.0,5.0,6
1989950,5.0,5.0,6
1990000,5.0,5.0,6
1990050,5.0,5.0,6
1990100,5.0,5.0,6
1990150,5.0,5.0,6
1990200,5.0,5.0,6
1990250,5.0,5.0,6
1990300,5.0,5.0,6
1990350,5.0,5.0,6
1990400,5.0,5.0,6
1990450,5.0,5.0,6
1990500,5.0,5.0,6
1990550,5.0,5.0,6
1990600,5.0,5.0,6
1990650,5.0,5.0,6
1990700,5.0,5.0,6
1990750,5.0,5.0,6
1990800,5.0,5.0,6
1990850,5.0,5.0,6
1990900,5.0,5.0,6
1990950,5.0,5.0,6
1991000,5.0,5.0,6
1991050,5.0,5.0,6
1991100,5.0,5.0,6
1991150,5.0,5.0,6
1991200,5.0,5.0,6
1991250,5.0,5.0,6
1991300,5.0,5.0,6
1991350,5.0,5.0,6
1991400,5.0,5.0,6
1991450,5.0,5.0,6
1991500,5.0,5.0,6
1991550,5.0,5.0,6
1991600,5.0,5.0,6
1991650,5.0,5.0,6
1991700,5.0,5.0,6
1991750,5.0,5.0,6
1991800,5.0,5.0,6
1991850,5.0,5.0,6
1991900,5.0,5.0,6
1991950,5.0,5.0,6
1992000,5.0,5.0,6
1992050,5.0,5.0,6
1992100,5.0,5.0,6
1992150,5.0,5.0,6
1992200,5.0,5.0,6
1992250,5.0,5.0,6
1992300,5.0,5.0,6
1992350,5.0,5.0,6
1992400,5.0,5.0,6
1992450,5.0,5.0,6
1992500,5.0,5.0,6
1992550,5.0,5.0,6
1992600,5.0,5.0,6
1992650,5.0,5.0,6
1992700,5.0,5.0,6
1992750,5.0,5.0,6
1992800,5.0,5.0,6
1992850,5.0,5.0,6
1992900,5.0,5.0,6
1992950,5.0,5.0,6
1993000,5.0,5.0,6
1993050,5.0,5.0,6
1993100,5.0,5.0,6
1993150,5.0,5.0,6
1993200,5.0,5.0,6
1993250,5.0,5.0,6
1993300,5.0,5.0,6
1993350,5.0,5.0,6
1993400,5.0,5.0,6
1993450,5.0,5.0,6
1993500,5.0,5.0,6
1993550,5.0,5.0,6
1993600,5.0,5.0,6
1993650,5.0,5.0,6
1993700,5.0,5.0,6
1993750,5.0,5.0,6
1993800,5.0,5.0,6
1993850,5.0,5.0,6
1993900,5.0,5.0,6
1993950,5.0,5.0,6
1994000,5.0,5.0,6
1994050,5.0,5.0,6
1994100,5.0,5.0,6
1994150,5.0,5.0,6
1994200,5.0,5.0,6
1994250,5.0,5.0,6
1994300,5.0,5.0,6
1994350,5.0,5.0,6
1994400,5.0,5.0,6
1994450,5.0,5.0,6
1994500,5.0,5.0,6
1994550,5.0,5.0,6
1994600,5.0,5.0,6
1994650,5.0,5.0,6
1994700,5.0,5.0,6
1994750,5.0,5.0,6
1994800,5.0,5.0,6
1994850,5.0,5.0,6
1994900,5.0,5.0,6
1994950,5.0,5.0,6
1995000,5.0,5.0,6
1995050,5.0,5.0,6
1995100,5.0,5.0,6
1995150,5.0,5.0,6
1995200,5.0,5.0,6
1995250,5.0,5.0,6
1995300,5.0,5.0,6
1995350,5.0,5.0,6
1995400,5.0,5.0,6
1995450,5.0,5.0,6
1995500,5.0,5.0,6
1995550,5.0,5.0,6
1995600,5.0,5.0,6
1995650,5.0,5.0,6
1995700,5.0,5.0,6
1995750,5.0,5.0,6
1995800,5.0,5.0,6
1995850,5.0,5.0,6
1995900,5.0,5.0,6
1995950,5.0,5.0,6
1996000,5.0,5.0,6
1996050,5.0,5.0,6
1996100,5.0,5.0,6
1996150,5.0,5.0,6
1996200,5.0,5.0,6
1996250,5.0,5.0,6
1996300,5.0,5.0,6
1996350,5.0,5.0,6
1996400,5.0,5.0,6
1996450,5.0,5.0,6
1996500,5.0,5.0,6
1996550,5.0,5.0,6
1996600,5.0,5.0,6
1996650,5.0,5.0,6
1996700,5.0,5.0,6
1996750,5.0,5.0,6
1996800,5.0,5.0,6
1996850,5.0,5.0,6
1996900,5.0,5.0,6
1996950,5.0,5.0,6
1997000,5.0,5.0,6
1997050,5.0,5.0,6
1997100,5.0,5.0,6
1997150,5.0,5.0,6
1997200,5.0,5.0,6
1997250,5.0,5.0,6
1997300,5.0,5.0,6
1997350,5.0,5.0,6
1997400,5.0,5.0,6
1997450,5.0,5.0,6
1997500,5.0,5.0,6
1997550,5.0,5.0,6
1997600,5.0,5.0,6
1997650,5.0,5.0,6
1997700,5.0,5.0,6
1997750,5.0,5.0,6
1997800,5.0,5.0,6
1997850,5.0,5.0,6
1997900,5.0,5.0,6
1997950,5.0,5.0,6
1998000,5.0,5.0,6
1998050,5.0,5.0,6
1998100,5.0,5.0,6
1998150,5.0,5.0,6
1998200,5.0,5.0,6
1998250,5.0,5.0,6
1998300,5.0,5.0,6
1998350,5.0,5.0,6
1998400,5.0,5.0,6
1998450,5.0,5.0,6
1998500,5.0,5.0,6
1998550,5.0,5.0,6
1998600,5.0,5.0,6
1998650,5.0,5.0,6
1998700,5.0,5.0,6
1998750,5.0,5.0,6
1998800,5.0,5.0,6
1998850,5.0,5.0,6
1998900,5.0,5.0,6
1998950,5.0,5.0,6
1999000,5.0,5.0,6
1999050,5.0,5.0,6
1999100,5.0,5.0,6
1999150,5.0,5.0,6
1999200,5.0,5.0,6
1999250,5.0,5.0,6
1999300,5.0,5.0,6
1999350,5.0,5.0,6
1999400,5.0,5.0,6
1999450,5.0,5.0,6
1999500,5.0,5.0,6
1999550,5.0,5.0,6
1999600,5.0,5.0,6
1999650,5.0,5.0,6
1999700,5.0,5.0,6
1999750,5.0,5.0,6
1999800,5.0,5.0,6
1999850,5.0,5.0,6
1999900,5.0,5.0,6
1999950,5.0,5.0,6
2000000,5.0,5.0,6
2000050,5.0,5.0,6
2000100,5.0,5.0,6
2000150,5.0,5.0,6
2000200,5.0,5.0,6
2000250,5.0,5.0,6
2000300,5.0,5.0,6
2000350,5.0,5.0,6
2000400,5.0,5.0,6
2000450,5.0,5.0,6
2000500,5.0,5.0,6
2000550,5.0,5.0,6
2000600,5.0,5.0,6
2000650,5.0,5.0,6
2000700,5.0,5.0,6
2000750,5.0,5.0,6
2000800,5.0,5.0,6
2000850,5.0,5.0,6
2000900,5.0,5.0,6
2000950,5.0,5.0,6
2001000,5.0,5.0,6
2001050,5.0,5.0,6
2001100,5.0,5.0,6
2001150,5.0,5.0,6
2001200,5.0,5.0,6
2001250,5.0,5.0,6
2001300,5.0,5.0,6
2001350,5.0,5.0,6
2001400,5.0,5.0,6
2001450,5.0,5.0,6
2001500,5.0,5.0,6
2001550,5.0,5.0,6
2001600,5.0,5.0,6
2001650,5.0,5.0,6
2001700,5.0,5.0,6
2001750,5.0,5.0,6
2001800,5.0,5.0,6
2001850,5.0,5.0,6
2001900,5.0,5.0,6
2001950,5.0,5.0,6
2002000,5.0,5.0,6
2002050,5.0,5.0,6
2002100,5.0,5.0,6
2002150,5.0,5.0,6
2002200,5.0,5.0,6
2002250,5.0,5.0,6
2002300,5.0,5.0,6
2002350,5.0,5.0,6
2002400,5.0,5.0,6
2002450,5.0,5.0,6
2002500,5.0,5.0,6
2002550,5.0,5.0,6
2002600,5.0,5.0,6
2002650,5.0,5.0,6
2002700,5.0,5.0,6
2002750,5.0,5.0,6
2002800,5.0,5.0,6
2002850,5.0,5.0,6
2002900,5.0,5.0,6
2002950,5.0,5.0,6
2003000,5.0,5.0,6
2003050,5.0,5.0,6
2003100,5.0,5.0,6
2003150,5.0,5.0,6
2003200,5.0,5.0,6
2003250,5.0,5.0,6
2003300,5.0,5.0,6
2003350,5.0,5.0,6
2003400,5.0,5.0,6
2003450,5.0,5.0,6
2003500,5.0,5.0,6
2003550,5.0,5.0,6
2003600,5.0,5.0,6
2003650,5.0,5.0,6
2003700,5.0,5.0,6
2003750,5.0,5.0,6
2003800,5.0,5.0,6
2003850,5.0,5.0,6
2003900,5.0,5.0,6
2003950,5.0,5.0,6
2004000,5.0,5.0,6
2004050,5.0,5.0,6
2004100,5.0,5.0,6
2004150,5.0,5.0,6
2004200,5.0,5.0,6
2004250,5.0,5.0,6
2004300,5.0,5.0,6
2004350,5.0,5.0,6
2004400,5.0,5.0,6
2004450,5.0,5.0,6
2004500,5.0,5.0,6
2004550,5.0,5.0,6
2004600,5.0,5.0,6
2004650,5.0,5.0,6
2004700,5.0,5.0,6
2004750,5.0,5.0,6
2004800,5.0,5.0,6
2004850,5.0,5.0,6
2004900,5.0,5.0,6
2004950,5.0,5.0,6
2005000,5.0,5.0,6
2005050,5.0,5.0,6
2005100,5.0,5.0,6
2005150,5.0,5.0,6
2005200,5.0,5.0,6
2005250,5.0,5.0,6
2005300,5.0,5.0,6
2005350,5.0,5.0,6
2005400,5.0,5.0,6
2005450,5.0,5.0,6
2005500,5.0,5.0,6
2005550,5.0,5.0,6
2005600,5.0,5.0,6
2005650,5.0,5.0,6
2005700,5.0,5.0,6
2005750,5.0,5.0,6
2005800,5.0,5.0,6
2005850,5.0,5.0,6
2005900,5.0,5.0,6
2005950,5.0,5.0,6
2006000,5.0,5.0,6
2006050,5.0,5.0,6
2006100,5.0,5.0,6
2006150,5.0,5.0,6
2006200,5.0,5.0,6
2006250,5.0,5.0,6
2006300,5.0,5.0,6
2006350,5.0,5.0,6
2006400,5.0,5.0,6
2006450,5.0,5.0,6
2006500,5.0,5.0,6
2006550,5.0,5.0,6
2006600,5.0,5.0,6
2006650,5.0,5.0,6
2006700,5.0,5.0,6
2006750,5.0,5.0,6
2006800,5.0,5.0,6
2006850,5.0,5.0,6
2006900,5.0,5.0,6
2006950,5.0,5.0,6
2007000,5.0,5.0,6
2007050,5.0,5.0,6
2007100,5.0,5.0,6
2007150,5.0,5.0,6
2007200,5.0,5.0,6
2007250,5.0,5.0,6
2007300,5.0,5.0,6
2007350,5.0,5.0,6
2007400,5.0,5.0,6
2007450,5.0,5.0,6
2007500,5.0,5.0,6
2007550,5.0,5.0,6
2007600,5.0,5.0,6
2007650,5.0,5.0,6
2007700,5.0,5.0,6
2007750,5.0,5.0,6
2007800,5.0,5.0,6
2007850,5.0,5.0,6
2007900,5.0,5.0,6
2007950,5.0,5.0,6
2008000,5.0,5.0,6
2008050,5.0,5.0,6
2008100,5.0,5.0,6
2008150,5.0,5.0,6
2008200,5.0,5.0,6
2008250,5.0,5.0,6
2008300,5.0,5.0,6
2008350,5.0,5.0,6
2008400,5.0,5.0,6
2008450,5.0,5.0,6
2008500,5.0,5.0,6
2008550,5.0,5.0,6
2008600,5.0,5.0,6
2008650,5.0,5.0,6
2008700,5.0,5.0,6
2008750,5.0,5.0,6
2008800,5.0,5.0,6
2008850,5.0,5.0,6
2008900,5.0,5.0,6
2008950,5.0,5.0,6
2009000,5.0,5.0,6
2009050,5.0,5.0,6
2009100,5.0,5.0,6
2009150,5.0,5.0,6
2009200,5.0,5.0,6
2009250,5.0,5.0,6
2009300,5.0,5.0,6
2009350,5.0,5.0,6
2009400,5.0,5.0,6
2009450,5.0,5.0,6
2009500,5.0,5.0,6
2009550,5.0,5.0,6
2009600,5.0,5.0,6
2009650,5.0,5.0,6
2009700,5.0,5.0,6
2009750,5.0,5.0,6
2009800,5.0,5.0,6
2009850,5.0,5.0,6
2009900,5.0,5.0,6
2009950,5.0,5.0,6
2010000,5.0,5.0,6
2010050,5.0,5.0,6
2010100,5.0,5.0,6
2010150,5.0,5.0,6
2010200,5.0,5.0,6
2010250,5.0,5.0,6
2010300,5.0,5.0,6
2010350,5.0,5.0,6
2010400,5.0,5.0,6
2010450,5.0,5.0,6
2010500,5.0,5.0,6
2010550,5.0,5.0,6
2010600,5.0,5.0,6
2010650,5.0,5.0,6
2010700,5.0,5.0,6
2010750,5.0,5.0,6
2010800,5.0,5.0,6
2010850,5.0,5.0,6
2010900,5.0,5.0,6
2010950,5.0,5.0,6
2011000,5.0,5.0,6
2011050,5.0,5.0,6
2011100,5.0,5.0,6
2011150,5.0,5.0,6
2011200,5.0,5.0,6
2011250,5.0,5.0,6
2011300,5.0,5.0,6
2011350,5.0,5.0,6
2011400,5.0,5.0,6
2011450,5.0,5.0,6
2011500,5.0,5.0,6
2011550,5.0,5.0,6
2011600,5.0,5.0,6
2011650,5.0,5.0,6
2011700,5.0,5.0,6
2011750,5.0,5.0,6
2011800,5.0,5.0,6
2011850,5.0,5.0,6
2011900,5.0,5.0,6
2011950,5.0,5.0,6
2012000,5.0,5.0,6
2012050,5.0,5.0,6
2012100,5.0,5.0,6
2012150,5.0,5.0,6
2012200,5.0,5.0,6
2012250,5.0,5.0,6
2012300,5.0,5.0,6
2012350,5.0,5.0,6
2012400,5.0,5.0,6
2012450,5.0,5.0,6
2012500,5.0,5.0,6
2012550,5.0,5.0,6
2012600,5.0,5.0,6
2012650,5.0,5.0,6
2012700,5.0,5.0,6
2012750,5.0,5.0,6
2012800,5.0,5.0,6
2012850,5.0,5.0,6
2012900,5.0,5.0,6
2012950,5.0,5.0,6
2013000,5.0,5.0,6
2013050,5.0,5.0,6
2013100,5.0,5.0,6
2013150,5.0,5.0,6
2013200,5.0,5.0,6
2013250,5.0,5.0,6
2013300,5.0,5.0,6
2013350,5.0,5.0,6
2013400,5.0,5.0,6
2013450,5.0,5.0,6
2013500,5.0,5.0,6
2013550,5.0,5.0,6
2013600,5.0,5.0,6
2013650,5.0,5.0,6
2013700,5.0,5.0,6
2013750,5.0,5.0,6
2013800,5.0,5.0,6
2013850,5.0,5.0,6
2013900,5.0,5.0,6
2013950,5.0,5.0,6
2014000,5.0,5.0,6
2014050,5.0,5.0,6
2014100,5.0,5.0,6
2014150,5.0,5.0,6
2014200,5.0,5.0,6
2014250,5.0,5.0,6
2014300,5.0,5.0,6
2014350,5.0,5.0,6
2014400,5.0,5.0,6
2014450,5.0,5.0,6
2014500,5.0,5.0,6
2014550,5.0,5.0,6
2014600,5.0,5.0,6
2014650,5.0,5.0,6
2014700,5.0,5.0,6
2014750,5.0,5.0,6
2014800,5.0,5.0,6
2014850,5.0,5.0,6
2014900,5.0,5.0,6
2014950,5.0,5.0,6
2015000,5.0,5.0,6
2015050,5.0,5.0,6
2015100,5.0,5.0,6
2015150,5.0,5.0,6
2015200,5.0,5.0,6
2015250,5.0,5.0,6
2015300,5.0,5.0,6
2015350,5.0,5.0,6
2015400,5.0,5.0,6
2015450,5.0,5.0,6
2015500,5.0,5.0,6
2015550,5.0,5.0,6
2015600,5.0,5.0,6
2015650,5.0,5.0,6
2015700,5.0,5.0,6
2015750,5.0,5.0,6
2015800,5.0,5.0,6
2015850,5.0,5.0,6
2015900,5.0,5.0,6
2015950,5.0,5.0,6
2016000,5.0,5.0,6
2016050,5.0,5.0,6
2016100,5.0,5.0,6
2016150,5.0,5.0,6
2016200,5.0,5.0,6
2016250,5.0,5.0,6
2016300,5.0,5.0,6
2016350,5.0,5.0,6
2016400,5.0,5.0,6
2016450,5.0,5.0,6
2016500,5.0,5.0,6
2016550,5.0,5.0,6
2016600,5.0,5.0,6
2016650,5.0,5.0,6
2016700,5.0,5.0,6
2016750,5.0,5.0,6
2016800,5.0,5.0,6
2016850,5.0,5.0,6
2016900,5.0,5.0,6
2016950,5.0,5.0,6
2017000,5.0,5.0,6
2017050,5.0,5.0,6
2017100,5.0,5.0,6
2017150,5.0,5.0,6
2017200,5.0,5.0,6
2017250,5.0,5.0,6
2017300,5.0,5.0,6
2017350,5.0,5.0,6
2017400,5.0,5.0,6
2017450,5.0,5.0,6
2017500,5.0,5.0,6
2017550,5.0,5.0,6
2017600,5.0,5.0,6
2017650,5.0,5.0,6
2017700,5.0,5.0,6
2017750,5.0,5.0,6
2017800,5.0,5.0,6
2017850,5.0,5.0,6
2017900,5.0,5.0,6
2017950,5.0,5.0,6
2018000,5.0,5.0,6
2018050,5.0,5.0,6
2018100,5.0,5.0,6
2018150,5.0,5.0,6
2018200,5.0,5.0,6
2018250,5.0,5.0,6
2018300,5.0,5.0,6
2018350,5.0,5.0,6
2018400,5.0,5.0,6
2018450,5.0,5.0,6
2018500,5.0,5.0,6
2018550,5.0,5.0,6
2018600,5.0,5.0,6
2018650,5.0,5.0,6
2018700,5.0,5.0,6
2018750,5.0,5.0,6
2018800,5.0,5.0,6
2018850,5.0,5.0,6
2018900,5.0,5.0,6
2018950,5.0,5.0,6
2019000,5.0,5.0,6
2019050,5.0,5.0,6
2019100,5.0,5.0,6
2019150,5.0,5.0,6
2019200,5.0,5.0,6
2019250,5.0,5.0,6
2019300,5.0,5.0,6
2019350,5.0,5.0,6
2019400,5.0,5.0,6
2019450,5.0,5.0,6
2019500,5.0,5.0,6
2019550,5.0,5.0,6
2019600,5.0,5.0,6
2019650,5.0,5.0,6
2019700,5.0,5.0,6
2019750,5.0,5.0,6
2019800,5.0,5.0,6
2019850,5.0,5.0,6
2019900,5.0,5.0,6
2019950,5.0,5.0,6
2020000,5.0,5.0,6
2020050,5.0,5.0,6
2020100,5.0,5.0,6
2020150,5.0,5.0,6
2020200,5.0,5.0,6
2020250,5.0,5.0,6
2020300,5.0,5.0,6
2020350,5.0,5.0,6
2020400,5.0,5.0,6
2020450,5.0,5.0,6
2020500,5.0,5.0,6
2020550,5.0,5.0,6
2020600,5.0,5.0,6
2020650,5.0,5.0,6
2020700,5.0,5.0,6
2020750,5.0,5.0,6
2020800,5.0,5.0,6
2020850,5.0,5.0,6
2020900,5.0,5.0,6
2020950,5.0,5.0,6
2021000,5.0,5.0,6
2021050,5.0,5.0,6
2021100,5.0,5.0,6
2021150,5.0,5.0,6
2021200,5.0,5.0,6
2021250,5.0,5.0,6
2021300,5.0,5.0,6
2021350,5.0,5.0,6
2021400,5.0,5.0,6
2021450,5.0,5.0,6
2021500,5.0,5.0,6
2021550,5.0,5.0,6
2021600,5.0,5.0,6
2021650,5.0,5.0,6
2021700,5.0,5.0,6
2021750,5.0,5.0,6
2021800,5.0,5.0,6
2021850,5.0,5.0,6
2021900,5.0,5.0,6
2021950,5.0,5.0,6
2022000,5.0,5.0,6
2022050,5.0,5.0,6
2022100,5.0,5.0,6
2022150,5.0,5.0,6
2022200,5.0,5.0,6
2022250,5.0,5.0,6
2022300,5.0,5.0,6
2022350,5.0,5.0,6
2022400,5.0,5.0,6
2022450,5.0,5.0,6
2022500,5.0,5.0,6
2022550,5.0,5.0,6
2022600,5.0,5.0,6
2022650,5.0,5.0,6
2022700,5.0,5.0,6
2022750,5.0,5.0,6
2022800,5.0,5.0,6
2022850,5.0,5.0,6
2022900,5.0,5.0,6
2022950,5.0,5.0,6
2023000,5.0,5.0,6
2023050,5.0,5.0,6
2023100,5.0,5.0,6
2023150,5.0,5.0,6
2023200,5.0,5.0,6
2023250,5.0,5.0,6
2023300,5.0,5.0,6
2023350,5.0,5.0,6
2023400,5.0,5.0,6
2023450,5.0,5.0,6
2023500,5.0,5.0,6
2023550,5.0,5.0,6
2023600,5.0,5.0,6
2023650,5.0,5.0,6
2023700,5.0,5.0,6
2023750,5.0,5.0,6
2023800,5.0,5.0,6
2023850,5.0,5.0,6
2023900,5.0,5.0,6
2023950,5.0,5.0,6
2024000,5.0,5.0,6
2024050,5.0,5.0,6
2024100,5.0,5.0,6
2024150,5.0,5.0,6
2024200,5.0,5.0,6
2024250,5.0,5.0,6
2024300,5.0,5.0,6
2024350,5.0,5.0,6
2024400,5.0,5.0,6
2024450,5.0,5.0,6
2024500,5.0,5.0,6
2024550,5.0,5.0,6
2024600,5.0,5.0,6
2024650,5.0,5.0,6
2024700,5.0,5.0,6
2024750,5.0,5.0,6
2024800,5.0,5.0,6
2024850,5.0,5.0,6
2024900,5.0,5.0,6
2024950,5.0,5.0,6
2025000,5.0,5.0,6
2025050,5.0,5.0,6
2025100,5.0,5.0,6
2025150,5.0,5.0,6
2025200,5.0,5.0,6
2025250,5.0,5.0,6
2025300,5.0,5.0,6
2025350,5.0,5.0,6
2025400,5.0,5.0,6
2025450,5.0,5.0,6
2025500,5.0,5.0,6
2025550,5.0,5.0,6
2025600,5.0,5.0,6
2025650,5.0,5.0,6
2025700,5.0,5.0,6
2025750,5.0,5.0,6
2025800,5.0,5.0,6
2025850,5.0,5.0,6
2025900,5.0,5.0,6
2025950,5.0,5.0,6
2026000,5.0,5.0,6
2026050,5.0,5.0,6
2026100,5.0,5.0,6
2026150,5.0,5.0,6
2026200,5.0,5.0,6
2026250,5.0,5.0,6
2026300,5.0,5.0,6
2026350,5.0,5.0,6
2026400,5.0,5.0,6
2026450,5.0,5.0,6
2026500,5.0,5.0,6
2026550,5.0,5.0,6
2026600,5.0,5.0,6
2026650,5.0,5.0,6
2026700,5.0,5.0,6
2026750,5.0,5.0,6
2026800,5.0,5.0,6
2026850,5.0,5.0,6
2026900,5.0,5.0,6
2026950,5.0,5.0,6
2027000,5.0,5.0,6
2027050,5.0,5.0,6
2027100,5.0,5.0,6
2027150,5.0,5.0,6
2027200,5.0,5.0,6
2027250,5.0,5.0,6
2027300,5.0,5.0,6
2027350,5.0,5.0,6
2027400,5.0,5.0,6
2027450,5.0,5.0,6
2027500,5.0,5.0,6
2027550,5.0,5.0,6
2027600,5.0,5.0,6
2027650,5.0,5.0,6
2027700,5.0,5.0,6
2027750,5.0,5.0,6
2027800,5.0,5.0,6
2027850,5.0,5.0,6
2027900,5.0,5.0,6
2027950,5.0,5.0,6
2028000,5.0,5.0,6
2028050,5.0,5.0,6
2028100,5.0,5.0,6
2028150,5.0,5.0,6
2028200,5.0,5.0,6
2028250,5.0,5.0,6
2028300,5.0,5.0,6
2028350,5.0,5.0,6
2028400,5.0,5.0,6
2028450,5.0,5.0,6
2028500,5.0,5.0,6
2028550,5.0,5.0,6
2028600,5.0,5.0,6
2028650,5.0,5.0,6
2028700,5.0,5.0,6
2028750,5.0,5.0,6
2028800,5.0,5.0,6
2028850,5.0,5.0,6
2028900,5.0,5.0,6
2028950,5.0,5.0,6
2029000,5.0,5.0,6
2029050,5.0,5.0,6
2029100,5.0,5.0,6
2029150,5.0,5.0,6
2029200,5.0,5.0,6
2029250,5.0,5.0,6
2029300,5.0,5.0,6
2029350,5.0,5.0,6
2029400,5.0,5.0,6
2029450,5.0,5.0,6
2029500,5.0,5.0,6
2029550,5.0,5.0,6
2029600,5.0,5.0,6
2029650,5.0,5.0,6
2029700,5.0,5.0,6
2029750,5.0,5.0,6
2029800,5.0,5.0,6
2029850,5.0,5.0,6
2029900,5.0,5.0,6
2029950,5.0,5.0,6
2030000,5.0,5.0,6
2030050,5.0,5.0,6
2030100,5.0,5.0,6
2030150,5.0,5.0,6
2030200,5.0,5.0,6
2030250,5.0,5.0,6
2030300,5.0,5.0,6
2030350,5.0,5.0,6
2030400,5.0,5.0,6
2030450,5.0,5.0,6
2030500,5.0,5.0,6
2030550,5.0,5.0,6
2030600,5.0,5.0,6
2030650,5.0,5.0,6
2030700,5.0,5.0,6
2030750,5.0,5.0,6
2030800,5.0,5.0,6
2030850,5.0,5.0,6
2030900,5.0,5.0,6
2030950,5.0,5.0,6
2031000,5.0,5.0,6
2031050,5.0,5.0,6
2031100,5.0,5.0,6
2031150,5.0,5.0,6
2031200,5.0,5.0,6
2031250,5.0,5.0,6
2031300,5.0,5.0,6
2031350,5.0,5.0,6
2031400,5.0,5.0,6
2031450,5.0,5.0,6
2031500,5.0,5.0,6
2031550,5.0,5.0,6
2031600,5.0,5.0,6
2031650,5.0,5.0,6
2031700,5.0,5.0,6
2031750,5.0,5.0,6
2031800,5.0,5.0,6
2031850,5.0,5.0,6
2031900,5.0,5.0,6
2031950,5.0,5.0,6
2032000,5.0,5.0,6
2032050,5.0,5.0,6
2032100,5.0,5.0,6
2032150,5.0,5.0,6
2032200,5.0,5.0,6
2032250,5.0,5.0,6
2032300,5.0,5.0,6
2032350,5.0,5.0,6
2032400,5.0,5.0,6
2032450,5.0,5.0,6
2032500,5.0,5.0,6
2032550,5.0,5.0,6
2032600,5.0,5.0,6
2032650,5.0,5.0,6
2032700,5.0,5.0,6
2032750,5.0,5.0,6
2032800,5.0,5.0,6
2032850,5.0,5.0,6
2032900,5.0,5.0,6
2032950,5.0,5.0,6
2033000,5.0,5.0,6
2033050,5.0,5.0,6
2033100,5.0,5.0,6
2033150,5.0,5.0,6
2033200,5.0,5.0,6
2033250,5.0,5.0,6
2033300,5.0,5.0,6
2033350,5.0,5.0,6
2033400,5.0,5.0,6
2033450,5.0,5.0,6
2033500,5.0,5.0,6
2033550,5.0,5.0,6
2033600,5.0,5.0,6
2033650,5.0,5.0,6
2033700,5.0,5.0,6
2033750,5.0,5.0,6
2033800,5.0,5.0,6
2033850,5.0,5.0,6
2033900,5.0,5.0,6
2033950,5.0,5.0,6
2034000,5.0,5.0,6
2034050,5.0,5.0,6
2034100,5.0,5.0,6
2034150,5.0,5.0,6
2034200,5.0,5.0,6
2034250,5.0,5.0,6
2034300,5.0,5.0,6
2034350,5.0,5.0,6
2034400,5.013,5.0,6
2034450,5.032,5.0,6
2034500,5.039,5.0,6
2034550,5.048,5.0,6
2034600,5.055,5.0,6
2034650,5.056,5.0,6
2034700,5.056,5.0,6
2034750,5.058,5.0,6
2034800,5.06,5.0,6
2034850,5.062,5.0,6
2034900,5.065,5.0,6
2034950,5.067,5.0,6
2035000,5.067,5.0,6
2035050,5.067,5.0,6
2035100,5.067,5.0,6
2035150,5.067,5.0,6
2035200,5.067,5.0,6
2035250,5.067,5.0,6
2035300,5.067,5.0,6
2035350,5.067,5.0,6
2035400,5.067,5.0,6
2035450,5.067,5.0,6
2035500,5.067,5.0,6
2035550,5.067,5.0,6
2035600,5.067,5.0,6
2035650,5.067,5.0,6
2035700,5.067,5.0,6
2035750,5.067,5.0,6
2035800,5.067,5.0,6
2035850,5.067,5.0,6
2035900,5.067,5.0,6
2035950,5.067,5.0,6
2036000,5.067,5.0,6
2036050,5.067,5.0,6
2036100,5.067,5.0,6
2036150,5.067,5.0,6
2036200,5.067,5.0,6
2036250,5.067,5.0,6
2036300,5.067,5.0,6
2036350,5.067,5.0,6
2036400,5.067,5.0,6
2036450,5.067,5.0,6
2036500,5.067,5.0,6
2036550,5.067,5.0,6
2036600,5.067,5.0,6
2036650,5.067,5.0,6
2036700,5.067,5.0,6
2036750,5.067,5.0,6
2036800,5.067,5.0,6
2036850,5.067,5.0,6
2036900,5.067,5.0,6
2036950,5.067,5.0,6
2037000,5.067,5.0,6
2037050,5.067,5.0,6
2037100,5.067,5.0,6
2037150,5.067,5.0,6
2037200,5.067,5.0,6
2037250,5.067,5.0,6
2037300,5.067,5.0,6
2037350,5.067,5.0,6
2037400,5.067,5.0,6
2037450,5.067,5.0,6
2037500,5.067,5.0,6
2037550,5.067,5.0,6
2037600,5.067,5.0,6
2037650,5.067,5.0,6
2037700,5.067,5.0,6
2037750,5.067,5.0,6
2037800,5.067,5.0,6
2037850,5.067,5.0,6
2037900,5.067,5.0,6
2037950,5.067,5.0,6
2038000,5.061,5.0,6
2038050,5.029,5.0,6
2038100,5.005,5.0,6
2038150,5.0,5.0,6
2038200,5.0,5.0,6
2038250,5.0,5.0,6
2038300,5.0,5.0,6
2038350,5.0,5.0,6
2038400,5.0,5.0,6
2038450,5.0,5.0,6
2038500,5.0,5.0,6
2038550,5.0,5.0,6
2038600,5.0,5.0,6
2038650,5.0,5.0,6
2038700,5.0,5.0,6
2038750,5.0,5.0,6
2038800,5.0,5.0,6
2038850,5.0,5.0,6
2038900,5.0,5.0,6
2038950,5.0,5.0,6
2039000,5.0,5.0,6
2039050,5.0,5.0,6
2039100,5.0,5.0,6
2039150,5.0,5.0,6
2039200,5.0,5.0,6
2039250,5.0,5.0,6
2039300,5.0,5.0,6
2039350,5.0,5.0,6
2039400,5.0,5.0,6
2039450,5.0,5.0,6
2039500,5.0,5.0,6
2039550,5.0,5.0,6
2039600,5.0,5.0,6
2039650,5.0,5.0,6
2039700,5.0,5.0,6
2039750,5.0,5.0,6
2039800,5.0,5.0,6
2039850,5.0,5.0,6
2039900,5.0,5.0,6
2039950,5.0,5.0,6
2040000,5.0,5.0,6
2040050,5.0,5.0,6
2040100,5.0,5.0,6
2040150,5.0,5.0,6
2040200,5.0,5.0,6
2040250,5.0,5.0,6
2040300,5.0,5.0,6
2040350,5.0,5.0,6
2040400,5.0,5.0,6
2040450,5.0,5.0,6
2040500,5.0,5.0,6
2040550,5.0,5.0,6
2040600,5.0,5.0,6
2040650,5.0,5.0,6
2040700,5.0,5.0,6
2040750,5.0,5.0,6
2040800,5.0,5.0,6
2040850,5.0,5.0,6
2040900,5.0,5.0,6
2040950,5.0,5.0,6
2041000,5.0,5.0,6
2041050,5.0,5.0,6
2041100,5.0,5.0,6
2041150,5.0,5.0,6
2041200,5.0,5.0,6
2041250,5.0,5.0,6
2041300,5.0,5.0,6
2041350,5.0,5.0,6
2041400,5.0,5.0,6
2041450,5.0,5.0,6
2041500,5.0,5.0,6
2041550,5.0,5.0,6
2041600,5.0,5.0,6
2041650,5.0,5.0,6
2041700,5.0,5.0,6
2041750,5.0,5.0,6
2041800,5.0,5.0,6
2041850,5.0,5.0,6
2041900,5.0,5.0,6
2041950,5.0,5.0,6
2042000,5.0,5.0,6
2042050,5.0,5.0,6
2042100,5.0,5.0,6
2042150,5.0,5.0,6
2042200,5.0,5.0,6
2042250,5.0,5.0,6
2042300,5.0,5.0,6
2042350,5.0,5.0,6
2042400,5.0,5.0,6
2042450,5.0,5.0,6
2042500,5.0,5.0,6
2042550,5.0,5.0,6
2042600,5.0,5.0,6
2042650,5.0,5.0,6
2042700,5.0,5.0,6
2042750,5.0,5.0,6
2042800,5.0,5.0,6
2042850,5.0,5.0,6
2042900,5.0,5.0,6
2042950,5.0,5.0,6
2043000,5.0,5.0,6
2043050,5.0,5.0,6
2043100,5.0,5.0,6
2043150,5.0,5.0,6
2043200,5.0,5.0,6
2043250,5.0,5.0,6
2043300,5.0,5.0,6
2043350,5.0,5.0,6
2043400,5.0,5.0,6
2043450,5.0,5.0,6
2043500,5.0,5.0,6
2043550,5.0,5.0,6
2043600,5.0,5.0,6
2043650,5.0,5.0,6
2043700,5.0,5.0,6
2043750,5.0,5.0,6
2043800,5.0,5.0,6
2043850,5.0,5.0,6
2043900,5.0,5.0,6
2043950,5.0,5.0,6
2044000,5.0,5.0,6
2044050,5.0,5.0,6
2044100,5.0,5.0,6
2044150,5.0,5.0,6
2044200,5.0,5.0,6
2044250,5.0,5.0,6
2044300,5.0,5.0,6
2044350,5.0,5.0,6
2044400,5.0,5.0,6
2044450,5.0,5.0,6
2044500,5.0,5.0,6
2044550,5.0,5.0,6
2044600,5.0,5.0,6
2044650,5.0,5.0,6
2044700,5.0,5.0,6
2044750,5.0,5.0,6
2044800,5.0,5.0,6
2044850,5.0,5.0,6
2044900,5.0,5.0,6
2044950,5.0,5.0,6
2045000,5.0,5.0,6
2045050,5.0,5.0,6
2045100,5.0,5.0,6
2045150,5.0,5.0,6
2045200,5.0,5.0,6
2045250,5.0,5.0,6
2045300,5.0,5.0,6
2045350,5.0,5.0,6
2045400,5.0,5.0,6
2045450,5.0,5.0,6
2045500,5.0,5.0,6
2045550,5.0,5.0,6
2045600,5.0,5.0,6
2045650,5.0,5.0,6
2045700,5.0,5.0,6
2045750,5.0,5.0,6
2045800,5.0,5.0,6
2045850,5.0,5.0,6
2045900,5.0,5.0,6
2045950,5.0,5.0,6
2046000,5.0,5.0,6
2046050,5.0,5.0,6
2046100,5.0,5.0,6
2046150,5.0,5.0,6
2046200,5.0,5.0,6
2046250,5.0,5.0,6
2046300,5.0,5.0,6
2046350,5.0,5.0,6
2046400,5.0,5.0,6
2046450,5.0,5.0,6
2046500,5.0,5.0,6
2046550,5.0,5.0,6
2046600,5.0,5.0,6
2046650,5.0,5.0,6
2046700,5.0,5.0,6
2046750,5.0,5.0,6
2046800,5.0,5.0,6
2046850,5.0,5.0,6
2046900,5.0,5.0,6
2046950,5.0,5.0,6
2047000,5.0,5.0,6
2047050,5.0,5.0,6
2047100,5.0,5.0,6
2047150,5.0,5.0,6
2047200,5.0,5.0,6
2047250,5.0,5.0,6
2047300,5.0,5.0,6
2047350,5.0,5.0,6
2047400,5.0,5.0,6
2047450,5.0,5.0,6
2047500,5.0,5.0,6
2047550,5.0,5.0,6
2047600,5.0,5.0,6
2047650,5.0,5.0,6
2047700,5.0,5.0,6
2047750,5.0,5.0,6
2047800,5.0,5.0,6
2047850,5.0,5.0,6
2047900,5.0,5.0,6
2047950,5.0,5.0,6
2048000,5.0,5.0,6
2048050,5.0,5.0,6
2048100,5.0,5.0,6
2048150,5.0,5.0,6
2048200,5.0,5.0,6
2048250,5.0,5.0,6
2048300,5.0,5.0,6
2048350,5.0,5.0,6
2048400,5.0,5.0,6
2048450,5.0,5.0,6
2048500,5.0,5.0,6
2048550,5.0,5.0,6
2048600,5.0,5.0,6
2048650,5.0,5.0,6
2048700,5.0,5.0,6
2048750,5.0,5.0,6
2048800,5.0,5.0,6
2048850,5.0,5.0,6
2048900,5.0,5.0,6
2048950,5.0,5.0,6
2049000,5.0,5.0,6
2049050,5.0,5.0,6
2049100,5.0,5.0,6
2049150,5.0,5.0,6
2049200,5.0,5.0,6
2049250,5.0,5.0,6
2049300,5.0,5.0,6
2049350,5.0,5.0,6
2049400,5.0,5.0,6
2049450,5.0,5.0,6
2049500,5.0,5.0,6
2049550,5.0,5.0,6
2049600,5.0,5.0,6
2049650,5.0,5.0,6
2049700,5.0,5.0,6
2049750,5.0,5.0,6
2049800,5.0,5.0,6
2049850,5.0,5.0,6
2049900,5.0,5.0,6
2049950,5.0,5.0,6
2050000,5.0,5.0,6
2050050,5.0,5.0,6
2050100,5.0,5.0,6
2050150,5.0,5.0,6
2050200,5.0,5.0,6
2050250,5.0,5.0,6
2050300,5.0,5.0,6
2050350,5.0,5.0,6
2050400,5.0,5.0,6
2050450,5.0,5.0,6
2050500,5.0,5.0,6
2050550,5.0,5.0,6
2050600,5.0,5.0,6
2050650,5.0,5.0,6
2050700,5.002,5.0,6
2050750,5.005,5.0,6
2050800,5.006,5.0,6
2050850,5.008,5.0,6
2050900,5.009,5.0,6
2050950,5.011,5.0,6
2051000,5.015,5.0,6
2051050,5.017,5.0,6
2051100,5.022,5.0,6
2051150,5.029,5.0,6
2051200,5.032,5.0,6
2051250,5.032,5.0,6
2051300,5.032,5.0,6
2051350,5.032,5.0,6
2051400,5.033,5.0,6
2051450,5.034,5.0,6
2051500,5.034,5.0,6
2051550,5.034,5.0,6
2051600,5.034,5.0,6
2051650,5.04,5.0,6
2051700,5.05,5.0,6
2051750,5.065,5.0,6
2051800,5.078,5.0,6
2051850,5.09,5.0,6
2051900,5.1,5.0,6
2051950,5.105,5.0,6
2052000,5.11,5.0,6
2052050,5.115,5.0,6
2052100,5.127,5.0,6
2052150,5.136,5.0,6
2052200,5.145,5.0,6
2052250,5.15,5.0,6
2052300,5.151,5.0,6
2052350,5.156,5.0,6
2052400,5.167,5.0,6
2052450,5.182,5.0,6
2052500,5.201,5.0,6
2052550,5.217,5.0,6
2052600,5.229,5.0,6
2052650,5.242,5.0,6
2052700,5.259,5.0,6
2052750,5.279,5.044,6
2052800,5.301,5.071,6
2052850,5.325,5.082,6
2052900,5.348,5.097,6
2052950,5.365,5.11,6
2053000,5.373,5.121,6
2053050,5.378,5.128,6
2053100,5.385,5.14,6
2053150,5.39,5.153,6
2053200,5.397,5.161,6
2053250,5.402,5.167,6
2053300,5.405,5.176,6
2053350,5.406,5.185,6
2053400,5.406,5.194,6
2053450,5.408,5.199,6
2053500,5.417,5.21,6
2053550,5.437,5.222,6
2053600,5.454,5.23,6
2053650,5.468,5.241,6
2053700,5.472,5.245,6
2053750,5.472,5.246,6
2053800,5.472,5.246,6
2053850,5.472,5.246,6
2053900,5.472,5.252,6
2053950,5.472,5.264,6
2054000,5.472,5.283,6
2054050,5.472,5.298,6
2054100,5.472,5.303,6
2054150,5.472,5.307,6
2054200,5.472,5.309,6
2054250,5.472,5.309,6
2054300,5.472,5.31,6
2054350,5.472,5.31,6
2054400,5.472,5.31,6
2054450,5.472,5.31,6
2054500,5.472,5.312,6
2054550,5.472,5.314,6
2054600,5.472,5.315,6
2054650,5.472,5.316,6
2054700,5.472,5.316,6
2054750,5.472,5.32,6
2054800,5.472,5.324,6
2054850,5.472,5.33,6
2054900,5.472,5.34,6
2054950,5.472,5.349,6
2055000,5.472,5.351,6
2055050,5.472,5.353,6
2055100,5.472,5.356,6
2055150,5.472,5.358,6
2055200,5.472,5.359,6
2055250,5.472,5.363,6
2055300,5.472,5.369,6
2055350,5.472,5.371,6
2055400,5.472,5.371,6
2055450,5.478,5.371,6
2055500,5.493,5.374,6
2055550,5.518,5.379,6
2055600,5.55,5.388,6
2055650,5.585,5.397,6
2055700,5.611,5.405,6
2055750,5.621,5.412,6
2055800,5.623,5.415,6
2055850,5.623,5.415,6
2055900,5.623,5.415,6
2055950,5.623,5.415,6
2056000,5.623,5.415,6
2056050,5.623,5.415,6
2056100,5.623,5.415,6
2056150,5.624,5.415,6
2056200,5.625,5.415,6
2056250,5.626,5.415,6
2056300,5.628,5.415,6
2056350,5.629,5.415,6
2056400,5.629,5.415,6
2056450,5.629,5.415,6
2056500,5.631,5.415,6
2056550,5.632,5.415,6
2056600,5.632,5.417,6
2056650,5.632,5.425,6
2056700,5.632,5.431,6
2056750,5.632,5.436,6
2056800,5.632,5.44,6
2056850,5.632,5.442,6
2056900,5.632,5.443,6
2056950,5.632,5.444,6
2057000,5.632,5.452,6
2057050,5.632,5.458,6
2057100,5.643,5.462,6
2057150,5.65,5.465,6
2057200,5.656,5.468,6
2057250,5.658,5.469,6
2057300,5.658,5.469,6
2057350,5.66,5.469,6
2057400,5.668,5.472,6
2057450,5.675,5.479,6
2057500,5.689,5.484,6
2057550,5.707,5.489,6
2057600,5.722,5.494,6
2057650,5.733,5.499,6
2057700,5.738,5.501,6
2057750,5.746,5.502,6
2057800,5.754,5.502,6
2057850,5.758,5.505,6
2057900,5.76,5.507,6
2057950,5.761,5.507,6
2058000,5.761,5.507,6
2058050,5.761,5.507,6
2058100,5.761,5.507,6
2058150,5.761,5.507,6
2058200,5.761,5.507,6
2058250,5.761,5.507,6
2058300,5.764,5.507,6
2058350,5.765,5.507,6
2058400,5.768,5.507,6
2058450,5.77,5.507,6
2058500,5.782,5.507,6
2058550,5.804,5.517,6
2058600,5.834,5.53,6
2058650,5.864,5.543,6
2058700,5.889,5.558,6
2058750,5.896,5.565,6
2058800,5.897,5.567,6
2058850,5.901,5.571,6
2058900,5.903,5.572,6
2058950,5.903,5.573,6
2059000,5.903,5.574,6
2059050,5.903,5.581,6
2059100,5.903,5.589,6
2059150,5.903,5.594,6
2059200,5.903,5.595,6
2059250,5.903,5.597,6
2059300,5.903,5.599,6
2059350,5.903,5.599,6
2059400,5.903,5.599,6
2059450,5.903,5.599,6
2059500,5.903,5.6,6
2059550,5.903,5.603,6
2059600,5.903,5.608,6
2059650,5.903,5.611,6
2059700,5.903,5.619,6
2059750,5.903,5.631,6
2059800,5.903,5.637,6
2059850,5.903,5.641,6
2059900,5.903,5.642,6
2059950,5.903,5.642,6
2060000,5.903,5.642,6
2060050,5.903,5.642,6
2060100,5.903,5.644,6
2060150,5.903,5.653,6
2060200,5.903,5.664,6
2060250,5.903,5.677,6
2060300,5.903,5.691,6
2060350,5.903,5.697,6
2060400,5.903,5.698,6
2060450,5.903,5.698,6
2060500,5.903,5.698,6
2060550,5.903,5.698,6
2060600,5.903,5.698,6
2060650,5.903,5.698,6
2060700,5.903,5.698,6
2060750,5.903,5.698,6
2060800,5.903,5.698,6
2060850,5.903,5.701,6
2060900,5.903,5.707,6
2060950,5.903,5.709,6
2061000,5.903,5.709,6
2061050,5.903,5.709,6
2061100,5.903,5.709,6
2061150,5.903,5.709,6
2061200,5.903,5.709,6
2061250,5.903,5.709,6
2061300,5.903,5.709,6
2061350,5.903,5.709,6
2061400,5.903,5.709,6
2061450,5.903,5.709,6
2061500,5.903,5.709,6
2061550,5.903,5.709,6
2061600,5.903,5.709,6
2061650,5.902,5.709,6
2061700,5.901,5.709,6
2061750,5.899,5.709,6
2061800,5.899,5.709,6
2061850,5.897,5.709,6
2061900,5.896,5.709,6
2061950,5.896,5.709,6
2062000,5.896,5.709,6
2062050,5.896,5.709,6
2062100,5.896,5.709,6
2062150,5.895,5.709,6
2062200,5.895,5.709,6
2062250,5.893,5.709,6
2062300,5.892,5.71,6
2062350,5.892,5.715,6
2062400,5.889,5.722,6
2062450,5.884,5.724,6
2062500,5.88,5.725,6
2062550,5.878,5.728,6
2062600,5.877,5.73,6
2062650,5.877,5.73,6
2062700,5.877,5.73,6
2062750,5.877,5.73,6
2062800,5.877,5.73,6
2062850,5.877,5.73,6
2062900,5.877,5.73,6
2062950,5.877,5.73,6
2063000,5.877,5.731,6
2063050,5.876,5.731,6
2063100,5.874,5.731,6
2063150,5.872,5.731,6
2063200,5.87,5.732,6
2063250,5.87,5.734,6
2063300,5.87,5.734,6
2063350,5.87,5.735,6
2063400,5.87,5.735,6
2063450,5.87,5.735,6
2063500,5.87,5.736,6
2063550,5.868,5.737,6
2063600,5.867,5.737,6
2063650,5.867,5.737,6
2063700,5.867,5.737,6
2063750,5.867,5.737,6
2063800,5.867,5.737,6
2063850,5.867,5.737,6
2063900,5.867,5.737,6
2063950,5.867,5.737,6
2064000,5.867,5.737,6
2064050,5.867,5.737,6
2064100,5.867,5.737,6
2064150,5.867,5.737,6
2064200,5.867,5.737,6
2064250,5.867,5.737,6
2064300,5.867,5.737,6
2064350,5.867,5.737,6
2064400,5.867,5.737,6
2064450,5.867,5.737,6
2064500,5.867,5.737,6
2064550,5.867,5.737,6
2064600,5.867,5.737,6
2064650,5.867,5.737,6
2064700,5.867,5.737,6
2064750,5.867,5.737,6
2064800,5.867,5.737,6
2064850,5.867,5.737,6
2064900,5.867,5.737,6
2064950,5.867,5.737,6
2065000,5.867,5.737,6
2065050,5.867,5.737,6
2065100,5.864,5.737,6
2065150,5.862,5.737,6
2065200,5.862,5.737,6
2065250,5.862,5.737,6
2065300,5.862,5.737,6
2065350,5.862,5.737,6
2065400,5.862,5.737,6
2065450,5.862,5.737,6
2065500,5.862,5.737,6
2065550,5.862,5.737,6
2065600,5.862,5.737,6
2065650,5.862,5.737,6
2065700,5.862,5.737,6
2065750,5.862,5.737,6
2065800,5.862,5.737,6
2065850,5.862,5.737,6
2065900,5.862,5.737,6
2065950,5.862,5.737,6
2066000,5.862,5.739,6
2066050,5.862,5.745,6
2066100,5.862,5.752,6
2066150,5.862,5.759,6
2066200,5.862,5.772,6
2066250,5.862,5.789,6
2066300,5.862,5.809,6
2066350,5.862,5.82,6
2066400,5.862,5.829,6
2066450,5.862,5.839,6
2066500,5.862,5.849,6
2066550,5.862,5.859,6
2066600,5.862,5.868,6
2066650,5.862,5.88,6
2066700,5.862,5.895,6
2066750,5.868,5.909,6
2066800,5.879,5.925,6
2066850,5.888,5.943,6
2066900,5.895,5.954,6
2066950,5.897,5.963,6
2067000,5.897,5.966,6
2067050,5.897,5.968,6
2067100,5.897,5.969,6
2067150,5.897,5.972,6
2067200,5.897,5.975,6
2067250,5.897,5.981,6
2067300,5.897,5.984,6
2067350,5.897,5.985,6
2067400,5.897,5.986,6
2067450,5.897,5.986,6
2067500,5.897,5.986,6
2067550,5.897,5.986,6
2067600,5.897,5.986,6
2067650,5.897,5.986,6
2067700,5.897,5.986,6
2067750,5.897,5.986,6
2067800,5.897,5.986,6
2067850,5.897,5.986,11
2067900,5.897,5.986,11
2067950,5.897,5.986,11
2068000,5.897,5.986,11
2068050,5.897,5.986,11
2068100,5.897,5.986,11
2068150,5.897,5.986,11
2068200,5.897,5.986,11
2068250,5.897,5.986,11
2068300,5.897,5.986,11
2068350,5.897,5.986,11
2068400,5.897,5.986,11
2068450,5.897,5.986,11
2068500,5.897,5.986,11
2068550,5.897,5.986,11
2068600,5.897,5.986,11
2068650,5.897,5.986,11
2068700,5.897,5.986,11
2068750,5.897,5.986,11
2068800,5.897,5.986,11
2068850,5.897,5.986,11
2068900,5.897,5.986,11
2068950,5.9,5.986,11
2069000,5.902,5.986,11
2069050,5.902,5.986,11
2069100,5.902,5.986,11
2069150,5.902,5.986,11
2069200,5.902,5.986,11
2069250,5.902,5.986,11
2069300,5.902,5.986,11
2069350,5.902,5.986,11
2069400,5.902,5.986,11
2069450,5.902,5.986,11
2069500,5.902,5.986,11
2069550,5.902,5.986,11
2069600,5.902,5.982,11
2069650,5.902,5.956,11
2069700,5.847,5.901,11
2069750,5.733,5.819,11
2069800,5.602,5.721,11
2069850,5.476,5.636,11
2069900,5.393,5.559,11
2069950,5.36,5.506,11
2070000,5.331,5.466,11
2070050,5.289,5.406,11
2070100,5.218,5.325,11
2070150,5.064,5.187,11
2070200,5.0,5.107,11
2070250,5.0,5.08,11
2070300,5.0,5.06,11
2070350,5.0,5.037,11
2070400,5.0,5.02,11
2070450,5.0,5.015,11
2070500,5.0,5.012,11
2070550,5.0,5.011,11
2070600,5.0,5.008,11
2070650,5.0,5.007,11
2070700,5.0,5.007,11
2070750,5.0,5.003,11
2070800,5.0,5.0,11
2070850,5.0,5.0,11
2070900,5.0,5.0,11
2070950,5.0,5.0,11
2071000,5.0,5.0,11
2071050,5.0,5.0,11
2071100,5.0,5.0,11
2071150,5.0,5.0,11
2071200,5.0,5.0,11
2071250,5.0,5.0,11
2071300,5.0,5.0,11
2071350,5.0,5.0,11
2071400,5.0,5.0,11
2071450,5.0,5.0,11
2071500,5.0,5.0,11
2071550,5.0,5.0,11
2071600,5.0,5.0,11
2071650,5.0,5.0,11
2071700,5.0,5.0,11
2071750,5.0,5.0,11
2071800,5.0,5.0,11
2071850,5.0,5.0,11
2071900,5.0,5.0,11
2071950,5.0,5.0,11
2072000,5.0,5.0,11
2072050,5.0,5.0,11
2072100,5.0,5.0,11
2072150,5.0,5.0,11
2072200,5.0,5.0,11
2072250,5.0,5.0,11
2072300,5.0,5.0,11
2072350,5.0,5.0,11
2072400,5.0,5.0,11
2072450,5.0,5.0,11
2072500,5.0,5.0,11
2072550,5.0,5.0,11
2072600,5.0,5.0,11
2072650,5.0,5.0,11
2072700,5.0,5.0,11
2072750,5.0,5.0,11
2072800,5.0,5.0,11
2072850,5.0,5.0,11
2072900,5.0,5.0,11
2072950,5.0,5.0,11
2073000,5.0,5.0,11
2073050,5.0,5.0,11
2073100,5.0,5.0,11
2073150,5.0,5.0,11
2073200,5.0,5.0,11
2073250,5.0,5.0,11
2073300,5.0,5.0,11
2073350,5.0,5.0,11
2073400,5.0,5.0,11
2073450,5.0,5.0,11
2073500,5.0,5.0,11
2073550,5.0,5.0,11
2073600,5.0,5.0,11
2073650,5.0,5.0,11
2073700,5.0,5.0,11
2073750,5.0,5.0,11
2073800,5.0,5.0,11
2073850,5.0,5.0,11
2073900,5.0,5.0,11
2073950,5.0,5.0,11
2074000,5.0,5.0,11
2074050,5.0,5.0,11
2074100,5.0,5.0,11
2074150,5.0,5.0,11
2074200,5.0,5.0,11
2074250,5.0,5.0,11
2074300,5.0,5.0,11
2074350,5.0,5.0,11
2074400,5.0,5.0,11
2074450,5.0,5.0,11
2074500,5.0,5.0,11
2074550,5.0,5.0,11
2074600,5.0,5.0,11
2074650,5.0,5.0,11
2074700,5.0,5.0,11
2074750,5.0,5.0,11
2074800,5.0,5.0,11
2074850,5.0,5.0,11
2074900,5.0,5.0,11
2074950,5.0,5.0,11
2075000,5.0,5.0,11
2075050,5.0,5.0,11
2075100,5.0,5.0,11
2075150,5.0,5.0,11
2075200,5.0,5.0,11
2075250,5.0,5.0,11
2075300,5.0,5.0,11
2075350,5.0,5.0,11
2075400,5.0,5.0,11
2075450,5.0,5.0,11
2075500,5.0,5.0,11
2075550,5.0,5.0,11
2075600,5.0,5.0,11
2075650,5.0,5.0,11
2075700,5.0,5.0,11
2075750,5.0,5.0,11
2075800,5.0,5.0,11
2075850,5.0,5.0,11
2075900,5.0,5.0,11
2075950,5.0,5.0,11
2076000,5.0,5.0,11
2076050,5.0,5.0,11
2076100,5.0,5.0,11
2076150,5.0,5.0,11
2076200,5.0,5.0,11
2076250,5.0,5.0,11
2076300,5.0,5.0,11
2076350,5.0,5.0,11
2076400,5.0,5.0,11
2076450,5.0,5.0,11
2076500,5.0,5.0,11
2076550,5.0,5.0,11
2076600,5.0,5.0,11
2076650,5.0,5.0,11
2076700,5.0,5.0,11
2076750,5.0,5.0,11
2076800,5.0,5.0,11
2076850,5.0,5.0,11
2076900,5.0,5.0,11
2076950,5.0,5.0,11
2077000,5.0,5.0,11
2077050,5.0,5.0,11
2077100,5.0,5.0,11
2077150,5.0,5.0,11
2077200,5.0,5.0,11
2077250,5.0,5.0,11
2077300,5.0,5.0,11
2077350,5.0,5.0,11
2077400,5.0,5.0,11
2077450,5.0,5.0,11
2077500,5.0,5.0,11
2077550,5.0,5.0,11
2077600,5.0,5.0,11
2077650,5.0,5.0,11
2077700,5.0,5.0,11
2077750,5.0,5.0,11
2077800,5.0,5.0,11
2077850,5.0,5.0,11
2077900,5.0,5.0,11
2077950,5.0,5.0,11
2078000,5.0,5.0,11
2078050,5.0,5.0,11
2078100,5.0,5.0,11
2078150,5.0,5.0,11
2078200,5.0,5.0,11
2078250,5.0,5.0,11
2078300,5.0,5.0,11
2078350,5.0,5.0,11
2078400,5.0,5.0,11
2078450,5.0,5.0,11
2078500,5.0,5.0,11
2078550,5.0,5.0,11
2078600,5.0,5.0,11
2078650,5.0,5.0,11
2078700,5.0,5.0,11
2078750,5.0,5.0,11
2078800,5.0,5.0,11
2078850,5.0,5.0,11
2078900,5.0,5.0,11
2078950,5.0,5.0,11
2079000,5.0,5.0,11
2079050,5.0,5.0,11
2079100,5.0,5.0,11
2079150,5.0,5.0,11
2079200,5.0,5.0,11
2079250,5.0,5.0,11
2079300,5.0,5.0,11
2079350,5.0,5.0,11
2079400,5.0,5.0,11
2079450,5.0,5.0,11
2079500,5.0,5.0,11
2079550,5.0,5.0,11
2079600,5.0,5.0,11
2079650,5.0,5.0,11
2079700,5.0,5.0,11
2079750,5.0,5.0,11
2079800,5.0,5.0,11
2079850,5.0,5.0,11
2079900,5.0,5.0,11
2079950,5.0,5.0,11
2080000,5.0,5.0,11
2080050,5.0,5.0,11
2080100,5.0,5.0,11
2080150,5.0,5.0,11
2080200,5.0,5.0,11
2080250,5.0,5.0,11
2080300,5.0,5.0,11
2080350,5.0,5.0,11
2080400,5.0,5.0,11
2080450,5.0,5.0,11
2080500,5.0,5.0,11
2080550,5.0,5.0,11
2080600,5.0,5.0,11
2080650,5.0,5.0,11
2080700,5.0,5.0,11
2080750,5.0,5.0,11
2080800,5.0,5.0,11
2080850,5.0,5.0,11
2080900,5.0,5.0,11
2080950,5.0,5.0,11
2081000,5.0,5.0,11
2081050,5.0,5.0,11
2081100,5.0,5.0,11
2081150,5.0,5.0,11
2081200,5.0,5.0,11
2081250,5.0,5.0,11
2081300,5.0,5.0,11
2081350,5.0,5.0,11
2081400,5.0,5.0,11
2081450,5.0,5.0,11
2081500,5.0,5.0,11
2081550,5.0,5.0,11
2081600,5.0,5.0,11
2081650,5.0,5.0,11
2081700,5.0,5.0,11
2081750,5.0,5.0,11
2081800,5.0,5.0,11
2081850,5.0,5.0,11
2081900,5.0,5.0,11
2081950,5.0,5.0,11
2082000,5.0,5.0,11
2082050,5.0,5.0,11
2082100,5.0,5.0,11
2082150,5.0,5.0,11
2082200,5.0,5.0,11
2082250,5.0,5.0,11
2082300,5.0,5.0,11
2082350,5.0,5.0,11
2082400,5.0,5.0,11
2082450,5.0,5.0,11
2082500,5.0,5.0,11
2082550,5.0,5.0,11
2082600,5.0,5.0,11
2082650,5.0,5.0,11
2082700,5.0,5.0,11
2082750,5.0,5.0,11
2082800,5.0,5.0,11
2082850,5.0,5.0,11
2082900,5.0,5.0,11
2082950,5.0,5.0,11
2083000,5.0,5.0,11
2083050,5.0,5.0,11
2083100,5.0,5.0,11
2083150,5.0,5.0,11
2083200,5.0,5.0,11
2083250,5.0,5.0,11
2083300,5.0,5.0,11
2083350,5.0,5.0,11
2083400,5.0,5.0,11
2083450,5.0,5.0,11
2083500,5.0,5.0,11
2083550,5.0,5.0,11
2083600,5.0,5.0,11
2083650,5.0,5.0,11
2083700,5.0,5.0,11
2083750,5.0,5.0,11
2083800,5.0,5.0,11
2083850,5.0,5.0,11
2083900,5.0,5.0,11
2083950,5.0,5.0,11
2084000,5.0,5.0,11
2084050,5.0,5.0,11
2084100,5.0,5.0,11
2084150,5.0,5.0,11
2084200,5.0,5.0,11
2084250,5.0,5.0,11
2084300,5.0,5.0,11
2084350,5.0,5.0,11
2084400,5.0,5.0,11
2084450,5.0,5.0,11
2084500,5.0,5.0,11
2084550,5.0,5.0,11
2084600,5.0,5.0,11
2084650,5.0,5.0,11
2084700,5.0,5.0,11
2084750,5.0,5.0,11
2084800,5.0,5.0,11
2084850,5.0,5.0,11
2084900,5.0,5.0,11
2084950,5.0,5.0,11
2085000,5.0,5.0,11
2085050,5.0,5.0,11
2085100,5.0,5.0,11
2085150,5.0,5.0,11
2085200,5.0,5.0,11
2085250,5.0,5.0,11
2085300,5.0,5.0,11
2085350,5.0,5.0,11
2085400,5.0,5.0,11
2085450,5.0,5.0,11
2085500,5.0,5.0,11
2085550,5.0,5.0,11
2085600,5.0,5.0,11
2085650,5.0,5.0,11
2085700,5.0,5.0,11
2085750,5.0,5.0,11
2085800,5.0,5.0,11
2085850,5.0,5.0,11
2085900,5.0,5.0,11
2085950,5.0,5.0,11
2086000,5.0,5.0,11
2086050,5.0,5.0,11
2086100,5.0,5.0,11
2086150,5.0,5.0,11
2086200,5.0,5.0,11
2086250,5.0,5.0,11
2086300,5.0,5.0,11
2086350,5.0,5.0,11
2086400,5.0,5.0,11
2086450,5.0,5.0,11
2086500,5.0,5.0,11
2086550,5.0,5.0,11
2086600,5.0,5.0,11
2086650,5.0,5.0,11
2086700,5.0,5.0,11
2086750,5.0,5.0,11
2086800,5.0,5.0,11
2086850,5.0,5.0,11
2086900,5.0,5.0,11
2086950,5.0,5.0,11
2087000,5.0,5.0,11
2087050,5.0,5.0,11
2087100,5.0,5.0,11
2087150,5.0,5.0,11
2087200,5.0,5.0,11
2087250,5.0,5.0,11
2087300,5.0,5.0,11
2087350,5.0,5.0,11
2087400,5.0,5.0,11
2087450,5.0,5.0,11
2087500,5.0,5.0,11
2087550,5.0,5.0,11
2087600,5.0,5.0,11
2087650,5.0,5.0,11
2087700,5.0,5.0,11
2087750,5.0,5.0,11
2087800,5.0,5.0,11
2087850,5.0,5.0,11
2087900,5.0,5.0,11
2087950,5.0,5.0,11
2088000,5.0,5.0,11
2088050,5.0,5.0,11
2088100,5.0,5.0,11
2088150,5.0,5.0,11
2088200,5.0,5.0,11
2088250,5.0,5.0,11
2088300,5.0,5.0,11
2088350,5.0,5.0,11
2088400,5.0,5.0,11
2088450,5.0,5.0,11
2088500,5.0,5.0,11
2088550,5.0,5.0,11
2088600,5.0,5.0,11
2088650,5.0,5.0,11
2088700,5.0,5.0,11
2088750,5.0,5.0,11
2088800,5.0,5.0,11
2088850,5.0,5.0,11
2088900,5.0,5.0,11
2088950,5.0,5.0,11
2089000,5.0,5.0,11
2089050,5.0,5.0,11
2089100,5.0,5.0,11
2089150,5.0,5.0,11
2089200,5.0,5.0,11
2089250,5.0,5.0,11
2089300,5.0,5.0,11
2089350,5.0,5.0,11
2089400,5.0,5.0,11
2089450,5.0,5.0,11
2089500,5.0,5.0,11
2089550,5.0,5.0,11
2089600,5.0,5.0,11
2089650,5.0,5.0,11
2089700,5.0,5.0,11
2089750,5.0,5.0,11
2089800,5.0,5.0,11
2089850,5.0,5.0,11
2089900,5.0,5.0,11
2089950,5.0,5.0,11
2090000,5.0,5.0,11
2090050,5.0,5.0,11
2090100,5.0,5.0,11
2090150,5.0,5.0,11
2090200,5.0,5.0,11
2090250,5.0,5.0,11
2090300,5.0,5.0,11
2090350,5.0,5.0,11
2090400,5.0,5.0,11
2090450,5.0,5.0,11
2090500,5.0,5.0,11
2090550,5.0,5.0,11
2090600,5.0,5.0,11
2090650,5.0,5.0,11
2090700,5.0,5.0,11
2090750,5.0,5.0,11
2090800,5.0,5.0,11
2090850,5.0,5.0,11
2090900,5.0,5.0,11
2090950,5.0,5.0,11
2091000,5.0,5.0,11
2091050,5.0,5.0,11
2091100,5.0,5.0,11
2091150,5.0,5.0,11
2091200,5.0,5.0,11
2091250,5.0,5.0,11
2091300,5.0,5.0,11
2091350,5.0,5.0,11
2091400,5.0,5.0,11
2091450,5.0,5.0,11
2091500,5.0,5.0,11
2091550,5.0,5.0,11
2091600,5.0,5.0,11
2091650,5.0,5.0,11
2091700,5.0,5.0,11
2091750,5.0,5.0,11
2091800,5.0,5.0,11
2091850,5.0,5.0,11
2091900,5.0,5.0,11
2091950,5.0,5.0,11
2092000,5.0,5.0,11
2092050,5.0,5.0,11
2092100,5.0,5.0,11
2092150,5.0,5.0,11
2092200,5.0,5.0,11
2092250,5.0,5.0,11
2092300,5.0,5.0,11
2092350,5.0,5.0,11
2092400,5.0,5.0,11
2092450,5.0,5.0,11
2092500,5.0,5.0,11
2092550,5.0,5.0,11
2092600,5.0,5.0,11
2092650,5.0,5.0,11
2092700,5.0,5.0,11
2092750,5.0,5.0,11
2092800,5.0,5.0,11
2092850,5.0,5.0,11
2092900,5.0,5.0,11
2092950,5.0,5.0,11
2093000,5.0,5.0,11
2093050,5.0,5.0,11
2093100,5.0,5.0,11
2093150,5.0,5.0,11
2093200,5.0,5.0,11
2093250,5.0,5.0,11
2093300,5.0,5.0,11
2093350,5.0,5.0,11
2093400,5.0,5.0,11
2093450,5.0,5.0,11
2093500,5.0,5.0,11
2093550,5.0,5.0,11
2093600,5.0,5.0,11
2093650,5.0,5.0,11
2093700,5.0,5.0,11
2093750,5.0,5.0,11
2093800,5.0,5.0,11
2093850,5.0,5.0,11
2093900,5.0,5.0,11
2093950,5.0,5.0,11
2094000,5.0,5.0,11
2094050,5.0,5.0,11
2094100,5.0,5.0,11
2094150,5.0,5.0,11
2094200,5.0,5.0,11
2094250,5.0,5.0,11
2094300,5.0,5.0,11
2094350,5.0,5.0,11
2094400,5.0,5.0,11
2094450,5.0,5.0,11
2094500,5.0,5.0,11
2094550,5.0,5.0,11
2094600,5.0,5.0,11
2094650,5.0,5.0,11
2094700,5.0,5.0,11
2094750,5.0,5.0,11
2094800,5.0,5.0,11
2094850,5.0,5.0,11
2094900,5.0,5.0,11
2094950,5.0,5.0,11
2095000,5.0,5.0,11
2095050,5.0,5.0,11
2095100,5.0,5.0,11
2095150,5.0,5.0,11
2095200,5.0,5.0,11
2095250,5.0,5.0,11
2095300,5.0,5.0,11
2095350,5.0,5.0,11
2095400,5.0,5.0,11
2095450,5.0,5.0,11
2095500,5.0,5.0,11
2095550,5.0,5.0,11
2095600,5.0,5.0,11
2095650,5.0,5.0,11
2095700,5.0,5.0,11
2095750,5.0,5.0,11
2095800,5.0,5.0,11
2095850,5.0,5.0,11
2095900,5.0,5.0,11
2095950,5.0,5.0,11
2096000,5.0,5.0,11
2096050,5.0,5.0,11
2096100,5.0,5.0,11
2096150,5.0,5.0,11
2096200,5.0,5.0,11
2096250,5.0,5.0,11
2096300,5.0,5.0,11
2096350,5.0,5.0,11
2096400,5.0,5.0,11
2096450,5.0,5.0,11
2096500,5.0,5.0,11
2096550,5.0,5.0,11
2096600,5.0,5.0,11
2096650,5.0,5.0,11
2096700,5.0,5.0,11
2096750,5.0,5.0,11
2096800,5.0,5.0,11
2096850,5.0,5.0,11
2096900,5.0,5.0,11
2096950,5.0,5.0,11
2097000,5.0,5.0,11
2097050,5.0,5.0,11
2097100,5.0,5.0,11
2097150,5.0,5.0,11
2097200,5.0,5.0,11
2097250,5.0,5.0,11
2097300,5.0,5.0,11
2097350,5.0,5.0,11
2097400,5.0,5.0,11
2097450,5.0,5.0,11
2097500,5.0,5.0,11
2097550,5.0,5.0,11
2097600,5.0,5.0,11
2097650,5.0,5.0,11
2097700,5.0,5.0,11
2097750,5.0,5.0,11
2097800,5.0,5.0,11
2097850,5.0,5.0,11
2097900,5.0,5.0,11
2097950,5.0,5.0,11
2098000,5.0,5.0,11
2098050,5.0,5.0,11
2098100,5.0,5.0,11
2098150,5.0,5.0,11
2098200,5.0,5.0,11
2098250,5.0,5.0,11
2098300,5.0,5.0,11
2098350,5.0,5.0,11
2098400,5.0,5.0,11
2098450,5.0,5.0,11
2098500,5.0,5.0,11
2098550,5.0,5.0,11
2098600,5.0,5.0,11
2098650,5.0,5.0,11
2098700,5.0,5.0,11
2098750,5.0,5.0,11
2098800,5.0,5.0,11
2098850,5.0,5.0,11
2098900,5.0,5.0,11
2098950,5.0,5.0,11
2099000,5.0,5.0,11
2099050,5.0,5.0,11
2099100,5.0,5.0,11
2099150,5.0,5.0,11
2099200,5.0,5.0,11
2099250,5.0,5.0,11
2099300,5.0,5.0,11
2099350,5.0,5.0,11
2099400,5.0,5.0,11
2099450,5.0,5.0,11
2099500,5.0,5.0,11
2099550,5.0,5.0,11
2099600,5.0,5.0,11
2099650,5.0,5.0,11
2099700,5.0,5.0,11
2099750,5.0,5.0,11
2099800,5.0,5.0,11
2099850,5.0,5.0,11
2099900,5.0,5.0,11
2099950,5.0,5.0,11
2100000,5.0,5.0,11
2100050,5.0,5.0,11
2100100,5.0,5.0,11
2100150,5.0,5.0,11
2100200,5.0,5.0,11
2100250,5.0,5.0,11
2100300,5.0,5.0,11
2100350,5.0,5.0,11
2100400,5.0,5.0,11
2100450,5.0,5.0,11
2100500,5.0,5.0,11
2100550,5.0,5.0,11
2100600,5.0,5.0,11
2100650,5.0,5.0,11
2100700,5.0,5.0,11
2100750,5.0,5.0,11
2100800,5.0,5.0,11
2100850,5.0,5.0,11
2100900,5.0,5.0,11
2100950,5.0,5.0,11
2101000,5.0,5.0,11
2101050,5.0,5.0,11
2101100,5.0,5.0,11
2101150,5.0,5.0,11
2101200,5.0,5.0,11
2101250,5.0,5.0,11
2101300,5.0,5.0,11
2101350,5.0,5.0,11
2101400,5.0,5.0,11
2101450,5.0,5.0,11
2101500,5.0,5.0,11
2101550,5.0,5.0,11
2101600,5.0,5.0,11
2101650,5.0,5.0,11
2101700,5.0,5.0,11
2101750,5.0,5.0,11
2101800,5.0,5.0,11
2101850,5.0,5.0,11
2101900,5.0,5.0,11
2101950,5.0,5.0,11
2102000,5.0,5.0,11
2102050,5.0,5.0,11
2102100,5.0,5.0,11
2102150,5.0,5.0,11
2102200,5.0,5.0,11
2102250,5.0,5.0,11
2102300,5.0,5.0,11
2102350,5.0,5.0,11
2102400,5.0,5.0,11
2102450,5.0,5.0,11
2102500,5.0,5.0,11
2102550,5.0,5.0,11
2102600,5.0,5.0,11
2102650,5.0,5.0,11
2102700,5.0,5.0,11
2102750,5.0,5.0,11
2102800,5.0,5.0,11
2102850,5.0,5.0,11
2102900,5.0,5.0,11
2102950,5.0,5.0,11
2103000,5.0,5.0,11
2103050,5.0,5.0,11
2103100,5.0,5.0,11
2103150,5.0,5.0,11
2103200,5.0,5.0,11
2103250,5.0,5.0,11
2103300,5.0,5.0,11
2103350,5.0,5.0,11
2103400,5.0,5.0,11
2103450,5.0,5.0,11
2103500,5.0,5.0,11
2103550,5.0,5.0,11
2103600,5.0,5.0,11
2103650,5.0,5.0,11
2103700,5.0,5.0,11
2103750,5.0,5.0,11
2103800,5.0,5.0,11
2103850,5.0,5.0,11
2103900,5.0,5.0,11
2103950,5.0,5.0,11
2104000,5.0,5.0,11
2104050,5.0,5.0,11
2104100,5.0,5.0,11
2104150,5.0,5.0,11
2104200,5.0,5.0,11
2104250,5.0,5.0,11
2104300,5.0,5.0,11
2104350,5.0,5.0,11
2104400,5.0,5.0,11
2104450,5.0,5.0,11
2104500,5.0,5.0,11
2104550,5.0,5.0,11
2104600,5.0,5.0,11
2104650,5.0,5.0,11
2104700,5.0,5.0,11
2104750,5.0,5.0,11
2104800,5.0,5.0,11
2104850,5.0,5.0,11
2104900,5.0,5.0,11
2104950,5.0,5.0,11
2105000,5.0,5.0,11
2105050,5.0,5.0,11
2105100,5.0,5.0,11
2105150,5.0,5.0,11
2105200,5.0,5.0,11
2105250,5.0,5.0,11
2105300,5.0,5.0,11
2105350,5.0,5.0,11
2105400,5.0,5.0,11
2105450,5.0,5.0,11
2105500,5.0,5.0,11
2105550,5.0,5.0,11
2105600,5.0,5.0,11
2105650,5.0,5.0,11
2105700,5.0,5.0,11
2105750,5.0,5.0,11
2105800,5.0,5.0,11
2105850,5.0,5.0,11
2105900,5.0,5.0,11
2105950,5.0,5.0,11
2106000,5.0,5.0,11
2106050,5.0,5.0,11
2106100,5.0,5.0,11
2106150,5.0,5.0,11
2106200,5.0,5.0,11
2106250,5.0,5.0,11
2106300,5.0,5.0,11
2106350,5.0,5.0,11
2106400,5.0,5.0,11
2106450,5.0,5.0,11
2106500,5.0,5.0,11
2106550,5.0,5.0,11
2106600,5.0,5.0,11
2106650,5.0,5.0,11
2106700,5.0,5.0,11
2106750,5.0,5.0,11
2106800,5.0,5.0,11
2106850,5.0,5.0,11
2106900,5.0,5.0,11
2106950,5.0,5.0,11
2107000,5.0,5.0,11
2107050,5.0,5.0,11
2107100,5.0,5.0,11
2107150,5.0,5.0,11
2107200,5.0,5.0,11
2107250,5.0,5.0,11
2107300,5.0,5.0,11
2107350,5.0,5.0,11
2107400,5.0,5.0,11
2107450,5.0,5.0,11
2107500,5.0,5.0,11
2107550,5.0,5.0,11
2107600,5.0,5.0,11
2107650,5.0,5.0,11
2107700,5.0,5.0,11
2107750,5.0,5.0,11
2107800,5.0,5.0,11
2107850,5.0,5.0,11
2107900,5.0,5.0,11
2107950,5.0,5.0,11
2108000,5.0,5.0,11
2108050,5.0,5.0,11
2108100,5.0,5.0,11
2108150,5.0,5.0,11
2108200,5.0,5.0,11
2108250,5.0,5.0,11
2108300,5.0,5.0,11
2108350,5.0,5.0,11
2108400,5.0,5.0,11
2108450,5.0,5.0,11
2108500,5.0,5.0,11
2108550,5.0,5.0,11
2108600,5.0,5.0,11
2108650,5.0,5.0,11
2108700,5.0,5.0,11
2108750,5.0,5.0,11
2108800,5.0,5.0,11
2108850,5.0,5.0,11
2108900,5.0,5.0,11
2108950,5.0,5.0,11
2109000,5.0,5.0,11
2109050,5.0,5.0,11
2109100,5.0,5.0,11
2109150,5.0,5.0,11
2109200,5.0,5.0,11
2109250,5.0,5.0,11
2109300,5.0,5.0,11
2109350,5.0,5.0,11
2109400,5.0,5.0,11
2109450,5.0,5.0,11
2109500,5.0,5.0,11
2109550,5.0,5.0,11
2109600,5.0,5.0,11
2109650,5.0,5.0,11
2109700,5.0,5.0,11
2109750,5.0,5.0,11
2109800,5.0,5.0,11
2109850,5.0,5.0,11
2109900,5.0,5.0,11
2109950,5.0,5.0,11
2110000,5.0,5.0,11
2110050,5.0,5.0,11
2110100,5.0,5.0,11
2110150,5.0,5.0,11
2110200,5.0,5.0,11
2110250,5.0,5.0,11
2110300,5.0,5.0,11
2110350,5.0,5.0,11
2110400,5.0,5.0,11
2110450,5.0,5.0,11
2110500,5.0,5.0,11
2110550,5.0,5.0,11
2110600,5.0,5.0,11
2110650,5.0,5.0,11
2110700,5.0,5.0,11
2110750,5.0,5.0,11
2110800,5.0,5.0,11
2110850,5.0,5.0,11
2110900,5.0,5.0,11
2110950,5.0,5.0,11
2111000,5.0,5.0,11
2111050,5.0,5.0,11
2111100,5.0,5.0,11
2111150,5.0,5.0,11
2111200,5.0,5.0,11
2111250,5.0,5.0,11
2111300,5.0,5.0,11
2111350,5.0,5.0,11
2111400,5.0,5.0,11
2111450,5.0,5.0,11
2111500,5.0,5.0,11
2111550,5.0,5.0,11
2111600,5.0,5.0,11
2111650,5.0,5.0,11
2111700,5.0,5.0,11
2111750,5.0,5.0,11
2111800,5.0,5.0,11
2111850,5.0,5.0,11
2111900,5.0,5.0,11
2111950,5.0,5.0,11
2112000,5.0,5.0,11
2112050,5.0,5.0,11
2112100,5.0,5.0,11
2112150,5.0,5.0,11
2112200,5.0,5.0,11
2112250,5.0,5.0,11
2112300,5.0,5.0,11
2112350,5.0,5.0,11
2112400,5.0,5.0,11
2112450,5.0,5.0,11
2112500,5.0,5.0,11
2112550,5.0,5.0,11
2112600,5.0,5.0,11
2112650,5.0,5.0,11
2112700,5.0,5.0,11
2112750,5.0,5.0,11
2112800,5.0,5.0,11
2112850,5.0,5.0,11
2112900,5.0,5.0,11
2112950,5.0,5.0,11
2113000,5.0,5.0,11
2113050,5.0,5.0,11
2113100,5.0,5.0,11
2113150,5.0,5.0,11
2113200,5.0,5.0,11
2113250,5.0,5.0,11
2113300,5.0,5.0,11
2113350,5.0,5.0,11
2113400,5.0,5.0,11
2113450,5.0,5.0,11
2113500,5.0,5.0,11
2113550,5.0,5.0,11
2113600,5.0,5.0,11
2113650,5.0,5.0,11
2113700,5.0,5.0,11
2113750,5.0,5.0,11
2113800,5.0,5.0,11
2113850,5.0,5.0,11
2113900,5.0,5.0,11
2113950,5.0,5.0,11
2114000,5.0,5.0,11
2114050,5.0,5.0,11
2114100,5.0,5.0,11
2114150,5.0,5.0,11
2114200,5.0,5.0,11
2114250,5.0,5.0,11
2114300,5.0,5.0,11
2114350,5.0,5.0,11
2114400,5.0,5.0,11
2114450,5.0,5.0,11
2114500,5.0,5.0,11
2114550,5.0,5.0,11
2114600,5.0,5.0,11
2114650,5.0,5.0,11
2114700,5.0,5.0,11
2114750,5.0,5.0,11
2114800,5.0,5.0,11
2114850,5.0,5.0,11
2114900,5.0,5.0,11
2114950,5.0,5.0,11
2115000,5.0,5.0,11
2115050,5.0,5.0,11
2115100,5.0,5.0,11
2115150,5.0,5.0,11
2115200,5.0,5.0,11
2115250,5.0,5.0,11
2115300,5.0,5.0,11
2115350,5.0,5.0,11
2115400,5.0,5.0,11
2115450,5.0,5.0,11
2115500,5.0,5.0,11
2115550,5.0,5.0,11
2115600,5.0,5.0,11
2115650,5.0,5.0,11
2115700,5.0,5.0,11
2115750,5.0,5.0,11
2115800,5.0,5.0,11
2115850,5.0,5.0,11
2115900,5.0,5.0,11
2115950,5.0,5.0,11
2116000,5.0,5.0,11
2116050,5.0,5.0,11
2116100,5.0,5.0,11
2116150,5.0,5.0,11
2116200,5.0,5.0,11
2116250,5.0,5.0,11
2116300,5.0,5.0,11
2116350,5.0,5.0,11
2116400,5.0,5.0,11
2116450,5.0,5.0,11
2116500,5.0,5.0,11
2116550,5.0,5.0,11
2116600,5.0,5.0,11
2116650,5.0,5.0,11
2116700,5.0,5.0,11
2116750,5.0,5.0,11
2116800,5.0,5.0,11
2116850,5.0,5.0,11
2116900,5.0,5.0,11
2116950,5.0,5.0,11
2117000,5.0,5.0,11
2117050,5.0,5.0,11
2117100,5.0,5.0,11
2117150,5.0,5.0,11
2117200,5.0,5.0,11
2117250,5.0,5.0,11
2117300,5.0,5.0,11
2117350,5.0,5.0,11
2117400,5.0,5.0,11
2117450,5.0,5.0,11
2117500,5.0,5.0,11
2117550,5.0,5.0,11
2117600,5.0,5.0,11
2117650,5.0,5.0,11
2117700,5.0,5.0,11
2117750,5.0,5.0,11
2117800,5.0,5.0,11
2117850,5.0,5.0,11
2117900,5.0,5.0,11
2117950,5.0,5.0,11
2118000,5.0,5.0,11
2118050,5.0,5.0,11
2118100,5.0,5.0,11
2118150,5.0,5.0,11
2118200,5.0,5.0,11
2118250,5.0,5.0,11
2118300,5.0,5.0,11
2118350,5.0,5.0,11
2118400,5.0,5.0,11
2118450,5.0,5.0,11
2118500,5.0,5.0,11
2118550,5.0,5.0,11
2118600,5.0,5.0,11
2118650,5.0,5.0,11
2118700,5.0,5.0,11
2118750,5.0,5.0,11
2118800,5.0,5.0,11
2118850,5.0,5.0,11
2118900,5.0,5.0,11
2118950,5.0,5.0,11
2119000,5.0,5.0,11
2119050,5.0,5.0,11
2119100,5.0,5.0,11
2119150,5.0,5.0,11
2119200,5.0,5.0,11
2119250,5.0,5.0,11
2119300,5.0,5.0,11
2119350,5.0,5.0,11
2119400,5.0,5.0,11
2119450,5.0,5.0,11
2119500,5.0,5.0,11
2119550,5.0,5.0,11
2119600,5.0,5.0,11
2119650,5.0,5.0,11
2119700,5.0,5.0,11
2119750,5.0,5.0,11
2119800,5.0,5.0,11
2119850,5.0,5.0,11
2119900,5.0,5.0,11
2119950,5.0,5.0,11
2120000,5.0,5.0,11
2120050,5.0,5.0,11
2120100,5.0,5.0,11
2120150,5.0,5.0,11
2120200,5.0,5.0,11
2120250,5.0,5.0,11
2120300,5.0,5.0,11
2120350,5.0,5.0,11
2120400,5.0,5.0,11
2120450,5.0,5.0,11
2120500,5.0,5.0,11
2120550,5.0,5.0,11
2120600,5.0,5.0,11
2120650,5.0,5.0,11
2120700,5.0,5.0,11
2120750,5.0,5.0,11
2120800,5.0,5.0,11
2120850,5.0,5.0,11
2120900,5.0,5.0,11
2120950,5.0,5.0,11
2121000,5.0,5.0,11
2121050,5.0,5.0,11
2121100,5.0,5.0,11
2121150,5.0,5.0,11
2121200,5.0,5.0,11
2121250,5.0,5.0,11
2121300,5.0,5.0,11
2121350,5.0,5.0,11
2121400,5.0,5.0,11
2121450,5.0,5.0,11
2121500,5.0,5.0,11
2121550,5.0,5.0,11
2121600,5.0,5.0,11
2121650,5.0,5.0,11
2121700,5.0,5.0,11
2121750,5.0,5.0,11
2121800,5.0,5.0,11
2121850,5.0,5.0,11
2121900,5.0,5.0,11
2121950,5.0,5.0,11
2122000,5.0,5.0,11
2122050,5.0,5.0,11
2122100,5.0,5.0,11
2122150,5.0,5.0,11
2122200,5.0,5.0,11
2122250,5.0,5.0,11
2122300,5.0,5.0,11
2122350,5.0,5.0,11
2122400,5.0,5.0,11
2122450,5.0,5.0,11
2122500,5.0,5.0,11
2122550,5.0,5.0,11
2122600,5.0,5.0,11
2122650,5.0,5.0,11
2122700,5.0,5.0,11
2122750,5.0,5.0,11
2122800,5.0,5.0,11
2122850,5.0,5.0,11
2122900,5.0,5.0,11
2122950,5.0,5.0,11
2123000,5.0,5.0,11
2123050,5.0,5.0,11
2123100,5.0,5.0,11
2123150,5.0,5.0,11
2123200,5.0,5.0,11
2123250,5.0,5.0,11
2123300,5.0,5.0,11
2123350,5.0,5.0,11
2123400,5.0,5.0,11
2123450,5.0,5.0,11
2123500,5.0,5.0,11
2123550,5.0,5.0,11
2123600,5.0,5.0,11
2123650,5.0,5.0,11
2123700,5.0,5.0,11
2123750,5.0,5.0,11
2123800,5.0,5.0,11
2123850,5.0,5.0,11
2123900,5.0,5.0,11
2123950,5.0,5.0,11
2124000,5.0,5.0,11
2124050,5.0,5.0,11
2124100,5.0,5.0,11
2124150,5.0,5.0,11
2124200,5.0,5.0,11
2124250,5.0,5.0,11
2124300,5.0,5.0,11
2124350,5.0,5.0,11
2124400,5.0,5.0,11
2124450,5.0,5.0,11
2124500,5.0,5.0,11
2124550,5.0,5.0,11
2124600,5.0,5.0,11
2124650,5.0,5.0,11
2124700,5.0,5.0,11
2124750,5.0,5.0,11
2124800,5.0,5.0,11
2124850,5.0,5.0,11
2124900,5.0,5.0,11
2124950,5.0,5.0,11
2125000,5.0,5.0,11
2125050,5.0,5.0,11
2125100,5.0,5.0,11
2125150,5.0,5.0,11
2125200,5.0,5.0,11
2125250,5.0,5.0,11
2125300,5.0,5.0,11
2125350,5.0,5.0,11
2125400,5.0,5.0,11
2125450,5.0,5.0,11
2125500,5.0,5.0,11
2125550,5.0,5.0,11
2125600,5.0,5.0,11
2125650,5.0,5.0,11
2125700,5.0,5.0,11
2125750,5.0,5.0,11
2125800,5.0,5.0,11
2125850,5.0,5.0,11
2125900,5.0,5.0,11
2125950,5.0,5.0,11
2126000,5.0,5.0,11
2126050,5.0,5.0,11
2126100,5.0,5.0,11
2126150,5.0,5.0,11
2126200,5.0,5.0,11
2126250,5.0,5.0,11
2126300,5.0,5.0,11
2126350,5.0,5.0,11
2126400,5.0,5.0,11
2126450,5.0,5.0,11
2126500,5.0,5.0,11
2126550,5.0,5.0,11
2126600,5.0,5.0,11
2126650,5.0,5.0,11
2126700,5.0,5.0,11
2126750,5.0,5.0,11
2126800,5.0,5.0,11
2126850,5.0,5.0,11
2126900,5.0,5.0,11
2126950,5.0,5.0,11
2127000,5.0,5.0,11
2127050,5.0,5.0,11
2127100,5.0,5.0,11
2127150,5.0,5.0,11
2127200,5.0,5.0,11
2127250,5.0,5.0,11
2127300,5.0,5.0,11
2127350,5.0,5.0,11
2127400,5.0,5.0,11
2127450,5.0,5.0,11
2127500,5.0,5.0,11
2127550,5.0,5.0,11
2127600,5.0,5.0,11
2127650,5.0,5.0,11
2127700,5.0,5.0,11
2127750,5.0,5.0,11
2127800,5.0,5.0,11
2127850,5.0,5.0,11
2127900,5.0,5.0,11
2127950,5.0,5.0,11
2128000,5.0,5.0,11
2128050,5.0,5.0,11
2128100,5.0,5.0,11
2128150,5.0,5.0,11
2128200,5.0,5.0,11
2128250,5.0,5.0,11
2128300,5.0,5.0,11
2128350,5.0,5.0,11
2128400,5.0,5.0,11
2128450,5.0,5.0,11
2128500,5.0,5.0,11
2128550,5.0,5.0,11
2128600,5.0,5.0,11
2128650,5.0,5.0,11
2128700,5.0,5.0,11
2128750,5.0,5.0,11
2128800,5.0,5.0,11
2128850,5.0,5.0,11
2128900,5.0,5.0,11
2128950,5.0,5.0,11
2129000,5.0,5.0,11
2129050,5.0,5.0,11
2129100,5.0,5.0,11
2129150,5.0,5.0,11
2129200,5.0,5.0,11
2129250,5.0,5.0,11
2129300,5.0,5.0,11
2129350,5.0,5.0,11
2129400,5.0,5.0,11
2129450,5.0,5.0,11
2129500,5.0,5.0,11
2129550,5.0,5.0,11
2129600,5.0,5.0,11
2129650,5.0,5.0,11
2129700,5.0,5.0,11
2129750,5.0,5.0,11
2129800,5.0,5.0,11
2129850,5.0,5.0,11
2129900,5.0,5.0,11
2129950,5.0,5.0,11
2130000,5.0,5.0,11
2130050,5.0,5.0,11
2130100,5.0,5.0,11
2130150,5.0,5.0,11
2130200,5.0,5.0,11
2130250,5.0,5.0,11
2130300,5.0,5.0,11
2130350,5.0,5.0,11
2130400,5.0,5.0,11
2130450,5.0,5.0,11
2130500,5.0,5.0,11
2130550,5.0,5.0,11
2130600,5.0,5.0,11
2130650,5.0,5.0,11
2130700,5.0,5.0,11
2130750,5.0,5.0,11
2130800,5.0,5.0,11
2130850,5.0,5.0,11
2130900,5.0,5.0,11
2130950,5.0,5.0,11
2131000,5.0,5.0,11
2131050,5.0,5.0,11
2131100,5.0,5.0,11
2131150,5.0,5.0,11
2131200,5.0,5.0,11
2131250,5.0,5.0,11
2131300,5.0,5.0,11
2131350,5.0,5.0,11
2131400,5.0,5.0,11
2131450,5.0,5.0,11
2131500,5.0,5.0,11
2131550,5.0,5.0,11
2131600,5.0,5.0,11
2131650,5.0,5.0,11
2131700,5.0,5.0,11
2131750,5.0,5.0,11
2131800,5.0,5.0,11
2131850,5.0,5.0,11
2131900,5.0,5.0,11
2131950,5.0,5.0,11
2132000,5.0,5.0,11
2132050,5.0,5.0,11
2132100,5.0,5.0,11
2132150,5.0,5.0,11
2132200,5.0,5.0,11
2132250,5.0,5.0,11
2132300,5.0,5.0,11
2132350,5.0,5.0,11
2132400,5.0,5.0,11
2132450,5.0,5.0,11
2132500,5.0,5.0,11
2132550,5.0,5.0,11
2132600,5.0,5.0,11
2132650,5.0,5.0,11
2132700,5.0,5.0,11
2132750,5.0,5.0,11
2132800,5.0,5.0,11
2132850,5.0,5.0,11
2132900,5.0,5.0,11
2132950,5.0,5.0,11
2133000,5.0,5.0,11
2133050,5.0,5.0,11
2133100,5.0,5.0,11
2133150,5.0,5.0,11
2133200,5.0,5.0,11
2133250,5.0,5.0,11
2133300,5.0,5.0,11
2133350,5.0,5.0,11
2133400,5.0,5.0,11
2133450,5.0,5.0,11
2133500,5.0,5.0,11
2133550,5.0,5.0,11
2133600,5.0,5.0,11
2133650,5.0,5.0,11
2133700,5.0,5.0,11
2133750,5.0,5.0,11
2133800,5.0,5.0,11
2133850,5.0,5.0,11
2133900,5.0,5.0,11
2133950,5.0,5.0,11
2134000,5.0,5.0,11
2134050,5.0,5.0,11
2134100,5.0,5.0,11
2134150,5.0,5.0,11
2134200,5.0,5.0,11
2134250,5.0,5.0,11
2134300,5.0,5.0,11
2134350,5.0,5.0,11
2134400,5.0,5.0,11
2134450,5.0,5.0,11
2134500,5.0,5.0,11
2134550,5.0,5.0,11
2134600,5.0,5.0,11
2134650,5.0,5.0,11
2134700,5.0,5.0,11
2134750,5.0,5.0,11
2134800,5.0,5.0,11
2134850,5.0,5.0,11
2134900,5.0,5.0,11
2134950,5.0,5.0,11
2135000,5.0,5.0,11
2135050,5.0,5.0,11
2135100,5.0,5.0,11
2135150,5.0,5.0,11
2135200,5.0,5.0,11
2135250,5.0,5.0,11
2135300,5.0,5.0,11
2135350,5.0,5.0,11
2135400,5.0,5.0,11
2135450,5.0,5.0,11
2135500,5.0,5.0,11
2135550,5.0,5.0,11
2135600,5.0,5.0,11
2135650,5.0,5.0,11
2135700,5.0,5.0,11
2135750,5.0,5.0,11
2135800,5.0,5.0,11
2135850,5.0,5.0,11
2135900,5.0,5.0,11
2135950,5.0,5.0,11
2136000,5.0,5.0,11
2136050,5.0,5.0,11
2136100,5.0,5.0,11
2136150,5.0,5.0,11
2136200,5.0,5.0,11
2136250,5.0,5.0,11
2136300,5.0,5.0,11
2136350,5.0,5.0,11
2136400,5.0,5.0,11
2136450,5.0,5.0,11
2136500,5.0,5.0,11
2136550,5.0,5.0,11
2136600,5.0,5.0,11
2136650,5.0,5.0,11
2136700,5.0,5.0,11
2136750,5.0,5.0,11
2136800,5.0,5.0,11
2136850,5.0,5.0,11
2136900,5.0,5.0,11
2136950,5.0,5.0,11
2137000,5.0,5.0,11
2137050,5.0,5.0,11
2137100,5.0,5.0,11
2137150,5.0,5.0,11
2137200,5.0,5.0,11
2137250,5.0,5.0,11
2137300,5.0,5.0,11
2137350,5.0,5.0,11
2137400,5.0,5.0,11
2137450,5.0,5.0,11
2137500,5.0,5.0,11
2137550,5.0,5.0,11
2137600,5.0,5.0,11
2137650,5.0,5.0,11
2137700,5.0,5.0,11
2137750,5.0,5.0,11
2137800,5.0,5.0,11
2137850,5.0,5.0,11
2137900,5.0,5.0,11
2137950,5.0,5.0,11
2138000,5.0,5.0,11
2138050,5.0,5.0,11
2138100,5.0,5.0,11
2138150,5.0,5.0,11
2138200,5.0,5.0,11
2138250,5.0,5.0,11
2138300,5.0,5.0,11
2138350,5.0,5.0,11
2138400,5.0,5.0,11
2138450,5.0,5.0,11
2138500,5.0,5.0,11
2138550,5.0,5.0,11
2138600,5.0,5.0,11
2138650,5.0,5.0,11
2138700,5.0,5.0,11
2138750,5.0,5.0,11
2138800,5.0,5.0,11
2138850,5.0,5.0,11
2138900,5.0,5.0,11
2138950,5.0,5.0,11
2139000,5.0,5.0,11
2139050,5.0,5.0,11
2139100,5.0,5.0,11
2139150,5.0,5.0,11
2139200,5.0,5.0,11
2139250,5.0,5.0,11
2139300,5.0,5.0,11
2139350,5.0,5.0,11
2139400,5.0,5.0,11
2139450,5.0,5.0,11
2139500,5.0,5.0,11
2139550,5.0,5.0,11
2139600,5.0,5.0,11
2139650,5.0,5.0,11
2139700,5.0,5.0,11
2139750,5.0,5.0,11
2139800,5.0,5.0,11
2139850,5.0,5.0,11
2139900,5.0,5.0,11
2139950,5.0,5.0,11
2140000,5.0,5.0,11
2140050,5.0,5.0,11
2140100,5.0,5.0,11
2140150,5.0,5.0,11
2140200,5.0,5.0,11
2140250,5.0,5.0,11
2140300,5.0,5.0,11
2140350,5.0,5.0,11
2140400,5.0,5.0,11
2140450,5.0,5.0,11
2140500,5.0,5.0,11
2140550,5.0,5.0,11
2140600,5.0,5.0,11
2140650,5.0,5.0,11
2140700,5.0,5.0,11
2140750,5.0,5.0,11
2140800,5.0,5.0,11
2140850,5.0,5.0,11
2140900,5.0,5.0,11
2140950,5.0,5.0,11
2141000,5.0,5.0,11
2141050,5.0,5.0,11
2141100,5.0,5.0,11
2141150,5.0,5.0,11
2141200,5.0,5.0,11
2141250,5.0,5.0,11
2141300,5.0,5.0,11
2141350,5.0,5.0,11
2141400,5.0,5.0,11
2141450,5.0,5.0,11
2141500,5.0,5.0,11
2141550,5.0,5.0,11
2141600,5.0,5.0,11
2141650,5.0,5.0,11
2141700,5.0,5.0,11
2141750,5.0,5.0,11
2141800,5.0,5.0,11
2141850,5.0,5.0,11
2141900,5.0,5.0,11
2141950,5.0,5.0,11
2142000,5.0,5.0,11
2142050,5.0,5.0,11
2142100,5.0,5.0,11
2142150,5.0,5.0,11
2142200,5.0,5.0,11
2142250,5.0,5.0,11
2142300,5.0,5.0,11
2142350,5.0,5.0,11
2142400,5.0,5.0,11
2142450,5.0,5.0,11
2142500,5.0,5.0,11
2142550,5.0,5.0,11
2142600,5.0,5.0,11
2142650,5.0,5.0,11
2142700,5.0,5.0,11
2142750,5.0,5.0,11
2142800,5.0,5.0,11
2142850,5.0,5.0,11
2142900,5.0,5.0,11
2142950,5.0,5.0,11
2143000,5.0,5.0,11
2143050,5.0,5.0,11
2143100,5.0,5.0,11
2143150,5.0,5.0,11
2143200,5.0,5.0,11
2143250,5.0,5.0,11
2143300,5.0,5.0,11
2143350,5.0,5.0,11
2143400,5.0,5.0,11
2143450,5.0,5.0,11
2143500,5.0,5.0,11
2143550,5.0,5.0,11
2143600,5.0,5.0,11
2143650,5.0,5.0,11
2143700,5.0,5.0,11
2143750,5.0,5.0,11
2143800,5.0,5.0,11
2143850,5.0,5.0,11
2143900,5.0,5.0,11
2143950,5.0,5.0,11
2144000,5.0,5.0,11
2144050,5.0,5.0,11
2144100,5.0,5.0,11
2144150,5.0,5.0,11
2144200,5.0,5.0,11
2144250,5.0,5.0,11
2144300,5.0,5.0,11
2144350,5.0,5.0,11
2144400,5.0,5.0,11
2144450,5.0,5.0,11
2144500,5.0,5.0,11
2144550,5.0,5.0,11
2144600,5.0,5.0,11
2144650,5.0,5.0,11
2144700,5.0,5.0,11
2144750,5.0,5.0,11
2144800,5.0,5.0,11
2144850,5.0,5.0,11
2144900,5.0,5.0,11
2144950,5.0,5.0,11
2145000,5.0,5.0,11
2145050,5.0,5.0,11
2145100,5.0,5.0,11
2145150,5.0,5.0,11
2145200,5.0,5.0,11
2145250,5.0,5.0,11
2145300,5.0,5.0,11
2145350,5.0,5.0,11
2145400,5.0,5.0,11
2145450,5.0,5.0,11
2145500,5.0,5.0,11
2145550,5.0,5.0,11
2145600,5.0,5.0,11
2145650,5.0,5.0,11
2145700,5.0,5.0,11
2145750,5.0,5.0,11
2145800,5.0,5.0,11
2145850,5.0,5.0,11
2145900,5.0,5.0,11
2145950,5.0,5.0,11
2146000,5.0,5.0,11
2146050,5.0,5.0,11
2146100,5.0,5.0,11
2146150,5.0,5.0,11
2146200,5.0,5.0,11
2146250,5.0,5.0,11
2146300,5.0,5.0,11
2146350,5.0,5.0,11
2146400,5.0,5.0,11
2146450,5.0,5.0,11
2146500,5.0,5.0,11
2146550,5.0,5.0,11
2146600,5.0,5.0,11
2146650,5.0,5.0,11
2146700,5.0,5.0,11
2146750,5.0,5.0,11
2146800,5.0,5.0,11
2146850,5.0,5.0,11
2146900,5.0,5.0,11
2146950,5.0,5.0,11
2147000,5.0,5.0,11
2147050,5.0,5.0,11
2147100,5.0,5.0,11
2147150,5.0,5.0,11
2147200,5.0,5.0,11
2147250,5.0,5.0,11
2147300,5.0,5.0,11
2147350,5.0,5.0,11
2147400,5.0,5.0,11
2147450,5.0,5.0,11
2147500,5.0,5.0,11
2147550,5.0,5.0,11
2147600,5.0,5.0,11
2147650,5.0,5.0,11
2147700,5.0,5.0,11
2147750,5.0,5.0,11
2147800,5.0,5.0,11
2147850,5.0,5.0,11
2147900,5.0,5.0,11
2147950,5.0,5.0,11
2148000,5.0,5.0,11
2148050,5.0,5.0,11
2148100,5.0,5.0,11
2148150,5.0,5.0,11
2148200,5.0,5.0,11
2148250,5.0,5.0,11
2148300,5.0,5.0,11
2148350,5.0,5.0,11
2148400,5.0,5.0,11
2148450,5.0,5.0,11
2148500,5.0,5.0,11
2148550,5.0,5.0,11
2148600,5.0,5.0,11
2148650,5.0,5.0,11
2148700,5.0,5.0,11
2148750,5.0,5.0,11
2148800,5.0,5.0,11
2148850,5.0,5.0,11
2148900,5.0,5.0,11
2148950,5.0,5.0,11
2149000,5.0,5.0,11
2149050,5.0,5.0,11
2149100,5.0,5.0,11
2149150,5.0,5.0,11
2149200,5.0,5.0,11
2149250,5.0,5.0,11
2149300,5.0,5.0,11
2149350,5.0,5.0,11
2149400,5.0,5.0,11
2149450,5.0,5.0,11
2149500,5.0,5.0,11
2149550,5.0,5.0,11
2149600,5.0,5.0,11
2149650,5.0,5.0,11
2149700,5.0,5.0,11
2149750,5.0,5.0,11
2149800,5.0,5.0,11
2149850,5.0,5.0,11
2149900,5.0,5.0,11
2149950,5.0,5.0,11
2150000,5.0,5.0,11
2150050,5.0,5.0,11
2150100,5.0,5.0,11
2150150,5.0,5.0,11
2150200,5.0,5.0,11
2150250,5.0,5.0,11
2150300,5.0,5.0,11
2150350,5.0,5.0,11
2150400,5.0,5.0,11
2150450,5.0,5.0,11
2150500,5.0,5.0,11
2150550,5.0,5.0,11
2150600,5.0,5.0,11
2150650,5.0,5.0,11
2150700,5.0,5.0,11
2150750,5.0,5.0,11
2150800,5.0,5.0,11
2150850,5.0,5.0,11
2150900,5.0,5.0,11
2150950,5.0,5.0,11
2151000,5.0,5.0,11
2151050,5.0,5.0,11
2151100,5.0,5.0,11
2151150,5.0,5.0,11
2151200,5.0,5.0,11
2151250,5.0,5.0,11
2151300,5.0,5.0,11
2151350,5.0,5.0,11
2151400,5.0,5.0,11
2151450,5.0,5.0,11
2151500,5.0,5.0,11
2151550,5.0,5.0,11
2151600,5.0,5.0,11
2151650,5.0,5.0,11
2151700,5.0,5.0,11
2151750,5.0,5.0,11
2151800,5.0,5.0,11
2151850,5.0,5.0,11
2151900,5.0,5.0,11
2151950,5.0,5.0,11
2152000,5.0,5.0,11
2152050,5.0,5.0,11
2152100,5.0,5.0,11
2152150,5.0,5.0,11
2152200,5.0,5.0,11
2152250,5.0,5.0,11
2152300,5.0,5.0,11
2152350,5.0,5.0,11
2152400,5.0,5.0,11
2152450,5.0,5.0,11
2152500,5.0,5.0,11
2152550,5.0,5.0,11
2152600,5.0,5.0,11
2152650,5.0,5.0,11
2152700,5.0,5.0,11
2152750,5.0,5.0,11
2152800,5.0,5.0,11
2152850,5.0,5.0,11
2152900,5.0,5.0,11
2152950,5.0,5.0,11
2153000,5.0,5.0,11
2153050,5.0,5.0,11
2153100,5.0,5.0,11
2153150,5.0,5.0,11
2153200,5.0,5.0,11
2153250,5.0,5.0,11
2153300,5.0,5.0,11
2153350,5.0,5.0,11
2153400,5.0,5.0,11
2153450,5.0,5.0,11
2153500,5.0,5.0,11
2153550,5.0,5.0,11
2153600,5.0,5.0,11
2153650,5.0,5.0,11
2153700,5.0,5.0,11
2153750,5.0,5.0,11
2153800,5.0,5.0,11
2153850,5.0,5.0,11
2153900,5.0,5.0,11
2153950,5.0,5.0,11
2154000,5.0,5.0,11
2154050,5.0,5.0,11
2154100,5.0,5.0,11
2154150,5.0,5.0,11
2154200,5.0,5.0,11
2154250,5.0,5.0,11
2154300,5.0,5.0,11
2154350,5.0,5.0,11
2154400,5.0,5.0,11
2154450,5.0,5.0,11
2154500,5.0,5.0,11
2154550,5.0,5.0,11
2154600,5.0,5.0,11
2154650,5.0,5.0,11
2154700,5.0,5.0,11
2154750,5.0,5.0,11
2154800,5.0,5.0,11
2154850,5.0,5.0,11
2154900,5.0,5.0,11
2154950,5.0,5.0,11
2155000,5.0,5.0,11
2155050,5.0,5.0,11
2155100,5.0,5.0,11
2155150,5.0,5.0,11
2155200,5.0,5.0,11
2155250,5.0,5.0,11
2155300,5.0,5.0,11
2155350,5.0,5.0,11
2155400,5.0,5.0,11
2155450,5.0,5.0,11
2155500,5.0,5.0,11
2155550,5.0,5.0,11
2155600,5.0,5.0,11
2155650,5.0,5.0,11
2155700,5.0,5.0,11
2155750,5.0,5.0,11
2155800,5.0,5.0,11
2155850,5.0,5.0,11
2155900,5.0,5.0,11
2155950,5.0,5.0,11
2156000,5.0,5.0,11
2156050,5.0,5.0,11
2156100,5.0,5.0,11
2156150,5.0,5.0,11
2156200,5.0,5.0,11
2156250,5.0,5.0,11
2156300,5.0,5.0,11
2156350,5.0,5.0,11
2156400,5.0,5.0,11
2156450,5.0,5.0,11
2156500,5.0,5.0,11
2156550,5.0,5.0,11
2156600,5.0,5.0,11
2156650,5.0,5.0,11
2156700,5.0,5.0,11
2156750,5.0,5.0,11
2156800,5.0,5.0,11
2156850,5.0,5.0,11
2156900,5.0,5.0,11
2156950,5.0,5.0,11
2157000,5.0,5.0,11
2157050,5.0,5.0,11
2157100,5.0,5.0,11
2157150,5.0,5.0,11
2157200,5.0,5.0,11
2157250,5.0,5.0,11
2157300,5.0,5.0,11
2157350,5.0,5.0,11
2157400,5.0,5.0,11
2157450,5.0,5.0,11
2157500,5.0,5.0,11
2157550,5.0,5.0,11
2157600,5.0,5.0,11
2157650,5.0,5.0,11
2157700,5.0,5.0,11
2157750,5.0,5.0,11
2157800,5.0,5.0,11
2157850,5.0,5.0,11
2157900,5.0,5.0,11
2157950,5.0,5.0,11
2158000,5.0,5.0,11
2158050,5.0,5.0,11
2158100,5.0,5.0,11
2158150,5.0,5.0,11
2158200,5.0,5.0,11
2158250,5.0,5.0,11
2158300,5.0,5.0,11
2158350,5.0,5.0,11
2158400,5.0,5.0,11
2158450,5.0,5.0,11
2158500,5.0,5.0,11
2158550,5.0,5.0,11
2158600,5.0,5.0,11
2158650,5.0,5.0,11
2158700,5.0,5.0,11
2158750,5.0,5.0,11
2158800,5.0,5.0,11
2158850,5.0,5.0,11
2158900,5.0,5.0,11
2158950,5.0,5.0,11
2159000,5.0,5.0,11
2159050,5.0,5.0,11
2159100,5.0,5.0,11
2159150,5.0,5.0,11
2159200,5.0,5.0,11
2159250,5.0,5.0,11
2159300,5.0,5.0,11
2159350,5.0,5.0,11
2159400,5.0,5.0,11
2159450,5.0,5.0,11
2159500,5.0,5.0,11
2159550,5.0,5.0,11
2159600,5.0,5.0,11
2159650,5.0,5.0,11
2159700,5.0,5.0,11
2159750,5.0,5.0,11
2159800,5.0,5.0,11
2159850,5.0,5.0,11
2159900,5.0,5.0,11
2159950,5.0,5.0,11
2160000,5.0,5.0,11
2160050,5.0,5.0,11
2160100,5.0,5.0,11
2160150,5.0,5.0,11
2160200,5.0,5.0,11
2160250,5.0,5.0,11
2160300,5.0,5.0,11
2160350,5.0,5.0,11
2160400,5.0,5.0,11
2160450,5.0,5.0,11
2160500,5.0,5.0,11
2160550,5.0,5.0,11
2160600,5.0,5.0,11
2160650,5.0,5.0,11
2160700,5.0,5.0,11
2160750,5.0,5.0,11
2160800,5.0,5.0,11
2160850,5.0,5.0,11
2160900,5.0,5.0,11
2160950,5.0,5.0,11
2161000,5.0,5.0,11
2161050,5.0,5.0,11
2161100,5.0,5.0,11
2161150,5.0,5.0,11
2161200,5.0,5.0,11
2161250,5.0,5.0,11
2161300,5.0,5.0,11
2161350,5.0,5.0,11
2161400,5.0,5.0,11
2161450,5.0,5.0,11
2161500,5.0,5.0,11
2161550,5.0,5.0,11
2161600,5.0,5.0,11
2161650,5.0,5.0,11
2161700,5.0,5.0,11
2161750,5.0,5.0,11
2161800,5.0,5.0,11
2161850,5.0,5.0,11
2161900,5.0,5.0,11
2161950,5.0,5.0,11
2162000,5.0,5.0,11
2162050,5.0,5.0,11
2162100,5.0,5.0,11
2162150,5.0,5.0,11
2162200,5.0,5.0,11
2162250,5.0,5.0,11
2162300,5.0,5.0,11
2162350,5.0,5.0,11
2162400,5.0,5.0,11
2162450,5.0,5.0,11
2162500,5.0,5.0,11
2162550,5.0,5.0,11
2162600,5.0,5.0,11
2162650,5.0,5.0,11
2162700,5.0,5.0,11
2162750,5.0,5.0,11
2162800,5.0,5.0,11
2162850,5.0,5.0,11
2162900,5.0,5.0,11
2162950,5.0,5.0,11
2163000,5.0,5.0,11
2163050,5.0,5.0,11
2163100,5.0,5.0,11
2163150,5.0,5.0,11
2163200,5.0,5.0,11
2163250,5.0,5.0,11
2163300,5.0,5.0,11
2163350,5.0,5.0,11
2163400,5.0,5.0,11
2163450,5.0,5.0,11
2163500,5.0,5.0,11
2163550,5.0,5.0,11
2163600,5.0,5.0,11
2163650,5.0,5.0,11
2163700,5.0,5.0,11
2163750,5.0,5.0,11
2163800,5.0,5.0,11
2163850,5.0,5.0,11
2163900,5.0,5.0,11
2163950,5.0,5.0,11
2164000,5.0,5.0,11
2164050,5.0,5.0,11
2164100,5.0,5.0,11
2164150,5.0,5.0,11
2164200,5.0,5.0,11
2164250,5.0,5.0,11
2164300,5.0,5.0,11
2164350,5.0,5.0,11
2164400,5.0,5.0,11
2164450,5.0,5.0,11
2164500,5.0,5.0,11
2164550,5.0,5.0,11
2164600,5.0,5.0,11
2164650,5.0,5.0,11
2164700,5.0,5.0,11
2164750,5.0,5.0,11
2164800,5.0,5.0,11
2164850,5.0,5.0,11
2164900,5.0,5.0,11
2164950,5.0,5.0,11
2165000,5.0,5.0,11
2165050,5.0,5.0,11
2165100,5.0,5.0,11
2165150,5.0,5.0,11
2165200,5.0,5.0,11
2165250,5.0,5.0,11
2165300,5.0,5.0,11
2165350,5.0,5.0,11
2165400,5.0,5.0,11
2165450,5.0,5.0,11
2165500,5.0,5.0,11
2165550,5.0,5.0,11
2165600,5.0,5.0,11
2165650,5.0,5.0,11
2165700,5.0,5.0,11
2165750,5.0,5.0,11
2165800,5.0,5.0,11
2165850,5.0,5.0,11
2165900,5.0,5.0,11
2165950,5.0,5.0,11
2166000,5.0,5.0,11
2166050,5.0,5.0,11
2166100,5.0,5.0,11
2166150,5.0,5.0,11
2166200,5.0,5.0,11
2166250,5.0,5.0,11
2166300,5.0,5.0,11
2166350,5.0,5.0,11
2166400,5.0,5.0,11
2166450,5.0,5.0,11
2166500,5.0,5.0,11
2166550,5.0,5.0,11
2166600,5.0,5.0,11
2166650,5.0,5.0,11
2166700,5.0,5.0,11
2166750,5.0,5.0,11
2166800,5.0,5.0,11
2166850,5.0,5.0,11
2166900,5.0,5.0,11
2166950,5.0,5.0,11
2167000,5.0,5.0,11
2167050,5.0,5.0,11
2167100,5.0,5.0,11
2167150,5.0,5.0,11
2167200,5.0,5.0,11
2167250,5.0,5.0,11
2167300,5.0,5.0,11
2167350,5.0,5.0,11
2167400,5.0,5.0,11
2167450,5.0,5.0,11
2167500,5.0,5.0,11
2167550,5.0,5.0,11
2167600,5.0,5.0,11
2167650,5.0,5.0,11
2167700,5.0,5.0,11
2167750,5.0,5.0,11
2167800,5.0,5.0,11
2167850,5.0,5.0,11
2167900,5.0,5.0,11
2167950,5.0,5.0,11
2168000,5.0,5.0,11
2168050,5.0,5.0,11
2168100,5.0,5.0,11
2168150,5.0,5.0,11
2168200,5.0,5.0,11
2168250,5.0,5.0,11
2168300,5.0,5.0,11
2168350,5.0,5.0,11
2168400,5.0,5.0,11
2168450,5.0,5.0,11
2168500,5.0,5.0,11
2168550,5.0,5.0,11
2168600,5.0,5.0,11
2168650,5.0,5.0,11
2168700,5.0,5.0,11
2168750,5.0,5.0,11
2168800,5.0,5.0,11
2168850,5.0,5.0,11
2168900,5.0,5.0,11
2168950,5.0,5.0,11
2169000,5.0,5.0,11
2169050,5.0,5.0,11
2169100,5.0,5.0,11
2169150,5.0,5.0,11
2169200,5.0,5.0,11
2169250,5.0,5.0,11
2169300,5.0,5.0,11
2169350,5.0,5.0,11
2169400,5.0,5.0,11
2169450,5.0,5.0,11
2169500,5.0,5.0,11
2169550,5.0,5.0,11
2169600,5.0,5.0,11
2169650,5.0,5.0,11
2169700,5.0,5.0,11
2169750,5.0,5.0,11
2169800,5.0,5.0,11
2169850,5.0,5.0,11
2169900,5.0,5.0,11
2169950,5.0,5.0,11
2170000,5.0,5.0,11
2170050,5.0,5.0,11
2170100,5.0,5.0,11
2170150,5.0,5.0,11
2170200,5.0,5.0,11
2170250,5.0,5.0,11
2170300,5.0,5.0,11
2170350,5.0,5.0,11
2170400,5.0,5.0,11
2170450,5.0,5.0,11
2170500,5.0,5.0,11
2170550,5.0,5.0,11
2170600,5.0,5.0,11
2170650,5.0,5.0,11
2170700,5.0,5.0,11
2170750,5.0,5.0,11
2170800,5.0,5.0,11
2170850,5.0,5.0,11
2170900,5.0,5.0,11
2170950,5.0,5.0,11
2171000,5.0,5.0,11
2171050,5.0,5.0,11
2171100,5.0,5.0,11
2171150,5.0,5.0,11
2171200,5.0,5.0,11
2171250,5.0,5.0,11
2171300,5.0,5.0,11
2171350,5.0,5.0,11
2171400,5.0,5.0,11
2171450,5.0,5.0,11
2171500,5.0,5.0,11
2171550,5.0,5.0,11
2171600,5.0,5.0,11
2171650,5.0,5.0,11
2171700,5.0,5.0,11
2171750,5.0,5.0,11
2171800,5.0,5.0,11
2171850,5.0,5.0,11
2171900,5.0,5.0,11
2171950,5.0,5.0,11
2172000,5.0,5.0,11
2172050,5.0,5.0,11
2172100,5.0,5.0,11
2172150,5.0,5.0,11
2172200,5.0,5.0,11
2172250,5.0,5.0,11
2172300,5.0,5.0,11
2172350,5.0,5.0,11
2172400,5.0,5.0,11
2172450,5.0,5.0,11
2172500,5.0,5.0,11
2172550,5.0,5.0,11
2172600,5.0,5.0,11
2172650,5.0,5.0,11
2172700,5.0,5.0,11
2172750,5.0,5.0,11
2172800,5.0,5.0,11
2172850,5.0,5.0,11
2172900,5.0,5.0,11
2172950,5.0,5.0,11
2173000,5.0,5.0,11
2173050,5.0,5.0,11
2173100,5.0,5.0,11
2173150,5.0,5.0,11
2173200,5.0,5.0,11
2173250,5.0,5.0,11
2173300,5.0,5.0,11
2173350,5.0,5.0,11
2173400,5.0,5.0,11
2173450,5.0,5.0,11
2173500,5.0,5.0,11
2173550,5.0,5.0,11
2173600,5.0,5.0,11
2173650,5.0,5.0,11
2173700,5.0,5.0,11
2173750,5.0,5.0,11
2173800,5.0,5.0,11
2173850,5.0,5.0,11
2173900,5.0,5.0,11
2173950,5.0,5.0,11
2174000,5.0,5.0,11
2174050,5.0,5.0,11
2174100,5.0,5.0,11
2174150,5.0,5.0,11
2174200,5.0,5.0,11
2174250,5.0,5.0,11
2174300,5.0,5.0,11
2174350,5.0,5.0,11
2174400,5.0,5.0,11
2174450,5.0,5.0,11
2174500,5.0,5.0,11
2174550,5.0,5.0,11
2174600,5.0,5.0,11
2174650,5.0,5.0,11
2174700,5.0,5.0,11
2174750,5.0,5.0,11
2174800,5.0,5.0,11
2174850,5.0,5.0,11
2174900,5.0,5.0,11
2174950,5.0,5.0,11
2175000,5.0,5.0,11
2175050,5.0,5.0,11
2175100,5.0,5.0,11
2175150,5.0,5.0,11
2175200,5.0,5.0,11
2175250,5.0,5.0,11
2175300,5.0,5.0,11
2175350,5.0,5.0,11
2175400,5.0,5.0,11
2175450,5.0,5.0,11
2175500,5.0,5.0,11
2175550,5.0,5.0,11
2175600,5.0,5.0,11
2175650,5.0,5.0,11
2175700,5.0,5.0,11
2175750,5.0,5.0,11
2175800,5.0,5.0,11
2175850,5.0,5.0,11
2175900,5.0,5.0,11
2175950,5.0,5.0,11
2176000,5.0,5.0,11
2176050,5.0,5.0,11
2176100,5.0,5.0,11
2176150,5.0,5.0,11
2176200,5.0,5.0,11
2176250,5.0,5.0,11
2176300,5.0,5.0,11
2176350,5.0,5.0,11
2176400,5.0,5.0,11
2176450,5.0,5.0,11
2176500,5.0,5.0,11
2176550,5.0,5.0,11
2176600,5.0,5.0,11
2176650,5.0,5.0,11
2176700,5.0,5.0,11
2176750,5.0,5.0,11
2176800,5.0,5.0,11
2176850,5.0,5.0,11
2176900,5.0,5.0,11
2176950,5.0,5.0,11
2177000,5.0,5.0,11
2177050,5.0,5.0,11
2177100,5.0,5.0,11
2177150,5.0,5.0,11
2177200,5.0,5.0,11
2177250,5.0,5.0,11
2177300,5.0,5.0,11
2177350,5.0,5.0,11
2177400,5.0,5.0,11
2177450,5.0,5.0,11
2177500,5.0,5.0,11
2177550,5.0,5.0,11
2177600,5.0,5.0,11
2177650,5.0,5.0,11
2177700,5.0,5.0,11
2177750,5.0,5.0,11
2177800,5.0,5.0,11
2177850,5.0,5.0,11
2177900,5.0,5.0,11
2177950,5.0,5.0,11
2178000,5.0,5.0,11
2178050,5.0,5.0,11
2178100,5.0,5.0,11
2178150,5.0,5.0,11
2178200,5.0,5.0,11
2178250,5.0,5.0,11
2178300,5.0,5.0,11
2178350,5.0,5.0,11
2178400,5.0,5.0,11
2178450,5.0,5.0,11
2178500,5.0,5.0,11
2178550,5.0,5.0,11
2178600,5.0,5.0,11
2178650,5.0,5.0,11
2178700,5.0,5.0,11
2178750,5.0,5.0,11
2178800,5.0,5.0,11
2178850,5.0,5.0,11
2178900,5.0,5.0,11
2178950,5.0,5.0,11
2179000,5.0,5.0,11
2179050,5.0,5.0,11
2179100,5.0,5.0,11
2179150,5.0,5.0,11
2179200,5.0,5.0,11
2179250,5.0,5.0,11
2179300,5.0,5.0,11
2179350,5.0,5.0,11
2179400,5.0,5.0,11
2179450,5.0,5.0,11
2179500,5.0,5.0,11
2179550,5.0,5.0,11
2179600,5.0,5.0,11
2179650,5.0,5.0,11
2179700,5.0,5.0,11
2179750,5.0,5.0,11
2179800,5.0,5.0,11
2179850,5.0,5.0,11
2179900,5.0,5.0,11
2179950,5.0,5.0,11
2180000,5.0,5.0,11
2180050,5.0,5.0,11
2180100,5.0,5.0,11
2180150,5.0,5.0,11
2180200,5.0,5.0,11
2180250,5.0,5.0,11
2180300,5.0,5.0,11
2180350,5.0,5.0,11
2180400,5.0,5.0,11
2180450,5.0,5.0,11
2180500,5.0,5.0,11
2180550,5.0,5.0,11
2180600,5.0,5.0,11
2180650,5.0,5.0,11
2180700,5.0,5.0,11
2180750,5.0,5.0,11
2180800,5.0,5.0,11
2180850,5.0,5.0,11
2180900,5.0,5.0,11
2180950,5.0,5.0,11
2181000,5.0,5.0,11
2181050,5.0,5.0,11
2181100,5.0,5.0,11
2181150,5.0,5.0,11
2181200,5.0,5.0,11
2181250,5.0,5.0,11
2181300,5.0,5.0,11
2181350,5.0,5.0,11
2181400,5.0,5.0,11
2181450,5.0,5.0,11
2181500,5.0,5.0,11
2181550,5.0,5.0,11
2181600,5.0,5.0,11
2181650,5.0,5.0,11
2181700,5.0,5.0,11
2181750,5.0,5.0,11
2181800,5.0,5.0,11
2181850,5.0,5.0,11
2181900,5.0,5.0,11
2181950,5.0,5.0,11
2182000,5.0,5.0,11
2182050,5.0,5.0,11
2182100,5.0,5.0,11
2182150,5.0,5.0,11
2182200,5.0,5.0,11
2182250,5.0,5.0,11
2182300,5.0,5.0,11
2182350,5.0,5.0,11
2182400,5.0,5.0,11
2182450,5.0,5.0,11
2182500,5.0,5.0,11
2182550,5.0,5.0,11
2182600,5.0,5.0,11
2182650,5.0,5.0,11
2182700,5.0,5.0,11
2182750,5.0,5.0,11
2182800,5.0,5.0,11
2182850,5.0,5.0,11
2182900,5.0,5.0,11
2182950,5.0,5.0,11
2183000,5.0,5.0,11
2183050,5.0,5.0,11
2183100,5.0,5.0,11
2183150,5.0,5.0,11
2183200,5.0,5.0,11
2183250,5.0,5.0,11
2183300,5.0,5.0,11
2183350,5.0,5.0,11
2183400,5.0,5.0,11
2183450,5.0,5.0,11
2183500,5.0,5.0,11
2183550,5.0,5.0,11
2183600,5.0,5.0,11
2183650,5.0,5.0,11
2183700,5.0,5.0,11
2183750,5.0,5.0,11
2183800,5.0,5.0,11
2183850,5.0,5.0,11
2183900,5.0,5.0,11
2183950,5.0,5.0,11
2184000,5.0,5.0,11
2184050,5.0,5.0,11
2184100,5.0,5.0,11
2184150,5.0,5.0,11
2184200,5.0,5.0,11
2184250,5.0,5.0,11
2184300,5.0,5.0,11
2184350,5.0,5.0,11
2184400,5.0,5.0,11
2184450,5.0,5.0,11
2184500,5.0,5.0,11
2184550,5.0,5.0,11
2184600,5.0,5.0,11
2184650,5.0,5.0,11
2184700,5.0,5.0,11
2184750,5.0,5.0,11
2184800,5.0,5.0,11
2184850,5.0,5.0,11
2184900,5.0,5.0,11
2184950,5.0,5.0,11
2185000,5.0,5.0,11
2185050,5.0,5.0,11
2185100,5.0,5.0,11
2185150,5.0,5.0,11
2185200,5.0,5.0,11
2185250,5.0,5.0,11
2185300,5.0,5.0,11
2185350,5.0,5.0,11
2185400,5.0,5.0,11
2185450,5.0,5.0,11
2185500,5.0,5.0,11
2185550,5.0,5.0,11
2185600,5.0,5.0,11
2185650,5.0,5.0,11
2185700,5.0,5.0,11
2185750,5.0,5.0,11
2185800,5.0,5.0,11
2185850,5.0,5.0,11
2185900,5.0,5.0,11
2185950,5.0,5.0,11
2186000,5.0,5.0,11
2186050,5.0,5.0,11
2186100,5.0,5.0,11
2186150,5.0,5.0,11
2186200,5.0,5.0,11
2186250,5.0,5.0,11
2186300,5.0,5.0,11
2186350,5.0,5.0,11
2186400,5.0,5.0,11
2186450,5.0,5.0,11
2186500,5.0,5.0,11
2186550,5.0,5.0,11
2186600,5.0,5.0,11
2186650,5.0,5.0,11
2186700,5.0,5.0,11
2186750,5.0,5.0,11
2186800,5.0,5.0,11
2186850,5.0,5.0,11
2186900,5.0,5.0,11
2186950,5.0,5.0,11
2187000,5.0,5.0,11
2187050,5.0,5.0,11
2187100,5.0,5.0,11
2187150,5.0,5.0,11
2187200,5.0,5.0,11
2187250,5.0,5.0,11
2187300,5.0,5.0,11
2187350,5.0,5.0,11
2187400,5.0,5.0,11
2187450,5.0,5.0,11
2187500,5.0,5.0,11
2187550,5.0,5.0,11
2187600,5.0,5.0,11
2187650,5.0,5.0,11
2187700,5.0,5.0,11
2187750,5.0,5.0,11
2187800,5.0,5.0,11
2187850,5.0,5.0,8
2187900,5.0,5.0,8
2187950,5.0,5.0,8
2188000,5.0,5.0,8
2188050,5.0,5.0,8
2188100,5.0,5.0,8
2188150,5.0,5.0,8
2188200,5.0,5.0,8
2188250,5.0,5.0,8
2188300,5.0,5.0,8
2188350,5.0,5.0,8
2188400,5.0,5.0,8
2188450,5.0,5.0,8
2188500,5.0,5.0,8
2188550,5.0,5.0,8
2188600,5.0,5.0,8
2188650,5.0,5.0,8
2188700,5.0,5.0,8
2188750,5.0,5.0,8
2188800,5.0,5.0,8
2188850,5.0,5.0,8
2188900,5.0,5.0,8
2188950,5.0,5.0,8
2189000,5.0,5.0,8
2189050,5.0,5.0,8
2189100,5.0,5.0,8
2189150,5.0,5.0,8
2189200,5.0,5.0,8
2189250,5.0,5.0,8
2189300,5.0,5.0,8
2189350,5.0,5.0,8
2189400,5.0,5.0,8
2189450,5.0,5.0,8
2189500,5.0,5.0,8
2189550,5.0,5.0,8
2189600,5.0,5.0,8
2189650,5.0,5.0,8
2189700,5.0,5.0,8
2189750,5.0,5.0,8
2189800,5.0,5.0,8
2189850,5.0,5.0,8
2189900,5.0,5.0,8
2189950,5.0,5.0,8
2190000,5.0,5.0,8
2190050,5.0,5.0,8
2190100,5.0,5.0,8
2190150,5.0,5.0,8
2190200,5.0,5.0,8
2190250,5.0,5.0,8
2190300,5.0,5.0,8
2190350,5.0,5.0,8
2190400,5.0,5.0,8
2190450,5.0,5.0,8
2190500,5.0,5.0,8
2190550,5.0,5.0,8
2190600,5.0,5.0,8
2190650,5.0,5.0,8
2190700,5.0,5.0,8
2190750,5.0,5.0,8
2190800,5.0,5.0,8
2190850,5.0,5.0,8
2190900,5.0,5.0,8
2190950,5.0,5.0,8
2191000,5.0,5.0,8
2191050,5.0,5.0,8
2191100,5.0,5.0,8
2191150,5.0,5.0,8
2191200,5.0,5.0,8
2191250,5.0,5.0,8
2191300,5.0,5.0,8
2191350,5.0,5.0,8
2191400,5.0,5.0,8
2191450,5.0,5.0,8
2191500,5.0,5.0,8
2191550,5.0,5.0,8
2191600,5.0,5.0,8
2191650,5.0,5.0,8
2191700,5.0,5.0,8
2191750,5.0,5.0,8
2191800,5.0,5.0,8
2191850,5.0,5.0,8
2191900,5.0,5.0,8
2191950,5.0,5.0,8
2192000,5.0,5.0,8
2192050,5.0,5.0,8
2192100,5.0,5.0,8
2192150,5.0,5.0,8
2192200,5.0,5.0,8
2192250,5.0,5.0,8
2192300,5.0,5.0,8
2192350,5.0,5.0,8
2192400,5.0,5.0,8
2192450,5.0,5.0,8
2192500,5.0,5.0,8
2192550,5.0,5.0,8
2192600,5.0,5.0,8
2192650,5.0,5.0,8
2192700,5.0,5.0,8
2192750,5.0,5.0,8
2192800,5.0,5.0,8
2192850,5.0,5.0,8
2192900,5.0,5.0,8
2192950,5.0,5.0,8
2193000,5.0,5.0,8
2193050,5.0,5.0,8
2193100,5.0,5.0,8
2193150,5.0,5.0,8
2193200,5.0,5.0,8
2193250,5.0,5.0,8
2193300,5.0,5.0,8
2193350,5.0,5.0,8
2193400,5.0,5.0,8
2193450,5.0,5.0,8
2193500,5.0,5.0,8
2193550,5.0,5.0,8
2193600,5.0,5.0,8
2193650,5.0,5.0,8
2193700,5.0,5.0,8
2193750,5.0,5.0,8
2193800,5.0,5.0,8
2193850,5.0,5.0,8
2193900,5.0,5.0,8
2193950,5.0,5.0,8
2194000,5.0,5.0,8
2194050,5.0,5.0,8
2194100,5.0,5.0,8
2194150,5.0,5.0,8
2194200,5.0,5.0,8
2194250,5.0,5.0,8
2194300,5.0,5.0,8
2194350,5.0,5.0,8
2194400,5.0,5.0,8
2194450,5.0,5.0,8
2194500,5.0,5.0,8
2194550,5.0,5.0,8
2194600,5.0,5.0,8
2194650,5.0,5.0,8
2194700,5.0,5.0,8
2194750,5.0,5.0,8
2194800,5.0,5.0,8
2194850,5.0,5.0,8
2194900,5.0,5.0,8
2194950,5.0,5.0,8
2195000,5.0,5.0,8
2195050,5.0,5.0,8
2195100,5.0,5.0,8
2195150,5.0,5.0,8
2195200,5.0,5.0,8
2195250,5.0,5.0,8
2195300,5.0,5.0,8
2195350,5.0,5.0,8
2195400,5.0,5.0,8
2195450,5.0,5.0,8
2195500,5.0,5.0,8
2195550,5.0,5.0,8
2195600,5.0,5.0,8
2195650,5.0,5.0,8
2195700,5.0,5.0,8
2195750,5.0,5.0,8
2195800,5.0,5.0,8
2195850,5.0,5.0,8
2195900,5.0,5.0,8
2195950,5.0,5.0,8
2196000,5.0,5.0,8
2196050,5.0,5.0,8
2196100,5.0,5.0,8
2196150,5.0,5.0,8
2196200,5.0,5.0,8
2196250,5.0,5.0,8
2196300,5.0,5.0,8
2196350,5.0,5.0,8
2196400,5.0,5.0,8
2196450,5.0,5.0,8
2196500,5.0,5.0,8
2196550,5.0,5.0,8
2196600,5.0,5.0,8
2196650,5.0,5.0,8
2196700,5.0,5.0,8
2196750,5.0,5.0,8
2196800,5.0,5.0,8
2196850,5.0,5.0,8
2196900,5.0,5.0,8
2196950,5.0,5.0,8
2197000,5.0,5.0,8
2197050,5.0,5.0,8
2197100,5.0,5.0,8
2197150,5.0,5.0,8
2197200,5.0,5.0,8
2197250,5.0,5.0,8
2197300,5.0,5.0,8
2197350,5.0,5.0,8
2197400,5.0,5.0,8
2197450,5.0,5.0,8
2197500,5.0,5.0,8
2197550,5.0,5.0,8
2197600,5.0,5.0,8
2197650,5.0,5.0,8
2197700,5.0,5.0,8
2197750,5.0,5.0,8
2197800,5.0,5.0,8
2197850,5.0,5.0,8
2197900,5.0,5.0,8
2197950,5.0,5.0,8
2198000,5.0,5.0,8
2198050,5.0,5.0,8
2198100,5.0,5.0,8
2198150,5.0,5.0,8
2198200,5.0,5.0,8
2198250,5.0,5.0,8
2198300,5.0,5.0,8
2198350,5.0,5.0,8
2198400,5.0,5.0,8
2198450,5.0,5.0,8
2198500,5.0,5.0,8
2198550,5.0,5.0,8
2198600,5.0,5.0,8
2198650,5.0,5.0,8
2198700,5.0,5.0,8
2198750,5.0,5.0,8
2198800,5.0,5.0,8
2198850,5.0,5.0,8
2198900,5.0,5.0,8
2198950,5.0,5.0,8
2199000,5.0,5.0,8
2199050,5.0,5.0,8
2199100,5.0,5.0,8
2199150,5.0,5.0,8
2199200,5.0,5.0,8
2199250,5.0,5.0,8
2199300,5.0,5.0,8
2199350,5.0,5.0,8
2199400,5.0,5.0,8
2199450,5.0,5.0,8
2199500,5.0,5.0,8
2199550,5.0,5.0,8
2199600,5.0,5.0,8
2199650,5.0,5.0,8
2199700,5.0,5.0,8
2199750,5.0,5.0,8
2199800,5.0,5.0,8
2199850,5.0,5.0,8
2199900,5.0,5.0,8
2199950,5.0,5.0,8
2200000,5.0,5.0,8
2200050,5.0,5.0,8
2200100,5.0,5.0,8
2200150,5.0,5.0,8
2200200,5.0,5.0,8
2200250,5.0,5.0,8
2200300,5.0,5.0,8
2200350,5.0,5.0,8
2200400,5.0,5.0,8
2200450,5.0,5.0,8
2200500,5.0,5.0,8
2200550,5.0,5.0,8
2200600,5.0,5.0,8
2200650,5.0,5.0,8
2200700,5.0,5.0,8
2200750,5.0,5.0,8
2200800,5.0,5.0,8
2200850,5.0,5.0,8
2200900,5.0,5.0,8
2200950,5.0,5.0,8
2201000,5.0,5.0,8
2201050,5.0,5.001,8
2201100,5.0,5.005,8
2201150,5.0,5.011,8
2201200,5.0,5.014,8
2201250,5.0,5.014,8
2201300,5.0,5.017,8
2201350,5.0,5.021,8
2201400,5.0,5.021,8
2201450,5.0,5.021,8
2201500,5.0,5.021,8
2201550,5.0,5.021,8
2201600,5.0,5.023,8
2201650,5.0,5.025,8
2201700,5.0,5.025,8
2201750,5.0,5.025,8
2201800,5.0,5.027,8
2201850,5.0,5.027,8
2201900,5.0,5.032,8
2201950,5.0,5.035,8
2202000,5.0,5.035,8
2202050,5.0,5.035,8
2202100,5.0,5.036,8
2202150,5.0,5.036,8
2202200,5.0,5.036,8
2202250,5.0,5.04,8
2202300,5.0,5.045,8
2202350,5.0,5.046,8
2202400,5.0,5.048,8
2202450,5.0,5.05,8
2202500,5.0,5.054,8
2202550,5.0,5.058,8
2202600,5.0,5.064,8
2202650,5.0,5.069,8
2202700,5.0,5.076,8
2202750,5.0,5.082,8
2202800,5.0,5.091,8
2202850,5.0,5.101,8
2202900,5.0,5.11,8
2202950,5.0,5.121,8
2203000,5.0,5.132,8
2203050,5.0,5.139,8
2203100,5.0,5.153,8
2203150,5.0,5.169,8
2203200,5.0,5.183,8
2203250,5.0,5.192,8
2203300,5.0,5.194,8
2203350,5.0,5.197,8
2203400,5.0,5.2,8
2203450,5.0,5.201,8
2203500,5.0,5.208,8
2203550,5.0,5.214,8
2203600,5.0,5.221,8
2203650,5.0,5.228,8
2203700,5.0,5.234,8
2203750,5.0,5.245,8
2203800,5.0,5.255,8
2203850,5.0,5.261,8
2203900,4.989,5.268,8
2203950,4.981,5.275,8
2204000,4.981,5.279,8
2204050,4.981,5.285,8
2204100,4.981,5.292,8
2204150,4.981,5.3,8
2204200,4.981,5.306,8
2204250,4.981,5.31,8
2204300,4.981,5.314,8
2204350,4.981,5.32,8
2204400,4.981,5.324,8
2204450,4.981,5.329,8
2204500,4.981,5.336,8
2204550,4.981,5.341,8
2204600,4.981,5.35,8
2204650,4.981,5.362,8
2204700,4.981,5.377,8
2204750,4.977,5.387,8
2204800,4.973,5.397,8
2204850,4.972,5.407,8
2204900,4.97,5.414,8
2204950,4.967,5.417,8
2205000,4.966,5.418,8
2205050,4.966,5.418,8
2205100,4.964,5.418,8
2205150,4.963,5.418,8
2205200,4.963,5.418,8
2205250,4.963,5.418,8
2205300,4.963,5.418,8
2205350,4.963,5.418,8
2205400,4.963,5.418,8
2205450,4.961,5.42,8
2205500,4.96,5.424,8
2205550,4.96,5.426,8
2205600,4.96,5.426,8
2205650,4.96,5.426,8
2205700,4.96,5.439,8
2205750,4.96,5.482,8
2205800,4.941,5.63,8
2205850,4.901,5.916,8
2205900,4.882,6.108,8
2205950,4.882,6.125,8
2206000,4.889,6.049,8
2206050,4.898,5.978,8
2206100,4.901,5.963,8
2206150,4.901,5.963,8
2206200,4.901,5.923,8
2206250,4.868,5.797,8
2206300,4.837,5.687,8
2206350,4.834,5.66,8
2206400,4.834,5.66,8
2206450,4.834,5.66,8
2206500,4.834,5.66,8
2206550,4.834,5.669,8
2206600,4.834,5.683,8
2206650,4.834,5.7,8
2206700,4.834,5.723,8
2206750,4.834,5.745,8
2206800,4.834,5.761,8
2206850,4.834,5.772,8
2206900,4.834,5.776,8
2206950,4.834,5.776,8
2207000,4.834,5.776,8
2207050,4.834,5.776,8
2207100,4.838,5.804,8
2207150,4.86,5.883,8
2207200,4.881,5.972,8
2207250,4.887,6.016,8
2207300,4.889,6.023,8
2207350,4.889,6.023,8
2207400,4.889,6.023,8
2207450,4.889,6.023,8
2207500,4.889,6.023,8
2207550,4.889,6.023,8
2207600,4.889,6.023,8
2207650,4.89,6.023,8
2207700,4.891,6.023,8
2207750,4.891,6.023,8
2207800,4.892,6.023,8
2207850,4.893,6.023,8
2207900,4.894,6.023,8
2207950,4.894,6.023,8
2208000,4.894,6.023,8
2208050,4.894,6.023,8
2208100,4.894,6.023,8
2208150,4.894,6.023,8
2208200,4.894,6.023,8
2208250,4.895,6.023,8
2208300,4.896,6.023,8
2208350,4.899,6.023,8
2208400,4.902,6.023,8
2208450,4.905,6.023,8
2208500,4.906,6.023,8
2208550,4.906,6.023,8
2208600,4.906,6.023,8
2208650,4.906,6.023,8
2208700,4.906,6.023,8
2208750,4.906,6.026,8
2208800,4.906,6.034,8
2208850,4.911,6.047,8
2208900,4.919,6.06,8
2208950,4.932,6.071,8
2209000,4.939,6.079,8
2209050,4.943,6.088,8
2209100,4.947,6.099,8
2209150,4.949,6.108,8
2209200,4.951,6.112,8
2209250,4.951,6.114,8
2209300,4.951,6.114,8
2209350,4.951,6.114,8
2209400,4.951,6.114,8
2209450,4.951,6.114,8
2209500,4.951,6.114,8
2209550,4.951,6.114,8
2209600,4.951,6.114,8
2209650,4.951,6.114,8
2209700,4.951,6.114,8
2209750,4.951,6.114,8
2209800,4.951,6.114,8
2209850,4.951,6.114,8
2209900,4.951,6.114,8
2209950,4.951,6.114,8
2210000,4.951,6.114,8
2210050,4.951,6.114,8
2210100,4.951,6.114,8
2210150,4.951,6.114,8
2210200,4.951,6.114,8
2210250,4.951,6.114,8
2210300,4.951,6.114,8
2210350,4.952,6.114,8
2210400,4.953,6.114,8
2210450,4.955,6.114,8
2210500,4.957,6.114,8
2210550,4.957,6.114,8
2210600,4.958,6.114,8
2210650,4.96,6.114,8
2210700,4.961,6.114,8
2210750,4.961,6.114,8
2210800,4.961,6.114,8
2210850,4.961,6.114,8
2210900,4.961,6.114,8
2210950,4.961,6.114,8
2211000,4.961,6.114,8
2211050,4.961,6.114,8
2211100,4.961,6.114,8
2211150,4.961,6.114,8
2211200,4.961,6.114,8
2211250,4.961,6.114,8
2211300,4.961,6.114,8
2211350,4.961,6.114,8
2211400,4.961,6.114,8
2211450,4.961,6.114,8
2211500,4.961,6.114,8
2211550,4.961,6.114,8
2211600,4.961,6.114,8
2211650,4.961,6.114,8
2211700,4.961,6.114,8
2211750,4.961,6.114,8
2211800,4.962,6.114,8
2211850,4.964,6.114,8
2211900,4.966,6.114,8
2211950,4.966,6.11,8
2212000,4.967,6.107,8
2212050,4.967,6.107,8
2212100,4.967,6.107,8
2212150,4.967,6.107,8
2212200,4.969,6.107,8
2212250,4.973,6.107,8
2212300,4.977,6.107,8
2212350,4.977,6.107,8
2212400,4.977,6.107,8
2212450,4.977,6.107,8
2212500,4.977,6.107,8
2212550,4.977,6.107,8
2212600,4.977,6.107,8
2212650,4.977,6.107,8
2212700,4.977,6.107,8
2212750,4.977,6.107,8
2212800,4.977,6.107,8
2212850,4.977,6.107,8
2212900,4.977,6.107,8
2212950,4.977,6.107,8
2213000,4.977,6.107,8
2213050,4.977,6.107,8
2213100,4.977,6.107,8
2213150,4.977,6.107,8
2213200,4.977,6.107,8
2213250,4.977,6.107,8
2213300,4.977,6.107,8
2213350,4.977,6.107,8
2213400,4.977,6.107,8
2213450,4.977,6.107,8
2213500,4.977,6.107,8
2213550,4.977,6.107,8
2213600,4.977,6.107,8
2213650,4.977,6.107,8
2213700,4.977,6.107,8
2213750,4.977,6.107,8
2213800,4.977,6.107,8
2213850,4.977,6.107,8
2213900,4.977,6.107,8
2213950,4.977,6.107,8
2214000,4.977,6.107,8
2214050,4.977,6.107,8
2214100,4.977,6.107,8
2214150,4.977,6.107,8
2214200,4.977,6.107,8
2214250,4.977,6.107,8
2214300,4.977,6.107,8
2214350,4.977,6.107,8
2214400,4.977,6.107,8
2214450,4.977,6.107,8
2214500,4.977,6.107,8
2214550,4.977,6.107,8
2214600,4.977,6.107,8
2214650,4.977,6.107,8
2214700,4.977,6.107,8
2214750,4.977,6.107,8
2214800,4.977,6.107,8
2214850,4.977,6.107,8
2214900,4.977,6.107,8
2214950,4.977,6.107,8
2215000,4.977,6.107,8
2215050,4.977,6.107,8
2215100,4.977,6.107,8
2215150,4.977,6.107,8
2215200,4.977,6.107,8
2215250,4.977,6.107,8
2215300,4.977,6.107,8
2215350,4.977,6.107,8
2215400,4.977,6.106,8
2215450,4.977,6.105,8
2215500,4.977,6.105,8
2215550,4.977,6.105,8
2215600,4.977,6.105,8
2215650,4.977,6.105,8
2215700,4.977,6.105,8
2215750,4.977,6.105,8
2215800,4.977,6.105,8
2215850,4.977,6.105,8
2215900,4.977,6.105,8
2215950,4.978,6.105,8
2216000,4.979,6.105,8
2216050,4.989,6.105,8
2216100,5.001,6.105,8
2216150,5.008,6.105,8
2216200,5.026,6.105,8
2216250,5.085,6.105,8
2216300,5.18,6.105,8
2216350,5.264,6.105,8
2216400,5.302,6.105,8
2216450,5.308,6.105,8
2216500,5.308,6.105,8
2216550,5.308,6.105,8
2216600,5.308,6.105,8
2216650,5.308,6.105,8
2216700,5.308,6.105,8
2216750,5.308,6.105,8
2216800,5.308,6.105,8
2216850,5.308,6.105,8
2216900,5.308,6.105,8
2216950,5.308,6.105,8
2217000,5.308,6.105,8
2217050,5.308,6.105,8
2217100,5.308,6.105,8
2217150,5.308,6.105,8
2217200,5.308,6.105,8
2217250,5.308,6.105,8
2217300,5.308,6.105,8
2217350,5.308,6.105,8
2217400,5.308,6.105,8
2217450,5.308,6.105,8
2217500,5.308,6.105,8
2217550,5.308,6.105,8
2217600,5.308,6.105,8
2217650,5.308,6.105,8
2217700,5.308,6.105,8
2217750,5.308,6.105,8
2217800,5.308,6.105,8
2217850,5.308,6.105,8
2217900,5.308,6.105,8
2217950,5.308,6.105,8
2218000,5.308,6.105,8
2218050,5.308,6.105,8
2218100,5.308,6.105,8
2218150,5.308,6.105,8
2218200,5.308,6.105,8
2218250,5.308,6.105,8
2218300,5.308,6.105,8
2218350,5.308,6.105,8
2218400,5.308,6.105,8
2218450,5.308,6.105,8
2218500,5.308,6.105,8
2218550,5.308,6.105,8
2218600,5.308,6.105,8
2218650,5.308,6.105,8
2218700,5.308,6.105,8
2218750,5.308,6.105,8
2218800,5.308,6.105,8
2218850,5.308,6.105,8
2218900,5.308,6.104,8
2218950,5.308,6.102,8
2219000,5.308,6.101,8
2219050,5.308,6.1,8
2219100,5.308,6.1,8
2219150,5.308,6.1,8
2219200,5.308,6.098,8
2219250,5.308,6.096,8
2219300,5.308,6.095,8
2219350,5.308,6.092,8
2219400,5.308,6.089,8
2219450,5.308,6.089,8
2219500,5.308,6.089,8
2219550,5.308,6.089,8
2219600,5.308,6.089,8
2219650,5.308,6.089,8
2219700,5.308,6.089,8
2219750,5.308,6.089,8
2219800,5.308,6.089,8
2219850,5.308,6.089,8
2219900,5.308,6.089,8
2219950,5.308,6.089,8
2220000,5.308,6.089,8
2220050,5.308,6.089,8
2220100,5.308,6.089,8
2220150,5.308,6.089,8
2220200,5.308,6.089,8
2220250,5.308,6.089,8
2220300,5.308,6.089,8
2220350,5.308,6.089,8
2220400,5.308,6.089,8
2220450,5.308,6.089,8
2220500,5.308,6.089,8
2220550,5.308,6.089,8
2220600,5.308,6.089,8
2220650,5.308,6.089,8
2220700,5.308,6.089,8
2220750,5.308,6.089,8
2220800,5.308,6.089,8
2220850,5.308,6.089,8
2220900,5.308,6.089,8
2220950,5.308,6.089,8
2221000,5.308,6.089,8
2221050,5.308,6.089,8
2221100,5.308,6.089,8
2221150,5.308,6.089,8
2221200,5.308,6.089,8
2221250,5.308,6.089,8
2221300,5.308,6.089,8
2221350,5.308,6.089,8
2221400,5.308,6.089,8
2221450,5.308,6.089,8
2221500,5.308,6.089,8
2221550,5.308,6.089,8
2221600,5.308,6.089,8
2221650,5.308,6.089,8
2221700,5.308,6.089,8
2221750,5.308,6.089,8
2221800,5.308,6.089,8
2221850,5.308,6.087,8
2221900,5.308,6.087,8
2221950,5.308,6.087,8
2222000,5.308,6.087,8
2222050,5.308,6.085,8
2222100,5.308,6.084,8
2222150,5.308,6.084,8
2222200,5.308,6.084,8
2222250,5.308,6.084,8
2222300,5.308,6.084,8
2222350,5.308,6.084,8
2222400,5.308,6.084,8
2222450,5.308,6.084,8
2222500,5.308,6.084,8
2222550,5.308,6.084,8
2222600,5.308,6.084,8
2222650,5.308,6.084,8
2222700,5.308,6.084,8
2222750,5.308,6.084,8
2222800,5.308,6.084,8
2222850,5.308,6.084,8
2222900,5.308,6.084,8
2222950,5.308,6.084,8
2223000,5.308,6.084,8
2223050,5.308,6.083,8
2223100,5.308,6.083,8
2223150,5.308,6.083,8
2223200,5.308,6.083,8
2223250,5.308,6.083,8
2223300,5.308,6.083,8
2223350,5.308,6.083,8
2223400,5.308,6.083,8
2223450,5.308,6.082,8
2223500,5.308,6.082,8
2223550,5.308,6.082,8
2223600,5.308,6.082,8
2223650,5.308,6.082,8
2223700,5.308,6.082,8
2223750,5.308,6.082,8
2223800,5.308,6.082,8
2223850,5.308,6.082,8
2223900,5.308,6.082,8
2223950,5.308,6.082,8
2224000,5.308,6.082,8
2224050,5.308,6.082,8
2224100,5.308,6.081,8
2224150,5.308,6.081,8
2224200,5.308,6.081,8
2224250,5.308,6.081,8
2224300,5.308,6.081,8
2224350,5.308,6.081,8
2224400,5.308,6.081,8
2224450,5.308,6.081,8
2224500,5.308,6.081,8
2224550,5.308,6.081,8
2224600,5.308,6.081,8
2224650,5.308,6.081,8
2224700,5.308,6.081,8
2224750,5.308,6.08,8
2224800,5.308,6.08,8
2224850,5.308,6.08,8
2224900,5.308,6.08,8
2224950,5.308,6.08,8
2225000,5.308,6.08,8
2225050,5.308,6.08,8
2225100,5.308,6.08,8
2225150,5.308,6.08,8
2225200,5.308,6.08,8
2225250,5.308,6.08,8
2225300,5.308,6.08,8
2225350,5.308,6.08,8
2225400,5.308,6.08,8
2225450,5.308,6.08,8
2225500,5.308,6.08,8
2225550,5.308,6.08,8
2225600,5.308,6.08,8
2225650,5.308,6.08,8
2225700,5.308,6.08,8
2225750,5.308,6.08,8
2225800,5.308,6.08,8
2225850,5.308,6.08,8
2225900,5.308,6.08,8
2225950,5.308,6.08,8
2226000,5.308,6.08,8
2226050,5.308,6.08,8
2226100,5.308,6.08,8
2226150,5.308,6.08,8
2226200,5.308,6.08,8
2226250,5.308,6.08,8
2226300,5.308,6.08,8
2226350,5.308,6.08,8
2226400,5.308,6.08,8
2226450,5.308,6.08,8
2226500,5.308,6.08,8
2226550,5.308,6.08,8
2226600,5.308,6.08,8
2226650,5.308,6.08,8
2226700,5.308,6.08,8
2226750,5.308,6.08,8
2226800,5.308,6.08,8
2226850,5.308,6.08,8
2226900,5.308,6.08,8
2226950,5.308,6.08,8
2227000,5.308,6.08,8
2227050,5.308,6.08,8
2227100,5.308,6.08,8
2227150,5.308,6.08,8
2227200,5.308,6.08,8
2227250,5.308,6.08,8
2227300,5.308,6.08,8
2227350,5.308,6.08,8
2227400,5.308,6.08,8
2227450,5.308,6.08,8
2227500,5.308,6.08,8
2227550,5.308,6.08,8
2227600,5.308,6.08,8
2227650,5.308,6.08,8
2227700,5.308,6.08,8
2227750,5.308,6.08,8
2227800,5.308,6.08,8
2227850,5.308,6.08,8
2227900,5.308,6.08,8
2227950,5.308,6.08,8
2228000,5.308,6.08,8
2228050,5.308,6.08,8
2228100,5.308,6.08,8
2228150,5.308,6.08,8
2228200,5.308,6.08,8
2228250,5.308,6.08,8
2228300,5.308,6.08,8
2228350,5.308,6.08,8
2228400,5.308,6.08,8
2228450,5.308,6.08,8
2228500,5.308,6.08,8
2228550,5.308,6.08,8
2228600,5.308,6.08,8
2228650,5.308,6.08,8
2228700,5.308,6.08,8
2228750,5.308,6.08,8
2228800,5.308,6.079,8
2228850,5.308,6.079,8
2228900,5.308,6.079,8
2228950,5.308,6.079,8
2229000,5.308,6.079,8
2229050,5.308,6.079,8
2229100,5.308,6.079,8
2229150,5.308,6.079,8
2229200,5.308,6.079,8
2229250,5.308,6.079,8
2229300,5.308,6.079,8
2229350,5.308,6.079,8
2229400,5.308,6.079,8
2229450,5.308,6.079,8
2229500,5.308,6.079,8
2229550,5.308,6.079,8
2229600,5.308,6.078,8
2229650,5.308,6.078,8
2229700,5.308,6.078,8
2229750,5.308,6.078,8
2229800,5.308,6.078,8
2229850,5.308,6.078,8
2229900,5.308,6.078,8
2229950,5.308,6.078,8
2230000,5.308,6.078,8
2230050,5.308,6.078,8
2230100,5.308,6.078,8
2230150,5.308,6.078,8
2230200,5.308,6.078,8
2230250,5.308,6.078,8
2230300,5.308,6.077,8
2230350,5.308,6.076,8
2230400,5.308,6.076,8
2230450,5.308,6.076,8
2230500,5.308,6.076,8
2230550,5.308,6.076,8
2230600,5.308,6.076,8
2230650,5.308,6.076,8
2230700,5.308,6.076,8
2230750,5.308,6.076,8
2230800,5.308,6.076,8
2230850,5.308,6.076,8
2230900,5.308,6.076,8
2230950,5.308,6.076,8
2231000,5.308,6.076,8
2231050,5.308,6.076,8
2231100,5.308,6.075,8
2231150,5.308,6.075,8
2231200,5.308,6.073,8
2231250,5.308,6.071,8
2231300,5.308,6.071,8
2231350,5.308,6.071,8
2231400,5.308,6.071,8
2231450,5.308,6.071,8
2231500,5.308,6.071,8
2231550,5.308,6.071,8
2231600,5.308,6.071,8
2231650,5.308,6.071,8
2231700,5.308,6.07,8
2231750,5.308,6.068,8
2231800,5.308,6.068,8
2231850,5.308,6.067,8
2231900,5.308,6.067,8
2231950,5.308,6.066,8
2232000,5.308,6.066,8
2232050,5.308,6.066,8
2232100,5.308,6.065,8
2232150,5.308,6.065,8
2232200,5.308,6.065,8
2232250,5.308,6.065,8
2232300,5.308,6.065,8
2232350,5.308,6.065,8
2232400,5.308,6.065,8
2232450,5.308,6.064,8
2232500,5.308,6.064,8
2232550,5.308,6.064,8
2232600,5.308,6.064,8
2232650,5.308,6.064,8
2232700,5.308,6.064,8
2232750,5.308,6.064,8
2232800,5.308,6.064,8
2232850,5.308,6.064,8
2232900,5.308,6.064,8
2232950,5.308,6.064,8
2233000,5.308,6.064,8
2233050,5.308,6.062,8
2233100,5.308,6.061,8
2233150,5.308,6.061,8
2233200,5.308,6.06,8
2233250,5.308,6.06,8
2233300,5.308,6.059,8
2233350,5.308,6.059,8
2233400,5.308,6.059,8
2233450,5.308,6.059,8
2233500,5.308,6.059,8
2233550,5.308,6.059,8
2233600,5.308,6.059,8
2233650,5.308,6.059,8
2233700,5.308,6.057,8
2233750,5.308,6.054,8
2233800,5.308,6.053,8
2233850,5.308,6.053,8
2233900,5.308,6.049,8
2233950,5.308,6.046,8
2234000,5.308,6.046,8
2234050,5.308,6.043,8
2234100,5.308,6.041,8
2234150,5.308,6.041,8
2234200,5.308,6.041,8
2234250,5.308,6.041,8
2234300,5.308,6.041,8
2234350,5.308,6.041,8
2234400,5.308,6.041,8
2234450,5.308,6.04,8
2234500,5.308,6.039,8
2234550,5.308,6.038,8
2234600,5.308,6.036,8
2234650,5.308,6.034,8
2234700,5.308,6.033,8
2234750,5.308,6.031,8
2234800,5.308,6.031,8
2234850,5.308,6.031,8
2234900,5.308,6.03,8
2234950,5.308,6.029,8
2235000,5.308,6.028,8
2235050,5.308,6.027,8
2235100,5.308,6.025,8
2235150,5.308,6.023,8
2235200,5.308,6.02,8
2235250,5.308,6.016,8
2235300,5.308,6.014,8
2235350,5.308,6.014,8
2235400,5.308,6.014,8
2235450,5.308,6.014,8
2235500,5.308,6.014,8
2235550,5.308,6.014,8
2235600,5.308,6.014,8
2235650,5.308,6.013,8
2235700,5.308,6.012,8
2235750,5.308,6.01,8
2235800,5.308,6.008,8
2235850,5.308,6.008,8
2235900,5.308,6.008,8
2235950,5.308,6.008,8
2236000,5.308,6.008,8
2236050,5.308,6.008,8
2236100,5.308,6.006,8
2236150,5.308,6.005,8
2236200,5.308,6.004,8
2236250,5.308,6.003,8
2236300,5.308,6.003,8
2236350,5.308,6.003,8
2236400,5.308,6.003,8
2236450,5.308,6.003,8
2236500,5.308,6.003,8
2236550,5.308,6.003,8
2236600,5.308,6.003,8
2236650,5.308,6.003,8
2236700,5.308,6.003,8
2236750,5.308,6.001,8
2236800,5.308,6.0,8
2236850,5.308,6.0,8
2236900,5.308,6.0,8
2236950,5.308,6.0,8
2237000,5.308,6.0,8
2237050,5.308,6.0,8
2237100,5.308,6.0,8
2237150,5.308,6.0,8
2237200,5.308,6.0,8
2237250,5.308,6.0,8
2237300,5.308,6.0,8
2237350,5.308,6.0,8
2237400,5.308,6.0,8
2237450,5.308,6.0,8
2237500,5.308,6.0,8
2237550,5.308,6.0,8
2237600,5.308,6.0,8
2237650,5.308,6.0,8
2237700,5.308,6.0,8
2237750,5.308,6.0,8
2237800,5.308,6.0,8
2237850,5.308,6.0,8
2237900,5.308,6.0,8
2237950,5.308,6.0,8
2238000,5.308,6.0,8
2238050,5.308,6.0,8
2238100,5.308,6.0,8
2238150,5.308,6.0,8
2238200,5.308,6.0,8
2238250,5.308,6.0,8
2238300,5.308,6.0,8
2238350,5.308,6.0,8
2238400,5.308,6.0,8
2238450,5.308,6.0,8
2238500,5.308,6.0,8
2238550,5.308,6.0,8
2238600,5.308,6.0,8
2238650,5.308,6.0,8
2238700,5.308,6.0,8
2238750,5.308,6.0,8
2238800,5.308,6.0,8
2238850,5.308,6.0,8
2238900,5.308,6.0,8
2238950,5.308,6.0,8
2239000,5.308,6.0,8
2239050,5.308,6.0,8
2239100,5.308,6.0,8
2239150,5.308,6.0,8
2239200,5.308,6.0,8
2239250,5.308,6.0,8
2239300,5.308,6.0,8
2239350,5.308,6.0,8
2239400,5.308,6.0,8
2239450,5.308,6.0,8
2239500,5.308,6.0,8
2239550,5.308,6.0,8
2239600,5.308,6.0,8
2239650,5.308,6.0,8
2239700,5.308,6.0,8
2239750,5.308,6.0,8
2239800,5.308,6.0,8
2239850,5.308,6.0,8
2239900,5.308,6.0,8
2239950,5.308,5.999,8
2240000,5.308,5.999,8
2240050,5.308,5.998,8
2240100,5.308,5.997,8
2240150,5.308,5.996,8
2240200,5.308,5.995,8
2240250,5.308,5.995,8
2240300,5.308,5.995,8
2240350,5.308,5.995,8
2240400,5.308,5.995,8
2240450,5.308,5.995,8
2240500,5.308,5.995,8
2240550,5.308,5.995,8
2240600,5.308,5.995,8
2240650,5.308,5.995,8
2240700,5.308,5.995,8
2240750,5.308,5.995,8
2240800,5.308,5.995,8
2240850,5.308,5.995,8
2240900,5.308,5.995,8
2240950,5.308,5.995,8
2241000,5.308,5.995,8
2241050,5.308,5.995,8
2241100,5.308,5.995,8
2241150,5.308,5.995,8
2241200,5.308,5.995,8
2241250,5.308,5.995,8
2241300,5.308,5.995,8
2241350,5.308,5.995,8
2241400,5.308,5.995,8
2241450,5.308,5.995,8
2241500,5.308,5.995,8
2241550,5.308,5.995,8
2241600,5.308,5.995,8
2241650,5.308,5.995,8
2241700,5.308,5.995,8
2241750,5.308,5.995,8
2241800,5.308,5.995,8
2241850,5.308,5.995,8
2241900,5.308,5.995,8
2241950,5.308,5.995,8
2242000,5.308,5.995,8
2242050,5.308,5.995,8
2242100,5.308,5.995,8
2242150,5.308,5.995,8
2242200,5.308,5.995,8
2242250,5.308,5.995,8
2242300,5.308,5.995,8
2242350,5.308,5.995,8
2242400,5.308,5.995,8
2242450,5.308,5.995,8
2242500,5.308,5.995,8
2242550,5.308,5.995,8
2242600,5.308,5.995,8
2242650,5.308,5.995,8
2242700,5.308,5.995,8
2242750,5.308,5.995,8
2242800,5.308,5.995,8
2242850,5.308,5.995,8
2242900,5.308,5.995,8
2242950,5.308,5.995,8
2243000,5.308,5.995,8
2243050,5.308,5.995,8
2243100,5.308,5.995,8
2243150,5.308,5.995,8
2243200,5.308,5.995,8
2243250,5.308,5.995,8
2243300,5.308,5.995,8
2243350,5.308,5.995,8
2243400,5.308,5.995,8
2243450,5.308,5.995,8
2243500,5.308,5.995,8
2243550,5.308,5.995,8
2243600,5.308,5.995,8
2243650,5.308,5.995,8
2243700,5.308,5.995,8
2243750,5.308,5.995,8
2243800,5.308,5.995,8
2243850,5.308,5.995,8
2243900,5.308,5.995,8
2243950,5.308,5.995,8
2244000,5.308,5.995,8
2244050,5.308,5.995,8
2244100,5.308,5.995,8
2244150,5.308,5.995,8
2244200,5.308,5.995,8
2244250,5.308,5.995,8
2244300,5.308,5.995,8
2244350,5.308,5.995,8
2244400,5.308,5.995,8
2244450,5.308,5.995,8
2244500,5.308,5.995,8
2244550,5.308,5.995,8
2244600,5.308,5.995,8
2244650,5.308,5.995,8
2244700,5.308,5.995,8
2244750,5.308,5.995,8
2244800,5.308,5.995,8
2244850,5.308,5.995,8
2244900,5.308,5.995,8
2244950,5.308,5.995,8
2245000,5.308,5.995,8
2245050,5.308,5.995,8
2245100,5.308,5.995,8
2245150,5.308,5.995,8
2245200,5.308,5.995,8
2245250,5.308,5.995,8
2245300,5.308,5.995,8
2245350,5.308,5.995,8
2245400,5.308,5.995,8
2245450,5.308,5.995,8
2245500,5.308,5.995,8
2245550,5.308,5.995,8
2245600,5.308,5.995,8
2245650,5.308,5.995,8
2245700,5.308,5.995,8
2245750,5.308,5.995,8
2245800,5.308,5.995,8
2245850,5.308,5.995,8
2245900,5.308,5.995,8
2245950,5.308,5.995,8
2246000,5.308,5.995,8
2246050,5.308,5.995,8
2246100,5.308,5.994,8
2246150,5.308,5.984,8
2246200,5.308,5.971,8
2246250,5.308,5.963,8
2246300,5.308,5.955,8
2246350,5.308,5.945,8
2246400,5.308,5.937,8
2246450,5.308,5.937,8
2246500,5.308,5.937,8
2246550,5.308,5.937,8
2246600,5.308,5.937,8
2246650,5.308,5.937,8
2246700,5.308,5.937,8
2246750,5.308,5.937,8
2246800,5.308,5.937,8
2246850,5.308,5.937,8
2246900,5.308,5.936,8
2246950,5.308,5.934,8
2247000,5.308,5.933,8
2247050,5.308,5.933,8
2247100,5.308,5.933,8
2247150,5.308,5.929,8
2247200,5.308,5.923,8
2247250,5.308,5.916,8
2247300,5.308,5.911,8
2247350,5.308,5.909,8
2247400,5.308,5.906,8
2247450,5.307,5.898,8
2247500,5.294,5.876,8
2247550,5.264,5.841,8
2247600,5.237,5.807,8
2247650,5.226,5.793,8
2247700,5.224,5.793,8
2247750,5.224,5.793,8
2247800,5.224,5.793,8
2247850,5.223,5.793,8
2247900,5.223,5.793,8
2247950,5.223,5.793,8
2248000,5.223,5.793,8
2248050,5.223,5.793,8
2248100,5.223,5.793,8
2248150,5.223,5.791,8
2248200,5.223,5.787,8
2248250,5.223,5.778,8
2248300,5.223,5.772,8
2248350,5.223,5.772,8
2248400,5.223,5.772,8
2248450,5.223,5.772,8
2248500,5.223,5.772,8
2248550,5.223,5.772,8
2248600,5.223,5.77,8
2248650,5.223,5.769,8
2248700,5.223,5.769,8
2248750,5.223,5.769,8
2248800,5.223,5.769,8
2248850,5.223,5.769,8
2248900,5.223,5.769,8
2248950,5.223,5.769,8
2249000,5.223,5.769,8
2249050,5.223,5.769,8
2249100,5.223,5.769,8
2249150,5.223,5.769,8
2249200,5.223,5.769,8
2249250,5.223,5.769,8
2249300,5.223,5.769,8
2249350,5.223,5.769,8
2249400,5.223,5.769,8
2249450,5.223,5.763,8
2249500,5.223,5.749,8
2249550,5.223,5.732,8
2249600,5.223,5.722,8
2249650,5.223,5.719,8
2249700,5.223,5.71,8
2249750,5.223,5.691,8
2249800,5.223,5.674,8
2249850,5.223,5.647,8
2249900,5.223,5.58,8
2249950,5.199,5.5,8
2250000,5.176,5.449,8
2250050,5.174,5.416,8
2250100,5.17,5.384,8
2250150,5.152,5.336,8
2250200,5.068,5.269,8
2250250,5.0,5.206,8
2250300,5.0,5.176,8
2250350,5.0,5.176,8
2250400,5.0,5.176,8
2250450,5.0,5.176,8
2250500,5.0,5.174,8
2250550,5.0,5.101,8
2250600,5.0,5.014,8
2250650,5.0,5.0,8
2250700,5.0,5.009,8
2250750,5.0,5.071,8
2250800,5.0,5.191,8
2250850,5.048,5.322,8
2250900,5.097,5.409,8
2250950,5.096,5.432,8
2251000,5.088,5.432,8
2251050,5.076,5.432,8
2251100,5.072,5.432,8
2251150,5.069,5.432,8
2251200,5.065,5.432,8
2251250,5.058,5.432,8
2251300,5.052,5.429,8
2251350,5.05,5.418,8
2251400,5.039,5.402,8
2251450,5.029,5.391,8
2251500,5.026,5.388,8
2251550,5.023,5.388,8
2251600,5.018,5.388,8
2251650,5.016,5.388,8
2251700,5.016,5.388,8
2251750,5.016,5.388,8
2251800,5.016,5.388,8
2251850,5.016,5.388,8
2251900,5.015,5.387,8
2251950,5.013,5.385,8
2252000,5.01,5.384,8
2252050,5.008,5.381,8
2252100,5.008,5.378,8
2252150,5.007,5.378,8
2252200,5.007,5.378,8
2252250,5.007,5.378,8
2252300,5.007,5.378,8
2252350,5.007,5.378,8
2252400,5.007,5.378,8
2252450,5.007,5.378,8
2252500,5.007,5.378,8
2252550,5.007,5.378,8
2252600,5.007,5.381,8
2252650,5.007,5.4,8
2252700,5.007,5.436,8
2252750,5.007,5.476,8
2252800,5.007,5.505,8
2252850,5.007,5.517,8
2252900,5.007,5.521,8
2252950,5.007,5.521,8
2253000,5.007,5.521,8
2253050,5.007,5.521,8
2253100,5.007,5.521,8
2253150,5.007,5.521,8
2253200,5.007,5.521,8
2253250,5.007,5.519,8
2253300,5.007,5.517,8
2253350,5.007,5.515,8
2253400,5.007,5.513,8
2253450,5.007,5.51,8
2253500,5.007,5.509,8
2253550,5.007,5.509,8
2253600,5.007,5.509,8
2253650,5.007,5.509,8
2253700,5.007,5.509,8
2253750,5.007,5.509,8
2253800,5.007,5.512,8
2253850,5.007,5.522,8
2253900,5.007,5.529,8
2253950,5.007,5.539,8
2254000,5.007,5.556,8
2254050,5.007,5.571,8
2254100,5.007,5.592,8
2254150,5.007,5.621,8
2254200,5.007,5.65,8
2254250,5.007,5.675,8
2254300,5.007,5.698,8
2254350,5.007,5.717,8
2254400,5.007,5.73,8
2254450,5.007,5.745,8
2254500,5.007,5.758,8
2254550,5.007,5.766,8
2254600,5.007,5.773,8
2254650,5.007,5.781,8
2254700,5.007,5.786,8
2254750,5.007,5.793,8
2254800,5.007,5.799,8
2254850,5.007,5.804,8
2254900,5.007,5.807,8
2254950,5.007,5.81,8
2255000,5.008,5.815,8
2255050,5.009,5.817,8
2255100,5.009,5.817,8
2255150,5.009,5.817,8
2255200,5.009,5.817,8
2255250,5.009,5.819,8
2255300,5.009,5.82,8
2255350,5.009,5.82,8
2255400,5.009,5.82,8
2255450,5.009,5.82,8
2255500,5.009,5.82,8
2255550,5.009,5.82,8
2255600,5.009,5.82,8
2255650,5.009,5.82,8
2255700,5.009,5.82,8
2255750,5.009,5.82,8
2255800,5.009,5.82,8
2255850,5.009,5.82,8
2255900,5.009,5.82,8
2255950,5.009,5.82,8
2256000,5.009,5.82,8
2256050,5.009,5.82,8
2256100,5.009,5.82,8
2256150,5.009,5.82,8
2256200,5.009,5.82,8
2256250,5.009,5.82,8
2256300,5.009,5.82,8
2256350,5.009,5.82,8
2256400,5.009,5.82,8
2256450,5.009,5.82,8
2256500,5.009,5.82,8
2256550,5.009,5.82,8
2256600,5.009,5.82,8
2256650,5.009,5.82,8
2256700,5.009,5.82,8
2256750,5.009,5.82,8
2256800,5.009,5.82,8
2256850,5.009,5.82,8
2256900,5.009,5.82,8
2256950,5.009,5.82,8
2257000,5.009,5.82,8
2257050,5.009,5.82,8
2257100,5.009,5.823,8
2257150,5.009,5.829,8
2257200,5.009,5.834,8
2257250,5.009,5.836,8
2257300,5.009,5.837,8
2257350,5.009,5.837,8
2257400,5.009,5.837,8
2257450,5.009,5.837,8
2257500,5.009,5.837,8
2257550,5.009,5.837,8
2257600,5.009,5.837,8
2257650,5.009,5.837,8
2257700,5.009,5.837,8
2257750,5.009,5.837,8
2257800,5.009,5.837,8
2257850,5.009,5.837,8
2257900,5.009,5.837,8
2257950,5.009,5.837,8
2258000,5.009,5.837,8
2258050,5.009,5.837,8
2258100,5.009,5.837,8
2258150,5.009,5.841,8
2258200,5.009,5.848,8
2258250,5.009,5.853,8
2258300,5.009,5.855,8
2258350,5.009,5.855,8
2258400,5.009,5.855,8
2258450,5.009,5.855,8
2258500,5.009,5.855,8
2258550,5.009,5.855,8
2258600,5.009,5.855,8
2258650,5.009,5.855,8
2258700,5.009,5.855,8
2258750,5.009,5.855,8
2258800,5.009,5.855,8
2258850,5.009,5.855,8
2258900,5.009,5.855,8
2258950,5.009,5.855,8
2259000,5.009,5.855,8
2259050,5.009,5.855,8
2259100,5.009,5.855,8
2259150,5.009,5.855,8
2259200,5.009,5.855,8
2259250,5.009,5.855,8
2259300,5.009,5.855,8
2259350,5.009,5.855,8
2259400,5.009,5.855,8
2259450,5.009,5.855,8
2259500,5.009,5.855,8
2259550,5.009,5.855,8
2259600,5.009,5.855,8
2259650,5.009,5.855,8
2259700,5.009,5.855,8
2259750,5.009,5.855,8
2259800,5.009,5.855,8
2259850,5.009,5.855,8
2259900,5.009,5.855,8
2259950,5.009,5.855,8
2260000,5.009,5.855,8
2260050,5.009,5.855,8
2260100,5.009,5.855,8
2260150,5.009,5.855,8
2260200,5.009,5.855,8
2260250,5.009,5.855,8
2260300,5.009,5.855,8
2260350,5.009,5.855,8
2260400,5.009,5.855,8
2260450,5.009,5.855,8
2260500,5.009,5.855,8
2260550,5.009,5.855,8
2260600,5.009,5.855,8
2260650,5.009,5.855,8
2260700,5.009,5.855,8
2260750,5.009,5.855,8
2260800,5.009,5.855,8
2260850,5.009,5.855,8
2260900,5.009,5.855,8
2260950,5.009,5.855,8
2261000,5.009,5.855,8
2261050,5.009,5.855,8
2261100,5.009,5.855,8
2261150,5.009,5.855,8
2261200,5.009,5.855,8
2261250,5.009,5.855,8
2261300,5.009,5.855,8
2261350,5.009,5.855,8
2261400,5.009,5.855,8
2261450,5.009,5.855,8
2261500,5.009,5.855,8
2261550,5.009,5.855,8
2261600,5.009,5.855,8
2261650,5.009,5.855,8
2261700,5.009,5.855,8
2261750,5.009,5.855,8
2261800,5.009,5.855,8
2261850,5.009,5.855,8
2261900,5.009,5.855,8
2261950,5.009,5.855,8
2262000,5.009,5.855,8
2262050,5.009,5.855,8
2262100,5.009,5.855,8
2262150,5.009,5.855,8
2262200,5.009,5.855,8
2262250,5.009,5.855,8
2262300,5.009,5.855,8
2262350,5.009,5.855,8
2262400,5.009,5.855,8
2262450,5.009,5.855,8
2262500,5.009,5.855,8
2262550,5.009,5.855,8
2262600,5.009,5.855,8
2262650,5.009,5.855,8
2262700,5.009,5.855,8
2262750,5.009,5.855,8
2262800,5.009,5.855,8
2262850,5.009,5.855,8
2262900,5.009,5.855,8
2262950,5.009,5.855,8
2263000,5.009,5.855,8
2263050,5.009,5.855,8
2263100,5.009,5.855,8
2263150,5.009,5.855,8
2263200,5.009,5.855,8
2263250,5.009,5.855,8
2263300,5.009,5.855,8
2263350,5.009,5.855,8
2263400,5.009,5.855,8
2263450,5.009,5.855,8
2263500,5.009,5.855,8
2263550,5.009,5.855,8
2263600,5.009,5.855,8
2263650,5.009,5.855,8
2263700,5.009,5.855,8
2263750,5.009,5.855,8
2263800,5.009,5.855,8
2263850,5.009,5.855,8
2263900,5.009,5.855,8
2263950,5.009,5.855,8
2264000,5.009,5.855,8
2264050,5.009,5.855,8
2264100,5.009,5.855,8
2264150,5.009,5.855,8
2264200,5.009,5.855,8
2264250,5.009,5.855,8
2264300,5.009,5.855,8
2264350,5.009,5.855,8
2264400,5.009,5.855,8
2264450,5.009,5.855,8
2264500,5.009,5.855,8
2264550,5.009,5.855,8
2264600,5.009,5.855,8
2264650,5.009,5.855,8
2264700,5.009,5.855,8
2264750,5.009,5.855,8
2264800,5.009,5.855,8
2264850,5.009,5.855,8
2264900,5.009,5.855,8
2264950,5.009,5.855,8
2265000,5.009,5.855,8
2265050,5.009,5.855,8
2265100,5.009,5.855,8
2265150,5.009,5.855,8
2265200,5.009,5.855,8
2265250,5.009,5.855,8
2265300,5.009,5.855,8
2265350,5.009,5.855,8
2265400,5.009,5.855,8
2265450,5.009,5.855,8
2265500,5.009,5.855,8
2265550,5.009,5.855,8
2265600,5.009,5.855,8
2265650,5.009,5.855,8
2265700,5.009,5.855,8
2265750,5.009,5.855,8
2265800,5.009,5.855,8
2265850,5.009,5.855,8
2265900,5.009,5.855,8
2265950,5.009,5.855,8
2266000,5.009,5.855,8
2266050,5.009,5.856,8
2266100,5.009,5.866,8
2266150,5.009,5.893,8
2266200,5.009,5.927,8
2266250,5.009,5.968,8
2266300,5.009,6.005,8
2266350,5.009,6.015,8
2266400,5.009,6.015,8
2266450,5.009,6.015,8
2266500,5.009,6.015,8
2266550,5.009,6.015,8
2266600,5.009,6.015,8
2266650,5.009,6.015,8
2266700,5.009,6.015,8
2266750,5.009,6.015,8
2266800,5.009,6.015,8
2266850,5.006,6.016,8
2266900,4.999,6.022,8
2266950,4.995,6.031,8
2267000,4.993,6.038,8
2267050,4.993,6.042,8
2267100,4.993,6.05,8
2267150,4.993,6.057,8
2267200,4.993,6.062,8
2267250,4.993,6.075,8
2267300,4.993,6.09,8
2267350,4.991,6.098,8
2267400,4.987,6.104,8
2267450,4.983,6.107,8
2267500,4.981,6.11,8
2267550,4.981,6.117,8
2267600,4.981,6.124,8
2267650,4.979,6.132,8
2267700,4.975,6.142,8
2267750,4.973,6.159,8
2267800,4.967,6.177,8
2267850,4.963,6.187,8
2267900,4.958,6.195,8
2267950,4.95,6.198,8
2268000,4.945,6.201,8
2268050,4.94,6.208,8
2268100,4.931,6.22,8
2268150,4.925,6.238,8
2268200,4.918,6.254,8
2268250,4.913,6.271,8
2268300,4.907,6.29,8
2268350,4.902,6.3,8
2268400,4.899,6.305,8
2268450,4.895,6.308,8
2268500,4.891,6.31,8
2268550,4.889,6.31,8
2268600,4.887,6.31,8
2268650,4.88,6.31,8
2268700,4.873,6.31,8
2268750,4.87,6.31,8
2268800,4.87,6.31,8
2268850,4.866,6.31,8
2268900,4.856,6.31,8
2268950,4.843,6.31,8
2269000,4.829,6.31,8
2269050,4.819,6.31,8
2269100,4.812,6.31,8
2269150,4.809,6.31,8
2269200,4.809,6.31,8
2269250,4.807,6.31,8
2269300,4.803,6.31,8
2269350,4.792,6.31,8
2269400,4.771,6.31,8
2269450,4.73,6.31,8
2269500,4.674,6.31,8
2269550,4.643,6.31,8
2269600,4.64,6.31,8
2269650,4.64,6.31,8
2269700,4.64,6.31,8
2269750,4.64,6.31,8
2269800,4.64,6.31,8
2269850,4.64,6.31,8
2269900,4.64,6.31,8
2269950,4.64,6.31,8
2270000,4.64,6.31,8
2270050,4.638,6.31,8
2270100,4.635,6.31,8
2270150,4.635,6.31,8
2270200,4.635,6.31,8
2270250,4.635,6.31,8
2270300,4.635,6.31,8
2270350,4.635,6.31,8
2270400,4.635,6.31,8
2270450,4.635,6.31,8
2270500,4.633,6.31,8
2270550,4.628,6.31,8
2270600,4.619,6.31,8
2270650,4.603,6.31,8
2270700,4.589,6.31,8
2270750,4.581,6.31,8
2270800,4.579,6.31,8
2270850,4.579,6.31,8
2270900,4.579,6.31,8
2270950,4.579,6.31,8
2271000,4.579,6.31,8
2271050,4.579,6.31,8
2271100,4.579,6.31,8
2271150,4.579,6.31,8
2271200,4.579,6.31,8
2271250,4.579,6.31,8
2271300,4.579,6.31,8
2271350,4.579,6.31,8
2271400,4.579,6.31,8
2271450,4.579,6.31,8
2271500,4.579,6.31,8
2271550,4.579,6.31,8
2271600,4.579,6.31,8
2271650,4.579,6.31,8
2271700,4.579,6.31,8
2271750,4.579,6.31,8
2271800,4.579,6.31,8
2271850,4.579,6.31,8
2271900,4.579,6.31,8
2271950,4.579,6.31,8
2272000,4.579,6.31,8
2272050,4.579,6.31,8
2272100,4.579,6.31,8
2272150,4.579,6.31,8
2272200,4.579,6.31,8
2272250,4.579,6.31,8
2272300,4.579,6.31,8
2272350,4.579,6.31,8
2272400,4.579,6.31,8
2272450,4.579,6.31,8
2272500,4.579,6.31,8
2272550,4.579,6.31,8
2272600,4.579,6.31,8
2272650,4.579,6.31,8
2272700,4.579,6.31,8
2272750,4.579,6.31,8
2272800,4.579,6.31,8
2272850,4.579,6.31,8
2272900,4.579,6.31,8
2272950,4.579,6.31,8
2273000,4.579,6.31,8
2273050,4.579,6.31,8
2273100,4.579,6.31,8
2273150,4.579,6.31,8
2273200,4.579,6.31,8
2273250,4.579,6.31,8
2273300,4.579,6.31,8
2273350,4.579,6.31,8
2273400,4.579,6.31,8
2273450,4.579,6.31,8
2273500,4.579,6.31,8
2273550,4.579,6.31,8
2273600,4.579,6.31,8
2273650,4.579,6.31,8
2273700,4.579,6.31,8
2273750,4.579,6.31,8
2273800,4.579,6.31,8
2273850,4.579,6.308,8
2273900,4.579,6.304,8
2273950,4.579,6.303,8
2274000,4.579,6.303,8
2274050,4.579,6.303,8
2274100,4.579,6.303,8
2274150,4.579,6.303,8
2274200,4.579,6.303,8
2274250,4.579,6.303,8
2274300,4.579,6.303,8
2274350,4.579,6.303,8
2274400,4.579,6.303,8
2274450,4.579,6.303,8
2274500,4.579,6.303,8
2274550,4.579,6.303,8
2274600,4.579,6.303,8
2274650,4.579,6.303,8
2274700,4.579,6.303,8
2274750,4.579,6.303,8
2274800,4.579,6.303,8
2274850,4.579,6.303,8
2274900,4.579,6.303,8
2274950,4.579,6.303,8
2275000,4.579,6.303,8
2275050,4.579,6.303,8
2275100,4.579,6.303,8
2275150,4.579,6.303,8
2275200,4.579,6.303,8
2275250,4.579,6.303,8
2275300,4.579,6.303,8
2275350,4.579,6.303,8
2275400,4.579,6.303,8
2275450,4.579,6.303,8
2275500,4.579,6.303,8
2275550,4.579,6.303,8
2275600,4.579,6.303,8
2275650,4.579,6.303,8
2275700,4.579,6.303,8
2275750,4.579,6.303,8
2275800,4.579,6.303,8
2275850,4.579,6.303,8
2275900,4.579,6.303,8
2275950,4.579,6.303,8
2276000,4.579,6.303,8
2276050,4.579,6.303,8
2276100,4.579,6.303,8
2276150,4.579,6.303,8
2276200,4.579,6.303,8
2276250,4.579,6.303,8
2276300,4.579,6.303,8
2276350,4.579,6.303,8
2276400,4.579,6.303,8
2276450,4.579,6.303,8
2276500,4.579,6.303,8
2276550,4.579,6.303,8
2276600,4.579,6.303,8
2276650,4.579,6.303,8
2276700,4.579,6.303,8
2276750,4.579,6.303,8
2276800,4.579,6.303,8
2276850,4.579,6.303,8
2276900,4.579,6.303,8
2276950,4.579,6.303,8
2277000,4.579,6.303,8
2277050,4.579,6.303,8
2277100,4.579,6.303,8
2277150,4.579,6.303,8
2277200,4.579,6.305,8
2277250,4.579,6.307,8
2277300,4.579,6.311,8
2277350,4.579,6.314,8
2277400,4.579,6.317,8
2277450,4.579,6.321,8
2277500,4.579,6.324,8
2277550,4.579,6.328,8
2277600,4.579,6.334,8
2277650,4.579,6.339,8
2277700,4.579,6.342,8
2277750,4.579,6.348,8
2277800,4.579,6.352,8
2277850,4.579,6.352,8
2277900,4.579,6.352,8
2277950,4.579,6.354,8
2278000,4.579,6.36,8
2278050,4.579,6.369,8
2278100,4.579,6.379,8
2278150,4.579,6.388,8
2278200,4.579,6.393,8
2278250,4.579,6.393,8
2278300,4.579,6.393,8
2278350,4.579,6.393,8
2278400,4.579,6.406,8
2278450,4.569,6.444,8
2278500,4.554,6.471,8
2278550,4.549,6.472,8
2278600,4.549,6.472,8
2278650,4.549,6.472,8
2278700,4.549,6.472,8
2278750,4.549,6.472,8
2278800,4.549,6.472,8
2278850,4.549,6.472,8
2278900,4.549,6.472,8
2278950,4.549,6.472,8
2279000,4.549,6.472,8
2279050,4.549,6.472,8
2279100,4.549,6.472,8
2279150,4.549,6.472,8
2279200,4.549,6.472,8
2279250,4.549,6.472,8
2279300,4.549,6.472,8
2279350,4.549,6.472,8
2279400,4.549,6.472,8
2279450,4.549,6.472,8
2279500,4.549,6.472,8
2279550,4.549,6.472,8
2279600,4.549,6.472,8
2279650,4.549,6.472,8
2279700,4.549,6.472,8
2279750,4.549,6.472,8
2279800,4.549,6.472,8
2279850,4.549,6.472,8
2279900,4.549,6.472,8
2279950,4.549,6.472,8
2280000,4.549,6.472,8
2280050,4.549,6.472,8
2280100,4.549,6.472,8
2280150,4.549,6.472,8
2280200,4.549,6.472,8
2280250,4.549,6.472,8
2280300,4.549,6.472,8
2280350,4.549,6.472,8
2280400,4.549,6.472,8
2280450,4.549,6.472,8
2280500,4.549,6.472,8
2280550,4.549,6.472,8
2280600,4.549,6.472,8
2280650,4.549,6.472,8
2280700,4.549,6.472,8
2280750,4.549,6.472,8
2280800,4.549,6.472,8
2280850,4.549,6.472,8
2280900,4.549,6.472,8
2280950,4.549,6.472,8
2281000,4.549,6.472,8
2281050,4.549,6.472,8
2281100,4.549,6.472,8
2281150,4.549,6.472,8
2281200,4.549,6.472,8
2281250,4.549,6.472,8
2281300,4.549,6.472,8
2281350,4.549,6.472,8
2281400,4.549,6.472,8
2281450,4.549,6.472,8
2281500,4.545,6.472,8
2281550,4.506,6.504,8
2281600,4.413,6.574,8
2281650,4.279,6.692,8
2281700,4.2,6.783,8
2281750,4.2,6.748,8
2281800,4.2,6.668,8
2281850,4.2,6.622,8
2281900,4.2,6.613,8
2281950,4.2,6.613,8
2282000,4.205,6.613,8
2282050,4.228,6.613,8
2282100,4.271,6.62,8
2282150,4.339,6.648,8
2282200,4.39,6.67,8
2282250,4.395,6.672,8
2282300,4.395,6.674,8
2282350,4.395,6.677,8
2282400,4.395,6.682,8
2282450,4.395,6.689,8
2282500,4.395,6.695,8
2282550,4.395,6.7,8
2282600,4.395,6.704,8
2282650,4.395,6.709,8
2282700,4.395,6.726,8
2282750,4.39,6.762,8
2282800,4.38,6.804,8
2282850,4.374,6.835,8
2282900,4.374,6.849,8
2282950,4.374,6.849,8
2283000,4.374,6.849,8
2283050,4.374,6.849,8
2283100,4.374,6.849,8
2283150,4.374,6.849,8
2283200,4.374,6.849,8
2283250,4.374,6.849,8
2283300,4.374,6.849,8
2283350,4.374,6.849,8
2283400,4.374,6.849,8
2283450,4.374,6.849,8
2283500,4.374,6.849,8
2283550,4.374,6.849,8
2283600,4.374,6.849,8
2283650,4.374,6.849,8
2283700,4.374,6.849,8
2283750,4.374,6.849,8
2283800,4.374,6.849,8
2283850,4.374,6.849,8
2283900,4.374,6.849,8
2283950,4.374,6.849,8
2284000,4.374,6.849,8
2284050,4.374,6.849,8
2284100,4.374,6.849,8
2284150,4.374,6.849,8
2284200,4.374,6.849,8
2284250,4.374,6.849,8
2284300,4.374,6.849,8
2284350,4.374,6.849,8
2284400,4.374,6.857,8
2284450,4.374,6.87,8
2284500,4.374,6.877,8
2284550,4.374,6.877,8
2284600,4.374,6.877,8
2284650,4.374,6.88,8
2284700,4.374,6.886,8
2284750,4.374,6.892,8
2284800,4.374,6.896,8
2284850,4.374,6.896,8
2284900,4.374,6.896,8
2284950,4.374,6.896,8
2285000,4.374,6.896,8
2285050,4.374,6.896,8
2285100,4.374,6.896,8
2285150,4.374,6.896,8
2285200,4.374,6.896,8
2285250,4.374,6.896,8
2285300,4.374,6.896,8
2285350,4.374,6.896,8
2285400,4.374,6.896,8
2285450,4.374,6.896,8
2285500,4.374,6.896,8
2285550,4.374,6.9,8
2285600,4.363,6.917,8
2285650,4.323,6.946,8
2285700,4.241,6.974,8
2285750,4.088,6.994,8
2285800,3.908,7.008,8
2285850,3.814,7.014,8
2285900,3.78,7.006,8
2285950,3.735,6.971,8
2286000,3.709,6.926,8
2286050,3.704,6.894,8
2286100,3.698,6.879,8
2286150,3.698,6.879,8
2286200,3.698,6.879,8
2286250,3.725,6.892,8
2286300,3.797,6.935,8
2286350,3.883,7.016,8
2286400,3.936,7.11,8
2286450,3.945,7.198,8
2286500,3.921,7.269,8
2286550,3.87,7.303,8
2286600,3.84,7.319,8
2286650,3.831,7.323,8
2286700,3.823,7.323,8
2286750,3.813,7.332,8
2286800,3.785,7.353,8
2286850,3.728,7.383,8
2286900,3.681,7.409,8
2286950,3.672,7.417,8
2287000,3.672,7.417,8
2287050,3.672,7.417,8
2287100,3.672,7.417,8
2287150,3.672,7.417,8
2287200,3.668,7.417,8
2287250,3.651,7.417,8
2287300,3.604,7.417,8
2287350,3.537,7.417,8
2287400,3.479,7.417,8
2287450,3.44,7.417,8
2287500,3.423,7.417,8
2287550,3.423,7.417,8
2287600,3.423,7.418,8
2287650,3.423,7.419,8
2287700,3.423,7.419,8
2287750,3.423,7.422,8
2287800,3.426,7.429,8
2287850,3.449,7.448,8
2287900,3.483,7.47,8
2287950,3.507,7.481,8
2288000,3.529,7.492,8
2288050,3.564,7.514,8
2288100,3.614,7.537,8
2288150,3.672,7.555,8
2288200,3.714,7.567,8
2288250,3.736,7.57,8
2288300,3.758,7.583,8
2288350,3.773,7.595,8
2288400,3.781,7.597,8
2288450,3.786,7.598,8
2288500,3.789,7.6,8
2288550,3.789,7.6,8
2288600,3.789,7.6,8
2288650,3.786,7.6,8
2288700,3.767,7.6,8
2288750,3.653,7.6,8
2288800,3.477,7.6,8
2288850,3.34,7.603,8
2288900,3.26,7.606,8
2288950,3.219,7.606,8
2289000,3.132,7.587,8
2289050,2.934,7.524,8
2289100,2.681,7.455,8
2289150,2.49,7.404,8
2289200,2.362,7.367,8
2289250,2.245,7.355,8
2289300,2.081,7.351,8
2289350,1.908,7.35,8
2289400,1.77,7.347,8
2289450,1.717,7.346,8
2289500,1.715,7.34,8
2289550,1.716,7.33,8
2289600,1.716,7.321,8
2289650,1.716,7.305,8
2289700,1.716,7.285,8
2289750,1.716,7.253,8
2289800,1.716,7.216,8
2289850,1.709,7.181,8
2289900,1.69,7.148,8
2289950,1.674,7.137,8
2290000,1.668,7.135,8
2290050,1.668,7.135,8
2290100,1.668,7.144,8
2290150,1.668,7.158,8
2290200,1.668,7.162,8
2290250,1.642,7.169,8
2290300,1.536,7.212,8
2290350,1.314,7.309,8
2290400,1.091,7.403,8
2290450,0.995,7.448,8
2290500,0.971,7.458,8
2290550,0.95,7.459,8
2290600,0.899,7.462,8
2290650,0.801,7.467,8
2290700,0.694,7.474,8
2290750,0.647,7.477,8
2290800,0.639,7.477,8
2290850,0.639,7.477,8
2290900,0.639,7.477,8
2290950,0.639,7.477,8
2291000,0.639,7.477,8
2291050,0.639,7.477,8
2291100,0.636,7.477,8
2291150,0.626,7.479,8
2291200,0.587,7.482,8
2291250,0.526,7.488,8
2291300,0.5,7.496,8
2291350,0.5,7.502,8
2291400,0.5,7.506,8
2291450,0.5,7.504,8
2291500,0.5,7.497,8
2291550,0.5,7.485,8
2291600,0.5,7.472,8
2291650,0.5,7.464,8
2291700,0.5,7.461,8
2291750,0.5,7.462,8
2291800,0.5,7.462,8
2291850,0.5,7.462,8
2291900,0.5,7.465,8
2291950,0.5,7.468,8
2292000,0.5,7.47,8
2292050,0.5,7.47,8
2292100,0.5,7.47,8
2292150,0.5,7.508,8
2292200,0.5,7.606,8
2292250,0.5,7.737,8
2292300,0.5,7.871,8
2292350,0.5,7.972,8
2292400,0.5,8.03,8
2292450,0.5,8.071,8
2292500,0.5,8.108,8
2292550,0.5,8.122,8
2292600,0.5,8.122,8
2292650,0.5,8.122,8
2292700,0.5,8.122,8
2292750,0.5,8.122,8
2292800,0.5,8.122,8
2292850,0.5,8.112,8
2292900,0.5,8.065,8
2292950,0.5,7.952,8
2293000,0.5,7.834,8
2293050,0.5,7.775,8
2293100,0.5,7.753,8
2293150,0.5,7.753,8
2293200,0.5,7.753,8
2293250,0.5,7.753,8
2293300,0.5,7.753,8
2293350,0.5,7.751,8
2293400,0.5,7.713,8
2293450,0.5,7.599,8
2293500,0.5,7.482,8
2293550,0.5,7.438,8
2293600,0.5,7.434,8
2293650,0.5,7.434,8
2293700,0.5,7.434,8
2293750,0.5,7.433,8
2293800,0.5,7.426,8
2293850,0.5,7.387,8
2293900,0.5,7.294,8
2293950,0.5,7.191,8
2294000,0.5,7.132,8
2294050,0.5,7.116,8
2294100,0.5,7.116,8
2294150,0.5,7.116,8
2294200,0.5,7.116,8
2294250,0.5,7.115,8
2294300,0.5,7.113,8
2294350,0.5,7.112,8
2294400,0.5,7.104,8
2294450,0.5,7.084,8
2294500,0.5,7.055,8
2294550,0.5,7.023,8
2294600,0.5,6.998,8
2294650,0.5,6.987,8
2294700,0.5,6.987,8
2294750,0.5,6.987,8
2294800,0.5,6.991,8
2294850,0.5,7.004,8
2294900,0.5,7.016,8
2294950,0.5,7.023,8
2295000,0.5,7.027,8
2295050,0.5,7.027,8
2295100,0.5,7.027,8
2295150,0.5,7.027,8
2295200,0.5,7.027,8
2295250,0.5,7.027,8
2295300,0.5,7.027,8
2295350,0.5,7.027,8
2295400,0.5,7.027,8
2295450,0.5,7.027,8
2295500,0.5,7.027,8
2295550,0.5,7.027,8
2295600,0.5,7.027,8
2295650,0.5,7.027,8
2295700,0.5,7.027,8
2295750,0.5,7.027,8
2295800,0.5,7.027,8
2295850,0.5,7.027,8
2295900,0.5,7.027,8
2295950,0.5,7.027,8
2296000,0.5,7.027,8
2296050,0.5,7.027,8
2296100,0.5,7.027,8
2296150,0.5,7.027,8
2296200,0.5,7.027,8
2296250,0.5,7.027,8
2296300,0.5,7.027,8
2296350,0.5,7.027,8
2296400,0.5,7.027,8
2296450,0.5,7.027,8
2296500,0.5,7.027,8
2296550,0.5,7.027,8
2296600,0.5,7.027,8
2296650,0.5,7.027,8
2296700,0.5,7.026,8
2296750,0.5,7.026,8
2296800,0.5,7.026,8
2296850,0.5,7.026,8
2296900,0.5,7.026,8
2296950,0.5,7.026,8
2297000,0.5,7.026,8
2297050,0.5,7.026,8
2297100,0.5,7.026,8
2297150,0.5,7.026,8
2297200,0.5,7.026,8
2297250,0.5,7.026,8
2297300,0.5,7.026,8
2297350,0.5,7.025,8
2297400,0.5,7.025,8
2297450,0.5,7.025,8
2297500,0.5,7.025,8
2297550,0.5,7.025,8
2297600,0.5,7.025,8
2297650,0.5,7.025,8
2297700,0.5,7.025,8
2297750,0.5,7.025,8
2297800,0.5,7.025,8
2297850,0.5,7.025,8
2297900,0.5,7.025,8
2297950,0.5,7.025,8
2298000,0.5,7.025,8
2298050,0.5,7.025,8
2298100,0.5,7.025,8
2298150,0.5,7.025,8
2298200,0.5,7.025,8
2298250,0.5,7.025,8
2298300,0.5,7.025,8
2298350,0.5,7.025,8
2298400,0.5,7.025,8
2298450,0.5,7.025,8
2298500,0.5,7.025,8
2298550,0.5,7.025,8
2298600,0.5,7.025,8
2298650,0.5,7.025,8
2298700,0.5,7.025,8
2298750,0.5,7.025,8
2298800,0.5,7.025,8
2298850,0.5,7.025,8
2298900,0.5,7.025,8
2298950,0.5,7.025,8
2299000,0.5,7.029,8
2299050,0.5,7.091,8
2299100,0.5,7.885,8
2299150,0.5,9.086,8
2299200,0.5,9.5,8
2299250,0.5,9.5,8
2299300,0.5,9.5,8
2299350,0.5,9.5,8
2299400,0.5,9.5,8
2299450,0.5,9.5,8
2299500,0.5,9.5,8
2299550,0.5,9.5,8
2299600,0.5,9.5,8
2299650,0.5,9.5,8
2299700,0.5,9.5,8
2299750,0.5,9.5,8
2299800,0.5,9.5,8
2299850,0.5,9.5,8
2299900,0.5,9.5,8
2299950,0.5,9.5,8
2300000,0.5,9.5,8
2300050,0.5,9.5,8
2300100,0.5,9.5,8
2300150,0.5,9.398,8
2300200,0.63,8.93,8
2300250,1.61,7.993,8
2300300,2.88,7.194,8
2300350,3.334,6.934,8
2300400,3.424,6.931,8
2300450,3.324,7.088,8
2300500,3.205,7.248,8
2300550,3.166,7.304,8
2300600,3.158,7.272,8
2300650,3.143,7.182,8
2300700,3.122,7.106,8
2300750,3.11,7.067,8
2300800,3.108,7.044,8
2300850,3.108,7.021,8
2300900,3.108,6.992,8
2300950,3.108,6.965,8
2301000,3.108,6.918,8
2301050,3.108,6.817,8
2301100,3.152,6.667,8
2301150,3.27,6.54,8
2301200,3.381,6.453,8
2301250,3.433,6.389,8
2301300,3.477,6.339,8
2301350,3.511,6.323,8
2301400,3.515,6.453,8
2301450,3.356,6.805,8
2301500,2.893,7.167,8
2301550,2.048,7.527,8
2301600,1.123,7.885,8
2301650,0.638,8.078,8
2301700,0.5,8.152,8
2301750,0.5,8.084,8
2301800,0.5,7.986,8
2301850,0.5,8.06,8
2301900,0.5,8.286,8
2301950,0.5,8.707,8
2302000,0.5,9.212,8
2302050,0.5,9.461,8
2302100,0.5,9.5,8
2302150,0.5,9.5,8
2302200,0.5,9.5,8
2302250,0.5,9.5,8
2302300,0.5,9.5,8
2302350,0.5,9.5,8
2302400,0.5,9.5,8
2302450,0.5,9.5,8
2302500,0.5,9.5,8
2302550,0.5,9.5,8
2302600,0.5,9.5,8
2302650,0.5,9.5,8
2302700,0.5,9.5,8
2302750,0.5,9.5,8
2302800,0.5,9.5,8
2302850,0.5,9.5,8
2302900,0.5,9.5,8
2302950,0.5,9.5,8
2303000,0.5,9.5,8
2303050,0.5,9.5,8
2303100,0.5,9.5,8
2303150,0.5,9.5,8
2303200,0.5,9.5,8
2303250,0.5,9.5,8
2303300,0.5,9.5,8
2303350,0.5,9.5,8
2303400,0.5,9.5,8
2303450,0.5,9.5,8
2303500,0.5,9.5,8
2303550,0.5,9.5,8
2303600,0.5,9.5,8
2303650,0.5,9.5,8
2303700,0.5,9.5,8
2303750,0.5,9.5,8
2303800,0.5,9.5,8
2303850,0.5,9.5,8
2303900,0.5,9.5,8
2303950,0.5,9.5,8
2304000,0.5,9.5,8
2304050,0.5,9.5,8
2304100,0.5,9.5,8
2304150,0.5,9.5,8
2304200,0.5,9.5,8
2304250,0.5,9.5,8
2304300,0.5,9.5,8
2304350,0.5,9.5,8
2304400,0.5,9.5,8
2304450,0.5,9.5,8
2304500,0.5,9.5,8
2304550,0.5,9.5,8
2304600,0.5,9.5,8
2304650,0.5,9.5,8
2304700,0.5,9.5,8
2304750,0.5,9.5,8
2304800,0.5,9.5,8
2304850,0.5,9.5,8
2304900,0.5,9.5,8
2304950,0.5,9.5,8
2305000,0.5,9.5,8
2305050,0.5,9.5,8
2305100,0.5,9.5,8
2305150,0.5,9.5,8
2305200,0.5,9.5,8
2305250,0.5,9.5,8
2305300,0.5,9.5,8
2305350,0.5,9.5,8
2305400,0.5,9.5,8
2305450,0.5,9.5,8
2305500,0.5,9.5,8
2305550,0.5,9.5,8
2305600,0.5,9.5,8
2305650,0.5,9.5,8
2305700,0.5,9.5,8
2305750,0.5,9.5,8
2305800,0.5,9.5,8
2305850,0.5,9.5,8
2305900,0.5,9.5,8
2305950,0.5,9.5,8
2306000,0.5,9.5,8
2306050,0.5,9.5,8
2306100,0.5,9.5,8
2306150,0.5,9.5,8
2306200,0.5,9.5,8
2306250,0.5,9.5,8
2306300,0.5,9.5,8
2306350,0.5,9.5,8
2306400,0.5,9.5,8
2306450,0.5,9.5,8
2306500,0.5,9.5,8
2306550,0.5,9.5,8
2306600,0.5,9.5,8
2306650,0.5,9.5,8
2306700,0.5,9.5,8
2306750,0.5,9.5,8
2306800,0.5,9.5,8
2306850,0.5,9.5,8
2306900,0.5,9.5,8
2306950,0.5,9.5,8
2307000,0.5,9.5,8
2307050,0.5,9.5,8
2307100,0.5,9.5,8
2307150,0.5,9.5,8
2307200,0.5,9.5,8
2307250,0.5,9.5,8
2307300,0.5,9.5,8
2307350,0.5,9.5,8
2307400,0.5,9.5,8
2307450,0.5,9.5,8
2307500,0.5,9.5,8
2307550,0.5,9.5,8
2307600,0.5,9.5,8
2307650,0.5,9.5,8
2307700,0.5,9.5,8
2307750,0.5,9.5,8
2307800,0.5,9.5,8
2307850,0.5,9.5,8
2307900,0.5,9.5,8
2307950,0.5,9.5,8
2308000,0.5,9.5,8
2308050,0.5,9.5,8
2308100,0.5,9.5,8
2308150,0.5,9.5,8
2308200,0.5,9.5,8
2308250,0.5,9.5,8
2308300,0.5,9.5,8
2308350,0.5,9.5,8
2308400,0.5,9.5,8
2308450,0.5,9.5,8
2308500,0.5,9.5,8
2308550,0.5,9.5,8
2308600,0.5,9.5,8
2308650,0.5,9.5,8
2308700,0.5,9.5,8
2308750,0.5,9.5,8
2308800,0.5,9.5,8
2308850,0.5,9.5,8
2308900,0.5,9.5,8
2308950,0.5,9.5,8
2309000,0.5,9.5,8
2309050,0.5,9.5,8
2309100,0.5,9.5,8
2309150,0.5,9.5,8
2309200,0.5,9.5,8
2309250,0.5,9.5,8
2309300,0.5,9.5,8
2309350,0.5,9.5,8
2309400,0.5,9.5,8
2309450,0.5,9.5,8
2309500,0.5,9.5,8
2309550,0.5,9.5,8
2309600,0.5,9.5,8
2309650,0.5,9.5,8
2309700,0.5,9.5,8
2309750,0.5,9.5,8
2309800,0.5,9.5,8
2309850,0.5,9.5,8
2309900,0.5,9.5,8
2309950,0.5,9.5,8
2310000,0.5,9.5,8
2310050,0.5,9.5,8
2310100,0.5,9.5,8
2310150,0.5,9.5,8
2310200,0.5,9.5,8
2310250,0.5,9.5,8
2310300,0.5,9.5,8
2310350,0.5,9.5,8
2310400,0.5,9.5,8
2310450,0.5,9.5,8
2310500,0.5,9.5,8
2310550,0.5,9.5,8
2310600,0.5,9.5,8
2310650,0.5,9.5,8
2310700,0.5,9.5,8
2310750,0.5,9.5,8
2310800,0.5,9.5,8
2310850,0.5,9.5,8
2310900,0.5,9.5,8
2310950,0.5,9.5,8
2311000,0.5,9.5,8
2311050,0.5,9.5,8
2311100,0.5,9.5,8
2311150,0.5,9.5,8
2311200,0.5,9.5,8
2311250,0.5,9.5,8
2311300,0.5,9.5,8
2311350,0.5,9.5,8
2311400,0.5,9.5,8
2311450,0.5,9.5,8
2311500,0.5,9.5,8
2311550,0.5,9.5,8
2311600,0.5,9.5,8
2311650,0.5,9.5,8
2311700,0.5,9.5,8
2311750,0.5,9.5,8
2311800,0.5,9.5,8
2311850,0.5,9.5,8
2311900,0.5,9.5,8
2311950,0.5,9.5,8
2312000,0.5,9.5,8
2312050,0.5,9.5,8
2312100,0.5,9.5,8
2312150,0.5,9.5,8
2312200,0.5,9.5,8
2312250,0.5,9.5,8
2312300,0.5,9.5,8
2312350,0.5,9.5,8
2312400,0.5,9.5,8
2312450,0.5,9.5,8
2312500,0.5,9.5,8
2312550,0.5,9.5,8
2312600,0.5,9.5,8
2312650,0.5,9.5,8
2312700,0.5,9.5,8
2312750,0.5,9.5,8
2312800,0.5,9.5,8
2312850,0.5,9.5,8
2312900,0.5,9.5,8
2312950,0.5,9.5,8
2313000,0.5,9.5,8
2313050,0.5,9.5,8
2313100,0.5,9.5,8
2313150,0.5,9.5,8
2313200,0.5,9.5,8
2313250,0.5,9.5,8
2313300,0.5,9.5,8
2313350,0.5,9.5,8
2313400,0.5,9.5,8
2313450,0.5,9.5,8
2313500,0.5,9.5,8
2313550,0.5,9.5,8
2313600,0.5,9.5,8
2313650,0.5,9.5,8
2313700,0.5,9.5,8
2313750,0.5,9.5,8
2313800,0.5,9.5,8
2313850,0.5,9.5,8
2313900,0.5,9.5,8
2313950,0.5,9.5,8
2314000,0.5,9.5,8
2314050,0.5,9.5,8
2314100,0.5,9.5,8
2314150,0.5,9.5,8
2314200,0.5,9.5,8
2314250,0.5,9.5,8
2314300,0.5,9.5,8
2314350,0.5,9.5,8
2314400,0.5,9.5,8
2314450,0.5,9.5,8
2314500,0.5,9.5,8
2314550,0.5,9.5,8
2314600,0.5,9.5,8
2314650,0.5,9.5,8
2314700,0.5,9.5,8
2314750,0.5,9.5,8
2314800,0.5,9.5,8
2314850,0.5,9.5,8
2314900,0.5,9.5,8
2314950,0.5,9.5,8
2315000,0.5,9.5,8
2315050,0.5,9.5,8
2315100,0.5,9.5,8
2315150,0.5,9.5,8
2315200,0.5,9.5,8
2315250,0.5,9.5,8
2315300,0.5,9.5,8
2315350,0.5,9.5,8
2315400,0.5,9.5,8
2315450,0.5,9.5,8
2315500,0.5,9.5,8
2315550,0.5,9.5,8
2315600,0.5,9.5,8
2315650,0.5,9.5,8
2315700,0.5,9.5,8
2315750,0.5,9.5,8
2315800,0.5,9.5,8
2315850,0.5,9.5,8
2315900,0.5,9.5,8
2315950,0.5,9.5,8
2316000,0.5,9.5,8
2316050,0.5,9.5,8
2316100,0.5,9.5,8
2316150,0.5,9.5,8
2316200,0.5,9.5,8
2316250,0.5,9.5,8
2316300,0.5,9.5,8
2316350,0.5,9.5,8
2316400,0.5,9.5,8
2316450,0.5,9.5,8
2316500,0.5,9.5,8
2316550,0.5,9.5,8
2316600,0.5,9.5,8
2316650,0.5,9.5,8
2316700,0.5,9.5,8
2316750,0.5,9.5,8
2316800,0.5,9.5,8
2316850,0.5,9.5,8
2316900,0.5,9.5,8
2316950,0.5,9.5,8
2317000,0.5,9.5,8
2317050,0.5,9.5,8
2317100,0.5,9.5,8
2317150,0.5,9.5,8
2317200,0.5,9.5,8
2317250,0.5,9.5,8
2317300,0.5,9.5,8
2317350,0.5,9.5,8
2317400,0.5,9.5,8
2317450,0.5,9.5,8
2317500,0.5,9.5,8
2317550,0.5,9.5,8
2317600,0.5,9.5,8
2317650,0.5,9.5,8
2317700,0.5,9.5,8
2317750,0.5,9.5,8
2317800,0.5,9.5,8
2317850,0.5,9.5,8
2317900,0.5,9.5,8
2317950,0.5,9.5,8
2318000,0.5,9.5,8
2318050,0.5,9.5,8
2318100,0.5,9.5,8
2318150,0.5,9.5,8
2318200,0.5,9.5,8
2318250,0.5,9.5,8
2318300,0.5,9.5,8
2318350,0.5,9.5,8
2318400,0.5,9.5,8
2318450,0.5,9.5,8
2318500,0.5,9.5,8
2318550,0.5,9.5,8
2318600,0.5,9.5,8
2318650,0.5,9.5,8
2318700,0.5,9.5,8
2318750,0.5,9.5,8
2318800,0.5,9.5,8
2318850,0.5,9.5,8
2318900,0.5,9.5,8
2318950,0.5,9.5,8
2319000,0.5,9.5,8
2319050,0.5,9.5,8
2319100,0.5,9.5,8
2319150,0.5,9.5,8
2319200,0.5,9.5,8
2319250,0.5,9.5,8
2319300,0.5,9.5,8
2319350,0.5,9.5,8
2319400,0.5,9.5,8
2319450,0.5,9.5,8
2319500,0.5,9.5,8
2319550,0.5,9.5,8
2319600,0.5,9.5,8
2319650,0.5,9.5,8
2319700,0.5,9.5,8
2319750,0.5,9.5,8
2319800,0.5,9.5,8
2319850,0.5,9.5,8
2319900,0.5,9.5,8
2319950,0.5,9.5,8
2320000,0.5,9.5,8
2320050,0.5,9.5,8
2320100,0.5,9.5,8
2320150,0.5,9.5,8
2320200,0.5,9.5,8
2320250,0.5,9.5,8
2320300,0.5,9.5,8
2320350,0.5,9.5,8
2320400,0.5,9.5,8
2320450,0.5,9.5,8
2320500,0.5,9.5,8
2320550,0.5,9.5,8
2320600,0.5,9.5,8
2320650,0.5,9.5,8
2320700,0.5,9.5,8
2320750,0.5,9.5,8
2320800,0.5,9.5,8
2320850,0.5,9.5,8
2320900,0.5,9.5,8
2320950,0.5,9.5,8
2321000,0.5,9.5,8
2321050,0.5,9.5,8
2321100,0.5,9.5,8
2321150,0.5,9.5,8
2321200,0.5,9.5,8
2321250,0.5,9.5,8
2321300,0.5,9.5,8
2321350,0.5,9.5,8
2321400,0.5,9.5,8
2321450,0.5,9.5,8
2321500,0.5,9.5,8
2321550,0.5,9.5,8
2321600,0.5,9.5,8
2321650,0.5,9.5,8
2321700,0.5,9.5,8
2321750,0.5,9.5,8
2321800,0.5,9.5,8
2321850,0.5,9.5,8
2321900,0.5,9.5,8
2321950,0.5,9.5,8
2322000,0.5,9.5,8
2322050,0.5,9.5,8
2322100,0.5,9.5,8
2322150,0.5,9.5,8
2322200,0.5,9.5,8
2322250,0.5,9.5,8
2322300,0.5,9.5,8
2322350,0.5,9.5,8
2322400,0.5,9.5,8
2322450,0.5,9.5,8
2322500,0.5,9.5,8
2322550,0.5,9.5,8
2322600,0.5,9.5,8
2322650,0.5,9.5,8
2322700,0.5,9.5,8
2322750,0.5,9.5,8
2322800,0.5,9.5,8
2322850,0.5,9.5,8
2322900,0.5,9.5,8
2322950,0.5,9.5,8
2323000,0.5,9.5,8
2323050,0.5,9.5,8
2323100,0.5,9.5,8
2323150,0.5,9.5,8
2323200,0.5,9.5,8
2323250,0.5,9.5,8
2323300,0.5,9.5,8
2323350,0.5,9.5,8
2323400,0.5,9.5,8
2323450,0.5,9.5,8
2323500,0.5,9.5,8
2323550,0.5,9.5,8
2323600,0.5,9.5,8
2323650,0.5,9.5,8
2323700,0.5,9.5,8
2323750,0.5,9.5,8
2323800,0.5,9.5,8
2323850,0.5,9.5,8
2323900,0.5,9.5,8
2323950,0.5,9.5,8
2324000,0.5,9.5,8
2324050,0.5,9.5,8
2324100,0.5,9.5,8
2324150,0.5,9.5,8
2324200,0.5,9.5,8
2324250,0.5,9.5,8
2324300,0.5,9.5,8
2324350,0.5,9.5,8
2324400,0.5,9.5,8
2324450,0.5,9.5,8
2324500,0.5,9.5,8
2324550,0.5,9.5,8
2324600,0.5,9.5,8
2324650,0.5,9.5,8
2324700,0.5,9.5,8
2324750,0.5,9.5,8
2324800,0.5,9.5,8
2324850,0.5,9.5,8
2324900,0.5,9.5,8
2324950,0.5,9.5,8
2325000,0.5,9.5,8
2325050,0.5,9.5,8
2325100,0.5,9.5,8
2325150,0.5,9.5,8
2325200,0.5,9.5,8
2325250,0.5,9.5,8
2325300,0.5,9.5,8
2325350,0.5,9.5,8
2325400,0.5,9.5,8
2325450,0.5,9.5,8
2325500,0.5,9.5,8
2325550,0.5,9.5,8
2325600,0.5,9.5,8
2325650,0.5,9.5,8
2325700,0.5,9.5,8
2325750,0.5,9.5,8
2325800,0.5,9.5,8
2325850,0.5,9.5,8
2325900,0.5,9.5,8
2325950,0.5,9.5,8
2326000,0.5,9.5,8
2326050,0.5,9.5,8
2326100,0.5,9.5,8
2326150,0.5,9.5,8
2326200,0.5,9.5,8
2326250,0.5,9.5,8
2326300,0.5,9.5,8
2326350,0.5,9.5,8
2326400,0.5,9.5,8
2326450,0.5,9.5,8
2326500,0.5,9.5,8
2326550,0.5,9.5,8
2326600,0.5,9.5,8
2326650,0.5,9.5,8
2326700,0.5,9.5,8
2326750,0.5,9.5,8
2326800,0.5,9.5,8
2326850,0.5,9.5,8
2326900,0.5,9.5,8
2326950,0.5,9.5,8
2327000,0.5,9.5,8
2327050,0.5,9.5,8
2327100,0.5,9.5,8
2327150,0.5,9.5,8
2327200,0.5,9.5,8
2327250,0.5,9.5,8
2327300,0.5,9.5,8
2327350,0.5,9.5,8
2327400,0.5,9.5,8
2327450,0.5,9.5,8
2327500,0.5,9.5,8
2327550,0.5,9.5,8
2327600,0.5,9.5,8
2327650,0.5,9.5,8
2327700,0.5,9.5,8
2327750,0.5,9.5,8
2327800,0.5,9.5,8
2327850,0.5,9.5,8
2327900,0.5,9.5,8
2327950,0.5,9.5,8
2328000,0.5,9.5,8
2328050,0.5,9.5,8
2328100,0.5,9.5,8
2328150,0.5,9.5,8
2328200,0.5,9.5,8
2328250,0.5,9.5,8
2328300,0.5,9.5,8
2328350,0.5,9.5,8
2328400,0.5,9.5,8
2328450,0.5,9.5,8
2328500,0.5,9.5,8
2328550,0.5,9.5,8
2328600,0.5,9.5,8
2328650,0.5,9.5,8
2328700,0.5,9.5,8
2328750,0.5,9.5,8
2328800,0.5,9.5,8
2328850,0.5,9.5,8
2328900,0.5,9.5,8
2328950,0.5,9.5,8
2329000,0.5,9.5,8
2329050,0.5,9.5,8
2329100,0.5,9.5,8
2329150,0.5,9.5,8
2329200,0.5,9.5,8
2329250,0.5,9.5,8
2329300,0.5,9.5,8
2329350,0.5,9.5,8
2329400,0.5,9.5,8
2329450,0.5,9.5,8
2329500,0.5,9.5,8
2329550,0.5,9.5,8
2329600,0.5,9.5,8
2329650,0.5,9.5,8
2329700,0.5,9.5,8
2329750,0.5,9.5,8
2329800,0.5,9.5,8
2329850,0.5,9.5,8
2329900,0.5,9.5,8
2329950,0.5,9.5,8
2330000,0.5,9.5,8
2330050,0.5,9.5,8
2330100,0.5,9.5,8
2330150,0.5,9.5,8
2330200,0.5,9.5,8
2330250,0.5,9.5,8
2330300,0.5,9.5,8
2330350,0.5,9.5,8
2330400,0.5,9.5,8
2330450,0.5,9.5,8
2330500,0.5,9.5,8
2330550,0.5,9.5,8
2330600,0.5,9.5,8
2330650,0.5,9.5,8
2330700,0.5,9.5,8
2330750,0.5,9.5,8
2330800,0.5,9.5,8
2330850,0.5,9.5,8
2330900,0.5,9.5,8
2330950,0.5,9.5,8
2331000,0.5,9.5,8
2331050,0.5,9.5,8
2331100,0.5,9.5,8
2331150,0.5,9.5,8
2331200,0.5,9.5,8
2331250,0.5,9.5,8
2331300,0.5,9.5,8
2331350,0.5,9.5,8
2331400,0.5,9.5,8
2331450,0.5,9.5,8
2331500,0.5,9.5,8
2331550,0.5,9.5,8
2331600,0.5,9.5,12
2331650,0.5,9.5,12
2331700,0.5,9.5,12
2331750,0.5,9.5,12
2331800,0.5,9.5,12
2331850,0.5,9.5,12
2331900,0.5,9.5,12
2331950,0.5,9.5,12
2332000,0.5,9.5,12
2332050,0.5,9.5,12
2332100,0.5,9.5,12
2332150,0.5,9.5,12
2332200,0.5,9.5,12
2332250,0.5,9.5,12
2332300,0.5,9.5,12
2332350,0.5,9.5,12
2332400,0.5,9.5,12
2332450,0.5,9.5,12
2332500,0.5,9.5,12
2332550,0.5,9.5,12
2332600,0.5,9.5,12
2332650,0.5,9.5,12
2332700,0.5,9.5,12
2332750,0.5,9.196,12
2332800,1.006,8.232,12
2332850,3.068,6.548,12
2332900,5.416,4.956,12
2332950,5.619,4.707,12
2333000,4.888,5.128,12
2333050,4.854,5.245,12
2333100,5.0,5.174,12
2333150,5.0,5.165,12
2333200,5.0,5.165,12
2333250,5.0,5.165,12
2333300,5.0,5.165,12
2333350,5.0,5.165,12
2333400,5.0,5.165,12
2333450,5.0,5.165,12
2333500,5.0,5.165,12
2333550,5.0,5.165,12
2333600,5.0,5.165,12
2333650,5.0,5.165,12
2333700,5.0,5.165,12
2333750,5.0,5.165,12
2333800,5.0,5.165,12
2333850,5.0,5.165,12
2333900,5.0,5.165,12
2333950,5.0,5.165,12
2334000,5.0,5.165,12
2334050,5.0,5.165,12
2334100,5.0,5.165,12
2334150,5.0,5.165,12
2334200,5.0,5.165,12
2334250,5.0,5.165,12
2334300,5.0,5.165,12
2334350,5.0,5.165,12
2334400,5.0,5.165,12
2334450,5.0,5.165,12
2334500,5.0,5.165,12
2334550,5.0,5.165,12
2334600,5.0,5.165,12
2334650,5.0,5.165,12
2334700,5.0,5.165,12
2334750,5.0,5.165,12
2334800,5.0,5.165,12
2334850,5.0,5.165,12
2334900,5.0,5.165,12
2334950,5.0,5.165,12
2335000,5.0,5.165,12
2335050,5.0,5.165,12
2335100,5.0,5.165,12
2335150,5.0,5.165,12
2335200,5.0,5.165,12
2335250,5.0,5.165,12
2335300,5.0,5.165,12
2335350,5.0,5.165,12
2335400,5.0,5.165,12
2335450,5.0,5.165,12
2335500,5.0,5.165,12
2335550,5.0,5.165,12
2335600,5.0,5.165,12
2335650,5.0,5.165,12
2335700,5.0,5.165,12
2335750,5.0,5.165,12
2335800,5.0,5.165,12
2335850,5.0,5.165,12
2335900,5.0,5.165,12
2335950,5.0,5.165,12
2336000,5.0,5.165,12
2336050,5.0,5.165,12
2336100,5.0,5.165,12
2336150,5.0,5.165,12
2336200,5.0,5.165,12
2336250,5.0,5.165,12
2336300,5.0,5.165,12
2336350,5.0,5.165,12
2336400,5.0,5.165,12
2336450,5.0,5.162,12
2336500,5.0,5.152,12
2336550,5.0,5.144,12
2336600,5.0,5.144,12
2336650,5.0,5.144,12
2336700,5.0,5.144,12
2336750,5.0,5.144,12
2336800,5.0,5.144,12
2336850,5.0,5.144,12
2336900,5.0,5.144,12
2336950,5.0,5.144,12
2337000,5.0,5.144,12
2337050,5.0,5.144,12
2337100,5.0,5.144,12
2337150,5.0,5.144,12
2337200,5.0,5.144,12
2337250,5.0,5.144,12
2337300,5.0,5.144,12
2337350,5.0,5.144,12
2337400,5.0,5.144,12
2337450,5.0,5.144,12
2337500,5.0,5.144,12
2337550,5.0,5.144,12
2337600,5.0,5.144,12
2337650,5.0,5.144,12
2337700,5.0,5.144,12
2337750,5.0,5.144,12
2337800,5.0,5.144,12
2337850,5.0,5.144,12
2337900,5.0,5.144,12
2337950,5.0,5.144,12
2338000,5.0,5.144,12
2338050,5.0,5.144,12
2338100,5.0,5.144,12
2338150,5.0,5.144,12
2338200,5.0,5.144,12
2338250,5.0,5.144,12
2338300,5.0,5.144,12
2338350,5.0,5.128,12
2338400,5.0,5.061,12
2338450,5.0,5.0,12
2338500,5.0,5.0,12
2338550,5.0,5.0,12
2338600,5.0,5.0,12
2338650,5.0,5.0,12
2338700,5.0,5.0,12
2338750,5.0,5.0,12
2338800,5.0,5.0,12
2338850,5.0,5.0,12
2338900,5.0,5.0,12
2338950,5.0,5.0,12
2339000,5.0,5.0,12
2339050,5.0,5.0,12
2339100,5.0,5.0,12
2339150,5.0,5.0,12
2339200,5.0,5.0,12
2339250,5.0,5.0,12
2339300,5.0,5.0,12
2339350,5.0,5.0,12
2339400,5.0,5.0,12
2339450,5.0,5.0,12
2339500,5.0,5.0,12
2339550,5.0,5.0,12
2339600,5.0,5.0,12
2339650,5.0,5.0,12
2339700,5.0,5.0,12
2339750,5.0,5.0,12
2339800,5.0,5.0,12
2339850,5.0,5.0,12
2339900,5.0,5.0,12
2339950,5.0,5.0,12
2340000,5.0,5.0,12
2340050,5.0,5.0,12
2340100,5.0,5.0,12
2340150,5.0,5.0,12
2340200,5.0,5.0,12
2340250,5.0,5.0,12
2340300,5.0,5.0,12
2340350,5.0,5.0,12
2340400,5.0,5.0,12
2340450,5.0,5.0,12
2340500,5.0,5.0,12
2340550,5.0,5.0,12
2340600,5.0,5.0,12
2340650,5.0,5.0,12
2340700,5.0,5.0,12
2340750,5.0,5.0,12
2340800,5.0,5.0,12
2340850,5.0,5.0,12
2340900,5.0,5.003,12
2340950,5.0,5.008,12
2341000,5.0,5.008,12
2341050,5.0,5.008,12
2341100,5.0,5.008,12
2341150,5.0,5.008,12
2341200,5.0,5.011,12
2341250,5.0,5.014,12
2341300,5.0,5.014,12
2341350,5.0,5.014,12
2341400,5.0,5.008,12
2341450,5.0,5.0,12
2341500,5.0,5.0,12
2341550,5.0,5.0,12
2341600,5.0,5.0,12
2341650,5.0,5.0,12
2341700,5.0,5.0,12
2341750,5.0,5.0,12
2341800,5.0,5.0,12
2341850,5.0,5.0,12
2341900,5.0,5.0,12
2341950,5.0,5.0,12
2342000,5.0,5.0,12
2342050,5.0,5.0,12
2342100,5.0,5.0,12
2342150,5.0,5.0,12
2342200,5.0,5.0,12
2342250,5.0,5.0,12
2342300,5.0,5.0,12
2342350,5.0,5.0,12
2342400,5.0,5.0,12
2342450,5.0,5.0,12
2342500,5.0,5.0,12
2342550,5.0,5.0,12
2342600,5.0,5.0,12
2342650,5.0,5.004,12
2342700,5.0,5.013,12
2342750,5.0,5.025,12
2342800,5.0,5.035,12
2342850,5.0,5.038,12
2342900,5.0,5.038,12
2342950,5.0,5.038,12
2343000,5.0,5.038,12
2343050,5.0,5.038,12
2343100,5.0,5.038,12
2343150,5.0,5.038,12
2343200,5.0,5.038,12
2343250,5.0,5.038,12
2343300,5.0,5.038,12
2343350,5.0,5.038,12
2343400,5.0,5.038,12
2343450,5.0,5.038,12
2343500,5.0,5.038,12
2343550,5.0,5.038,12
2343600,5.0,5.038,12
2343650,5.0,5.038,12
2343700,5.0,5.038,12
2343750,5.0,5.038,12
2343800,5.0,5.038,12
2343850,5.0,5.038,12
2343900,5.0,5.038,12
2343950,5.0,5.038,12
2344000,5.0,5.038,12
2344050,5.0,5.038,12
2344100,5.0,5.038,12
2344150,5.0,5.038,12
2344200,5.0,5.038,12
2344250,5.0,5.038,12
2344300,5.0,5.038,12
2344350,5.0,5.038,12
2344400,5.0,5.038,12
2344450,5.0,5.038,12
2344500,5.0,5.038,12
2344550,5.0,5.038,12
2344600,5.0,5.038,12
2344650,5.0,5.038,12
2344700,5.0,5.038,12
2344750,5.0,5.038,12
2344800,5.0,5.038,12
2344850,5.0,5.038,12
2344900,5.0,5.038,12
2344950,5.0,5.038,12
2345000,5.0,5.038,12
2345050,5.0,5.038,12
2345100,5.0,5.038,12
2345150,5.0,5.038,12
2345200,5.0,5.038,12
2345250,5.0,5.038,12
2345300,5.0,5.038,12
2345350,5.0,5.038,12
2345400,5.0,5.038,12
2345450,5.0,5.04,12
2345500,5.0,5.043,12
2345550,5.0,5.048,12
2345600,5.0,5.054,12
2345650,5.0,5.054,12
2345700,5.0,5.054,12
2345750,5.0,5.054,12
2345800,5.0,5.054,12
2345850,5.0,5.054,12
2345900,5.0,5.054,12
2345950,5.0,5.054,12
2346000,5.0,5.054,12
2346050,5.0,5.055,12
2346100,5.0,5.056,12
2346150,5.0,5.056,12
2346200,5.0,5.059,12
2346250,5.0,5.065,12
2346300,5.0,5.065,12
2346350,5.0,5.065,12
2346400,5.0,5.065,12
2346450,5.0,5.065,12
2346500,5.0,5.065,12
2346550,5.0,5.065,12
2346600,5.0,5.065,12
2346650,5.0,5.066,12
2346700,5.0,5.068,12
2346750,5.0,5.071,12
2346800,5.0,5.071,12
2346850,5.0,5.071,12
2346900,5.0,5.071,12
2346950,5.0,5.071,12
2347000,5.0,5.072,12
2347050,5.0,5.073,12
2347100,5.0,5.073,12
2347150,5.0,5.073,12
2347200,5.0,5.073,12
2347250,5.0,5.073,12
2347300,5.0,5.074,12
2347350,5.0,5.076,12
2347400,5.0,5.081,12
2347450,5.0,5.096,12
2347500,5.0,5.108,12
2347550,5.0,5.108,12
2347600,5.0,5.108,12
2347650,5.0,5.108,12
2347700,5.0,5.108,12
2347750,5.0,5.108,12
2347800,5.0,5.108,12
2347850,5.0,5.108,12
2347900,5.0,5.108,12
2347950,5.0,5.108,12
2348000,5.0,5.108,12
2348050,5.0,5.108,12
2348100,5.0,5.108,12
2348150,5.0,5.108,12
2348200,5.0,5.108,12
2348250,5.0,5.077,12
2348300,5.0,5.02,12
2348350,5.0,5.0,12
2348400,5.0,5.0,12
2348450,5.0,5.0,12
2348500,5.0,5.0,12
2348550,5.0,5.0,12
2348600,5.0,5.0,12
2348650,5.0,5.0,12
2348700,5.0,5.0,12
2348750,5.0,5.0,12
2348800,5.0,5.0,12
2348850,5.0,5.0,12
2348900,5.0,5.0,12
2348950,5.0,5.0,12
2349000,5.0,5.0,12
2349050,5.0,5.0,12
2349100,5.0,5.0,12
2349150,5.0,5.0,12
2349200,5.0,5.0,12
2349250,5.0,5.0,12
2349300,5.0,5.0,12
2349350,5.0,5.0,12
2349400,5.0,5.0,12
2349450,5.0,5.0,12
2349500,5.0,5.0,12
2349550,5.0,5.0,12
2349600,5.0,5.0,12
2349650,5.0,5.0,12
2349700,5.0,5.0,12
2349750,5.0,5.0,12
2349800,5.0,5.0,12
2349850,5.0,5.0,12
2349900,5.0,5.0,12
2349950,5.0,5.0,12
2350000,5.0,5.0,12
2350050,5.0,5.0,12
2350100,5.0,5.0,12
2350150,5.0,5.0,12
2350200,5.0,5.0,12
2350250,5.0,5.0,12
2350300,5.0,5.0,12
2350350,5.0,5.0,12
2350400,5.0,5.0,12
2350450,5.0,5.0,12
2350500,5.0,5.0,12
2350550,5.0,5.0,12
2350600,5.0,5.0,12
2350650,5.0,5.0,12
2350700,5.0,5.0,12
2350750,5.0,5.0,12
2350800,5.0,5.0,12
2350850,5.0,5.0,12
2350900,5.0,5.0,12
2350950,5.0,5.0,12
2351000,5.0,5.0,12
2351050,5.0,5.0,12
2351100,5.0,5.0,12
2351150,5.0,5.0,12
2351200,5.0,5.0,12
2351250,5.0,5.0,12
2351300,5.0,5.0,12
2351350,5.0,5.0,12
2351400,5.0,5.0,12
2351450,5.0,5.0,12
2351500,5.0,5.0,12
2351550,5.0,5.0,12
2351600,5.0,5.0,12
2351650,5.0,5.0,12
2351700,5.0,5.0,12
2351750,5.0,5.0,12
2351800,5.0,5.0,12
2351850,5.0,5.0,12
2351900,5.0,5.0,12
2351950,5.0,5.0,12
2352000,5.0,5.0,12
2352050,5.0,5.0,12
2352100,5.0,5.0,12
2352150,5.0,5.0,12
2352200,5.0,5.0,12
2352250,5.0,5.0,12
2352300,5.0,5.0,12
2352350,5.0,5.0,12
2352400,5.0,5.0,12
2352450,5.0,5.0,12
2352500,5.0,5.0,12
2352550,5.0,5.0,12
2352600,5.0,5.0,12
2352650,5.0,5.0,12
2352700,5.0,5.0,12
2352750,5.0,5.0,12
2352800,5.0,5.0,12
2352850,5.0,5.0,12
2352900,5.0,5.0,12
2352950,5.0,5.0,12
2353000,5.0,5.0,12
2353050,5.0,5.0,12
2353100,5.0,5.0,12
2353150,5.0,5.0,12
2353200,5.0,5.0,12
2353250,5.0,5.0,12
2353300,5.0,5.0,12
2353350,5.0,5.0,12
2353400,5.0,5.0,12
2353450,5.0,5.0,12
2353500,5.0,5.0,12
2353550,5.0,5.0,12
2353600,5.0,5.0,12
2353650,5.0,5.0,12
2353700,5.0,5.0,12
2353750,5.0,5.0,12
2353800,5.0,5.0,12
2353850,5.0,5.0,12
2353900,5.0,5.0,12
2353950,5.0,5.0,12
2354000,5.0,5.0,12
2354050,5.0,5.0,12
2354100,5.0,5.0,12
2354150,5.0,5.0,12
2354200,5.0,5.0,12
2354250,5.0,5.0,12
2354300,5.0,5.0,12
2354350,5.0,5.0,12
2354400,5.0,5.0,12
2354450,5.0,5.0,12
2354500,5.0,5.0,12
2354550,5.0,5.0,12
2354600,5.0,5.0,12
2354650,5.0,5.0,12
2354700,5.0,5.0,12
2354750,5.0,5.0,12
2354800,5.0,5.0,12
2354850,5.0,5.0,12
2354900,5.0,5.0,12
2354950,5.0,5.0,12
2355000,5.0,5.0,12
2355050,5.0,5.0,12
2355100,5.0,5.0,12
2355150,5.0,5.0,12
2355200,5.0,5.0,12
2355250,5.0,5.0,12
2355300,5.0,5.0,12
2355350,5.0,5.0,12
2355400,5.0,5.0,12
2355450,5.0,5.0,12
2355500,5.0,5.0,12
2355550,5.0,5.0,12
2355600,5.0,5.0,12
2355650,5.0,5.0,12
2355700,5.0,5.0,12
2355750,5.0,5.0,12
2355800,5.0,5.0,12
2355850,5.0,5.0,12
2355900,5.0,5.0,12
2355950,5.0,5.0,12
2356000,5.0,5.0,12
2356050,5.0,5.0,12
2356100,5.0,5.0,12
2356150,5.0,5.0,12
2356200,5.0,5.0,12
2356250,5.0,5.0,12
2356300,5.0,5.0,12
2356350,5.0,5.0,12
2356400,5.0,5.0,12
2356450,5.0,5.0,12
2356500,5.0,5.0,12
2356550,5.0,5.0,12
2356600,5.0,5.0,12
2356650,5.0,5.0,12
2356700,5.0,5.0,12
2356750,5.0,5.0,12
2356800,5.0,5.0,12
2356850,5.0,5.0,12
2356900,5.0,5.0,12
2356950,5.0,5.0,12
2357000,5.0,5.0,12
2357050,5.0,5.0,12
2357100,5.0,5.0,12
2357150,5.0,5.0,12
2357200,5.0,5.0,12
2357250,5.0,5.0,12
2357300,5.0,5.0,12
2357350,5.0,5.0,12
2357400,5.0,5.0,12
2357450,5.0,5.0,12
2357500,5.0,5.0,12
2357550,5.0,5.0,12
2357600,5.0,5.0,12
2357650,5.0,5.0,12
2357700,5.0,5.0,12
2357750,5.0,5.0,12
2357800,5.0,5.0,12
2357850,5.0,5.0,12
2357900,5.0,5.0,12
2357950,5.0,5.0,12
2358000,5.0,5.0,12
2358050,5.0,5.0,12
2358100,5.0,5.0,12
2358150,5.0,5.0,12
2358200,5.0,5.0,12
2358250,5.0,5.0,12
2358300,5.0,5.0,12
2358350,5.0,5.0,12
2358400,5.0,5.0,12
2358450,5.0,5.0,12
2358500,5.0,5.0,12
2358550,5.0,5.0,12
2358600,5.0,5.0,12
2358650,5.0,5.0,12
2358700,5.0,5.0,12
2358750,5.0,5.0,12
2358800,5.0,5.0,12
2358850,5.0,5.0,12
2358900,5.0,5.0,12
2358950,5.0,5.0,12
2359000,5.0,5.0,12
2359050,5.0,5.0,12
2359100,5.0,5.0,12
2359150,5.0,5.0,12
2359200,5.0,5.0,12
2359250,5.0,5.0,12
2359300,5.0,5.0,12
2359350,5.0,5.0,12
2359400,5.0,5.0,12
2359450,5.0,5.0,12
2359500,5.0,5.0,12
2359550,5.0,5.0,12
2359600,5.0,5.0,12
2359650,5.0,5.0,12
2359700,5.0,5.0,12
2359750,5.0,5.0,12
2359800,5.0,5.0,12
2359850,5.0,5.0,12
2359900,5.0,5.0,12
2359950,5.0,5.0,12
2360000,5.0,5.0,12
2360050,5.0,5.0,12
2360100,5.0,5.0,12
2360150,5.0,5.0,12
2360200,5.0,5.0,12
2360250,5.0,5.0,12
2360300,5.0,5.0,12
2360350,5.0,5.0,12
2360400,5.0,5.0,12
2360450,5.0,5.0,12
2360500,5.0,5.0,12
2360550,5.0,5.0,12
2360600,5.0,5.0,12
2360650,5.0,5.0,12
2360700,5.0,5.0,12
2360750,5.0,5.0,12
2360800,5.0,5.0,12
2360850,5.0,5.0,12
2360900,5.0,5.0,12
2360950,5.0,5.0,12
2361000,5.0,5.0,12
2361050,5.0,5.0,12
2361100,5.0,5.0,12
2361150,5.0,5.0,12
2361200,5.0,5.0,12
2361250,5.0,5.0,12
2361300,5.0,5.0,12
2361350,5.0,5.0,12
2361400,5.0,5.0,12
2361450,5.0,5.0,12
2361500,5.0,5.0,12
2361550,5.0,5.0,12
2361600,5.0,5.0,12
2361650,5.0,5.0,12
2361700,5.0,5.0,12
2361750,5.0,5.0,12
2361800,5.0,5.0,12
2361850,5.0,5.0,12
2361900,5.0,5.0,12
2361950,5.0,5.0,12
2362000,5.0,5.0,12
2362050,5.0,5.0,12
2362100,5.0,5.0,12
2362150,5.0,5.0,12
2362200,5.0,5.0,12
2362250,5.0,5.0,12
2362300,5.0,5.0,12
2362350,5.0,5.0,12
2362400,5.0,5.0,12
2362450,5.0,5.0,12
2362500,5.0,5.0,12
2362550,5.0,5.0,12
2362600,5.0,5.0,12
2362650,5.0,5.0,12
2362700,5.0,5.0,12
2362750,5.0,5.0,12
2362800,5.0,5.0,12
2362850,5.0,5.0,12
2362900,5.0,5.0,12
2362950,5.0,5.0,12
2363000,5.0,5.0,12
2363050,5.0,5.0,12
2363100,5.0,5.0,12
2363150,5.0,5.0,12
2363200,5.0,5.0,12
2363250,5.0,5.0,12
2363300,5.0,5.0,12
2363350,5.0,5.0,12
2363400,5.0,5.0,12
2363450,5.0,5.0,12
2363500,5.0,5.0,12
2363550,5.0,5.0,12
2363600,5.0,5.0,12
2363650,5.0,5.0,12
2363700,5.0,5.0,12
2363750,5.0,5.0,12
2363800,5.0,5.0,12
2363850,5.0,5.0,12
2363900,5.0,5.0,12
2363950,5.0,5.0,12
2364000,5.0,5.0,12
2364050,5.0,5.0,12
2364100,5.0,5.0,12
2364150,5.0,5.0,12
2364200,5.0,5.0,12
2364250,5.0,5.0,12
2364300,5.0,5.0,12
2364350,5.0,5.0,12
2364400,5.0,5.0,12
2364450,5.0,5.0,12
2364500,5.0,5.0,12
2364550,5.0,5.0,12
2364600,5.0,5.0,12
2364650,5.0,5.0,12
2364700,5.0,5.0,12
2364750,5.0,5.0,12
2364800,5.0,5.0,12
2364850,5.0,5.0,12
2364900,5.0,5.0,12
2364950,5.0,5.0,12
2365000,5.0,5.0,12
2365050,5.0,5.0,12
2365100,5.0,5.0,12
2365150,5.0,5.0,12
2365200,5.0,5.0,12
2365250,5.0,5.0,12
2365300,5.0,5.0,12
2365350,5.0,5.0,12
2365400,5.0,5.0,12
2365450,5.0,5.0,12
2365500,5.0,5.0,12
2365550,5.0,5.0,12
2365600,5.0,5.0,12
2365650,5.0,5.0,12
2365700,5.0,5.0,12
2365750,5.0,5.0,12
2365800,5.0,5.0,12
2365850,5.0,5.0,12
2365900,5.0,5.0,12
2365950,5.0,5.0,12
2366000,5.0,5.0,12
2366050,5.0,5.0,12
2366100,5.0,5.0,12
2366150,5.0,5.0,12
2366200,5.0,5.0,12
2366250,5.0,5.0,12
2366300,5.0,5.0,12
2366350,5.0,5.0,12
2366400,5.0,5.0,12
2366450,5.0,5.0,12
2366500,5.0,5.0,12
2366550,5.0,5.0,12
2366600,5.0,5.0,12
2366650,5.0,5.0,12
2366700,5.0,5.0,12
2366750,5.0,5.0,12
2366800,5.0,5.0,12
2366850,5.0,5.0,12
2366900,5.0,5.0,12
2366950,5.0,5.0,12
2367000,5.0,5.0,12
2367050,5.0,5.0,12
2367100,5.0,5.0,12
2367150,5.0,5.0,12
2367200,5.0,5.0,12
2367250,5.0,5.0,12
2367300,5.0,5.0,12
2367350,5.0,5.0,12
2367400,5.0,5.0,12
2367450,5.0,5.0,12
2367500,5.0,5.0,12
2367550,5.0,5.0,12
2367600,5.0,5.0,12
2367650,5.0,5.0,12
2367700,5.0,5.0,12
2367750,5.0,5.0,12
2367800,5.0,5.0,12
2367850,5.0,5.0,12
2367900,5.0,5.0,12
2367950,5.0,5.0,12
2368000,5.0,5.0,12
2368050,5.0,5.0,12
2368100,5.0,5.0,12
2368150,5.0,5.0,12
2368200,5.0,5.0,12
2368250,5.0,5.0,12
2368300,5.0,5.0,12
2368350,5.0,5.0,12
2368400,5.0,5.0,12
2368450,5.0,5.0,12
2368500,5.0,5.0,12
2368550,5.0,5.0,12
2368600,5.0,5.0,12
2368650,5.0,5.0,12
2368700,5.0,5.0,12
2368750,5.0,5.0,12
2368800,5.0,5.0,12
2368850,5.0,5.0,12
2368900,5.0,5.0,12
2368950,5.0,5.0,12
2369000,5.0,5.0,12
2369050,5.0,5.0,12
2369100,5.0,5.0,12
2369150,5.0,5.0,12
2369200,5.0,5.0,12
2369250,5.0,5.0,12
2369300,5.0,5.0,12
2369350,5.0,5.0,12
2369400,5.0,5.0,12
2369450,5.0,5.0,12
2369500,5.0,5.0,12
2369550,5.0,5.0,12
2369600,5.0,5.0,12
2369650,5.0,5.0,12
2369700,5.0,5.0,12
2369750,5.0,5.0,12
2369800,5.0,5.0,12
2369850,5.0,5.0,12
2369900,5.0,5.0,12
2369950,5.0,5.0,12
2370000,5.0,5.0,12
2370050,5.0,5.0,12
2370100,5.0,5.0,12
2370150,5.0,5.0,12
2370200,5.0,5.0,12
2370250,5.0,5.0,12
2370300,5.0,5.0,12
2370350,5.0,5.0,12
2370400,5.0,5.0,12
2370450,5.0,5.0,12
2370500,5.0,5.0,12
2370550,5.0,5.0,12
2370600,5.0,5.0,12
2370650,5.0,5.0,12
2370700,5.0,5.0,12
2370750,5.0,5.0,12
2370800,5.0,5.0,12
2370850,5.0,5.0,12
2370900,5.0,5.0,12
2370950,5.0,5.0,12
2371000,5.0,5.0,12
2371050,5.0,5.0,12
2371100,5.0,5.0,12
2371150,5.0,5.0,12
2371200,5.0,5.0,12
2371250,5.0,5.0,12
2371300,5.0,5.0,12
2371350,5.0,5.0,12
2371400,5.0,5.0,12
2371450,5.0,5.0,12
2371500,5.0,5.0,12
2371550,5.0,5.0,12
2371600,5.0,5.0,12
2371650,5.0,5.0,12
2371700,5.0,5.0,12
2371750,5.0,5.0,12
2371800,5.0,5.0,12
2371850,5.0,5.0,12
2371900,5.0,5.0,12
2371950,5.0,5.0,12
2372000,5.0,5.0,12
2372050,5.0,5.0,12
2372100,5.0,5.0,12
2372150,5.0,5.0,12
2372200,5.0,5.0,12
2372250,5.0,5.0,12
2372300,5.0,5.0,12
2372350,5.0,5.0,12
2372400,5.0,5.0,12
2372450,5.0,5.0,12
2372500,5.0,5.0,12
2372550,5.0,5.0,12
2372600,5.0,5.0,12
2372650,5.0,5.0,12
2372700,5.0,5.0,12
2372750,5.0,5.0,12
2372800,5.0,5.0,12
2372850,5.0,5.0,12
2372900,5.0,5.0,12
2372950,5.0,5.0,12
2373000,5.0,5.0,12
2373050,5.0,5.0,12
2373100,5.0,5.0,12
2373150,5.0,5.0,12
2373200,5.0,5.0,12
2373250,5.0,5.0,12
2373300,5.0,5.0,12
2373350,5.0,5.0,12
2373400,5.0,5.0,12
2373450,5.0,5.0,12
2373500,5.0,5.0,12
2373550,5.0,5.0,12
2373600,5.0,5.0,12
2373650,5.0,5.0,12
2373700,5.0,5.0,12
2373750,5.0,5.0,12
2373800,5.0,5.0,12
2373850,5.0,5.0,12
2373900,5.0,5.0,12
2373950,5.0,5.0,12
2374000,5.0,5.0,12
2374050,5.0,5.0,12
2374100,5.0,5.0,12
2374150,5.0,5.0,12
2374200,5.0,5.0,12
2374250,5.0,5.0,12
2374300,5.0,5.0,12
2374350,5.0,5.0,12
2374400,5.0,5.0,12
2374450,5.0,5.0,12
2374500,5.0,5.0,12
2374550,5.0,5.0,12
2374600,5.0,5.0,12
2374650,5.0,5.0,12
2374700,5.0,5.0,12
2374750,5.0,5.0,12
2374800,5.0,5.0,12
2374850,5.0,5.0,12
2374900,5.0,5.0,12
2374950,5.0,5.0,12
2375000,5.0,5.0,12
2375050,5.0,5.0,12
2375100,5.0,5.0,12
2375150,5.0,5.0,12
2375200,5.0,5.0,12
2375250,5.0,5.0,12
2375300,5.0,5.0,12
2375350,5.0,5.0,12
2375400,5.0,5.0,12
2375450,5.0,5.0,12
2375500,5.0,5.0,12
2375550,5.0,5.0,12
2375600,5.0,5.0,12
2375650,5.0,5.0,12
2375700,5.0,5.0,12
2375750,5.0,5.0,12
2375800,5.0,5.0,12
2375850,5.0,5.0,12
2375900,5.0,5.0,12
2375950,5.0,5.0,12
2376000,5.0,5.0,12
2376050,5.0,5.0,12
2376100,5.0,5.0,12
2376150,5.0,5.0,12
2376200,5.0,5.0,12
2376250,5.0,5.0,12
2376300,5.0,5.0,12
2376350,5.0,5.0,12
2376400,5.0,5.0,12
2376450,5.0,5.0,12
2376500,5.0,5.0,12
2376550,5.0,5.0,12
2376600,5.0,5.0,12
2376650,5.0,5.0,12
2376700,5.0,5.0,12
2376750,5.0,5.0,12
2376800,5.0,5.0,12
2376850,5.0,5.0,12
2376900,5.0,5.0,12
2376950,5.0,5.0,12
2377000,5.0,5.0,12
2377050,5.0,5.0,12
2377100,5.0,5.0,12
2377150,5.0,5.0,12
2377200,5.0,5.0,12
2377250,5.0,5.0,12
2377300,5.0,5.0,12
2377350,5.0,5.0,12
2377400,5.0,5.0,12
2377450,5.0,5.0,12
2377500,5.0,5.0,12
2377550,5.0,5.0,12
2377600,5.0,5.0,12
2377650,5.0,5.0,12
2377700,5.0,5.0,12
2377750,5.0,5.0,12
2377800,5.0,5.0,12
2377850,5.0,5.0,12
2377900,5.0,5.0,12
2377950,5.0,5.0,12
2378000,5.0,5.0,12
2378050,5.0,5.0,12
2378100,5.0,5.0,12
2378150,5.0,5.0,12
2378200,5.0,5.0,12
2378250,5.0,5.0,12
2378300,5.0,5.0,12
2378350,5.0,5.0,12
2378400,5.0,5.0,12
2378450,5.0,5.0,12
2378500,5.0,5.0,12
2378550,5.0,5.0,12
2378600,5.0,5.0,12
2378650,5.0,5.0,12
2378700,5.0,5.0,12
2378750,5.0,5.0,12
2378800,5.0,5.0,12
2378850,5.0,5.0,12
2378900,5.0,5.0,12
2378950,5.0,5.0,12
2379000,5.0,5.0,12
2379050,5.0,5.0,12
2379100,5.0,5.0,12
2379150,5.0,5.0,12
2379200,5.0,5.0,12
2379250,5.0,5.0,12
2379300,5.0,5.0,12
2379350,5.0,5.0,12
2379400,5.0,5.0,12
2379450,5.0,5.0,12
2379500,5.0,5.0,12
2379550,5.0,5.0,12
2379600,5.0,5.0,12
2379650,5.0,5.0,12
2379700,5.0,5.0,12
2379750,5.0,5.0,12
2379800,5.0,5.0,12
2379850,5.0,5.0,12
2379900,5.0,5.0,12
2379950,5.0,5.0,12
2380000,5.0,5.0,12
2380050,5.0,5.0,12
2380100,5.0,5.0,12
2380150,5.0,5.0,12
2380200,5.0,5.0,12
2380250,5.0,5.0,12
2380300,5.0,5.0,12
2380350,5.0,5.0,12
2380400,5.0,5.0,12
2380450,5.0,5.0,12
2380500,5.0,5.0,12
2380550,5.0,5.0,12
2380600,5.0,5.0,12
2380650,5.0,5.0,12
2380700,5.0,5.0,12
2380750,5.0,5.0,12
2380800,5.0,5.0,12
2380850,5.0,5.0,12
2380900,5.0,5.0,12
2380950,5.0,5.0,12
2381000,5.0,5.0,12
2381050,5.0,5.0,12
2381100,5.0,5.0,12
2381150,5.0,5.0,12
2381200,5.0,5.0,12
2381250,5.0,5.0,12
2381300,5.0,5.0,12
2381350,5.0,5.0,12
2381400,5.0,5.0,12
2381450,5.0,5.0,12
2381500,5.0,5.0,12
2381550,5.0,5.0,12
2381600,5.0,5.0,12
2381650,5.0,5.0,12
2381700,5.0,5.0,12
2381750,5.0,5.0,12
2381800,5.0,5.0,12
2381850,5.0,5.0,12
2381900,5.0,5.0,12
2381950,5.0,5.0,12
2382000,5.0,5.0,12
2382050,5.0,5.0,12
2382100,5.0,5.0,12
2382150,5.0,5.0,12
2382200,5.0,5.0,12
2382250,5.0,5.0,12
2382300,5.0,5.0,12
2382350,5.0,5.0,12
2382400,5.0,5.0,12
2382450,5.0,5.0,12
2382500,5.0,5.0,12
2382550,5.0,5.0,12
2382600,5.0,5.0,12
2382650,5.0,5.0,12
2382700,5.0,5.0,12
2382750,5.0,5.0,12
2382800,5.0,5.0,12
2382850,5.0,5.0,12
2382900,5.0,5.0,12
2382950,5.0,5.0,12
2383000,5.0,5.0,12
2383050,5.0,5.0,12
2383100,5.0,5.0,12
2383150,5.0,5.0,12
2383200,5.0,5.0,12
2383250,5.0,5.0,12
2383300,5.0,5.0,12
2383350,5.0,5.0,12
2383400,5.0,5.0,12
2383450,5.0,5.0,12
2383500,5.0,5.0,12
2383550,5.0,5.0,12
2383600,5.0,5.0,12
2383650,5.0,5.0,12
2383700,5.0,5.0,12
2383750,5.0,5.0,12
2383800,5.0,5.0,12
2383850,5.0,5.0,12
2383900,5.0,5.0,12
2383950,5.0,5.0,12
2384000,5.0,5.0,12
2384050,5.0,5.0,12
2384100,5.0,5.0,12
2384150,5.0,5.0,12
2384200,5.0,5.0,12
2384250,5.0,5.0,12
2384300,5.0,5.0,12
2384350,5.0,5.0,12
2384400,5.0,5.0,12
2384450,5.0,5.0,12
2384500,5.0,5.0,12
2384550,5.0,5.0,12
2384600,5.0,5.0,12
2384650,5.0,5.0,12
2384700,5.0,5.0,12
2384750,5.0,5.0,12
2384800,5.0,5.0,12
2384850,5.0,5.0,12
2384900,5.0,5.0,12
2384950,5.0,5.0,12
2385000,5.0,5.0,12
2385050,5.0,5.0,12
2385100,5.0,5.0,12
2385150,5.0,5.0,12
2385200,5.0,5.0,12
2385250,5.0,5.0,12
2385300,5.0,5.0,12
2385350,5.0,5.0,12
2385400,5.0,5.0,12
2385450,5.0,5.0,12
2385500,5.0,5.0,12
2385550,5.0,5.0,12
2385600,5.0,5.0,12
2385650,5.0,5.0,12
2385700,5.0,5.0,12
2385750,5.0,5.0,12
2385800,5.0,5.0,12
2385850,5.0,5.0,12
2385900,5.0,5.0,12
2385950,5.0,5.0,12
2386000,5.0,5.0,12
2386050,5.0,5.0,12
2386100,5.0,5.0,12
2386150,5.0,5.0,12
2386200,5.0,5.0,12
2386250,5.0,5.0,12
2386300,5.0,5.0,12
2386350,5.0,5.0,12
2386400,5.0,5.0,12
2386450,5.0,5.0,12
2386500,5.0,5.0,12
2386550,5.0,5.0,12
2386600,5.0,5.0,12
2386650,5.0,5.0,12
2386700,5.0,5.0,12
2386750,5.0,5.0,12
2386800,5.0,5.0,12
2386850,5.0,5.0,12
2386900,5.0,5.0,12
2386950,5.0,5.0,12
2387000,5.0,5.0,12
2387050,5.0,5.0,12
2387100,5.0,5.0,12
2387150,5.0,5.0,12
2387200,5.0,5.0,12
2387250,5.0,5.0,12
2387300,5.0,5.0,12
2387350,5.0,5.0,12
2387400,5.0,5.0,12
2387450,5.0,5.0,12
2387500,5.0,5.0,12
2387550,5.0,5.0,12
2387600,5.0,5.0,12
2387650,5.0,5.0,12
2387700,5.0,5.0,12
2387750,5.0,5.0,12
2387800,5.0,5.0,12
2387850,5.0,5.0,12
2387900,5.0,5.0,12
2387950,5.0,5.0,12
2388000,5.0,5.0,12
2388050,5.0,5.0,12
2388100,5.0,5.0,12
2388150,5.0,5.0,12
2388200,5.0,5.0,12
2388250,5.0,5.0,12
2388300,5.0,5.0,12
2388350,5.0,5.0,12
2388400,5.0,5.0,12
2388450,5.0,5.0,12
2388500,5.0,5.0,12
2388550,5.0,5.0,12
2388600,5.0,5.0,12
2388650,5.0,5.0,12
2388700,5.0,5.0,12
2388750,5.0,5.0,12
2388800,5.0,5.0,12
2388850,5.0,5.0,12
2388900,5.0,5.0,12
2388950,5.0,5.0,12
2389000,5.0,5.0,12
2389050,5.0,5.0,12
2389100,5.0,5.0,12
2389150,5.0,5.0,12
2389200,5.0,5.0,12
2389250,5.0,5.0,12
2389300,5.0,5.0,12
2389350,5.0,5.0,12
2389400,5.0,5.0,12
2389450,5.0,5.0,12
2389500,5.0,5.0,12
2389550,5.0,5.0,12
2389600,5.0,5.0,12
2389650,5.0,5.0,12
2389700,5.0,5.0,12
2389750,5.0,5.0,12
2389800,5.0,5.0,12
2389850,5.0,5.0,12
2389900,5.0,5.0,12
2389950,5.0,5.0,12
2390000,5.0,5.0,12
2390050,5.0,5.0,12
2390100,5.0,5.0,12
2390150,5.0,5.0,12
2390200,5.0,5.0,12
2390250,5.0,5.0,12
2390300,5.0,5.0,12
2390350,5.0,5.0,12
2390400,5.0,5.0,12
2390450,5.0,5.0,12
2390500,5.0,5.0,12
2390550,5.0,5.0,12
2390600,5.0,5.0,12
2390650,5.0,5.0,12
2390700,5.0,5.0,12
2390750,5.0,5.0,12
2390800,5.0,5.0,12
2390850,5.0,5.0,12
2390900,5.0,5.0,12
2390950,5.0,5.0,12
2391000,5.0,5.0,12
2391050,5.0,5.0,12
2391100,5.0,5.0,12
2391150,5.0,5.0,12
2391200,5.0,5.0,12
2391250,5.0,5.0,12
2391300,5.0,5.0,12
2391350,5.0,5.0,12
2391400,5.0,5.0,12
2391450,5.0,5.0,12
2391500,5.0,5.0,12
2391550,5.0,5.0,12
2391600,5.0,5.0,12
2391650,5.0,5.0,12
2391700,5.0,5.0,12
2391750,5.0,5.0,12
2391800,5.0,5.0,12
2391850,5.0,5.0,12
2391900,5.0,5.0,12
2391950,5.0,5.0,12
2392000,5.0,5.0,12
2392050,5.0,5.0,12
2392100,5.0,5.0,12
2392150,5.0,5.0,12
2392200,5.0,5.0,12
2392250,5.0,5.0,12
2392300,5.0,5.0,12
2392350,5.0,5.0,12
2392400,5.0,5.0,12
2392450,5.0,5.0,12
2392500,5.0,5.0,12
2392550,5.0,5.0,12
2392600,5.0,5.0,12
2392650,5.0,5.0,12
2392700,5.0,5.0,12
2392750,5.0,5.0,12
2392800,5.0,5.0,12
2392850,5.0,5.0,12
2392900,5.0,5.0,12
2392950,5.0,5.0,12
2393000,5.0,5.0,12
2393050,5.0,5.0,12
2393100,5.0,5.0,12
2393150,5.0,5.0,12
2393200,5.0,5.0,12
2393250,5.0,5.0,12
2393300,5.0,5.0,12
2393350,5.0,5.0,12
2393400,5.0,5.0,12
2393450,5.0,5.0,12
2393500,5.0,5.0,12
2393550,5.0,5.0,12
2393600,5.0,5.0,12
2393650,5.0,5.0,12
2393700,5.0,5.0,12
2393750,5.0,5.0,12
2393800,5.0,5.0,12
2393850,5.0,5.0,12
2393900,5.0,5.0,12
2393950,5.0,5.0,12
2394000,5.0,5.0,12
2394050,5.0,5.0,12
2394100,5.0,5.0,12
2394150,5.0,5.0,12
2394200,5.0,5.0,12
2394250,5.0,5.0,12
2394300,5.0,5.0,12
2394350,5.0,5.0,12
2394400,5.0,5.0,12
2394450,5.0,5.0,12
2394500,5.0,5.0,12
2394550,5.0,5.0,12
2394600,5.0,5.0,12
2394650,5.0,5.0,12
2394700,5.0,5.0,12
2394750,5.0,5.0,12
2394800,5.0,5.0,12
2394850,5.0,5.0,12
2394900,5.0,5.0,12
2394950,5.0,5.0,12
2395000,5.0,5.0,12
2395050,5.0,5.0,12
2395100,5.0,5.0,12
2395150,5.0,5.0,12
2395200,5.0,5.0,12
2395250,5.0,5.0,12
2395300,5.0,5.0,12
2395350,5.0,5.0,12
2395400,5.0,5.0,12
2395450,5.0,5.0,12
2395500,5.0,5.0,12
2395550,5.0,5.0,12
2395600,5.0,5.0,12
2395650,5.0,5.0,12
2395700,5.0,5.0,12
2395750,5.0,5.0,12
2395800,5.0,5.0,12
2395850,5.0,5.0,12
2395900,5.0,5.0,12
2395950,5.0,5.0,12
2396000,5.0,5.0,12
2396050,5.0,5.0,12
2396100,5.0,5.0,12
2396150,5.0,5.0,12
2396200,5.0,5.0,12
2396250,5.0,5.0,12
2396300,5.0,5.0,12
2396350,5.0,5.0,12
2396400,5.0,5.0,12
2396450,5.0,5.0,12
2396500,5.0,5.0,12
2396550,5.0,5.0,12
2396600,5.0,5.0,12
2396650,5.0,5.0,12
2396700,5.0,5.0,12
2396750,5.0,5.0,12
2396800,5.0,5.0,12
2396850,5.0,5.0,12
2396900,5.0,5.0,12
2396950,5.0,5.0,12
2397000,5.0,5.0,12
2397050,5.0,5.0,12
2397100,5.0,5.0,12
2397150,5.0,5.0,12
2397200,5.0,5.0,12
2397250,5.0,5.0,12
2397300,5.0,5.0,12
2397350,5.0,5.0,12
2397400,5.0,5.0,12
2397450,5.0,5.0,12
2397500,5.0,5.0,12
2397550,5.0,5.0,12
2397600,5.0,5.0,12
2397650,5.0,5.0,12
2397700,5.0,5.0,12
2397750,5.0,5.0,12
2397800,5.0,5.0,12
2397850,5.0,5.0,12
2397900,5.0,5.0,12
2397950,5.0,5.0,12
2398000,5.0,5.0,12
2398050,5.0,5.0,12
2398100,5.0,5.0,12
2398150,5.0,5.0,12
2398200,5.0,5.0,12
2398250,5.0,5.0,12
2398300,5.0,5.0,12
2398350,5.0,5.0,12
2398400,5.0,5.0,12
2398450,5.0,5.0,12
2398500,5.0,5.0,12
2398550,5.0,5.0,12
2398600,5.0,5.0,12
2398650,5.0,5.0,12
2398700,5.0,5.0,12
2398750,5.0,5.0,12
2398800,5.0,5.0,12
2398850,5.0,5.0,12
2398900,5.0,5.0,12
2398950,5.0,5.0,12
2399000,5.0,5.0,12
2399050,5.0,5.0,12
2399100,5.0,5.0,12
2399150,5.0,5.0,12
2399200,5.0,5.0,12
2399250,5.0,5.0,12
2399300,5.0,5.0,12
2399350,5.0,5.0,12
2399400,5.0,5.0,12
2399450,5.0,5.0,12
2399500,5.0,5.0,12
2399550,5.0,5.0,12
2399600,5.0,5.0,12
2399650,5.0,5.0,12
2399700,5.0,5.0,12
2399750,5.0,5.0,12
2399800,5.0,5.0,12
2399850,5.0,5.0,12
2399900,5.0,5.0,12
2399950,5.0,5.0,12
2400000,5.0,5.0,12
2400050,5.0,5.0,12
2400100,5.0,5.0,12
2400150,5.0,5.0,12
2400200,5.0,5.0,12
2400250,5.0,5.0,12
2400300,5.0,5.0,12
2400350,5.0,5.0,12
2400400,5.0,5.0,12
2400450,5.0,5.0,12
2400500,5.0,5.0,12
2400550,5.0,5.0,12
2400600,5.0,5.0,12
2400650,5.0,5.0,12
2400700,5.0,5.0,12
2400750,5.0,5.0,12
2400800,5.0,5.0,12
2400850,5.0,5.0,12
2400900,5.0,5.0,12
2400950,5.0,5.0,12
2401000,5.0,5.0,12
2401050,5.0,5.0,12
2401100,5.0,5.0,12
2401150,5.0,5.0,12
2401200,5.0,5.0,12
2401250,5.0,5.0,12
2401300,5.0,5.0,12
2401350,5.0,5.0,12
2401400,5.0,5.0,12
2401450,5.0,5.0,12
2401500,5.0,5.0,12
2401550,5.0,5.0,12
2401600,5.0,5.0,12
2401650,5.0,5.0,12
2401700,5.0,5.0,12
2401750,5.0,5.0,12
2401800,5.0,5.0,12
2401850,5.0,5.0,12
2401900,5.0,5.0,12
2401950,5.0,5.0,12
2402000,5.0,5.0,12
2402050,5.0,5.0,12
2402100,5.0,5.0,12
2402150,5.0,5.0,12
2402200,5.0,5.0,12
2402250,5.0,5.0,12
2402300,5.0,5.0,12
2402350,5.0,5.0,12
2402400,5.0,5.0,12
2402450,5.0,5.0,12
2402500,5.0,5.0,12
2402550,5.0,5.0,12
2402600,5.0,5.0,12
2402650,5.0,5.0,12
2402700,5.0,5.0,12
2402750,5.0,5.0,12
2402800,5.0,5.0,12
2402850,5.0,5.0,12
2402900,5.0,5.0,12
2402950,5.0,5.0,12
2403000,5.0,5.0,12
2403050,5.0,5.0,12
2403100,5.0,5.0,12
2403150,5.0,5.0,12
2403200,5.0,5.0,12
2403250,5.0,5.0,12
2403300,5.0,5.0,12
2403350,5.0,5.0,12
2403400,5.0,5.0,12
2403450,5.0,5.0,12
2403500,5.0,5.0,12
2403550,5.0,5.0,12
2403600,5.0,5.0,12
2403650,5.0,5.0,12
2403700,5.0,5.0,12
2403750,5.0,5.0,12
2403800,5.0,5.0,12
2403850,5.0,5.0,12
2403900,5.0,5.0,12
2403950,5.0,5.0,12
2404000,5.0,5.0,12
2404050,5.0,5.0,12
2404100,5.0,5.0,12
2404150,5.0,5.0,12
2404200,5.0,5.0,12
2404250,5.0,5.0,12
2404300,5.0,5.0,12
2404350,5.0,5.0,12
2404400,5.0,5.0,12
2404450,5.0,5.0,12
2404500,5.0,5.0,12
2404550,5.0,5.0,12
2404600,5.0,5.0,12
2404650,5.0,5.0,12
2404700,5.0,5.0,12
2404750,5.0,5.0,12
2404800,5.0,5.0,12
2404850,5.0,5.0,12
2404900,5.0,5.0,12
2404950,5.0,5.0,12
2405000,5.0,5.0,12
2405050,5.0,5.0,12
2405100,5.0,5.0,12
2405150,5.0,5.0,12
2405200,5.0,5.0,12
2405250,5.0,5.0,12
2405300,5.0,5.0,12
2405350,5.0,5.0,12
2405400,5.0,5.0,12
2405450,5.0,5.0,12
2405500,5.0,5.0,12
2405550,5.0,5.0,12
2405600,5.0,5.0,12
2405650,5.0,5.0,12
2405700,5.0,5.0,12
2405750,5.0,5.0,12
2405800,5.0,5.0,12
2405850,5.0,5.0,12
2405900,5.0,5.0,12
2405950,5.0,5.0,12
2406000,5.0,5.0,12
2406050,5.0,5.0,12
2406100,5.0,5.0,12
2406150,5.0,5.0,12
2406200,5.0,5.0,12
2406250,5.0,5.0,12
2406300,5.0,5.0,12
2406350,5.0,5.0,12
2406400,5.0,5.0,12
2406450,5.0,5.0,12
2406500,5.0,5.0,12
2406550,5.0,5.0,12
2406600,5.0,5.0,12
2406650,5.0,5.0,12
2406700,5.0,5.0,12
2406750,5.0,5.0,12
2406800,5.0,5.0,12
2406850,5.0,5.0,12
2406900,5.0,5.0,12
2406950,5.0,5.0,12
2407000,5.0,5.0,12
2407050,5.0,5.0,12
2407100,5.0,5.0,12
2407150,5.0,5.0,12
2407200,5.0,5.0,12
2407250,5.0,5.0,12
2407300,5.0,5.0,12
2407350,5.0,5.0,12
2407400,5.0,5.0,12
2407450,5.0,5.0,12
2407500,5.0,5.0,12
2407550,5.0,5.0,12
2407600,5.0,5.0,12
2407650,5.0,5.0,12
2407700,5.0,5.0,12
2407750,5.0,5.0,12
2407800,5.0,5.0,12
2407850,5.0,5.0,12
2407900,5.0,5.0,12
2407950,5.0,5.0,12
2408000,5.0,5.0,12
2408050,5.0,5.0,12
2408100,5.0,5.0,12
2408150,5.0,5.0,12
2408200,5.0,5.0,12
2408250,5.0,5.0,12
2408300,5.0,5.0,12
2408350,5.0,5.0,12
2408400,5.0,5.0,12
2408450,5.0,5.0,12
2408500,5.0,5.0,12
2408550,5.0,5.0,12
2408600,5.0,5.0,12
2408650,5.0,5.0,12
2408700,5.0,5.0,12
2408750,5.0,5.0,12
2408800,5.0,5.0,12
2408850,5.0,5.0,12
2408900,5.0,5.0,12
2408950,5.0,5.0,12
2409000,5.0,5.0,12
2409050,5.0,5.0,12
2409100,5.0,5.0,12
2409150,5.0,5.0,12
2409200,5.0,5.0,12
2409250,5.0,5.0,12
2409300,5.0,5.0,12
2409350,5.0,5.0,12
2409400,5.0,5.0,12
2409450,5.0,5.0,12
2409500,5.0,5.0,12
2409550,5.0,5.0,12
2409600,5.0,5.0,12
2409650,5.0,5.0,12
2409700,5.0,5.0,12
2409750,5.0,5.0,12
2409800,5.0,5.0,12
2409850,5.0,5.0,12
2409900,5.0,5.0,12
2409950,5.0,5.0,12
2410000,5.0,5.0,12
2410050,5.0,5.0,12
2410100,5.0,5.0,12
2410150,5.0,5.0,12
2410200,5.0,5.0,12
2410250,5.0,5.0,12
2410300,5.0,5.0,12
2410350,5.0,5.0,12
2410400,5.0,5.0,12
2410450,5.0,5.0,12
2410500,5.0,5.0,12
2410550,5.0,5.0,12
2410600,5.0,5.0,12
2410650,5.0,5.0,12
2410700,5.0,5.0,12
2410750,5.0,5.0,12
2410800,5.0,5.0,12
2410850,5.0,5.0,12
2410900,5.0,5.0,12
2410950,5.0,5.0,12
2411000,5.0,5.0,12
2411050,5.0,5.0,12
2411100,5.0,5.0,12
2411150,5.0,5.0,12
2411200,5.0,5.0,12
2411250,5.0,5.0,12
2411300,5.0,5.0,12
2411350,5.0,5.0,12
2411400,5.0,5.0,12
2411450,5.0,5.0,12
2411500,5.0,5.0,12
2411550,5.0,5.0,12
2411600,5.0,5.0,12
2411650,5.0,5.0,12
2411700,5.0,5.0,12
2411750,5.0,5.0,12
2411800,5.0,5.0,12
2411850,5.0,5.0,12
2411900,5.0,5.0,12
2411950,5.0,5.0,12
2412000,5.0,5.0,12
2412050,5.0,5.0,12
2412100,5.0,5.0,12
2412150,5.0,5.0,12
2412200,5.0,5.0,12
2412250,5.0,5.0,12
2412300,5.0,5.0,12
2412350,5.0,5.0,12
2412400,5.0,5.0,12
2412450,5.0,5.0,12
2412500,5.0,5.0,12
2412550,5.0,5.0,12
2412600,5.0,5.0,12
2412650,5.0,5.0,12
2412700,5.0,5.0,12
2412750,5.0,5.0,12
2412800,5.0,5.0,12
2412850,5.0,5.0,12
2412900,5.0,5.0,12
2412950,5.0,5.0,12
2413000,5.0,5.0,12
2413050,5.0,5.0,12
2413100,5.0,5.0,12
2413150,5.0,5.0,12
2413200,5.0,5.0,12
2413250,5.0,5.0,12
2413300,5.0,5.0,12
2413350,5.0,5.0,12
2413400,5.0,5.0,12
2413450,5.0,5.0,12
2413500,5.0,5.0,12
2413550,5.0,5.0,12
2413600,5.0,5.0,12
2413650,5.0,5.0,12
2413700,5.0,5.0,12
2413750,5.0,5.0,12
2413800,5.0,5.0,12
2413850,5.0,5.0,12
2413900,5.0,5.0,12
2413950,5.0,5.0,12
2414000,5.0,5.0,12
2414050,5.0,5.0,12
2414100,5.0,5.0,12
2414150,5.0,5.0,12
2414200,5.0,5.0,12
2414250,5.0,5.0,12
2414300,5.0,5.0,12
2414350,5.0,5.0,12
2414400,5.0,5.0,12
2414450,5.0,5.0,12
2414500,5.0,5.0,12
2414550,5.0,5.0,12
2414600,5.0,5.0,12
2414650,5.0,5.0,12
2414700,5.0,5.0,12
2414750,5.0,5.0,12
2414800,5.0,5.0,12
2414850,5.0,5.0,12
2414900,5.0,5.0,12
2414950,5.0,5.0,12
2415000,5.0,5.0,12
2415050,5.0,5.0,12
2415100,5.0,5.0,12
2415150,5.0,5.0,12
2415200,5.0,5.0,12
2415250,5.0,5.0,12
2415300,5.0,5.0,12
2415350,5.0,5.0,12
2415400,5.0,5.0,12
2415450,5.0,5.0,12
2415500,5.0,5.0,12
2415550,5.0,5.0,12
2415600,5.0,5.0,12
2415650,5.0,5.0,12
2415700,5.0,5.0,12
2415750,5.0,5.0,12
2415800,5.0,5.0,12
2415850,5.0,5.0,12
2415900,5.0,5.0,12
2415950,5.0,5.0,12
2416000,5.0,5.0,12
2416050,5.0,5.0,12
2416100,5.0,5.0,12
2416150,5.0,5.0,12
2416200,5.0,5.0,12
2416250,5.0,5.0,12
2416300,5.0,5.0,12
2416350,5.0,5.0,12
2416400,5.0,5.0,12
2416450,5.0,5.0,12
2416500,5.0,5.0,12
2416550,5.0,5.0,12
2416600,5.0,5.0,12
2416650,5.0,5.0,12
2416700,5.0,5.0,12
2416750,5.0,5.0,12
2416800,5.0,5.0,12
2416850,5.0,5.0,12
2416900,5.0,5.0,12
2416950,5.0,5.0,12
2417000,5.0,5.0,12
2417050,5.0,5.0,12
2417100,5.0,5.0,12
2417150,5.0,5.0,12
2417200,5.0,5.0,12
2417250,5.0,5.0,12
2417300,5.0,5.0,12
2417350,5.0,5.0,12
2417400,5.0,5.0,12
2417450,5.0,5.0,12
2417500,5.0,5.0,12
2417550,5.0,5.0,12
2417600,5.0,5.0,12
2417650,5.0,5.0,12
2417700,5.0,5.0,12
2417750,5.0,5.0,12
2417800,5.0,5.0,12
2417850,5.0,5.0,12
2417900,5.0,5.0,12
2417950,5.0,5.0,12
2418000,5.0,5.0,12
2418050,5.0,5.0,12
2418100,5.0,5.0,12
2418150,5.0,5.0,12
2418200,5.0,5.0,12
2418250,5.0,5.0,12
2418300,5.0,5.0,12
2418350,5.0,5.0,12
2418400,5.0,5.0,12
2418450,5.0,5.0,12
2418500,5.0,5.0,12
2418550,5.0,5.0,12
2418600,5.0,5.0,12
2418650,5.0,5.0,12
2418700,5.0,5.0,12
2418750,5.0,5.0,12
2418800,5.0,5.0,12
2418850,5.0,5.0,12
2418900,5.0,5.0,12
2418950,5.0,5.0,12
2419000,5.0,5.0,12
2419050,5.0,5.0,12
2419100,5.0,5.0,12
2419150,5.0,5.0,12
2419200,5.0,5.0,12
2419250,5.0,5.0,12
2419300,5.0,5.0,12
2419350,5.0,5.0,12
2419400,5.0,5.0,12
2419450,5.0,5.0,12
2419500,5.0,5.0,12
2419550,5.0,5.0,12
2419600,5.0,5.0,12
2419650,5.0,5.0,12
2419700,5.0,5.0,12
2419750,5.0,5.0,12
2419800,5.0,5.0,12
2419850,5.0,5.0,12
2419900,5.0,5.0,12
2419950,5.0,5.0,12
2420000,5.0,5.0,12
2420050,5.0,5.0,12
2420100,5.0,5.0,12
2420150,5.0,5.0,12
2420200,5.0,5.0,12
2420250,5.0,5.0,12
2420300,5.0,5.0,12
2420350,5.0,5.0,12
2420400,5.0,5.0,12
2420450,5.0,5.0,12
2420500,5.0,5.0,12
2420550,5.0,5.0,12
2420600,5.0,5.0,12
2420650,5.0,5.0,12
2420700,5.0,5.0,12
2420750,5.0,5.0,12
2420800,5.0,5.0,12
2420850,5.0,5.0,12
2420900,5.0,5.0,12
2420950,5.0,5.0,12
2421000,5.0,5.0,12
2421050,5.0,5.0,12
2421100,5.0,5.0,12
2421150,5.0,5.0,12
2421200,5.0,5.0,12
2421250,5.0,5.0,12
2421300,5.0,5.0,12
2421350,5.0,5.0,12
2421400,5.0,5.0,12
2421450,5.0,5.0,12
2421500,5.0,5.0,12
2421550,5.0,5.0,12
2421600,5.0,5.0,12
2421650,5.0,5.0,12
2421700,5.0,5.0,12
2421750,5.0,5.0,12
2421800,5.0,5.0,12
2421850,5.0,5.0,12
2421900,5.0,5.0,12
2421950,5.0,5.0,12
2422000,5.0,5.0,12
2422050,5.0,5.0,12
2422100,5.0,5.0,12
2422150,5.0,5.0,12
2422200,5.0,5.0,12
2422250,5.0,5.0,12
2422300,5.0,5.0,12
2422350,5.0,5.0,12
2422400,5.0,5.0,12
2422450,5.0,5.0,12
2422500,5.0,5.0,12
2422550,5.0,5.0,12
2422600,5.0,5.0,12
2422650,5.0,5.0,12
2422700,5.0,5.0,12
2422750,5.0,5.0,12
2422800,5.0,5.0,12
2422850,5.0,5.0,12
2422900,5.0,5.0,12
2422950,5.0,5.0,12
2423000,5.0,5.0,12
2423050,5.0,5.0,12
2423100,5.0,5.0,12
2423150,5.0,5.0,12
2423200,5.0,5.0,12
2423250,5.0,5.0,12
2423300,5.0,5.0,12
2423350,5.0,5.0,12
2423400,5.0,5.0,12
2423450,5.0,5.0,12
2423500,5.0,5.0,12
2423550,5.0,5.0,12
2423600,5.0,5.0,12
2423650,5.0,5.0,12
2423700,5.0,5.0,12
2423750,5.0,5.0,12
2423800,5.0,5.0,12
2423850,5.0,5.0,12
2423900,5.0,5.0,12
2423950,5.0,5.0,12
2424000,5.0,5.0,12
2424050,5.0,5.0,12
2424100,5.0,5.0,12
2424150,5.0,5.0,12
2424200,5.0,5.0,12
2424250,5.0,5.0,12
2424300,5.0,5.0,12
2424350,5.0,5.0,12
2424400,5.0,5.0,12
2424450,5.0,5.0,12
2424500,5.0,5.0,12
2424550,5.0,5.0,12
2424600,5.0,5.0,12
2424650,5.0,5.0,12
2424700,5.0,5.0,12
2424750,5.0,5.0,12
2424800,5.0,5.0,12
2424850,5.0,5.0,12
2424900,5.0,5.0,12
2424950,5.0,5.0,12
2425000,5.0,5.0,12
2425050,5.0,5.0,12
2425100,5.0,5.0,12
2425150,5.0,5.0,12
2425200,5.0,5.0,12
2425250,5.0,5.0,12
2425300,5.0,5.0,12
2425350,5.0,5.0,12
2425400,5.0,5.0,12
2425450,5.0,5.0,12
2425500,5.0,5.0,12
2425550,5.0,5.0,12
2425600,5.0,5.0,12
2425650,5.0,5.0,12
2425700,5.0,5.0,12
2425750,5.0,5.0,12
2425800,5.0,5.0,12
2425850,5.0,5.0,12
2425900,5.0,5.0,12
2425950,5.0,5.0,12
2426000,5.0,5.0,12
2426050,5.0,5.0,12
2426100,5.0,5.0,12
2426150,5.0,5.0,12
2426200,5.0,5.0,12
2426250,5.0,5.0,12
2426300,5.0,5.0,12
2426350,5.0,5.0,12
2426400,5.0,5.0,12
2426450,5.0,5.0,12
2426500,5.0,5.0,12
2426550,5.0,5.0,12
2426600,5.0,5.0,12
2426650,5.0,5.0,12
2426700,5.0,5.0,12
2426750,5.0,5.0,12
2426800,5.0,5.0,12
2426850,5.0,5.0,12
2426900,5.0,5.0,12
2426950,5.0,5.0,12
2427000,5.0,5.0,12
2427050,5.0,5.0,12
2427100,5.0,5.0,12
2427150,5.0,5.0,12
2427200,5.0,5.0,12
2427250,5.0,5.0,12
2427300,5.0,5.0,12
2427350,5.0,5.0,12
2427400,5.0,5.0,12
2427450,5.0,5.0,12
2427500,5.0,5.0,12
2427550,5.0,5.0,12
2427600,5.0,5.0,12
2427650,5.0,5.0,12
2427700,5.0,5.0,12
2427750,5.0,5.0,12
2427800,5.0,5.0,12
2427850,5.0,5.0,12
2427900,5.0,5.0,12
2427950,5.0,5.0,12
2428000,5.0,5.0,12
2428050,5.0,5.0,12
2428100,5.0,5.0,12
2428150,5.0,5.0,12
2428200,5.0,5.0,12
2428250,5.0,5.0,12
2428300,5.0,5.0,12
2428350,5.0,5.0,12
2428400,5.0,5.0,12
2428450,5.0,5.0,12
2428500,5.0,5.0,12
2428550,5.0,5.0,12
2428600,5.0,5.0,12
2428650,5.0,5.0,12
2428700,5.0,5.0,12
2428750,5.0,5.0,12
2428800,5.0,5.0,12
2428850,5.0,5.0,12
2428900,5.0,5.0,12
2428950,5.0,5.0,12
2429000,5.0,5.0,12
2429050,5.0,5.0,12
2429100,5.0,5.0,12
2429150,5.0,5.0,12
2429200,5.0,5.0,12
2429250,5.0,5.0,12
2429300,5.0,5.0,12
2429350,5.0,5.0,12
2429400,5.0,5.0,12
2429450,5.0,5.0,12
2429500,5.0,5.0,12
2429550,5.0,5.0,12
2429600,5.0,5.0,12
2429650,5.0,5.0,12
2429700,5.0,5.0,12
2429750,5.0,5.0,12
2429800,5.0,5.0,12
2429850,5.0,5.0,12
2429900,5.0,5.0,12
2429950,5.0,5.0,12
2430000,5.0,5.0,12
2430050,5.0,5.0,12
2430100,5.0,5.0,12
2430150,5.0,5.0,12
2430200,5.0,5.0,12
2430250,5.0,5.0,12
2430300,5.0,5.0,12
2430350,5.0,5.0,12
2430400,5.0,5.0,12
2430450,5.0,5.0,12
2430500,5.0,5.0,12
2430550,5.0,5.0,12
2430600,5.0,5.001,12
2430650,5.0,5.014,12
2430700,5.0,5.036,12
2430750,5.0,5.043,12
2430800,5.0,5.044,12
2430850,5.0,5.047,12
2430900,5.0,5.05,12
2430950,5.0,5.05,12
2431000,5.0,5.05,12
2431050,5.0,5.05,12
2431100,5.0,5.05,12
2431150,5.0,5.05,12
2431200,5.0,5.05,12
2431250,5.0,5.05,12
2431300,5.0,5.05,12
2431350,5.0,5.05,12
2431400,5.0,5.05,12
2431450,5.0,5.05,12
2431500,5.0,5.05,12
2431550,5.0,5.05,12
2431600,5.0,5.05,12
2431650,5.0,5.04,12
2431700,5.0,5.015,12
2431750,5.0,5.0,12
2431800,5.0,5.0,12
2431850,5.0,5.0,12
2431900,5.0,5.0,12
2431950,5.0,5.0,12
2432000,5.0,5.0,12
2432050,5.0,5.0,12
2432100,5.0,5.0,12
2432150,5.0,5.0,12
2432200,5.0,5.0,12
2432250,5.0,5.0,12
2432300,5.0,5.0,12
2432350,5.0,5.0,12
2432400,5.0,5.0,12
2432450,5.0,5.0,12
2432500,5.0,5.0,12
2432550,5.0,5.0,12
2432600,5.0,5.0,12
2432650,5.0,5.0,12
2432700,5.0,5.0,12
2432750,5.0,5.0,12
2432800,5.0,5.0,12
2432850,5.0,5.0,12
2432900,5.0,5.0,12
2432950,5.0,5.0,12
2433000,5.0,5.0,12
2433050,5.0,5.0,12
2433100,5.0,5.0,12
2433150,5.0,5.0,12
2433200,5.0,5.0,12
2433250,5.0,5.0,12
2433300,5.0,5.0,12
2433350,5.0,5.0,12
2433400,5.0,5.0,12
2433450,5.0,5.0,12
2433500,5.0,5.0,12
2433550,5.0,5.0,12
2433600,5.0,5.0,12
2433650,5.0,5.0,12
2433700,5.0,5.0,12
2433750,5.0,5.0,12
2433800,5.0,5.0,12
2433850,5.0,5.0,12
2433900,5.0,5.0,12
2433950,5.0,5.0,12
2434000,5.0,5.0,12
2434050,5.0,5.0,12
2434100,5.0,5.0,12
2434150,5.0,5.0,12
2434200,5.0,5.0,12
2434250,5.0,5.0,12
2434300,5.0,5.0,12
2434350,5.0,5.0,12
2434400,5.0,5.0,12
2434450,5.0,5.0,12
2434500,5.0,5.0,12
2434550,5.0,5.0,12
2434600,5.0,5.0,12
2434650,5.0,5.0,12
2434700,5.0,5.0,12
2434750,5.0,5.0,12
2434800,5.0,5.0,12
2434850,5.0,5.0,12
2434900,5.0,5.0,12
2434950,5.0,5.0,12
2435000,5.0,5.0,12
2435050,5.0,5.0,12
2435100,5.0,5.0,12
2435150,5.0,5.0,12
2435200,5.0,5.0,12
2435250,5.0,5.0,12
2435300,5.0,5.0,12
2435350,5.0,5.0,12
2435400,5.0,5.0,12
2435450,5.0,5.0,12
2435500,5.0,5.0,12
2435550,5.0,5.0,12
2435600,5.0,5.0,12
2435650,5.0,5.0,12
2435700,5.0,5.0,12
2435750,5.0,5.0,12
2435800,5.0,5.0,12
2435850,5.0,5.0,12
2435900,5.0,5.0,12
2435950,5.0,5.0,12
2436000,5.0,5.0,12
2436050,5.0,5.0,12
2436100,5.0,5.0,12
2436150,5.0,5.0,12
2436200,5.0,5.0,12
2436250,5.0,5.0,12
2436300,5.0,5.0,12
2436350,5.0,5.0,12
2436400,5.0,5.0,12
2436450,5.0,5.0,12
2436500,5.0,5.0,12
2436550,5.0,5.0,12
2436600,5.0,5.0,12
2436650,5.0,5.0,12
2436700,5.0,5.0,12
2436750,5.0,5.0,12
2436800,5.0,5.0,12
2436850,5.0,5.0,12
2436900,5.0,5.0,12
2436950,5.0,5.0,12
2437000,5.0,5.0,12
2437050,5.0,5.0,12
2437100,5.0,5.0,12
2437150,5.0,5.0,12
2437200,5.0,5.0,12
2437250,5.0,5.0,12
2437300,5.0,5.0,12
2437350,5.0,5.0,12
2437400,5.0,5.0,12
2437450,5.0,5.0,12
2437500,5.0,5.0,12
2437550,5.0,5.0,12
2437600,5.0,5.0,12
2437650,5.0,5.0,12
2437700,5.0,5.0,12
2437750,5.0,5.0,12
2437800,5.0,5.0,12
2437850,5.0,5.0,12
2437900,5.0,5.0,12
2437950,5.0,5.0,12
2438000,5.0,5.0,12
2438050,5.0,5.0,12
2438100,5.0,5.0,12
2438150,5.0,5.0,12
2438200,5.0,5.0,12
2438250,5.0,5.0,12
2438300,5.0,5.0,12
2438350,5.0,5.0,12
2438400,5.0,5.0,12
2438450,5.0,5.0,12
2438500,5.0,5.0,12
2438550,5.0,5.0,12
2438600,5.0,5.0,12
2438650,5.0,5.0,12
2438700,5.0,5.0,12
2438750,5.0,5.0,12
2438800,5.0,5.0,12
2438850,5.0,5.0,12
2438900,5.0,5.0,12
2438950,5.0,5.0,12
2439000,5.0,5.0,12
2439050,5.0,5.0,12
2439100,5.0,5.0,12
2439150,5.0,5.0,12
2439200,5.0,5.0,12
2439250,5.0,5.0,12
2439300,5.0,5.0,12
2439350,5.0,5.0,12
2439400,5.0,5.0,12
2439450,5.0,5.0,12
2439500,5.0,5.0,12
2439550,5.0,5.0,12
2439600,5.0,5.0,12
2439650,5.0,5.0,12
2439700,5.0,5.0,12
2439750,5.0,5.0,12
2439800,5.0,5.0,12
2439850,5.0,5.0,12
2439900,5.0,5.0,12
2439950,5.0,5.0,12
2440000,5.0,5.0,12
2440050,5.0,5.0,12
2440100,5.0,5.0,12
2440150,5.0,5.0,12
2440200,5.0,5.0,12
2440250,5.0,5.0,12
2440300,5.0,5.0,12
2440350,5.0,5.0,12
2440400,5.0,5.0,12
2440450,5.0,5.0,12
2440500,5.0,5.0,12
2440550,5.0,5.0,12
2440600,5.0,5.0,12
2440650,5.0,5.0,12
2440700,5.0,5.0,12
2440750,5.0,5.0,12
2440800,5.0,5.0,12
2440850,5.0,5.0,12
2440900,5.0,5.0,12
2440950,5.0,5.0,12
2441000,5.0,5.0,12
2441050,5.0,5.0,12
2441100,5.0,5.0,12
2441150,5.0,5.0,12
2441200,5.0,5.0,12
2441250,5.0,5.0,12
2441300,5.0,5.0,12
2441350,5.0,5.0,12
2441400,5.0,5.0,12
2441450,5.0,5.0,12
2441500,5.0,5.0,12
2441550,5.0,5.0,12
2441600,5.0,5.0,12
2441650,5.0,5.0,12
2441700,5.0,5.0,12
2441750,5.0,5.0,12
2441800,5.0,5.0,12
2441850,5.0,5.0,12
2441900,5.0,5.0,12
2441950,5.0,5.0,12
2442000,5.0,5.0,12
2442050,5.0,5.0,12
2442100,5.0,5.0,12
2442150,5.0,5.0,12
2442200,5.0,5.0,12
2442250,5.0,5.0,12
2442300,5.0,5.0,12
2442350,5.0,5.0,12
2442400,5.0,5.0,12
2442450,5.0,5.0,12
2442500,5.0,5.0,12
2442550,5.0,5.0,12
2442600,5.0,5.0,12
2442650,5.0,5.0,12
2442700,5.0,5.0,12
2442750,5.0,5.0,12
2442800,5.0,5.0,12
2442850,5.0,5.0,12
2442900,5.0,5.0,12
2442950,5.0,5.0,12
2443000,5.0,5.0,12
2443050,5.0,5.0,12
2443100,5.0,5.0,12
2443150,5.0,5.0,12
2443200,5.0,5.0,12
2443250,5.0,5.0,12
2443300,5.0,5.0,12
2443350,5.0,5.0,12
2443400,5.0,5.0,12
2443450,5.0,5.0,12
2443500,5.0,5.0,12
2443550,5.0,5.0,12
2443600,5.0,5.0,12
2443650,5.0,5.0,12
2443700,5.0,5.0,12
2443750,5.0,5.0,12
2443800,5.0,5.0,12
2443850,5.0,5.0,12
2443900,5.0,5.0,12
2443950,5.0,5.0,12
2444000,5.0,5.0,12
2444050,5.0,5.0,12
2444100,5.0,5.0,12
2444150,5.0,5.0,12
2444200,5.0,5.0,12
2444250,5.0,5.0,12
2444300,5.0,5.0,12
2444350,5.0,5.0,12
2444400,5.0,5.0,12
2444450,5.0,5.0,12
2444500,5.0,5.0,12
2444550,5.0,5.0,12
2444600,5.0,5.0,12
2444650,5.0,5.0,12
2444700,5.0,5.0,12
2444750,5.0,5.0,12
2444800,5.0,5.0,12
2444850,5.0,5.0,12
2444900,5.0,5.0,12
2444950,5.0,5.0,12
2445000,5.0,5.0,12
2445050,5.0,5.0,12
2445100,5.0,5.0,12
2445150,5.0,5.0,12
2445200,5.0,5.0,12
2445250,5.0,5.0,12
2445300,5.0,5.0,12
2445350,5.0,5.0,12
2445400,5.0,5.0,12
2445450,5.0,5.0,12
2445500,5.0,5.0,12
2445550,5.0,5.0,12
2445600,5.0,5.0,12
2445650,5.0,5.0,12
2445700,5.0,5.0,12
2445750,5.0,5.0,12
2445800,5.0,5.0,12
2445850,5.0,5.0,12
2445900,5.0,5.0,12
2445950,5.0,5.0,12
2446000,5.0,5.0,12
2446050,5.0,5.0,12
2446100,5.0,5.0,12
2446150,5.0,5.0,12
2446200,5.0,5.0,12
2446250,5.0,5.0,12
2446300,5.0,5.0,12
2446350,5.0,5.0,12
2446400,5.0,5.0,12
2446450,5.0,5.0,12
2446500,5.0,5.0,12
2446550,5.0,5.0,12
2446600,5.0,5.0,12
2446650,5.0,5.0,12
2446700,5.0,5.0,12
2446750,5.0,5.0,12
2446800,5.0,5.0,12
2446850,5.0,5.0,12
2446900,5.0,5.0,12
2446950,5.0,5.0,12
2447000,5.0,5.0,12
2447050,5.0,5.0,12
2447100,5.0,5.0,12
2447150,5.0,5.0,12
2447200,5.0,5.0,12
2447250,5.0,5.0,12
2447300,5.0,5.0,12
2447350,5.0,5.0,12
2447400,5.0,5.0,12
2447450,5.0,5.0,12
2447500,5.0,5.0,12
2447550,5.0,5.0,12
2447600,5.0,5.0,12
2447650,5.0,5.0,12
2447700,5.0,5.0,12
2447750,5.0,5.0,12
2447800,5.0,5.0,12
2447850,5.0,5.0,12
2447900,5.0,5.0,12
2447950,5.0,5.0,12
2448000,5.0,5.0,12
2448050,5.0,5.0,12
2448100,5.0,5.0,12
2448150,5.0,5.0,12
2448200,5.0,5.0,12
2448250,5.0,5.0,12
2448300,5.0,5.0,12
2448350,5.0,5.0,12
2448400,5.0,5.0,12
2448450,5.0,5.0,12
2448500,5.0,5.0,12
2448550,5.0,5.0,12
2448600,5.0,5.0,12
2448650,5.0,5.0,12
2448700,5.0,5.0,12
2448750,5.0,5.0,12
2448800,5.0,5.0,12
2448850,5.0,5.0,12
2448900,5.0,5.0,12
2448950,5.0,5.0,12
2449000,5.0,5.0,12
2449050,5.0,5.0,12
2449100,5.0,5.0,12
2449150,5.0,5.0,12
2449200,5.0,5.0,12
2449250,5.0,5.0,12
2449300,5.0,5.0,12
2449350,5.0,5.0,12
2449400,5.0,5.0,12
2449450,5.0,5.0,12
2449500,5.0,5.0,12
2449550,5.0,5.0,12
2449600,5.0,5.0,12
2449650,5.0,5.0,12
2449700,5.0,5.0,12
2449750,5.0,5.0,12
2449800,5.0,5.0,12
2449850,5.0,5.0,12
2449900,5.0,5.0,12
2449950,5.0,5.0,12
2450000,5.0,5.0,12
2450050,5.0,5.0,12
2450100,5.0,5.0,12
2450150,5.0,5.0,12
2450200,5.0,5.0,12
2450250,5.0,5.0,12
2450300,5.0,5.0,12
2450350,5.0,5.0,12
2450400,5.0,5.0,12
2450450,5.0,5.0,12
2450500,5.0,5.0,12
2450550,5.0,5.0,12
2450600,5.0,5.0,12
2450650,5.0,5.0,12
2450700,5.0,5.0,12
2450750,5.0,5.0,12
2450800,5.0,5.0,12
2450850,5.0,5.0,12
2450900,5.0,5.0,12
2450950,5.0,5.0,12
2451000,5.0,5.0,12
2451050,5.0,5.0,12
2451100,5.0,5.0,12
2451150,5.0,5.0,12
2451200,5.0,5.0,12
2451250,5.0,5.0,12
2451300,5.0,5.0,12
2451350,5.0,5.0,12
2451400,5.0,5.0,12
2451450,5.0,5.0,12
2451500,5.0,5.0,12
2451550,5.0,5.0,12
