jstime,valence,arousal,video
0,5.0,5.0,10
50,5.0,5.0,10
100,5.0,5.0,10
150,5.0,5.0,10
200,5.0,5.0,10
250,5.0,5.0,10
300,5.0,5.0,10
350,5.0,5.0,10
400,5.0,5.0,10
450,5.0,5.0,10
500,5.0,5.0,10
550,5.0,5.0,10
600,5.0,5.0,10
650,5.0,5.0,10
700,5.0,5.0,10
750,5.0,5.0,10
800,5.0,5.0,10
850,5.0,5.0,10
900,5.0,5.0,10
950,5.0,5.0,10
1000,5.0,5.0,10
1050,5.0,5.0,10
1100,5.0,5.0,10
1150,5.0,5.0,10
1200,5.0,5.0,10
1250,5.0,5.0,10
1300,5.0,5.0,10
1350,5.0,5.0,10
1400,5.0,5.0,10
1450,5.0,5.0,10
1500,5.0,5.0,10
1550,5.0,5.0,10
1600,5.0,5.0,10
1650,5.0,5.0,10
1700,5.0,5.0,10
1750,5.0,5.0,10
1800,5.0,5.0,10
1850,5.0,5.0,10
1900,5.0,5.0,10
1950,5.0,5.0,10
2000,5.0,5.0,10
2050,5.0,5.0,10
2100,5.0,5.0,10
2150,5.0,5.0,10
2200,5.0,5.0,10
2250,5.0,5.0,10
2300,5.0,5.0,10
2350,5.0,5.0,10
2400,5.0,5.0,10
2450,5.0,5.0,10
2500,5.0,5.0,10
2550,5.0,5.0,10
2600,5.0,5.0,10
2650,5.0,5.0,10
2700,5.0,5.0,10
2750,5.0,5.0,10
2800,5.0,5.0,10
2850,5.0,5.0,10
2900,5.0,5.0,10
2950,5.0,5.0,10
3000,5.0,5.0,10
3050,5.0,5.0,10
3100,5.0,5.0,10
3150,5.0,5.0,10
3200,5.0,5.0,10
3250,5.0,5.0,10
3300,5.0,5.0,10
3350,5.0,5.0,10
3400,5.0,5.0,10
3450,5.0,5.0,10
3500,5.0,5.0,10
3550,5.0,5.0,10
3600,5.0,5.0,10
3650,5.0,5.0,10
3700,5.0,5.0,10
3750,5.0,5.0,10
3800,5.0,5.0,10
3850,5.0,5.0,10
3900,5.0,5.0,10
3950,5.0,5.0,10
4000,5.0,5.0,10
4050,5.0,5.0,10
4100,5.0,5.0,10
4150,5.0,5.0,10
4200,5.0,5.0,10
4250,5.0,5.0,10
4300,5.0,5.0,10
4350,5.0,5.0,10
4400,5.0,5.0,10
4450,5.0,5.0,10
4500,5.0,5.0,10
4550,5.0,5.0,10
4600,5.0,5.0,10
4650,5.0,5.0,10
4700,5.0,5.0,10
4750,5.0,5.0,10
4800,5.0,5.0,10
4850,5.0,5.0,10
4900,5.0,5.0,10
4950,5.0,5.0,10
5000,5.0,5.0,10
5050,5.0,5.0,10
5100,5.0,5.0,10
5150,5.0,5.0,10
5200,5.0,5.0,10
5250,5.0,5.0,10
5300,5.0,5.0,10
5350,5.0,5.0,10
5400,5.0,5.0,10
5450,5.0,5.0,10
5500,5.0,5.0,10
5550,5.0,5.0,10
5600,5.0,5.0,10
5650,5.0,5.0,10
5700,5.0,5.0,10
5750,5.0,5.0,10
5800,5.0,5.0,10
5850,5.0,5.0,10
5900,5.0,5.0,10
5950,5.0,5.0,10
6000,5.0,5.0,10
6050,5.0,5.0,10
6100,5.0,5.0,10
6150,5.0,5.0,10
6200,5.0,5.0,10
6250,5.0,5.0,10
6300,5.0,5.0,10
6350,5.0,5.0,10
6400,5.0,5.0,10
6450,5.0,5.0,10
6500,5.0,5.0,10
6550,5.0,5.0,10
6600,5.0,5.0,10
6650,5.0,5.0,10
6700,5.0,5.0,10
6750,5.0,5.0,10
6800,5.0,5.0,10
6850,5.0,5.0,10
6900,5.0,5.0,10
6950,5.0,5.0,10
7000,5.0,5.0,10
7050,5.0,5.0,10
7100,5.0,5.0,10
7150,5.0,5.0,10
7200,5.0,5.0,10
7250,5.0,5.0,10
7300,5.0,5.0,10
7350,5.0,5.0,10
7400,5.0,5.0,10
7450,5.0,5.0,10
7500,5.0,5.0,10
7550,5.0,5.0,10
7600,5.0,5.0,10
7650,5.0,5.0,10
7700,5.0,5.0,10
7750,5.0,5.0,10
7800,5.0,5.0,10
7850,5.0,5.0,10
7900,5.0,5.0,10
7950,5.0,5.0,10
8000,5.0,5.0,10
8050,5.0,5.0,10
8100,5.0,5.0,10
8150,5.0,5.0,10
8200,5.0,5.0,10
8250,5.0,5.0,10
8300,5.0,5.0,10
8350,5.0,5.0,10
8400,5.0,5.0,10
8450,5.0,5.0,10
8500,5.0,5.0,10
8550,5.0,5.0,10
8600,5.0,5.0,10
8650,5.0,5.0,10
8700,5.0,5.0,10
8750,5.0,5.0,10
8800,5.0,5.0,10
8850,5.0,5.0,10
8900,5.0,5.0,10
8950,5.0,5.0,10
9000,5.0,5.0,10
9050,5.0,5.0,10
9100,5.0,5.0,10
9150,5.0,5.0,10
9200,5.0,5.0,10
9250,5.0,5.0,10
9300,5.0,5.0,10
9350,5.0,5.0,10
9400,5.0,5.0,10
9450,5.0,5.0,10
9500,5.0,5.0,10
9550,5.0,5.0,10
9600,5.0,5.0,10
9650,5.0,5.0,10
9700,5.0,5.0,10
9750,5.0,5.0,10
9800,5.0,5.0,10
9850,5.0,5.0,10
9900,5.0,5.0,10
9950,5.0,5.0,10
10000,5.0,5.0,10
10050,5.0,5.0,10
10100,5.0,5.0,10
10150,5.0,5.0,10
10200,5.0,5.0,10
10250,5.0,5.0,10
10300,5.0,5.0,10
10350,5.0,5.0,10
10400,5.0,5.0,10
10450,5.0,5.0,10
10500,5.0,5.0,10
10550,5.0,5.0,10
10600,5.0,5.0,10
10650,5.0,5.0,10
10700,5.0,5.0,10
10750,5.0,5.0,10
10800,5.0,5.0,10
10850,5.0,5.0,10
10900,5.0,5.0,10
10950,5.0,5.0,10
11000,5.0,5.0,10
11050,5.0,5.0,10
11100,5.0,5.0,10
11150,5.0,5.0,10
11200,5.0,5.0,10
11250,5.0,5.0,10
11300,5.0,5.0,10
11350,5.0,5.0,10
11400,5.0,5.0,10
11450,5.0,5.0,10
11500,5.0,5.0,10
11550,5.0,5.0,10
11600,5.0,5.0,10
11650,5.0,5.0,10
11700,5.0,5.0,10
11750,5.0,5.0,10
11800,5.0,5.0,10
11850,5.0,5.0,10
11900,5.0,5.0,10
11950,5.0,5.0,10
12000,5.0,5.0,10
12050,5.0,5.0,10
12100,5.0,5.0,10
12150,5.0,5.0,10
12200,5.0,5.0,10
12250,5.0,5.0,10
12300,5.0,5.0,10
12350,5.0,5.0,10
12400,5.0,5.0,10
12450,5.0,5.0,10
12500,5.0,5.0,10
12550,5.0,5.0,10
12600,5.0,5.0,10
12650,5.0,5.0,10
12700,5.0,5.0,10
12750,5.0,5.0,10
12800,5.0,5.0,10
12850,5.0,5.0,10
12900,5.0,5.0,10
12950,5.0,5.0,10
13000,5.0,5.0,10
13050,5.0,5.0,10
13100,5.0,5.0,10
13150,5.0,5.0,10
13200,5.0,5.0,10
13250,5.0,5.0,10
13300,5.0,5.0,10
13350,5.0,5.0,10
13400,5.0,5.0,10
13450,5.0,5.0,10
13500,5.0,5.0,10
13550,5.0,5.0,10
13600,5.0,5.0,10
13650,5.0,5.0,10
13700,5.0,5.0,10
13750,5.0,5.0,10
13800,5.0,5.0,10
13850,5.0,5.0,10
13900,5.0,5.0,10
13950,5.0,5.0,10
14000,5.0,5.0,10
14050,5.0,5.0,10
14100,5.0,5.0,10
14150,5.0,5.0,10
14200,5.0,5.0,10
14250,5.0,5.0,10
14300,5.0,5.0,10
14350,5.0,5.0,10
14400,5.0,5.0,10
14450,5.0,5.0,10
14500,5.0,5.0,10
14550,5.0,5.0,10
14600,5.0,5.0,10
14650,5.0,5.0,10
14700,5.0,5.0,10
14750,5.0,5.0,10
14800,5.0,5.0,10
14850,5.0,5.0,10
14900,5.0,5.0,10
14950,5.0,5.0,10
15000,5.0,5.0,10
15050,5.0,5.0,10
15100,5.0,5.0,10
15150,5.0,5.0,10
15200,5.0,5.0,10
15250,5.0,5.0,10
15300,5.0,5.0,10
15350,5.0,5.0,10
15400,5.0,5.0,10
15450,5.0,5.0,10
15500,5.0,5.0,10
15550,5.0,5.0,10
15600,5.0,5.0,10
15650,5.0,5.0,10
15700,5.0,5.0,10
15750,5.0,5.0,10
15800,5.0,5.0,10
15850,5.0,5.0,10
15900,5.0,5.0,10
15950,5.0,5.0,10
16000,5.0,5.0,10
16050,5.0,5.0,10
16100,5.0,5.0,10
16150,5.0,5.0,10
16200,5.0,5.0,10
16250,5.0,5.0,10
16300,5.0,5.0,10
16350,5.0,5.0,10
16400,5.0,5.0,10
16450,5.0,5.0,10
16500,5.0,5.0,10
16550,5.0,5.0,10
16600,5.0,5.0,10
16650,5.0,5.0,10
16700,5.0,5.0,10
16750,5.0,5.0,10
16800,5.0,5.0,10
16850,5.0,5.0,10
16900,5.0,5.0,10
16950,5.0,5.0,10
17000,5.0,5.0,10
17050,5.0,5.0,10
17100,5.0,5.0,10
17150,5.0,5.0,10
17200,5.0,5.0,10
17250,5.0,5.0,10
17300,5.0,5.0,10
17350,5.0,5.0,10
17400,5.0,5.0,10
17450,5.0,5.0,10
17500,5.0,5.0,10
17550,5.0,5.0,10
17600,5.0,5.0,10
17650,5.0,5.0,10
17700,5.0,5.0,10
17750,5.0,5.0,10
17800,5.0,5.0,10
17850,5.0,5.0,10
17900,5.0,5.0,10
17950,5.0,5.0,10
18000,5.0,5.0,10
18050,5.0,5.0,10
18100,5.0,5.0,10
18150,5.0,5.0,10
18200,5.0,5.0,10
18250,5.0,5.0,10
18300,5.0,5.0,10
18350,5.0,5.0,10
18400,5.0,5.0,10
18450,5.0,5.0,10
18500,5.0,5.0,10
18550,5.0,5.0,10
18600,5.0,5.0,10
18650,5.0,5.0,10
18700,5.0,5.0,10
18750,5.0,5.0,10
18800,5.0,5.0,10
18850,5.0,5.0,10
18900,5.0,5.0,10
18950,5.0,5.0,10
19000,5.0,5.0,10
19050,5.0,5.0,10
19100,5.0,5.0,10
19150,5.0,5.0,10
19200,5.0,5.0,10
19250,5.0,5.0,10
19300,5.0,5.0,10
19350,5.0,5.0,10
19400,5.0,5.0,10
19450,5.0,5.0,10
19500,5.0,5.0,10
19550,5.0,5.0,10
19600,5.0,5.0,10
19650,5.0,5.0,10
19700,5.0,5.0,10
19750,5.0,5.0,10
19800,5.0,5.0,10
19850,5.0,5.0,10
19900,5.0,5.0,10
19950,5.0,5.0,10
20000,5.0,5.0,10
20050,5.0,5.0,10
20100,5.0,5.0,10
20150,5.0,5.0,10
20200,5.0,5.0,10
20250,5.0,5.0,10
20300,5.0,5.0,10
20350,5.0,5.0,10
20400,5.0,5.0,10
20450,5.0,5.0,10
20500,5.0,5.0,10
20550,5.0,5.0,10
20600,5.0,5.0,10
20650,5.0,5.0,10
20700,5.0,5.0,10
20750,5.0,5.0,10
20800,5.0,5.0,10
20850,5.0,5.0,10
20900,5.0,5.0,10
20950,5.0,5.0,10
21000,5.0,5.0,10
21050,5.0,5.0,10
21100,5.0,5.0,10
21150,5.0,5.0,10
21200,5.0,5.0,10
21250,5.0,5.0,10
21300,5.0,5.0,10
21350,5.0,5.0,10
21400,5.0,5.0,10
21450,5.0,5.0,10
21500,5.0,5.0,10
21550,5.0,5.0,10
21600,5.0,5.0,10
21650,5.0,5.0,10
21700,5.0,5.0,10
21750,5.0,5.0,10
21800,5.0,5.0,10
21850,5.0,5.0,10
21900,5.0,5.0,10
21950,5.0,5.0,10
22000,5.0,5.0,10
22050,5.0,5.0,10
22100,5.0,5.0,10
22150,5.0,5.0,10
22200,5.0,5.0,10
22250,5.0,5.0,10
22300,5.0,5.0,10
22350,5.0,5.0,10
22400,5.0,5.0,10
22450,5.0,5.0,10
22500,5.0,5.0,10
22550,5.0,5.0,10
22600,5.0,5.0,10
22650,5.0,5.0,10
22700,5.0,5.0,10
22750,5.0,5.0,10
22800,5.0,5.0,10
22850,5.0,5.0,10
22900,5.0,5.0,10
22950,5.0,5.0,10
23000,5.0,5.0,10
23050,5.0,5.0,10
23100,5.0,5.0,10
23150,5.0,5.0,10
23200,5.0,5.0,10
23250,5.0,5.0,10
23300,5.0,5.0,10
23350,5.0,5.0,10
23400,5.0,5.0,10
23450,5.0,5.0,10
23500,5.0,5.0,10
23550,5.0,5.0,10
23600,5.0,5.0,10
23650,5.0,5.0,10
23700,5.0,5.0,10
23750,5.0,5.0,10
23800,5.0,5.0,10
23850,5.0,5.0,10
23900,5.0,5.0,10
23950,5.0,5.0,10
24000,5.0,5.0,10
24050,5.0,5.0,10
24100,5.0,5.0,10
24150,5.0,5.0,10
24200,5.0,5.0,10
24250,5.0,5.0,10
24300,5.0,5.0,10
24350,5.0,5.0,10
24400,5.0,5.0,10
24450,5.0,5.0,10
24500,5.0,5.0,10
24550,5.0,5.0,10
24600,5.0,5.0,10
24650,5.0,5.0,10
24700,5.0,5.0,10
24750,5.0,5.0,10
24800,5.0,5.0,10
24850,5.0,5.0,10
24900,5.0,5.0,10
24950,5.0,5.0,10
25000,5.0,5.0,10
25050,5.0,5.0,10
25100,5.0,5.0,10
25150,5.0,5.0,10
25200,5.0,5.0,10
25250,5.0,5.0,10
25300,5.0,5.0,10
25350,5.0,5.0,10
25400,5.0,5.0,10
25450,5.0,5.0,10
25500,5.0,5.0,10
25550,5.0,5.0,10
25600,5.0,5.0,10
25650,5.0,5.0,10
25700,5.0,5.0,10
25750,5.0,5.0,10
25800,5.0,5.0,10
25850,5.0,5.0,10
25900,5.0,5.0,10
25950,5.0,5.0,10
26000,5.0,5.0,10
26050,5.0,5.0,10
26100,5.0,5.0,10
26150,5.0,5.0,10
26200,5.0,5.0,10
26250,5.0,5.0,10
26300,5.0,5.0,10
26350,5.0,5.0,10
26400,5.0,5.0,10
26450,5.0,5.0,10
26500,5.0,5.0,10
26550,5.0,5.0,10
26600,5.0,5.0,10
26650,5.0,5.0,10
26700,5.0,5.0,10
26750,5.0,5.0,10
26800,5.0,5.0,10
26850,5.0,5.0,10
26900,5.0,5.0,10
26950,5.0,5.0,10
27000,5.0,5.0,10
27050,5.0,5.0,10
27100,5.0,5.0,10
27150,5.0,5.0,10
27200,5.0,5.0,10
27250,5.0,5.0,10
27300,5.002,5.0,10
27350,5.002,5.0,10
27400,5.004,5.0,10
27450,5.023,5.0,10
27500,5.026,5.0,10
27550,5.031,5.0,10
27600,5.047,5.0,10
27650,5.048,5.0,10
27700,5.065,5.0,10
27750,5.065,5.0,10
27800,5.065,5.0,10
27850,5.065,5.0,10
27900,5.066,5.0,10
27950,5.069,5.0,10
28000,5.07,5.0,10
28050,5.081,5.0,10
28100,5.083,5.0,10
28150,5.09,5.0,10
28200,5.091,5.0,10
28250,5.1,5.0,10
28300,5.101,5.0,10
28350,5.107,5.0,10
28400,5.111,5.0,10
28450,5.12,5.0,10
28500,5.12,5.0,10
28550,5.12,5.0,10
28600,5.12,5.0,10
28650,5.12,5.0,10
28700,5.127,5.0,10
28750,5.133,5.0,10
28800,5.148,5.0,10
28850,5.149,5.0,10
28900,5.151,5.0,10
28950,5.157,5.0,10
29000,5.157,5.0,10
29050,5.159,5.0,10
29100,5.168,5.0,10
29150,5.168,5.0,10
29200,5.176,5.0,10
29250,5.185,5.0,10
29300,5.197,5.0,10
29350,5.197,5.0,10
29400,5.198,5.0,10
29450,5.205,5.0,10
29500,5.208,5.0,10
29550,5.21,5.0,10
29600,5.214,5.0,10
29650,5.214,5.0,10
29700,5.214,5.0,10
29750,5.219,5.0,10
29800,5.223,5.0,10
29850,5.226,5.0,10
29900,5.226,5.0,10
29950,5.228,5.0,10
30000,5.235,5.0,10
30050,5.235,5.0,10
30100,5.235,5.0,10
30150,5.235,5.0,10
30200,5.235,5.0,10
30250,5.24,5.0,10
30300,5.24,5.0,10
30350,5.24,5.0,10
30400,5.241,5.0,10
30450,5.244,5.0,10
30500,5.246,5.0,10
30550,5.252,5.0,10
30600,5.258,5.0,10
30650,5.259,5.0,10
30700,5.264,5.0,10
30750,5.264,5.0,10
30800,5.265,5.0,10
30850,5.281,4.996,10
30900,5.287,4.937,10
30950,5.29,4.937,10
31000,5.292,4.937,10
31050,5.298,4.937,10
31100,5.309,4.937,10
31150,5.316,4.937,10
31200,5.323,4.937,10
31250,5.324,4.937,10
31300,5.328,4.937,10
31350,5.328,4.937,10
31400,5.328,4.937,10
31450,5.331,4.937,10
31500,5.338,4.937,10
31550,5.341,4.937,10
31600,5.345,4.937,10
31650,5.349,4.937,10
31700,5.355,4.937,10
31750,5.367,4.937,10
31800,5.378,4.937,10
31850,5.384,4.937,10
31900,5.394,4.937,10
31950,5.4,4.937,10
32000,5.409,4.937,10
32050,5.415,4.937,10
32100,5.423,4.937,10
32150,5.428,4.937,10
32200,5.429,4.937,10
32250,5.435,4.937,10
32300,5.44,4.937,10
32350,5.445,4.937,10
32400,5.45,4.937,10
32450,5.455,4.937,10
32500,5.461,4.937,10
32550,5.469,4.937,10
32600,5.476,4.937,10
32650,5.488,4.937,10
32700,5.501,4.937,10
32750,5.516,4.937,10
32800,5.528,4.937,10
32850,5.541,4.937,10
32900,5.544,4.936,10
32950,5.552,4.927,10
33000,5.558,4.926,10
33050,5.558,4.908,10
33100,5.561,4.899,10
33150,5.567,4.893,10
33200,5.568,4.887,10
33250,5.57,4.874,10
33300,5.579,4.863,10
33350,5.588,4.855,10
33400,5.592,4.842,10
33450,5.599,4.836,10
33500,5.6,4.833,10
33550,5.605,4.825,10
33600,5.611,4.82,10
33650,5.618,4.81,10
33700,5.623,4.807,10
33750,5.628,4.804,10
33800,5.637,4.795,10
33850,5.646,4.781,10
33900,5.657,4.772,10
33950,5.678,4.757,10
34000,5.691,4.753,10
34050,5.705,4.749,10
34100,5.716,4.749,10
34150,5.729,4.742,10
34200,5.738,4.738,10
34250,5.75,4.735,10
34300,5.762,4.727,10
34350,5.768,4.718,10
34400,5.776,4.699,10
34450,5.801,4.688,10
34500,5.829,4.669,10
34550,5.842,4.663,10
34600,5.85,4.646,10
34650,5.854,4.636,10
34700,5.863,4.626,10
34750,5.868,4.609,10
34800,5.871,4.598,10
34850,5.874,4.581,10
34900,5.88,4.573,10
34950,5.886,4.557,10
35000,5.901,4.544,10
35050,5.911,4.528,10
35100,5.92,4.522,10
35150,5.922,4.518,10
35200,5.927,4.512,10
35250,5.939,4.511,10
35300,5.951,4.503,10
35350,5.964,4.501,10
35400,5.982,4.487,10
35450,5.987,4.478,10
35500,5.999,4.473,10
35550,6.005,4.468,10
35600,6.007,4.468,10
35650,6.007,4.468,10
35700,6.007,4.468,10
35750,6.007,4.468,10
35800,6.012,4.468,10
35850,6.015,4.468,10
35900,6.017,4.468,10
35950,6.017,4.468,10
36000,6.017,4.468,10
36050,6.017,4.468,10
36100,6.017,4.468,10
36150,6.017,4.468,10
36200,6.02,4.468,10
36250,6.02,4.468,10
36300,6.02,4.468,10
36350,6.02,4.468,10
36400,6.02,4.468,10
36450,6.02,4.468,10
36500,6.02,4.468,10
36550,6.02,4.468,10
36600,6.02,4.468,10
36650,6.02,4.468,10
36700,6.02,4.468,10
36750,6.02,4.468,10
36800,6.02,4.468,10
36850,6.02,4.468,10
36900,6.02,4.468,10
36950,6.02,4.468,10
37000,6.02,4.468,10
37050,6.02,4.468,10
37100,6.02,4.468,10
37150,6.02,4.468,10
37200,6.02,4.468,10
37250,6.02,4.468,10
37300,6.026,4.468,10
37350,6.027,4.468,10
37400,6.029,4.468,10
37450,6.032,4.467,10
37500,6.035,4.467,10
37550,6.035,4.467,10
37600,6.038,4.467,10
37650,6.042,4.467,10
37700,6.042,4.467,10
37750,6.047,4.467,10
37800,6.05,4.467,10
37850,6.053,4.467,10
37900,6.056,4.467,10
37950,6.061,4.467,10
38000,6.061,4.467,10
38050,6.062,4.467,10
38100,6.064,4.467,10
38150,6.064,4.466,10
38200,6.069,4.466,10
38250,6.069,4.461,10
38300,6.069,4.461,10
38350,6.069,4.461,10
38400,6.069,4.461,10
38450,6.069,4.461,10
38500,6.069,4.461,10
38550,6.069,4.461,10
38600,6.069,4.461,10
38650,6.069,4.461,10
38700,6.069,4.461,10
38750,6.069,4.461,10
38800,6.069,4.461,10
38850,6.069,4.461,10
38900,6.069,4.46,10
38950,6.069,4.458,10
39000,6.069,4.458,10
39050,6.069,4.458,10
39100,6.069,4.455,10
39150,6.069,4.45,10
39200,6.069,4.45,10
39250,6.069,4.45,10
39300,6.069,4.448,10
39350,6.069,4.448,10
39400,6.069,4.448,10
39450,6.069,4.448,10
39500,6.069,4.446,10
39550,6.069,4.446,10
39600,6.069,4.446,10
39650,6.069,4.44,10
39700,6.059,4.44,10
39750,6.055,4.44,10
39800,6.048,4.439,10
39850,6.042,4.439,10
39900,6.037,4.437,10
39950,6.033,4.437,10
40000,6.025,4.436,10
40050,6.016,4.436,10
40100,6.01,4.436,10
40150,6.004,4.436,10
40200,6.001,4.436,10
40250,5.994,4.436,10
40300,5.983,4.436,10
40350,5.972,4.436,10
40400,5.972,4.436,10
40450,5.963,4.435,10
40500,5.947,4.427,10
40550,5.928,4.427,10
40600,5.918,4.426,10
40650,5.89,4.418,10
40700,5.877,4.418,10
40750,5.857,4.418,10
40800,5.85,4.416,10
40850,5.847,4.416,10
40900,5.844,4.416,10
40950,5.843,4.416,10
41000,5.843,4.416,10
41050,5.84,4.416,10
41100,5.84,4.415,10
41150,5.84,4.415,10
41200,5.839,4.415,10
41250,5.839,4.414,10
41300,5.839,4.414,10
41350,5.839,4.413,10
41400,5.839,4.41,10
41450,5.839,4.41,10
41500,5.839,4.41,10
41550,5.839,4.41,10
41600,5.839,4.41,10
41650,5.839,4.41,10
41700,5.839,4.41,10
41750,5.839,4.41,10
41800,5.839,4.41,10
41850,5.839,4.41,10
41900,5.839,4.41,10
41950,5.839,4.41,10
42000,5.839,4.41,10
42050,5.839,4.41,10
42100,5.839,4.41,10
42150,5.839,4.41,10
42200,5.839,4.41,10
42250,5.839,4.41,10
42300,5.839,4.41,10
42350,5.839,4.41,10
42400,5.839,4.41,10
42450,5.839,4.41,10
42500,5.839,4.41,10
42550,5.839,4.41,10
42600,5.839,4.41,10
42650,5.839,4.41,10
42700,5.839,4.41,10
42750,5.839,4.41,10
42800,5.839,4.41,10
42850,5.839,4.41,10
42900,5.839,4.41,10
42950,5.839,4.41,10
43000,5.839,4.41,10
43050,5.839,4.41,10
43100,5.839,4.41,10
43150,5.839,4.41,10
43200,5.839,4.41,10
43250,5.839,4.41,10
43300,5.839,4.41,10
43350,5.839,4.41,10
43400,5.839,4.41,10
43450,5.839,4.41,10
43500,5.839,4.41,10
43550,5.839,4.41,10
43600,5.839,4.41,10
43650,5.839,4.41,10
43700,5.839,4.41,10
43750,5.839,4.41,10
43800,5.839,4.41,10
43850,5.839,4.41,10
43900,5.839,4.41,10
43950,5.839,4.41,10
44000,5.839,4.41,10
44050,5.839,4.41,10
44100,5.839,4.41,10
44150,5.839,4.41,10
44200,5.839,4.41,10
44250,5.839,4.41,10
44300,5.839,4.41,10
44350,5.839,4.41,10
44400,5.839,4.41,10
44450,5.839,4.41,10
44500,5.839,4.41,10
44550,5.839,4.41,10
44600,5.839,4.41,10
44650,5.839,4.41,10
44700,5.839,4.41,10
44750,5.839,4.41,10
44800,5.839,4.41,10
44850,5.839,4.41,10
44900,5.839,4.41,10
44950,5.839,4.41,10
45000,5.839,4.41,10
45050,5.839,4.41,10
45100,5.839,4.41,10
45150,5.839,4.41,10
45200,5.839,4.41,10
45250,5.839,4.41,10
45300,5.839,4.41,10
45350,5.839,4.41,10
45400,5.839,4.41,10
45450,5.839,4.41,10
45500,5.839,4.41,10
45550,5.839,4.41,10
45600,5.839,4.41,10
45650,5.839,4.41,10
45700,5.839,4.41,10
45750,5.839,4.41,10
45800,5.839,4.41,10
45850,5.839,4.41,10
45900,5.839,4.41,10
45950,5.839,4.41,10
46000,5.839,4.41,10
46050,5.839,4.41,10
46100,5.839,4.41,10
46150,5.839,4.41,10
46200,5.839,4.41,10
46250,5.839,4.41,10
46300,5.839,4.41,10
46350,5.839,4.41,10
46400,5.839,4.41,10
46450,5.839,4.41,10
46500,5.839,4.41,10
46550,5.839,4.41,10
46600,5.839,4.41,10
46650,5.839,4.41,10
46700,5.839,4.41,10
46750,5.839,4.41,10
46800,5.839,4.41,10
46850,5.839,4.41,10
46900,5.839,4.41,10
46950,5.839,4.41,10
47000,5.839,4.41,10
47050,5.839,4.41,10
47100,5.839,4.41,10
47150,5.839,4.41,10
47200,5.839,4.41,10
47250,5.839,4.41,10
47300,5.839,4.41,10
47350,5.839,4.41,10
47400,5.839,4.41,10
47450,5.839,4.41,10
47500,5.839,4.41,10
47550,5.839,4.41,10
47600,5.839,4.41,10
47650,5.839,4.41,10
47700,5.839,4.41,10
47750,5.839,4.41,10
47800,5.839,4.41,10
47850,5.839,4.41,10
47900,5.839,4.41,10
47950,5.839,4.41,10
48000,5.839,4.41,10
48050,5.839,4.41,10
48100,5.839,4.41,10
48150,5.839,4.41,10
48200,5.839,4.41,10
48250,5.839,4.41,10
48300,5.839,4.41,10
48350,5.839,4.41,10
48400,5.839,4.41,10
48450,5.839,4.41,10
48500,5.839,4.41,10
48550,5.839,4.41,10
48600,5.839,4.41,10
48650,5.839,4.41,10
48700,5.839,4.41,10
48750,5.839,4.41,10
48800,5.839,4.41,10
48850,5.839,4.41,10
48900,5.839,4.41,10
48950,5.839,4.41,10
49000,5.839,4.41,10
49050,5.839,4.41,10
49100,5.839,4.41,10
49150,5.839,4.41,10
49200,5.839,4.41,10
49250,5.839,4.41,10
49300,5.839,4.41,10
49350,5.839,4.41,10
49400,5.839,4.41,10
49450,5.839,4.41,10
49500,5.839,4.41,10
49550,5.839,4.41,10
49600,5.839,4.41,10
49650,5.839,4.41,10
49700,5.839,4.41,10
49750,5.839,4.41,10
49800,5.839,4.41,10
49850,5.839,4.41,10
49900,5.839,4.41,10
49950,5.839,4.41,10
50000,5.839,4.41,10
50050,5.839,4.41,10
50100,5.839,4.41,10
50150,5.839,4.41,10
50200,5.839,4.41,10
50250,5.839,4.41,10
50300,5.839,4.41,10
50350,5.839,4.41,10
50400,5.839,4.41,10
50450,5.839,4.41,10
50500,5.839,4.41,10
50550,5.839,4.41,10
50600,5.839,4.41,10
50650,5.839,4.41,10
50700,5.839,4.41,10
50750,5.839,4.41,10
50800,5.839,4.41,10
50850,5.839,4.41,10
50900,5.839,4.41,10
50950,5.839,4.41,10
51000,5.839,4.41,10
51050,5.839,4.41,10
51100,5.839,4.41,10
51150,5.839,4.41,10
51200,5.839,4.41,10
51250,5.839,4.41,10
51300,5.839,4.41,10
51350,5.839,4.41,10
51400,5.839,4.41,10
51450,5.839,4.41,10
51500,5.839,4.41,10
51550,5.839,4.41,10
51600,5.839,4.41,10
51650,5.839,4.41,10
51700,5.839,4.41,10
51750,5.839,4.41,10
51800,5.839,4.41,10
51850,5.839,4.41,10
51900,5.839,4.41,10
51950,5.839,4.41,10
52000,5.839,4.41,10
52050,5.839,4.41,10
52100,5.839,4.41,10
52150,5.839,4.41,10
52200,5.839,4.41,10
52250,5.839,4.41,10
52300,5.839,4.41,10
52350,5.839,4.41,10
52400,5.839,4.41,10
52450,5.839,4.41,10
52500,5.839,4.41,10
52550,5.839,4.41,10
52600,5.839,4.41,10
52650,5.839,4.41,10
52700,5.839,4.41,10
52750,5.839,4.41,10
52800,5.839,4.41,10
52850,5.839,4.41,10
52900,5.839,4.41,10
52950,5.839,4.41,10
53000,5.839,4.41,10
53050,5.839,4.41,10
53100,5.839,4.41,10
53150,5.839,4.41,10
53200,5.839,4.41,10
53250,5.839,4.41,10
53300,5.839,4.41,10
53350,5.839,4.41,10
53400,5.839,4.41,10
53450,5.839,4.41,10
53500,5.839,4.41,10
53550,5.839,4.41,10
53600,5.839,4.41,10
53650,5.839,4.41,10
53700,5.839,4.41,10
53750,5.839,4.41,10
53800,5.839,4.41,10
53850,5.839,4.41,10
53900,5.839,4.41,10
53950,5.839,4.41,10
54000,5.839,4.41,10
54050,5.839,4.41,10
54100,5.839,4.41,10
54150,5.839,4.41,10
54200,5.839,4.41,10
54250,5.839,4.41,10
54300,5.839,4.41,10
54350,5.839,4.41,10
54400,5.839,4.41,10
54450,5.839,4.41,10
54500,5.839,4.41,10
54550,5.839,4.41,10
54600,5.839,4.41,10
54650,5.839,4.41,10
54700,5.839,4.41,10
54750,5.839,4.41,10
54800,5.839,4.41,10
54850,5.839,4.41,10
54900,5.839,4.41,10
54950,5.839,4.41,10
55000,5.839,4.41,10
55050,5.839,4.41,10
55100,5.839,4.41,10
55150,5.839,4.41,10
55200,5.839,4.41,10
55250,5.839,4.41,10
55300,5.839,4.41,10
55350,5.839,4.41,10
55400,5.839,4.41,10
55450,5.839,4.41,10
55500,5.839,4.41,10
55550,5.839,4.41,10
55600,5.839,4.41,10
55650,5.839,4.41,10
55700,5.839,4.41,10
55750,5.839,4.41,10
55800,5.839,4.41,10
55850,5.839,4.41,10
55900,5.839,4.41,10
55950,5.839,4.41,10
56000,5.839,4.41,10
56050,5.839,4.41,10
56100,5.839,4.41,10
56150,5.839,4.41,10
56200,5.839,4.41,10
56250,5.839,4.41,10
56300,5.839,4.41,10
56350,5.839,4.41,10
56400,5.839,4.41,10
56450,5.839,4.41,10
56500,5.839,4.41,10
56550,5.839,4.41,10
56600,5.839,4.41,10
56650,5.839,4.41,10
56700,5.839,4.41,10
56750,5.839,4.41,10
56800,5.839,4.41,10
56850,5.839,4.41,10
56900,5.839,4.41,10
56950,5.839,4.41,10
57000,5.839,4.41,10
57050,5.839,4.41,10
57100,5.839,4.41,10
57150,5.839,4.41,10
57200,5.839,4.41,10
57250,5.839,4.41,10
57300,5.839,4.41,10
57350,5.839,4.41,10
57400,5.839,4.41,10
57450,5.839,4.41,10
57500,5.839,4.41,10
57550,5.839,4.41,10
57600,5.839,4.41,10
57650,5.839,4.41,10
57700,5.839,4.41,10
57750,5.839,4.41,10
57800,5.839,4.41,10
57850,5.839,4.41,10
57900,5.839,4.41,10
57950,5.839,4.41,10
58000,5.839,4.41,10
58050,5.839,4.41,10
58100,5.839,4.41,10
58150,5.839,4.41,10
58200,5.839,4.41,10
58250,5.839,4.41,10
58300,5.839,4.41,10
58350,5.839,4.41,10
58400,5.839,4.41,10
58450,5.839,4.41,10
58500,5.839,4.41,10
58550,5.839,4.41,10
58600,5.839,4.41,10
58650,5.839,4.41,10
58700,5.839,4.41,10
58750,5.839,4.41,10
58800,5.839,4.41,10
58850,5.839,4.41,10
58900,5.839,4.41,10
58950,5.839,4.41,10
59000,5.839,4.41,10
59050,5.839,4.41,10
59100,5.839,4.41,10
59150,5.839,4.41,10
59200,5.839,4.41,10
59250,5.839,4.41,10
59300,5.839,4.41,10
59350,5.839,4.41,10
59400,5.839,4.41,10
59450,5.839,4.41,10
59500,5.839,4.41,10
59550,5.839,4.41,10
59600,5.839,4.41,10
59650,5.839,4.41,10
59700,5.839,4.41,10
59750,5.839,4.41,10
59800,5.839,4.41,10
59850,5.839,4.41,10
59900,5.839,4.41,10
59950,5.839,4.41,10
60000,5.839,4.41,10
60050,5.839,4.41,10
60100,5.839,4.41,10
60150,5.839,4.41,10
60200,5.839,4.41,10
60250,5.839,4.41,10
60300,5.839,4.41,10
60350,5.839,4.41,10
60400,5.839,4.41,10
60450,5.839,4.41,10
60500,5.839,4.41,10
60550,5.839,4.41,10
60600,5.839,4.41,10
60650,5.839,4.41,10
60700,5.839,4.41,10
60750,5.839,4.41,10
60800,5.839,4.41,10
60850,5.839,4.41,10
60900,5.839,4.41,10
60950,5.839,4.41,10
61000,5.839,4.41,10
61050,5.839,4.41,10
61100,5.839,4.41,10
61150,5.839,4.41,10
61200,5.839,4.41,10
61250,5.839,4.41,10
61300,5.839,4.41,10
61350,5.839,4.41,10
61400,5.839,4.41,10
61450,5.839,4.41,10
61500,5.839,4.41,10
61550,5.839,4.41,10
61600,5.839,4.41,10
61650,5.839,4.41,10
61700,5.839,4.41,10
61750,5.839,4.41,10
61800,5.839,4.41,10
61850,5.839,4.41,10
61900,5.839,4.41,10
61950,5.839,4.41,10
62000,5.839,4.41,10
62050,5.839,4.41,10
62100,5.841,4.41,10
62150,5.852,4.41,10
62200,5.86,4.41,10
62250,5.867,4.41,10
62300,5.882,4.41,10
62350,5.882,4.41,10
62400,5.888,4.41,10
62450,5.89,4.41,10
62500,5.892,4.41,10
62550,5.9,4.41,10
62600,5.912,4.41,10
62650,5.93,4.41,10
62700,5.954,4.411,10
62750,5.968,4.446,10
62800,5.969,4.466,10
62850,5.984,4.508,10
62900,5.985,4.538,10
62950,5.987,4.563,10
63000,5.987,4.592,10
63050,5.987,4.621,10
63100,5.987,4.639,10
63150,5.987,4.649,10
63200,5.987,4.657,10
63250,5.987,4.668,10
63300,5.987,4.672,10
63350,5.987,4.678,10
63400,5.987,4.682,10
63450,5.987,4.683,10
63500,5.987,4.692,10
63550,5.987,4.696,10
63600,5.987,4.701,10
63650,5.987,4.701,10
63700,5.987,4.701,10
63750,5.987,4.701,10
63800,5.987,4.701,10
63850,5.987,4.701,10
63900,5.987,4.701,10
63950,5.987,4.701,10
64000,5.989,4.704,10
64050,5.992,4.709,10
64100,5.992,4.72,10
64150,5.992,4.723,10
64200,5.995,4.731,10
64250,5.995,4.731,10
64300,5.996,4.735,10
64350,5.996,4.745,10
64400,5.996,4.751,10
64450,5.996,4.756,10
64500,5.996,4.762,10
64550,5.999,4.766,10
64600,5.999,4.775,10
64650,5.999,4.782,10
64700,6.0,4.789,10
64750,6.002,4.8,10
64800,6.002,4.814,10
64850,6.002,4.817,10
64900,6.002,4.828,10
64950,6.002,4.838,10
65000,6.002,4.849,10
65050,6.002,4.851,10
65100,6.004,4.855,10
65150,6.007,4.855,10
65200,6.007,4.855,10
65250,6.008,4.855,10
65300,6.008,4.856,10
65350,6.008,4.859,10
65400,6.008,4.86,10
65450,6.008,4.869,10
65500,6.008,4.873,10
65550,6.008,4.883,10
65600,6.008,4.887,10
65650,6.008,4.893,10
65700,6.008,4.9,10
65750,6.008,4.926,10
65800,6.008,4.929,10
65850,6.008,4.94,10
65900,6.008,4.94,10
65950,6.008,4.944,10
66000,6.008,4.944,10
66050,6.008,4.949,10
66100,6.008,4.949,10
66150,6.008,4.956,10
66200,6.008,4.959,10
66250,6.008,4.966,10
66300,6.008,4.979,10
66350,6.008,4.979,10
66400,6.008,4.985,10
66450,6.008,4.987,10
66500,6.008,4.987,10
66550,6.008,4.987,10
66600,6.008,4.992,10
66650,6.008,4.992,10
66700,6.008,4.992,10
66750,6.008,4.992,10
66800,6.008,4.992,10
66850,6.008,4.992,10
66900,6.008,4.992,10
66950,6.008,4.992,10
67000,6.008,4.992,10
67050,6.008,4.992,10
67100,6.008,4.992,10
67150,6.008,4.992,10
67200,6.008,4.992,10
67250,6.008,4.992,10
67300,6.008,4.992,10
67350,6.008,4.992,10
67400,6.008,4.992,10
67450,6.008,4.992,10
67500,6.008,4.992,10
67550,6.008,4.992,10
67600,6.008,4.992,10
67650,6.008,4.992,10
67700,6.008,4.992,10
67750,6.008,4.992,10
67800,6.008,4.992,10
67850,6.008,4.992,10
67900,6.008,4.992,10
67950,6.008,4.992,10
68000,6.008,4.992,10
68050,6.008,4.992,10
68100,6.008,4.992,10
68150,6.008,4.992,10
68200,6.008,4.992,10
68250,6.008,4.992,10
68300,6.008,4.992,10
68350,6.008,4.992,10
68400,6.008,4.992,10
68450,6.008,4.992,10
68500,6.008,4.992,10
68550,6.008,4.992,10
68600,6.008,4.992,10
68650,6.008,4.992,10
68700,6.008,4.992,10
68750,6.008,4.992,10
68800,6.008,4.992,10
68850,6.008,4.992,10
68900,6.008,4.992,10
68950,6.008,4.992,10
69000,6.008,4.992,10
69050,6.008,4.992,10
69100,6.008,4.992,10
69150,6.008,4.992,10
69200,6.008,4.992,10
69250,6.008,4.992,10
69300,6.008,4.992,10
69350,6.008,4.992,10
69400,6.008,4.992,10
69450,6.008,4.993,10
69500,6.008,4.996,10
69550,6.008,5.0,10
69600,6.008,5.0,10
69650,6.008,5.0,10
69700,6.008,5.0,10
69750,6.008,5.0,10
69800,6.008,5.0,10
69850,6.008,5.0,10
69900,6.008,5.0,10
69950,6.008,5.0,10
70000,6.008,5.0,10
70050,6.008,5.0,10
70100,6.008,5.0,10
70150,6.008,5.001,10
70200,6.008,5.001,10
70250,6.008,5.002,10
70300,6.008,5.002,10
70350,6.008,5.007,10
70400,6.008,5.011,10
70450,6.008,5.021,10
70500,6.008,5.025,10
70550,6.008,5.032,10
70600,6.008,5.033,10
70650,6.008,5.033,10
70700,6.011,5.034,10
70750,6.011,5.034,10
70800,6.012,5.034,10
70850,6.012,5.034,10
70900,6.012,5.034,10
70950,6.012,5.034,10
71000,6.012,5.034,10
71050,6.015,5.035,10
71100,6.015,5.04,10
71150,6.015,5.04,10
71200,6.015,5.04,10
71250,6.018,5.043,10
71300,6.018,5.043,10
71350,6.02,5.043,10
71400,6.02,5.043,10
71450,6.02,5.043,10
71500,6.02,5.043,10
71550,6.02,5.043,10
71600,6.02,5.043,10
71650,6.02,5.043,10
71700,6.02,5.045,10
71750,6.02,5.047,10
71800,6.02,5.049,10
71850,6.02,5.051,10
71900,6.02,5.058,10
71950,6.02,5.058,10
72000,6.02,5.058,10
72050,6.02,5.058,10
72100,6.02,5.064,10
72150,6.02,5.064,10
72200,6.02,5.064,10
72250,6.02,5.064,10
72300,6.02,5.064,10
72350,6.02,5.064,10
72400,6.02,5.064,10
72450,6.02,5.064,10
72500,6.02,5.064,10
72550,6.02,5.064,10
72600,6.02,5.065,10
72650,6.02,5.065,10
72700,6.02,5.066,10
72750,6.02,5.066,10
72800,6.02,5.066,10
72850,6.02,5.067,10
72900,6.02,5.067,10
72950,6.02,5.067,10
73000,6.02,5.067,10
73050,6.02,5.067,10
73100,6.02,5.067,10
73150,6.02,5.068,10
73200,6.02,5.071,10
73250,6.02,5.071,10
73300,6.02,5.073,10
73350,6.02,5.073,10
73400,6.02,5.073,10
73450,6.02,5.073,10
73500,6.02,5.073,10
73550,6.02,5.073,10
73600,6.02,5.073,10
73650,6.02,5.073,10
73700,6.02,5.073,10
73750,6.02,5.073,10
73800,6.02,5.073,10
73850,6.02,5.073,10
73900,6.02,5.073,10
73950,6.02,5.073,10
74000,6.02,5.073,10
74050,6.02,5.073,10
74100,6.02,5.073,10
74150,6.02,5.073,10
74200,6.02,5.073,10
74250,6.02,5.073,10
74300,6.02,5.073,10
74350,6.02,5.075,10
74400,6.02,5.075,10
74450,6.02,5.075,10
74500,6.02,5.075,10
74550,6.02,5.075,10
74600,6.02,5.075,10
74650,6.02,5.075,10
74700,6.02,5.075,10
74750,6.02,5.075,10
74800,6.02,5.075,10
74850,6.02,5.075,10
74900,6.02,5.075,10
74950,6.02,5.075,10
75000,6.02,5.075,10
75050,6.02,5.075,10
75100,6.02,5.075,10
75150,6.02,5.075,10
75200,6.02,5.075,10
75250,6.02,5.075,10
75300,6.02,5.077,10
75350,6.02,5.077,10
75400,6.02,5.079,10
75450,6.02,5.079,10
75500,6.02,5.079,10
75550,6.02,5.079,10
75600,6.02,5.08,10
75650,6.02,5.08,10
75700,6.02,5.082,10
75750,6.02,5.082,10
75800,6.02,5.082,10
75850,6.02,5.082,10
75900,6.02,5.082,10
75950,6.02,5.082,10
76000,6.02,5.082,10
76050,6.02,5.082,10
76100,6.02,5.082,10
76150,6.02,5.082,10
76200,6.02,5.082,10
76250,6.02,5.082,10
76300,6.02,5.082,10
76350,6.02,5.082,10
76400,6.02,5.082,10
76450,6.02,5.082,10
76500,6.02,5.082,10
76550,6.02,5.084,10
76600,6.02,5.084,10
76650,6.02,5.086,10
76700,6.02,5.086,10
76750,6.02,5.086,10
76800,6.02,5.086,10
76850,6.02,5.086,10
76900,6.02,5.086,10
76950,6.02,5.088,10
77000,6.02,5.091,10
77050,6.02,5.091,10
77100,6.02,5.091,10
77150,6.02,5.091,10
77200,6.02,5.091,10
77250,6.02,5.091,10
77300,6.02,5.091,10
77350,6.02,5.091,10
77400,6.02,5.091,10
77450,6.02,5.091,10
77500,6.02,5.091,10
77550,6.02,5.091,10
77600,6.02,5.091,10
77650,6.02,5.094,10
77700,6.02,5.094,10
77750,6.02,5.094,10
77800,6.02,5.095,10
77850,6.02,5.095,10
77900,6.02,5.095,10
77950,6.02,5.095,10
78000,6.02,5.095,10
78050,6.02,5.095,10
78100,6.02,5.095,10
78150,6.02,5.095,10
78200,6.02,5.095,10
78250,6.02,5.095,10
78300,6.02,5.096,10
78350,6.02,5.096,10
78400,6.02,5.097,10
78450,6.02,5.097,10
78500,6.02,5.097,10
78550,6.02,5.097,10
78600,6.02,5.097,10
78650,6.02,5.097,10
78700,6.02,5.097,10
78750,6.02,5.097,10
78800,6.02,5.097,10
78850,6.02,5.097,10
78900,6.02,5.097,10
78950,6.02,5.097,10
79000,6.02,5.097,10
79050,6.02,5.097,10
79100,6.02,5.097,10
79150,6.02,5.097,10
79200,6.02,5.097,10
79250,6.02,5.097,10
79300,6.02,5.097,10
79350,6.02,5.097,10
79400,6.02,5.097,10
79450,6.02,5.097,10
79500,6.02,5.097,10
79550,6.02,5.097,10
79600,6.02,5.097,10
79650,6.02,5.097,10
79700,6.02,5.097,10
79750,6.02,5.097,10
79800,6.02,5.097,10
79850,6.02,5.097,10
79900,6.02,5.097,10
79950,6.02,5.097,10
80000,6.02,5.097,10
80050,6.02,5.097,10
80100,6.02,5.097,10
80150,6.02,5.097,10
80200,6.02,5.097,10
80250,6.02,5.097,10
80300,6.02,5.097,10
80350,6.02,5.097,10
80400,6.02,5.097,10
80450,6.02,5.097,10
80500,6.02,5.097,10
80550,6.02,5.097,10
80600,6.02,5.097,10
80650,6.02,5.097,10
80700,6.02,5.097,10
80750,6.02,5.097,10
80800,6.02,5.097,10
80850,6.02,5.097,10
80900,6.02,5.097,10
80950,6.02,5.097,10
81000,6.02,5.097,10
81050,6.02,5.097,10
81100,6.02,5.097,10
81150,6.02,5.097,10
81200,6.02,5.097,10
81250,6.02,5.097,10
81300,6.02,5.097,10
81350,6.02,5.097,10
81400,6.02,5.097,10
81450,6.02,5.097,10
81500,6.02,5.097,10
81550,6.02,5.097,10
81600,6.02,5.097,10
81650,6.02,5.097,10
81700,6.02,5.097,10
81750,6.02,5.097,10
81800,6.02,5.097,10
81850,6.02,5.097,10
81900,6.02,5.097,10
81950,6.02,5.097,10
82000,6.02,5.097,10
82050,6.02,5.099,10
82100,6.02,5.099,10
82150,6.02,5.102,10
82200,6.02,5.102,10
82250,6.02,5.102,10
82300,6.02,5.102,10
82350,6.02,5.102,10
82400,6.02,5.102,10
82450,6.02,5.102,10
82500,6.02,5.102,10
82550,6.02,5.102,10
82600,6.02,5.102,10
82650,6.02,5.102,10
82700,6.02,5.102,10
82750,6.02,5.102,10
82800,6.02,5.102,10
82850,6.02,5.102,10
82900,6.02,5.102,10
82950,6.02,5.102,10
83000,6.02,5.102,10
83050,6.02,5.102,10
83100,6.02,5.102,10
83150,6.02,5.102,10
83200,6.02,5.102,10
83250,6.02,5.102,10
83300,6.02,5.102,10
83350,6.02,5.102,10
83400,6.02,5.102,10
83450,6.02,5.102,10
83500,6.02,5.102,10
83550,6.02,5.102,10
83600,6.02,5.102,10
83650,6.02,5.104,10
83700,6.02,5.104,10
83750,6.02,5.104,10
83800,6.02,5.105,10
83850,6.02,5.106,10
83900,6.02,5.106,10
83950,6.02,5.106,10
84000,6.02,5.106,10
84050,6.02,5.106,10
84100,6.02,5.106,10
84150,6.02,5.106,10
84200,6.02,5.106,10
84250,6.02,5.107,10
84300,6.02,5.107,10
84350,6.02,5.107,10
84400,6.02,5.107,10
84450,6.02,5.107,10
84500,6.02,5.107,10
84550,6.02,5.107,10
84600,6.02,5.107,10
84650,6.02,5.107,10
84700,6.02,5.107,10
84750,6.02,5.108,10
84800,6.02,5.108,10
84850,6.02,5.108,10
84900,6.02,5.108,10
84950,6.02,5.108,10
85000,6.02,5.108,10
85050,6.02,5.108,10
85100,6.02,5.108,10
85150,6.02,5.108,10
85200,6.02,5.108,10
85250,6.02,5.109,10
85300,6.02,5.109,10
85350,6.02,5.109,10
85400,6.02,5.109,10
85450,6.02,5.109,10
85500,6.02,5.109,10
85550,6.02,5.109,10
85600,6.02,5.109,10
85650,6.02,5.109,10
85700,6.02,5.109,10
85750,6.02,5.109,10
85800,6.02,5.109,10
85850,6.02,5.109,10
85900,6.02,5.109,10
85950,6.02,5.109,10
86000,6.02,5.109,10
86050,6.02,5.109,10
86100,6.02,5.109,10
86150,6.02,5.109,10
86200,6.02,5.109,10
86250,6.02,5.109,10
86300,6.02,5.109,10
86350,6.02,5.109,10
86400,6.02,5.109,10
86450,6.02,5.109,10
86500,6.02,5.109,10
86550,6.02,5.109,10
86600,6.02,5.109,10
86650,6.02,5.109,10
86700,6.02,5.109,10
86750,6.02,5.109,10
86800,6.02,5.109,10
86850,6.02,5.109,10
86900,6.02,5.109,10
86950,6.02,5.109,10
87000,6.02,5.109,10
87050,6.02,5.109,10
87100,6.02,5.109,10
87150,6.02,5.109,10
87200,6.02,5.113,10
87250,6.02,5.113,10
87300,6.02,5.113,10
87350,6.02,5.113,10
87400,6.02,5.113,10
87450,6.02,5.113,10
87500,6.02,5.113,10
87550,6.02,5.113,10
87600,6.02,5.113,10
87650,6.02,5.113,10
87700,6.02,5.113,10
87750,6.02,5.113,10
87800,6.02,5.113,10
87850,6.02,5.113,10
87900,6.02,5.113,10
87950,6.02,5.113,10
88000,6.02,5.113,10
88050,6.02,5.113,10
88100,6.02,5.113,10
88150,6.02,5.113,10
88200,6.02,5.114,10
88250,6.02,5.114,10
88300,6.02,5.115,10
88350,6.02,5.115,10
88400,6.02,5.117,10
88450,6.02,5.117,10
88500,6.02,5.117,10
88550,6.02,5.117,10
88600,6.02,5.117,10
88650,6.02,5.117,10
88700,6.02,5.117,10
88750,6.02,5.117,10
88800,6.02,5.117,10
88850,6.02,5.117,10
88900,6.02,5.117,10
88950,6.02,5.117,10
89000,6.02,5.117,10
89050,6.02,5.117,10
89100,6.02,5.117,10
89150,6.02,5.117,10
89200,6.02,5.117,10
89250,6.02,5.117,10
89300,6.02,5.117,10
89350,6.02,5.117,10
89400,6.02,5.117,10
89450,6.02,5.117,10
89500,6.02,5.117,10
89550,6.02,5.117,10
89600,6.02,5.117,10
89650,6.02,5.117,10
89700,6.02,5.117,10
89750,6.02,5.117,10
89800,6.02,5.117,10
89850,6.02,5.117,10
89900,6.02,5.117,10
89950,6.02,5.117,10
90000,6.02,5.117,10
90050,6.02,5.117,10
90100,6.02,5.117,10
90150,6.02,5.117,10
90200,6.02,5.117,10
90250,6.02,5.117,10
90300,6.02,5.117,10
90350,6.02,5.117,10
90400,6.02,5.117,10
90450,6.02,5.117,10
90500,6.02,5.117,10
90550,6.02,5.117,10
90600,6.02,5.117,10
90650,6.02,5.117,10
90700,6.02,5.117,10
90750,6.02,5.117,10
90800,6.02,5.117,10
90850,6.02,5.117,10
90900,6.02,5.117,10
90950,6.02,5.117,10
91000,6.02,5.117,10
91050,6.02,5.117,10
91100,6.02,5.117,10
91150,6.02,5.117,10
91200,6.02,5.117,10
91250,6.02,5.117,10
91300,6.02,5.117,10
91350,6.02,5.117,10
91400,6.02,5.117,10
91450,6.02,5.117,10
91500,6.02,5.117,10
91550,6.02,5.117,10
91600,6.02,5.117,10
91650,6.02,5.117,10
91700,6.02,5.117,10
91750,6.02,5.117,10
91800,6.02,5.117,10
91850,6.02,5.117,10
91900,6.02,5.117,10
91950,6.02,5.117,10
92000,6.02,5.117,10
92050,6.02,5.117,10
92100,6.02,5.117,10
92150,6.02,5.117,10
92200,6.02,5.117,10
92250,6.02,5.117,10
92300,6.02,5.117,10
92350,6.02,5.117,10
92400,6.02,5.117,10
92450,6.02,5.117,10
92500,6.02,5.117,10
92550,6.02,5.117,10
92600,6.02,5.117,10
92650,6.02,5.117,10
92700,6.02,5.117,10
92750,6.02,5.117,10
92800,6.02,5.117,10
92850,6.02,5.117,10
92900,6.02,5.117,10
92950,6.02,5.117,10
93000,6.02,5.117,10
93050,6.02,5.117,10
93100,6.02,5.117,10
93150,6.02,5.117,10
93200,6.02,5.117,10
93250,6.02,5.117,10
93300,6.02,5.117,10
93350,6.02,5.117,10
93400,6.02,5.117,10
93450,6.02,5.117,10
93500,6.02,5.117,10
93550,6.02,5.117,10
93600,6.02,5.117,10
93650,6.02,5.117,10
93700,6.02,5.117,10
93750,6.02,5.117,10
93800,6.02,5.117,10
93850,6.02,5.117,10
93900,6.02,5.117,10
93950,6.02,5.117,10
94000,6.02,5.117,10
94050,6.02,5.117,10
94100,6.02,5.117,10
94150,6.02,5.117,10
94200,6.02,5.119,10
94250,6.02,5.119,10
94300,6.02,5.119,10
94350,6.02,5.119,10
94400,6.02,5.119,10
94450,6.02,5.119,10
94500,6.02,5.119,10
94550,6.02,5.12,10
94600,6.02,5.121,10
94650,6.02,5.121,10
94700,6.02,5.121,10
94750,6.02,5.121,10
94800,6.02,5.121,10
94850,6.02,5.121,10
94900,6.02,5.121,10
94950,6.02,5.121,10
95000,6.02,5.121,10
95050,6.02,5.121,10
95100,6.02,5.121,10
95150,6.02,5.121,10
95200,6.02,5.121,10
95250,6.02,5.121,10
95300,6.02,5.121,10
95350,6.02,5.121,10
95400,6.02,5.121,10
95450,6.02,5.121,10
95500,6.02,5.121,10
95550,6.02,5.121,10
95600,6.02,5.121,10
95650,6.02,5.121,10
95700,6.02,5.121,10
95750,6.02,5.121,10
95800,6.02,5.121,10
95850,6.02,5.121,10
95900,6.02,5.121,10
95950,6.02,5.121,10
96000,6.02,5.121,10
96050,6.02,5.121,10
96100,6.02,5.121,10
96150,6.02,5.121,10
96200,6.02,5.121,10
96250,6.02,5.121,10
96300,6.02,5.121,10
96350,6.02,5.121,10
96400,6.02,5.121,10
96450,6.02,5.121,10
96500,6.02,5.121,10
96550,6.02,5.121,10
96600,6.02,5.121,10
96650,6.02,5.121,10
96700,6.02,5.121,10
96750,6.02,5.121,10
96800,6.02,5.121,10
96850,6.02,5.121,10
96900,6.02,5.121,10
96950,6.02,5.121,10
97000,6.02,5.121,10
97050,6.02,5.121,10
97100,6.02,5.121,10
97150,6.02,5.121,10
97200,6.02,5.121,10
97250,6.02,5.121,10
97300,6.02,5.121,10
97350,6.02,5.121,10
97400,6.02,5.122,10
97450,6.02,5.122,10
97500,6.02,5.122,10
97550,6.02,5.122,10
97600,6.02,5.123,10
97650,6.02,5.123,10
97700,6.02,5.123,10
97750,6.02,5.123,10
97800,6.02,5.123,10
97850,6.02,5.123,10
97900,6.02,5.123,10
97950,6.02,5.123,10
98000,6.02,5.123,10
98050,6.02,5.123,10
98100,6.02,5.123,10
98150,6.02,5.123,10
98200,6.02,5.123,10
98250,6.02,5.123,10
98300,6.02,5.125,10
98350,6.02,5.125,10
98400,6.02,5.125,10
98450,6.02,5.125,10
98500,6.02,5.125,10
98550,6.02,5.125,10
98600,6.02,5.125,10
98650,6.02,5.125,10
98700,6.02,5.125,10
98750,6.02,5.125,10
98800,6.02,5.125,10
98850,6.02,5.125,10
98900,6.02,5.125,10
98950,6.02,5.125,10
99000,6.02,5.125,10
99050,6.02,5.125,10
99100,6.02,5.125,10
99150,6.02,5.125,10
99200,6.02,5.125,10
99250,6.02,5.125,10
99300,6.02,5.125,10
99350,6.02,5.125,10
99400,6.02,5.125,10
99450,6.02,5.125,10
99500,6.02,5.125,10
99550,6.02,5.125,10
99600,6.02,5.125,10
99650,6.02,5.125,10
99700,6.02,5.125,10
99750,6.02,5.125,10
99800,6.02,5.125,10
99850,6.02,5.125,10
99900,6.02,5.125,10
99950,6.02,5.125,10
100000,6.02,5.125,10
100050,6.02,5.125,10
100100,6.02,5.125,10
100150,6.02,5.125,10
100200,6.02,5.125,10
100250,6.02,5.125,10
100300,6.02,5.126,10
100350,6.02,5.126,10
100400,6.02,5.126,10
100450,6.02,5.126,10
100500,6.02,5.126,10
100550,6.02,5.126,10
100600,6.02,5.126,10
100650,6.02,5.126,10
100700,6.02,5.126,10
100750,6.02,5.126,10
100800,6.02,5.126,10
100850,6.02,5.126,10
100900,6.02,5.126,10
100950,6.02,5.126,10
101000,6.02,5.126,10
101050,6.02,5.126,10
101100,6.02,5.126,10
101150,6.02,5.126,10
101200,6.02,5.126,10
101250,6.02,5.126,10
101300,6.02,5.126,10
101350,6.02,5.126,10
101400,6.02,5.126,10
101450,6.02,5.126,10
101500,6.02,5.126,10
101550,6.02,5.126,11
101600,6.02,5.126,11
101650,6.02,5.126,11
101700,6.02,5.127,11
101750,6.02,5.127,11
101800,6.02,5.127,11
101850,6.02,5.127,11
101900,6.02,5.127,11
101950,6.02,5.127,11
102000,6.02,5.127,11
102050,6.02,5.127,11
102100,6.02,5.127,11
102150,6.02,5.127,11
102200,6.02,5.127,11
102250,6.02,5.127,11
102300,6.02,5.127,11
102350,6.02,5.127,11
102400,6.02,5.127,11
102450,6.02,5.127,11
102500,6.02,5.127,11
102550,6.02,5.127,11
102600,6.02,5.127,11
102650,6.02,5.127,11
102700,6.012,5.127,11
102750,6.009,5.127,11
102800,6.004,5.127,11
102850,5.999,5.127,11
102900,5.985,5.127,11
102950,5.971,5.127,11
103000,5.931,5.125,11
103050,5.835,5.108,11
103100,5.724,5.101,11
103150,5.657,5.093,11
103200,5.627,5.093,11
103250,5.622,5.087,11
103300,5.616,5.086,11
103350,5.616,5.086,11
103400,5.611,5.082,11
103450,5.606,5.082,11
103500,5.604,5.082,11
103550,5.591,5.082,11
103600,5.584,5.082,11
103650,5.56,5.082,11
103700,5.536,5.081,11
103750,5.513,5.08,11
103800,5.5,5.07,11
103850,5.492,5.069,11
103900,5.48,5.069,11
103950,5.472,5.069,11
104000,5.466,5.069,11
104050,5.456,5.067,11
104100,5.452,5.067,11
104150,5.449,5.067,11
104200,5.445,5.065,11
104250,5.445,5.063,11
104300,5.442,5.063,11
104350,5.439,5.062,11
104400,5.439,5.062,11
104450,5.437,5.062,11
104500,5.431,5.061,11
104550,5.424,5.061,11
104600,5.421,5.058,11
104650,5.416,5.058,11
104700,5.411,5.058,11
104750,5.405,5.056,11
104800,5.402,5.056,11
104850,5.391,5.056,11
104900,5.375,5.056,11
104950,5.355,5.056,11
105000,5.316,5.056,11
105050,5.291,5.056,11
105100,5.255,5.002,11
105150,5.225,5.0,11
105200,5.188,5.0,11
105250,5.062,5.0,11
105300,5.002,5.0,11
105350,5.0,5.0,11
105400,5.0,5.0,11
105450,5.0,5.0,11
105500,5.0,5.0,11
105550,5.0,5.0,11
105600,5.0,5.0,11
105650,5.0,5.0,11
105700,5.0,5.0,11
105750,5.0,5.0,11
105800,5.0,5.0,11
105850,5.0,5.0,11
105900,5.0,5.0,11
105950,5.0,5.0,11
106000,5.0,5.0,11
106050,5.0,5.0,11
106100,5.0,5.0,11
106150,5.0,5.0,11
106200,5.0,5.0,11
106250,5.0,5.0,11
106300,5.0,5.0,11
106350,5.0,5.0,11
106400,5.0,5.0,11
106450,5.0,5.0,11
106500,5.0,5.0,11
106550,5.0,5.0,11
106600,5.0,5.0,11
106650,5.0,5.0,11
106700,5.0,5.0,11
106750,5.0,5.0,11
106800,5.0,5.0,11
106850,5.0,5.0,11
106900,5.0,5.0,11
106950,5.0,5.0,11
107000,5.0,5.0,11
107050,5.0,5.0,11
107100,5.0,5.0,11
107150,5.0,5.0,11
107200,5.0,5.0,11
107250,5.0,5.0,11
107300,5.0,5.0,11
107350,5.0,5.0,11
107400,5.0,5.0,11
107450,5.0,5.0,11
107500,5.0,5.0,11
107550,5.0,5.0,11
107600,5.0,5.0,11
107650,5.0,5.0,11
107700,5.0,5.0,11
107750,5.0,5.0,11
107800,5.0,5.0,11
107850,5.0,5.0,11
107900,5.0,5.0,11
107950,5.0,5.0,11
108000,5.0,5.0,11
108050,5.0,5.0,11
108100,5.0,5.0,11
108150,5.0,5.0,11
108200,5.0,5.0,11
108250,5.0,5.0,11
108300,5.0,5.0,11
108350,5.0,5.0,11
108400,5.0,5.0,11
108450,5.0,5.0,11
108500,5.0,5.0,11
108550,5.0,5.0,11
108600,5.0,5.0,11
108650,5.0,5.0,11
108700,5.0,5.0,11
108750,5.0,5.0,11
108800,5.0,5.0,11
108850,5.0,5.0,11
108900,5.0,5.0,11
108950,5.0,5.0,11
109000,5.0,5.0,11
109050,5.0,5.0,11
109100,5.0,5.0,11
109150,5.0,5.0,11
109200,5.0,5.0,11
109250,5.0,5.0,11
109300,5.0,5.0,11
109350,5.0,5.0,11
109400,5.0,5.0,11
109450,5.0,5.0,11
109500,5.0,5.0,11
109550,5.0,5.0,11
109600,5.0,5.0,11
109650,5.0,5.0,11
109700,5.0,5.0,11
109750,5.0,5.0,11
109800,5.0,5.0,11
109850,5.0,5.0,11
109900,5.0,5.0,11
109950,5.0,5.0,11
110000,5.0,5.0,11
110050,5.0,5.0,11
110100,5.0,5.0,11
110150,5.0,5.0,11
110200,5.0,5.0,11
110250,5.0,5.0,11
110300,5.0,5.0,11
110350,5.0,5.0,11
110400,5.0,5.0,11
110450,5.0,5.0,11
110500,5.0,5.0,11
110550,5.0,5.0,11
110600,5.0,5.0,11
110650,5.0,5.0,11
110700,5.0,5.0,11
110750,5.0,5.0,11
110800,5.0,5.0,11
110850,5.0,5.0,11
110900,5.0,5.0,11
110950,5.0,5.0,11
111000,5.0,5.0,11
111050,5.0,5.0,11
111100,5.0,5.0,11
111150,5.0,5.0,11
111200,5.0,5.0,11
111250,5.0,5.0,11
111300,5.0,5.0,11
111350,5.0,5.0,11
111400,5.0,5.0,11
111450,5.0,5.0,11
111500,5.0,5.0,11
111550,5.0,5.0,11
111600,5.0,5.0,11
111650,5.0,5.0,11
111700,5.0,5.0,11
111750,5.0,5.0,11
111800,5.0,5.0,11
111850,5.0,5.0,11
111900,5.0,5.0,11
111950,5.0,5.0,11
112000,5.0,5.0,11
112050,5.0,5.0,11
112100,5.0,5.0,11
112150,5.0,5.0,11
112200,5.0,5.0,11
112250,5.0,5.0,11
112300,5.0,5.0,11
112350,5.0,5.0,11
112400,5.0,5.0,11
112450,5.0,5.0,11
112500,5.0,5.0,11
112550,5.0,5.0,11
112600,5.0,5.0,11
112650,5.0,5.0,11
112700,5.0,5.0,11
112750,5.0,5.0,11
112800,5.0,5.0,11
112850,5.0,5.0,11
112900,5.0,5.0,11
112950,5.0,5.0,11
113000,5.0,5.0,11
113050,5.0,5.0,11
113100,5.0,5.0,11
113150,5.0,5.0,11
113200,5.0,5.0,11
113250,5.0,5.0,11
113300,5.0,5.0,11
113350,5.0,5.0,11
113400,5.0,5.0,11
113450,5.0,5.0,11
113500,5.0,5.0,11
113550,5.0,5.0,11
113600,5.0,5.0,11
113650,5.0,5.0,11
113700,5.0,5.0,11
113750,5.0,5.0,11
113800,5.0,5.0,11
113850,5.0,5.0,11
113900,5.0,5.0,11
113950,5.0,5.0,11
114000,5.0,5.0,11
114050,5.0,5.0,11
114100,5.0,5.0,11
114150,5.0,5.0,11
114200,5.0,5.0,11
114250,5.0,5.0,11
114300,5.0,5.0,11
114350,5.0,5.0,11
114400,5.0,5.0,11
114450,5.0,5.0,11
114500,5.0,5.0,11
114550,5.0,5.0,11
114600,5.0,5.0,11
114650,5.0,5.0,11
114700,5.0,5.0,11
114750,5.0,5.0,11
114800,5.0,5.0,11
114850,5.0,5.0,11
114900,5.0,5.0,11
114950,5.0,5.0,11
115000,5.0,5.0,11
115050,5.0,5.0,11
115100,5.0,5.0,11
115150,5.0,5.0,11
115200,5.0,5.0,11
115250,5.0,5.0,11
115300,5.0,5.0,11
115350,5.0,5.0,11
115400,5.0,5.0,11
115450,5.0,5.0,11
115500,5.0,5.0,11
115550,5.0,5.0,11
115600,5.0,5.0,11
115650,5.0,5.0,11
115700,5.0,5.0,11
115750,5.0,5.0,11
115800,5.0,5.0,11
115850,5.0,5.0,11
115900,5.0,5.0,11
115950,5.0,5.0,11
116000,5.0,5.0,11
116050,5.0,5.0,11
116100,5.0,5.0,11
116150,5.0,5.0,11
116200,5.0,5.0,11
116250,5.0,5.0,11
116300,5.0,5.0,11
116350,5.0,5.0,11
116400,5.0,5.0,11
116450,5.0,5.0,11
116500,5.0,5.0,11
116550,5.0,5.0,11
116600,5.0,5.0,11
116650,5.0,5.0,11
116700,5.0,5.0,11
116750,5.0,5.0,11
116800,5.0,5.0,11
116850,5.0,5.0,11
116900,5.0,5.0,11
116950,5.0,5.0,11
117000,5.0,5.0,11
117050,5.0,5.0,11
117100,5.0,5.0,11
117150,5.0,5.0,11
117200,5.0,5.0,11
117250,5.0,5.0,11
117300,5.0,5.0,11
117350,5.0,5.0,11
117400,5.0,5.0,11
117450,5.0,5.0,11
117500,5.0,5.0,11
117550,5.0,5.0,11
117600,5.0,5.0,11
117650,5.0,5.0,11
117700,5.0,5.0,11
117750,5.0,5.0,11
117800,5.0,5.0,11
117850,5.0,5.0,11
117900,5.0,5.0,11
117950,5.0,5.0,11
118000,5.0,5.0,11
118050,5.0,5.0,11
118100,5.0,5.0,11
118150,5.0,5.0,11
118200,5.0,5.0,11
118250,5.0,5.0,11
118300,5.0,5.0,11
118350,5.0,5.0,11
118400,5.0,5.0,11
118450,5.0,5.0,11
118500,5.0,5.0,11
118550,5.0,5.0,11
118600,5.0,5.0,11
118650,5.0,5.0,11
118700,5.0,5.0,11
118750,5.0,5.0,11
118800,5.0,5.0,11
118850,5.0,5.0,11
118900,5.0,5.0,11
118950,5.0,5.0,11
119000,5.0,5.0,11
119050,5.0,5.0,11
119100,5.0,5.0,11
119150,5.0,5.0,11
119200,5.0,5.0,11
119250,5.0,5.0,11
119300,5.0,5.0,11
119350,5.0,5.0,11
119400,5.0,5.0,11
119450,5.0,5.0,11
119500,5.0,5.0,11
119550,5.0,5.0,11
119600,5.0,5.0,11
119650,5.0,5.0,11
119700,5.0,5.0,11
119750,5.0,5.0,11
119800,5.0,5.0,11
119850,5.0,5.0,11
119900,5.0,5.0,11
119950,5.0,5.0,11
120000,5.0,5.0,11
120050,5.0,5.0,11
120100,5.0,5.0,11
120150,5.0,5.0,11
120200,5.0,5.0,11
120250,5.0,5.0,11
120300,5.0,5.0,11
120350,5.0,5.0,11
120400,5.0,5.0,11
120450,5.0,5.0,11
120500,5.0,5.0,11
120550,5.0,5.0,11
120600,5.0,5.0,11
120650,5.0,5.0,11
120700,5.0,5.0,11
120750,5.0,5.0,11
120800,5.0,5.0,11
120850,5.0,5.0,11
120900,5.0,5.0,11
120950,5.0,5.0,11
121000,5.0,5.0,11
121050,5.0,5.0,11
121100,5.0,5.0,11
121150,5.0,5.0,11
121200,5.0,5.0,11
121250,5.0,5.0,11
121300,5.0,5.0,11
121350,5.0,5.0,11
121400,5.0,5.0,11
121450,5.0,5.0,11
121500,5.0,5.0,11
121550,5.0,5.0,11
121600,5.0,5.0,11
121650,5.0,5.0,11
121700,5.0,5.0,11
121750,5.0,5.0,11
121800,5.0,5.0,11
121850,5.0,5.0,11
121900,5.0,5.0,11
121950,5.0,5.0,11
122000,5.0,5.0,11
122050,5.0,5.0,11
122100,5.0,5.0,11
122150,5.0,5.0,11
122200,5.0,5.0,11
122250,5.0,5.0,11
122300,5.0,5.0,11
122350,5.0,5.0,11
122400,5.0,5.0,11
122450,5.0,5.0,11
122500,5.0,5.0,11
122550,5.0,5.0,11
122600,5.0,5.0,11
122650,5.0,5.0,11
122700,5.0,5.0,11
122750,5.0,5.0,11
122800,5.0,5.0,11
122850,5.0,5.0,11
122900,5.0,5.0,11
122950,5.0,5.0,11
123000,5.0,5.0,11
123050,5.0,5.0,11
123100,5.0,5.0,11
123150,5.0,5.0,11
123200,5.0,5.0,11
123250,5.0,5.0,11
123300,5.0,5.0,11
123350,5.0,5.0,11
123400,5.0,5.0,11
123450,5.0,5.0,11
123500,5.0,5.0,11
123550,5.0,5.0,11
123600,5.0,5.0,11
123650,5.0,5.0,11
123700,5.0,5.0,11
123750,5.0,5.0,11
123800,5.0,5.0,11
123850,5.0,5.0,11
123900,5.0,5.0,11
123950,5.0,5.0,11
124000,5.0,5.0,11
124050,5.0,5.0,11
124100,5.0,5.0,11
124150,5.0,5.0,11
124200,5.0,5.0,11
124250,5.0,5.0,11
124300,5.0,5.0,11
124350,5.0,5.0,11
124400,5.0,5.0,11
124450,5.0,5.0,11
124500,5.0,5.0,11
124550,5.0,5.0,11
124600,5.0,5.0,11
124650,5.0,5.0,11
124700,5.0,5.0,11
124750,5.0,5.0,11
124800,5.0,5.0,11
124850,5.0,5.0,11
124900,5.0,5.0,11
124950,5.0,5.0,11
125000,5.0,5.0,11
125050,5.0,5.0,11
125100,5.0,5.0,11
125150,5.0,5.0,11
125200,5.0,5.0,11
125250,5.0,5.0,11
125300,5.0,5.0,11
125350,5.0,5.0,11
125400,5.0,5.0,11
125450,5.0,5.0,11
125500,5.0,5.0,11
125550,5.0,5.0,11
125600,5.0,5.0,11
125650,5.0,5.0,11
125700,5.0,5.0,11
125750,5.0,5.0,11
125800,5.0,5.0,11
125850,5.0,5.0,11
125900,5.0,5.0,11
125950,5.0,5.0,11
126000,5.0,5.0,11
126050,5.0,5.0,11
126100,5.0,5.0,11
126150,5.0,5.0,11
126200,5.0,5.0,11
126250,5.0,5.0,11
126300,5.0,5.0,11
126350,5.0,5.0,11
126400,5.0,5.0,11
126450,5.0,5.0,11
126500,5.0,5.0,11
126550,5.0,5.0,11
126600,5.0,5.0,11
126650,5.0,5.0,11
126700,5.0,5.0,11
126750,5.0,5.0,11
126800,5.0,5.0,11
126850,5.0,5.0,11
126900,5.0,5.0,11
126950,5.0,5.0,11
127000,5.0,5.0,11
127050,5.0,5.0,11
127100,5.0,5.0,11
127150,5.0,5.0,11
127200,5.0,5.0,11
127250,5.0,5.0,11
127300,5.0,5.0,11
127350,5.0,5.0,11
127400,5.0,5.0,11
127450,5.0,5.0,11
127500,5.0,5.0,11
127550,5.0,5.0,11
127600,5.0,5.0,11
127650,5.0,5.0,11
127700,5.0,5.0,11
127750,5.0,5.0,11
127800,5.0,5.0,11
127850,5.0,5.0,11
127900,5.0,5.0,11
127950,5.0,5.0,11
128000,5.0,5.0,11
128050,5.0,5.0,11
128100,5.0,5.0,11
128150,5.0,5.0,11
128200,5.0,5.0,11
128250,5.0,5.0,11
128300,5.0,5.0,11
128350,5.0,5.0,11
128400,5.0,5.0,11
128450,5.0,5.0,11
128500,5.0,5.0,11
128550,5.0,5.0,11
128600,5.0,5.0,11
128650,5.0,5.0,11
128700,5.0,5.0,11
128750,5.0,5.0,11
128800,5.0,5.0,11
128850,5.0,5.0,11
128900,5.0,5.0,11
128950,5.0,5.0,11
129000,5.0,5.0,11
129050,5.0,5.0,11
129100,5.0,5.0,11
129150,5.0,5.0,11
129200,5.0,5.0,11
129250,5.0,5.0,11
129300,5.0,5.0,11
129350,5.0,5.0,11
129400,5.0,5.0,11
129450,5.0,5.0,11
129500,5.0,5.0,11
129550,5.0,5.0,11
129600,5.0,5.0,11
129650,5.0,5.0,11
129700,5.0,5.0,11
129750,5.0,5.0,11
129800,5.0,5.0,11
129850,5.0,5.0,11
129900,5.0,5.0,11
129950,5.0,5.0,11
130000,5.0,5.0,11
130050,5.0,5.0,11
130100,5.0,5.0,11
130150,5.0,5.0,11
130200,5.0,5.0,11
130250,5.0,5.0,11
130300,5.0,5.0,11
130350,5.0,5.0,11
130400,5.0,5.0,11
130450,5.0,5.0,11
130500,5.0,5.0,11
130550,5.0,5.0,11
130600,5.0,5.0,11
130650,5.0,5.0,11
130700,5.0,5.0,11
130750,5.0,5.0,11
130800,5.0,5.0,11
130850,5.0,5.0,11
130900,5.0,5.0,11
130950,5.0,5.0,11
131000,5.0,5.0,11
131050,5.0,5.0,11
131100,5.0,5.0,11
131150,5.0,5.0,11
131200,5.0,5.0,11
131250,5.0,5.0,11
131300,5.0,5.0,11
131350,5.0,5.0,11
131400,5.0,5.0,11
131450,5.0,5.0,11
131500,5.0,5.0,11
131550,5.0,5.0,11
131600,5.0,5.0,11
131650,5.0,5.0,11
131700,5.0,5.0,11
131750,5.0,5.0,11
131800,5.0,5.0,11
131850,5.0,5.0,11
131900,5.0,5.0,11
131950,5.0,5.0,11
132000,5.0,5.0,11
132050,5.0,5.0,11
132100,5.0,5.0,11
132150,5.0,5.0,11
132200,5.0,5.0,11
132250,5.0,5.0,11
132300,5.0,5.0,11
132350,5.0,5.0,11
132400,5.0,5.0,11
132450,5.0,5.0,11
132500,5.0,5.0,11
132550,5.0,5.0,11
132600,5.0,5.0,11
132650,5.0,5.0,11
132700,5.0,5.0,11
132750,5.0,5.0,11
132800,5.0,5.0,11
132850,5.0,5.0,11
132900,5.0,5.0,11
132950,5.0,5.0,11
133000,5.0,5.0,11
133050,5.0,5.0,11
133100,5.0,5.0,11
133150,5.0,5.0,11
133200,5.0,5.0,11
133250,5.0,5.0,11
133300,5.0,5.0,11
133350,5.0,5.0,11
133400,5.0,5.0,11
133450,5.0,5.0,11
133500,5.0,5.0,11
133550,5.0,5.0,11
133600,5.0,5.0,11
133650,5.0,5.0,11
133700,5.0,5.0,11
133750,5.0,5.0,11
133800,5.0,5.0,11
133850,5.0,5.0,11
133900,5.0,5.0,11
133950,5.0,5.0,11
134000,5.0,5.0,11
134050,5.0,5.0,11
134100,5.0,5.0,11
134150,5.0,5.0,11
134200,5.0,5.0,11
134250,5.0,5.0,11
134300,5.0,5.0,11
134350,5.0,5.0,11
134400,5.0,5.0,11
134450,5.0,5.0,11
134500,5.0,5.0,11
134550,5.0,5.0,11
134600,5.0,5.0,11
134650,5.0,5.0,11
134700,5.0,5.0,11
134750,5.0,5.0,11
134800,5.0,5.0,11
134850,5.0,5.0,11
134900,5.0,5.0,11
134950,5.0,5.0,11
135000,5.0,5.0,11
135050,5.0,5.0,11
135100,5.0,5.0,11
135150,5.0,5.0,11
135200,5.0,5.0,11
135250,5.0,5.0,11
135300,5.0,5.0,11
135350,5.0,5.0,11
135400,5.0,5.0,11
135450,5.0,5.0,11
135500,5.0,5.0,11
135550,5.0,5.0,11
135600,5.0,5.0,11
135650,5.0,5.0,11
135700,5.0,5.0,11
135750,5.0,5.0,11
135800,5.0,5.0,11
135850,5.0,5.0,11
135900,5.0,5.0,11
135950,5.0,5.0,11
136000,5.0,5.0,11
136050,5.0,5.0,11
136100,5.0,5.0,11
136150,5.0,5.0,11
136200,5.0,5.0,11
136250,5.0,5.0,11
136300,5.0,5.0,11
136350,5.0,5.0,11
136400,5.0,5.0,11
136450,5.0,5.0,11
136500,5.0,5.0,11
136550,5.0,5.0,11
136600,5.0,5.0,11
136650,5.0,5.0,11
136700,5.0,5.0,11
136750,5.0,5.0,11
136800,5.0,5.0,11
136850,5.0,5.0,11
136900,5.0,5.0,11
136950,5.0,5.0,11
137000,5.0,5.0,11
137050,5.0,5.0,11
137100,5.0,5.0,11
137150,5.0,5.0,11
137200,5.0,5.0,11
137250,5.0,5.0,11
137300,5.0,5.0,11
137350,5.0,5.0,11
137400,5.0,5.0,11
137450,5.0,5.0,11
137500,5.0,5.0,11
137550,5.0,5.0,11
137600,5.0,5.0,11
137650,5.0,5.0,11
137700,5.0,5.0,11
137750,5.0,5.0,11
137800,5.0,5.0,11
137850,5.0,5.0,11
137900,5.0,5.0,11
137950,5.0,5.0,11
138000,5.0,5.0,11
138050,5.0,5.0,11
138100,5.0,5.0,11
138150,5.0,5.0,11
138200,5.0,5.0,11
138250,5.0,5.0,11
138300,5.0,5.0,11
138350,5.0,5.0,11
138400,5.0,5.0,11
138450,5.0,5.0,11
138500,5.0,5.0,11
138550,5.0,5.0,11
138600,5.0,5.0,11
138650,5.0,5.0,11
138700,5.0,5.0,11
138750,5.0,5.0,11
138800,5.0,5.0,11
138850,5.0,5.0,11
138900,5.0,5.0,11
138950,5.0,5.0,11
139000,5.0,5.0,11
139050,5.0,5.0,11
139100,5.0,5.0,11
139150,5.0,5.0,11
139200,5.0,5.0,11
139250,5.0,5.0,11
139300,5.0,5.0,11
139350,5.0,5.0,11
139400,5.0,5.0,11
139450,5.0,5.0,11
139500,5.0,5.0,11
139550,5.0,5.0,11
139600,5.0,5.0,11
139650,5.0,5.0,11
139700,5.0,5.0,11
139750,5.0,5.0,11
139800,5.0,5.0,11
139850,5.0,5.0,11
139900,5.0,5.0,11
139950,5.0,5.0,11
140000,5.0,5.0,11
140050,5.0,5.0,11
140100,5.0,5.0,11
140150,5.0,5.0,11
140200,5.0,5.0,11
140250,5.0,5.0,11
140300,5.0,5.0,11
140350,5.0,5.0,11
140400,5.0,5.0,11
140450,5.0,5.0,11
140500,5.0,5.0,11
140550,5.0,5.0,11
140600,5.0,5.0,11
140650,5.0,5.0,11
140700,5.0,5.0,11
140750,5.0,5.0,11
140800,5.0,5.0,11
140850,5.0,5.0,11
140900,5.0,5.0,11
140950,5.0,5.0,11
141000,5.0,5.0,11
141050,5.0,5.0,11
141100,5.0,5.0,11
141150,5.0,5.0,11
141200,5.0,5.0,11
141250,5.0,5.0,11
141300,5.0,5.0,11
141350,5.0,5.0,11
141400,5.0,5.0,11
141450,5.0,5.0,11
141500,5.0,5.0,11
141550,5.0,5.0,11
141600,5.0,5.0,11
141650,5.0,5.0,11
141700,5.0,5.0,11
141750,5.0,5.0,11
141800,5.0,5.0,11
141850,5.0,5.0,11
141900,5.0,5.0,11
141950,5.0,5.0,11
142000,5.0,5.0,11
142050,5.0,5.0,11
142100,5.0,5.0,11
142150,5.0,5.0,11
142200,5.0,5.0,11
142250,5.0,5.0,11
142300,5.0,5.0,11
142350,5.0,5.0,11
142400,5.0,5.0,11
142450,5.0,5.0,11
142500,5.0,5.0,11
142550,5.0,5.0,11
142600,5.0,5.0,11
142650,5.0,5.0,11
142700,5.0,5.0,11
142750,5.0,5.0,11
142800,5.0,5.0,11
142850,5.0,5.0,11
142900,5.0,5.0,11
142950,5.0,5.0,11
143000,5.0,5.0,11
143050,5.0,5.0,11
143100,5.0,5.0,11
143150,5.0,5.0,11
143200,5.0,5.0,11
143250,5.0,5.0,11
143300,5.0,5.0,11
143350,5.0,5.0,11
143400,5.0,5.0,11
143450,5.0,5.0,11
143500,5.0,5.0,11
143550,5.0,5.0,11
143600,5.0,5.0,11
143650,5.0,5.0,11
143700,5.0,5.0,11
143750,5.0,5.0,11
143800,5.0,5.0,11
143850,5.0,5.0,11
143900,5.0,5.0,11
143950,5.0,5.0,11
144000,5.0,5.0,11
144050,5.0,5.0,11
144100,5.0,5.0,11
144150,5.0,5.0,11
144200,5.0,5.0,11
144250,5.0,5.0,11
144300,5.0,5.0,11
144350,5.0,5.0,11
144400,5.0,5.0,11
144450,5.0,5.0,11
144500,5.0,5.0,11
144550,5.0,5.0,11
144600,5.0,5.0,11
144650,5.0,5.0,11
144700,5.0,5.0,11
144750,5.0,5.0,11
144800,5.0,5.0,11
144850,5.0,5.0,11
144900,5.0,5.0,11
144950,5.0,5.0,11
145000,5.0,5.0,11
145050,5.0,5.0,11
145100,5.0,5.0,11
145150,5.0,5.0,11
145200,5.0,5.0,11
145250,5.0,5.0,11
145300,5.0,5.0,11
145350,5.0,5.0,11
145400,5.0,5.0,11
145450,5.0,5.0,11
145500,5.0,5.0,11
145550,5.0,5.0,11
145600,5.0,5.0,11
145650,5.0,5.0,11
145700,5.0,5.0,11
145750,5.0,5.0,11
145800,5.0,5.0,11
145850,5.0,5.0,11
145900,5.0,5.0,11
145950,5.0,5.0,11
146000,5.0,5.0,11
146050,5.0,5.0,11
146100,5.0,5.0,11
146150,5.0,5.0,11
146200,5.0,5.0,11
146250,5.0,5.0,11
146300,5.0,5.0,11
146350,5.0,5.0,11
146400,5.0,5.0,11
146450,5.0,5.0,11
146500,5.0,5.0,11
146550,5.0,5.0,11
146600,5.0,5.0,11
146650,5.0,5.0,11
146700,5.0,5.0,11
146750,5.0,5.0,11
146800,5.0,5.0,11
146850,5.0,5.0,11
146900,5.0,5.0,11
146950,5.0,5.0,11
147000,5.0,5.0,11
147050,5.0,5.0,11
147100,5.0,5.0,11
147150,5.0,5.0,11
147200,5.0,5.0,11
147250,5.0,5.0,11
147300,5.0,5.0,11
147350,5.0,5.0,11
147400,5.0,5.0,11
147450,5.0,5.0,11
147500,5.0,5.0,11
147550,5.0,5.0,11
147600,5.0,5.0,11
147650,5.0,5.0,11
147700,5.0,5.0,11
147750,5.0,5.0,11
147800,5.0,5.0,11
147850,5.0,5.0,11
147900,5.0,5.0,11
147950,5.0,5.0,11
148000,5.0,5.0,11
148050,5.0,5.0,11
148100,5.0,5.0,11
148150,5.0,5.0,11
148200,5.0,5.0,11
148250,5.0,5.0,11
148300,5.0,5.0,11
148350,5.0,5.0,11
148400,5.0,5.0,11
148450,5.0,5.0,11
148500,5.0,5.0,11
148550,5.0,5.0,11
148600,5.0,5.0,11
148650,5.0,5.0,11
148700,5.0,5.0,11
148750,5.0,5.0,11
148800,5.0,5.0,11
148850,5.0,5.0,11
148900,5.0,5.0,11
148950,5.0,5.0,11
149000,5.0,5.0,11
149050,5.0,5.0,11
149100,5.0,5.0,11
149150,5.0,5.0,11
149200,5.0,5.0,11
149250,5.0,5.0,11
149300,5.0,5.0,11
149350,5.0,5.0,11
149400,5.0,5.0,11
149450,5.0,5.0,11
149500,5.0,5.0,11
149550,5.0,5.0,11
149600,5.0,5.0,11
149650,5.0,5.0,11
149700,5.0,5.0,11
149750,5.0,5.0,11
149800,5.0,5.0,11
149850,5.0,5.0,11
149900,5.0,5.0,11
149950,5.0,5.0,11
150000,5.0,5.0,11
150050,5.0,5.0,11
150100,5.0,5.0,11
150150,5.0,5.0,11
150200,5.0,5.0,11
150250,5.0,5.0,11
150300,5.0,5.0,11
150350,5.0,5.0,11
150400,5.0,5.0,11
150450,5.0,5.0,11
150500,5.0,5.0,11
150550,5.0,5.0,11
150600,5.0,5.0,11
150650,5.0,5.0,11
150700,5.0,5.0,11
150750,5.0,5.0,11
150800,5.0,5.0,11
150850,5.0,5.0,11
150900,5.0,5.0,11
150950,5.0,5.0,11
151000,5.0,5.0,11
151050,5.0,5.0,11
151100,5.0,5.0,11
151150,5.0,5.0,11
151200,5.0,5.0,11
151250,5.0,5.0,11
151300,5.0,5.0,11
151350,5.0,5.0,11
151400,5.0,5.0,11
151450,5.0,5.0,11
151500,5.0,5.0,11
151550,5.0,5.0,11
151600,5.0,5.0,11
151650,5.0,5.0,11
151700,5.0,5.0,11
151750,5.0,5.0,11
151800,5.0,5.0,11
151850,5.0,5.0,11
151900,5.0,5.0,11
151950,5.0,5.0,11
152000,5.0,5.0,11
152050,5.0,5.0,11
152100,5.0,5.0,11
152150,5.0,5.0,11
152200,5.0,5.0,11
152250,5.0,5.0,11
152300,5.0,5.0,11
152350,5.0,5.0,11
152400,5.0,5.0,11
152450,5.0,5.0,11
152500,5.0,5.0,11
152550,5.0,5.0,11
152600,5.0,5.0,11
152650,5.0,5.0,11
152700,5.0,5.0,11
152750,5.0,5.0,11
152800,5.0,5.0,11
152850,5.0,5.0,11
152900,5.0,5.0,11
152950,5.0,5.0,11
153000,5.0,5.0,11
153050,5.0,5.0,11
153100,5.0,5.0,11
153150,5.0,5.0,11
153200,5.0,5.0,11
153250,5.0,5.0,11
153300,5.0,5.0,11
153350,5.0,5.0,11
153400,5.0,5.0,11
153450,5.0,5.0,11
153500,5.0,5.0,11
153550,5.0,5.0,11
153600,5.0,5.0,11
153650,5.0,5.0,11
153700,5.0,5.0,11
153750,5.0,5.0,11
153800,5.0,5.0,11
153850,5.0,5.0,11
153900,5.0,5.0,11
153950,5.0,5.0,11
154000,5.0,5.0,11
154050,5.0,5.0,11
154100,5.0,5.0,11
154150,5.0,5.0,11
154200,5.0,5.0,11
154250,5.0,5.0,11
154300,5.0,5.0,11
154350,5.0,5.0,11
154400,5.0,5.0,11
154450,5.0,5.0,11
154500,5.0,5.0,11
154550,5.0,5.0,11
154600,5.0,5.0,11
154650,5.0,5.0,11
154700,5.0,5.0,11
154750,5.0,5.0,11
154800,5.0,5.0,11
154850,5.0,5.0,11
154900,5.0,5.0,11
154950,5.0,5.0,11
155000,5.0,5.0,11
155050,5.0,5.0,11
155100,5.0,5.0,11
155150,5.0,5.0,11
155200,5.0,5.0,11
155250,5.0,5.0,11
155300,5.0,5.0,11
155350,5.0,5.0,11
155400,5.0,5.0,11
155450,5.0,5.0,11
155500,5.0,5.0,11
155550,5.0,5.0,11
155600,5.0,5.0,11
155650,5.0,5.0,11
155700,5.0,5.0,11
155750,5.0,5.0,11
155800,5.0,5.0,11
155850,5.0,5.0,11
155900,5.0,5.0,11
155950,5.0,5.0,11
156000,5.0,5.0,11
156050,5.0,5.0,11
156100,5.0,5.0,11
156150,5.0,5.0,11
156200,5.0,5.0,11
156250,5.0,5.0,11
156300,5.0,5.0,11
156350,5.0,5.0,11
156400,5.0,5.0,11
156450,5.0,5.0,11
156500,5.0,5.0,11
156550,5.0,5.0,11
156600,5.0,5.0,11
156650,5.0,5.0,11
156700,5.0,5.0,11
156750,5.0,5.0,11
156800,5.0,5.0,11
156850,5.0,5.0,11
156900,5.0,5.0,11
156950,5.0,5.0,11
157000,5.0,5.0,11
157050,5.0,5.0,11
157100,5.0,5.0,11
157150,5.0,5.0,11
157200,5.0,5.0,11
157250,5.0,5.0,11
157300,5.0,5.0,11
157350,5.0,5.0,11
157400,5.0,5.0,11
157450,5.0,5.0,11
157500,5.0,5.0,11
157550,5.0,5.0,11
157600,5.0,5.0,11
157650,5.0,5.0,11
157700,5.0,5.0,11
157750,5.0,5.0,11
157800,5.0,5.0,11
157850,5.0,5.0,11
157900,5.0,5.0,11
157950,5.0,5.0,11
158000,5.0,5.0,11
158050,5.0,5.0,11
158100,5.0,5.0,11
158150,5.0,5.0,11
158200,5.0,5.0,11
158250,5.0,5.0,11
158300,5.0,5.0,11
158350,5.0,5.0,11
158400,5.0,5.0,11
158450,5.0,5.0,11
158500,5.0,5.0,11
158550,5.0,5.0,11
158600,5.0,5.0,11
158650,5.0,5.0,11
158700,5.0,5.0,11
158750,5.0,5.0,11
158800,5.0,5.0,11
158850,5.0,5.0,11
158900,5.0,5.0,11
158950,5.0,5.0,11
159000,5.0,5.0,11
159050,5.0,5.0,11
159100,5.0,5.0,11
159150,5.0,5.0,11
159200,5.0,5.0,11
159250,5.0,5.0,11
159300,5.0,5.0,11
159350,5.0,5.0,11
159400,5.0,5.0,11
159450,5.0,5.0,11
159500,5.0,5.0,11
159550,5.0,5.0,11
159600,5.0,5.0,11
159650,5.0,5.0,11
159700,5.0,5.0,11
159750,5.0,5.0,11
159800,5.0,5.0,11
159850,5.0,5.0,11
159900,5.0,5.0,11
159950,5.0,5.0,11
160000,5.0,5.0,11
160050,5.0,5.0,11
160100,5.0,5.0,11
160150,5.0,5.0,11
160200,5.0,5.0,11
160250,5.0,5.0,11
160300,5.0,5.0,11
160350,5.0,5.0,11
160400,5.0,5.0,11
160450,5.0,5.0,11
160500,5.0,5.0,11
160550,5.0,5.0,11
160600,5.0,5.0,11
160650,5.0,5.005,11
160700,5.0,5.017,11
160750,5.0,5.018,11
160800,5.0,5.025,11
160850,5.0,5.03,11
160900,5.0,5.031,11
160950,5.0,5.031,11
161000,5.0,5.031,11
161050,5.0,5.031,11
161100,5.0,5.031,11
161150,5.0,5.031,11
161200,5.0,5.031,11
161250,5.0,5.031,11
161300,5.0,5.031,11
161350,5.0,5.031,11
161400,5.0,5.031,11
161450,5.0,5.031,11
161500,5.0,5.031,11
161550,5.0,5.031,11
161600,5.0,5.031,11
161650,5.0,5.031,11
161700,5.0,5.031,11
161750,5.0,5.031,11
161800,5.0,5.031,11
161850,5.0,5.031,11
161900,5.0,5.031,11
161950,5.0,5.031,11
162000,5.0,5.031,11
162050,5.0,5.031,11
162100,5.0,5.031,11
162150,5.0,5.031,11
162200,5.0,5.031,11
162250,5.0,5.031,11
162300,5.0,5.031,11
162350,5.0,5.015,11
162400,5.0,5.01,11
162450,5.0,5.001,11
162500,5.0,5.0,11
162550,5.0,5.0,11
162600,5.0,5.0,11
162650,5.0,5.0,11
162700,5.0,5.0,11
162750,5.0,5.0,11
162800,5.0,5.0,11
162850,5.0,5.0,11
162900,5.0,5.0,11
162950,5.0,5.0,11
163000,5.0,5.0,11
163050,5.0,5.0,11
163100,5.0,5.0,11
163150,5.0,5.0,11
163200,5.0,5.0,11
163250,5.0,5.0,11
163300,5.0,5.0,11
163350,5.0,5.0,11
163400,5.0,5.0,11
163450,5.0,5.0,11
163500,5.0,5.0,11
163550,5.0,5.0,11
163600,5.0,5.0,11
163650,5.0,5.0,11
163700,5.0,5.0,11
163750,5.0,5.0,11
163800,5.0,5.0,11
163850,5.0,5.0,11
163900,5.0,5.0,11
163950,5.0,5.0,11
164000,5.0,5.0,11
164050,5.0,5.0,11
164100,5.0,5.0,11
164150,5.0,5.0,11
164200,5.0,5.0,11
164250,5.0,5.0,11
164300,5.0,5.0,11
164350,5.0,5.0,11
164400,5.0,5.0,11
164450,5.0,5.0,11
164500,5.0,5.0,11
164550,5.0,5.0,11
164600,5.0,5.0,11
164650,5.0,5.0,11
164700,5.0,5.0,11
164750,5.0,5.0,11
164800,5.0,5.0,11
164850,5.0,5.0,11
164900,5.0,5.0,11
164950,5.0,5.0,11
165000,5.0,5.0,11
165050,5.0,5.0,11
165100,5.0,5.0,11
165150,5.0,5.0,11
165200,5.0,5.0,11
165250,5.0,5.0,11
165300,5.0,5.0,11
165350,5.0,5.0,11
165400,5.0,5.0,11
165450,5.0,5.0,11
165500,5.0,5.0,11
165550,5.0,5.0,11
165600,5.0,5.0,11
165650,5.0,5.0,11
165700,5.0,5.0,11
165750,5.0,5.0,11
165800,5.0,5.0,11
165850,5.0,5.0,11
165900,5.0,5.0,11
165950,5.0,5.0,11
166000,5.0,5.0,11
166050,5.0,5.0,11
166100,5.0,5.0,11
166150,5.0,5.0,11
166200,5.0,5.0,11
166250,5.0,5.0,11
166300,5.0,5.0,11
166350,5.0,5.0,11
166400,5.0,5.0,11
166450,5.0,5.0,11
166500,5.0,5.0,11
166550,5.0,5.0,11
166600,5.0,5.0,11
166650,5.0,5.0,11
166700,5.0,5.0,11
166750,5.0,5.0,11
166800,5.0,5.0,11
166850,5.0,5.0,11
166900,5.0,5.0,11
166950,5.0,5.0,11
167000,5.0,5.0,11
167050,5.0,5.0,11
167100,5.0,5.0,11
167150,5.0,5.0,11
167200,5.0,5.0,11
167250,5.0,5.0,11
167300,5.0,5.0,11
167350,5.0,5.0,11
167400,5.0,5.0,11
167450,5.0,5.0,11
167500,5.0,5.0,11
167550,5.0,5.0,11
167600,5.0,5.0,11
167650,5.0,5.0,11
167700,5.0,5.0,11
167750,5.0,5.0,11
167800,5.0,5.0,11
167850,5.0,5.0,11
167900,5.0,5.0,11
167950,5.0,5.0,11
168000,5.0,5.0,11
168050,5.0,5.0,11
168100,5.0,5.0,11
168150,5.0,5.0,11
168200,5.0,5.0,11
168250,5.0,5.0,11
168300,5.0,5.0,11
168350,5.0,5.0,11
168400,5.0,5.0,11
168450,5.0,5.0,11
168500,5.0,5.0,11
168550,5.0,5.0,11
168600,5.0,5.0,11
168650,5.0,5.0,11
168700,5.0,5.0,11
168750,5.0,5.0,11
168800,5.0,5.0,11
168850,5.0,5.0,11
168900,5.0,5.0,11
168950,5.0,5.0,11
169000,5.0,5.0,11
169050,5.0,5.0,11
169100,5.0,5.0,11
169150,5.0,5.0,11
169200,5.0,5.0,11
169250,5.0,5.0,11
169300,5.0,5.0,11
169350,5.0,5.0,11
169400,5.0,5.0,11
169450,5.0,5.0,11
169500,5.0,5.0,11
169550,5.0,5.0,11
169600,5.0,5.0,11
169650,5.0,5.0,11
169700,5.0,5.0,11
169750,5.0,5.0,11
169800,5.0,5.0,11
169850,5.0,5.0,11
169900,5.0,5.0,11
169950,5.0,5.0,11
170000,5.0,5.0,11
170050,5.0,5.0,11
170100,5.0,5.0,11
170150,5.0,5.0,11
170200,5.0,5.0,11
170250,5.0,5.0,11
170300,5.0,5.0,11
170350,5.0,5.0,11
170400,5.0,5.0,11
170450,5.0,5.0,11
170500,5.0,5.0,11
170550,5.0,5.0,11
170600,5.0,5.0,11
170650,5.0,5.0,11
170700,5.0,5.0,11
170750,5.0,5.0,11
170800,5.0,5.0,11
170850,5.0,5.0,11
170900,5.0,5.0,11
170950,5.0,5.0,11
171000,5.0,5.0,11
171050,5.0,5.0,11
171100,5.0,5.0,11
171150,5.0,5.0,11
171200,5.0,5.0,11
171250,5.0,5.0,11
171300,5.0,5.0,11
171350,5.0,5.0,11
171400,5.0,5.0,11
171450,5.0,5.0,11
171500,5.0,5.0,11
171550,5.0,5.0,11
171600,5.0,5.0,11
171650,5.0,5.0,11
171700,5.0,5.0,11
171750,5.0,5.0,11
171800,5.0,5.0,11
171850,5.0,5.0,11
171900,5.0,5.0,11
171950,5.0,5.0,11
172000,5.0,5.0,11
172050,5.0,5.0,11
172100,5.0,5.0,11
172150,5.0,5.0,11
172200,5.0,5.0,11
172250,5.0,5.0,11
172300,5.0,5.0,11
172350,5.0,5.0,11
172400,5.0,5.0,11
172450,5.0,5.0,11
172500,5.0,5.0,11
172550,5.0,5.0,11
172600,5.0,5.0,11
172650,5.0,5.0,11
172700,5.0,5.0,11
172750,5.0,5.0,11
172800,5.0,5.0,11
172850,5.0,5.0,11
172900,5.0,5.0,11
172950,5.0,5.0,11
173000,5.0,5.0,11
173050,5.0,5.0,11
173100,5.0,5.0,11
173150,5.0,5.0,11
173200,5.0,5.0,11
173250,5.0,5.0,11
173300,5.0,5.0,11
173350,5.0,5.0,11
173400,5.0,5.0,11
173450,5.0,5.0,11
173500,5.0,5.0,11
173550,5.0,5.0,11
173600,5.0,5.0,11
173650,5.0,5.0,11
173700,5.0,5.0,11
173750,5.0,5.0,11
173800,5.0,5.0,11
173850,5.0,5.0,11
173900,5.0,5.0,11
173950,5.0,5.0,11
174000,5.0,5.0,11
174050,5.0,5.0,11
174100,5.0,5.0,11
174150,5.0,5.0,11
174200,5.0,5.0,11
174250,5.0,5.0,11
174300,5.0,5.0,11
174350,5.0,5.0,11
174400,5.0,5.0,11
174450,5.0,5.0,11
174500,5.0,5.0,11
174550,5.0,5.0,11
174600,5.0,5.0,11
174650,5.0,5.0,11
174700,5.0,5.0,11
174750,5.0,5.0,11
174800,5.0,5.0,11
174850,5.0,5.0,11
174900,5.0,5.0,11
174950,5.0,5.0,11
175000,5.0,5.0,11
175050,5.0,5.0,11
175100,5.0,5.0,11
175150,5.0,5.0,11
175200,5.0,5.0,11
175250,5.0,5.0,11
175300,5.0,5.0,11
175350,5.0,5.0,11
175400,5.0,5.0,11
175450,5.0,5.0,11
175500,5.0,5.0,11
175550,5.0,5.0,11
175600,5.0,5.0,11
175650,5.0,5.0,11
175700,5.0,5.0,11
175750,5.0,5.0,11
175800,5.0,5.0,11
175850,5.0,5.0,11
175900,5.0,5.0,11
175950,5.0,5.0,11
176000,5.0,5.0,11
176050,5.0,5.0,11
176100,5.0,5.0,11
176150,5.0,5.0,11
176200,5.0,5.0,11
176250,5.0,5.0,11
176300,5.0,5.0,11
176350,5.0,5.0,11
176400,5.0,5.0,11
176450,5.0,5.0,11
176500,5.0,5.0,11
176550,5.0,5.0,11
176600,5.0,5.0,11
176650,5.0,5.0,11
176700,5.0,5.0,11
176750,5.0,5.0,11
176800,5.0,5.0,11
176850,5.0,5.0,11
176900,5.0,5.0,11
176950,5.0,5.0,11
177000,5.0,5.0,11
177050,5.0,5.0,11
177100,5.0,5.0,11
177150,5.0,5.0,11
177200,5.0,5.0,11
177250,5.0,5.0,11
177300,5.0,5.0,11
177350,5.0,5.0,11
177400,5.0,5.0,11
177450,5.0,5.0,11
177500,5.0,5.0,11
177550,5.0,5.0,11
177600,5.0,5.0,11
177650,5.0,5.0,11
177700,5.0,5.0,11
177750,5.0,5.0,11
177800,5.0,5.0,11
177850,5.0,5.0,11
177900,5.0,5.0,11
177950,5.0,5.0,11
178000,5.0,5.0,11
178050,5.0,5.0,11
178100,5.0,5.0,11
178150,5.0,5.0,11
178200,5.0,5.0,11
178250,5.0,5.0,11
178300,5.0,5.0,11
178350,5.0,5.0,11
178400,5.0,5.0,11
178450,5.0,5.0,11
178500,5.0,5.0,11
178550,5.0,5.0,11
178600,5.0,5.0,11
178650,5.0,5.0,11
178700,5.0,5.0,11
178750,5.0,5.0,11
178800,5.0,5.0,11
178850,5.0,5.0,11
178900,5.0,5.0,11
178950,5.0,5.0,11
179000,5.0,5.0,11
179050,5.0,5.0,11
179100,5.0,5.0,11
179150,5.0,5.0,11
179200,5.0,5.0,11
179250,5.0,5.0,11
179300,5.0,5.0,11
179350,5.0,5.0,11
179400,5.0,5.0,11
179450,5.0,5.0,11
179500,5.0,5.0,11
179550,5.0,5.0,11
179600,5.0,5.0,11
179650,5.0,5.0,11
179700,5.0,5.0,11
179750,5.0,5.0,11
179800,5.0,5.0,11
179850,5.0,5.0,11
179900,5.0,5.0,11
179950,5.0,5.0,11
180000,5.0,5.0,11
180050,5.0,5.0,11
180100,5.0,5.0,11
180150,5.0,5.0,11
180200,5.0,5.0,11
180250,5.0,5.0,11
180300,5.0,5.0,11
180350,5.0,5.0,11
180400,5.0,5.0,11
180450,5.0,5.0,11
180500,5.0,5.0,11
180550,5.0,5.0,11
180600,5.0,5.0,11
180650,5.0,5.0,11
180700,5.0,5.0,11
180750,5.0,5.0,11
180800,5.0,5.0,11
180850,5.0,5.0,11
180900,5.0,5.0,11
180950,5.0,5.0,11
181000,5.0,5.0,11
181050,5.0,5.0,11
181100,5.0,5.0,11
181150,5.0,5.0,11
181200,5.0,5.0,11
181250,5.0,5.0,11
181300,5.0,5.0,11
181350,5.0,5.0,11
181400,5.0,5.0,11
181450,5.0,5.0,11
181500,5.0,5.0,11
181550,5.0,5.0,11
181600,5.0,5.0,11
181650,5.0,5.0,11
181700,5.0,5.0,11
181750,5.0,5.0,11
181800,5.0,5.0,11
181850,5.0,5.0,11
181900,5.0,5.0,11
181950,5.0,5.0,11
182000,5.0,5.0,11
182050,5.0,5.0,11
182100,5.0,5.0,11
182150,5.0,5.0,11
182200,5.0,5.0,11
182250,5.0,5.0,11
182300,5.0,5.0,11
182350,5.0,5.0,11
182400,5.0,5.0,11
182450,5.0,5.0,11
182500,5.0,5.0,11
182550,5.0,5.0,11
182600,5.0,5.0,11
182650,5.0,5.0,11
182700,5.0,5.0,11
182750,5.0,5.0,11
182800,5.0,5.0,11
182850,5.0,5.0,11
182900,5.0,5.0,11
182950,5.0,5.0,11
183000,5.0,5.0,11
183050,5.0,5.0,11
183100,5.0,5.0,11
183150,5.0,5.0,11
183200,5.0,5.0,11
183250,5.0,5.0,11
183300,5.0,5.0,11
183350,5.0,5.0,11
183400,5.0,5.0,11
183450,5.0,5.0,11
183500,5.0,5.0,11
183550,5.0,5.0,11
183600,5.0,5.0,11
183650,5.0,5.0,11
183700,5.0,5.0,11
183750,5.0,5.0,11
183800,5.0,5.0,11
183850,5.0,5.0,11
183900,5.0,5.0,11
183950,5.0,5.0,11
184000,5.0,5.0,11
184050,5.0,5.0,11
184100,5.0,5.0,11
184150,5.0,5.0,11
184200,5.0,5.0,11
184250,5.0,5.0,11
184300,5.0,5.0,11
184350,5.0,5.0,11
184400,5.0,5.0,11
184450,5.0,5.0,11
184500,5.0,5.0,11
184550,5.0,5.0,11
184600,5.0,5.0,11
184650,5.0,5.0,11
184700,5.0,5.0,11
184750,5.0,5.0,11
184800,5.0,5.0,11
184850,5.0,5.0,11
184900,5.0,5.0,11
184950,5.0,5.0,11
185000,5.0,5.0,11
185050,5.0,5.0,11
185100,5.0,5.0,11
185150,5.0,5.0,11
185200,5.0,5.0,11
185250,5.0,5.0,11
185300,5.0,5.0,11
185350,5.0,5.0,11
185400,5.0,5.0,11
185450,5.0,5.0,11
185500,5.0,5.0,11
185550,5.0,5.0,11
185600,5.0,5.0,11
185650,5.0,5.0,11
185700,5.0,5.0,11
185750,5.0,5.0,11
185800,5.0,5.0,11
185850,5.0,5.0,11
185900,5.0,5.0,11
185950,5.0,5.0,11
186000,5.0,5.0,11
186050,5.0,5.0,11
186100,5.0,5.0,11
186150,5.0,5.0,11
186200,5.0,5.0,11
186250,5.0,5.0,11
186300,5.0,5.0,11
186350,5.0,5.0,11
186400,5.0,5.0,11
186450,5.0,5.0,11
186500,5.0,5.0,11
186550,5.0,5.0,11
186600,5.0,5.0,11
186650,5.0,5.0,11
186700,5.0,5.0,11
186750,5.0,5.0,11
186800,5.0,5.0,11
186850,5.0,5.0,11
186900,5.0,5.0,11
186950,5.0,5.0,11
187000,5.0,5.0,11
187050,5.0,5.0,11
187100,5.0,5.0,11
187150,5.0,5.0,11
187200,5.0,5.0,11
187250,5.0,5.0,11
187300,5.0,5.0,11
187350,5.0,5.0,11
187400,5.0,5.0,11
187450,5.0,5.0,11
187500,5.0,5.0,11
187550,5.0,5.0,11
187600,5.0,5.0,11
187650,5.0,5.0,11
187700,5.0,5.0,11
187750,5.0,5.0,11
187800,5.0,5.0,11
187850,5.0,5.0,11
187900,5.0,5.0,11
187950,5.0,5.0,11
188000,5.0,5.0,11
188050,5.0,5.0,11
188100,5.0,5.0,11
188150,5.0,5.0,11
188200,5.0,5.0,11
188250,5.0,5.0,11
188300,5.0,5.0,11
188350,5.0,5.0,11
188400,5.0,5.0,11
188450,5.0,5.0,11
188500,5.0,5.0,11
188550,5.0,5.0,11
188600,5.0,5.0,11
188650,5.0,5.0,11
188700,5.0,5.0,11
188750,5.0,5.0,11
188800,5.0,5.0,11
188850,5.0,5.0,11
188900,5.0,5.0,11
188950,5.0,5.0,11
189000,5.0,5.0,11
189050,5.0,5.0,11
189100,5.0,5.0,11
189150,5.0,5.0,11
189200,5.0,5.0,11
189250,5.0,5.0,11
189300,5.0,5.0,11
189350,5.0,5.0,11
189400,5.0,5.0,11
189450,5.0,5.0,11
189500,5.0,5.0,11
189550,5.0,5.0,11
189600,5.0,5.0,11
189650,5.0,5.0,11
189700,5.0,5.0,11
189750,5.0,5.0,11
189800,5.0,5.0,11
189850,5.0,5.0,11
189900,5.0,5.0,11
189950,5.0,5.0,11
190000,5.0,5.0,11
190050,5.0,5.0,11
190100,5.0,5.0,11
190150,5.0,5.0,11
190200,5.0,5.0,11
190250,5.0,5.0,11
190300,5.0,5.0,11
190350,5.0,5.0,11
190400,5.0,5.0,11
190450,5.0,5.0,11
190500,5.0,5.0,11
190550,5.0,5.0,11
190600,5.0,5.0,11
190650,5.0,5.0,11
190700,5.0,5.0,11
190750,5.0,5.0,11
190800,5.0,5.0,11
190850,5.0,5.0,11
190900,5.0,5.0,11
190950,5.0,5.0,11
191000,5.0,5.0,11
191050,5.0,5.0,11
191100,5.0,5.0,11
191150,5.0,5.0,11
191200,5.0,5.0,11
191250,5.0,5.0,11
191300,5.0,5.0,11
191350,5.0,5.0,11
191400,5.0,5.0,11
191450,5.0,5.0,11
191500,5.0,5.0,11
191550,5.0,5.0,11
191600,5.0,5.0,11
191650,5.0,5.0,11
191700,5.0,5.0,11
191750,5.0,5.0,11
191800,5.0,5.0,11
191850,5.0,5.0,11
191900,5.0,5.0,11
191950,5.0,5.0,11
192000,5.0,5.0,11
192050,5.0,5.0,11
192100,5.0,5.0,11
192150,5.0,5.0,11
192200,5.0,5.0,11
192250,5.0,5.0,11
192300,5.0,5.0,11
192350,5.0,5.0,11
192400,5.0,5.0,11
192450,5.0,5.0,11
192500,5.0,5.0,11
192550,5.0,5.0,11
192600,5.0,5.0,11
192650,5.0,5.0,11
192700,5.0,5.0,11
192750,5.0,5.0,11
192800,5.0,5.0,11
192850,5.0,5.0,11
192900,5.0,5.0,11
192950,5.0,5.0,11
193000,5.0,5.0,11
193050,5.0,5.0,11
193100,5.0,5.0,11
193150,5.0,5.0,11
193200,5.0,5.0,11
193250,5.0,5.0,11
193300,5.0,5.0,11
193350,5.0,5.0,11
193400,5.0,5.0,11
193450,5.0,5.0,11
193500,5.0,5.0,11
193550,5.0,5.0,11
193600,5.0,5.0,11
193650,5.0,5.0,11
193700,5.0,5.0,11
193750,5.0,5.0,11
193800,5.0,5.0,11
193850,5.0,5.0,11
193900,5.0,5.0,11
193950,5.0,5.0,11
194000,5.0,5.0,11
194050,5.0,5.0,11
194100,5.0,5.0,11
194150,5.0,5.0,11
194200,5.0,5.0,11
194250,5.0,5.0,11
194300,5.0,5.0,11
194350,5.0,5.0,11
194400,5.0,5.0,11
194450,5.0,5.0,11
194500,5.0,5.0,11
194550,5.0,5.0,11
194600,5.0,5.0,11
194650,5.0,5.0,11
194700,5.0,5.0,11
194750,5.0,5.0,11
194800,5.0,5.0,11
194850,5.0,5.0,11
194900,5.0,5.0,11
194950,5.0,5.0,11
195000,5.0,5.0,11
195050,5.0,5.0,11
195100,5.0,5.0,11
195150,5.0,5.0,11
195200,5.0,5.0,11
195250,5.0,5.0,11
195300,5.0,5.0,11
195350,5.0,5.0,11
195400,5.0,5.0,11
195450,5.0,5.0,11
195500,5.0,5.0,11
195550,5.0,5.0,11
195600,5.0,5.0,11
195650,5.0,5.0,11
195700,5.0,5.0,11
195750,5.0,5.0,11
195800,5.0,5.0,11
195850,5.0,5.0,11
195900,5.0,5.0,11
195950,5.0,5.0,11
196000,5.0,5.0,11
196050,5.0,5.0,11
196100,5.0,5.0,11
196150,5.0,5.0,11
196200,5.0,5.0,11
196250,5.0,5.0,11
196300,5.0,5.0,11
196350,5.0,5.0,11
196400,5.0,5.0,11
196450,5.0,5.0,11
196500,5.0,5.0,11
196550,5.0,5.0,11
196600,5.0,5.0,11
196650,5.0,5.0,11
196700,5.0,5.0,11
196750,5.0,5.0,11
196800,5.0,5.0,11
196850,5.0,5.0,11
196900,5.0,5.0,11
196950,5.0,5.0,11
197000,5.0,5.0,11
197050,5.0,5.0,11
197100,5.0,5.0,11
197150,5.0,5.0,11
197200,5.0,5.0,11
197250,5.0,5.0,11
197300,5.0,5.0,11
197350,5.0,5.0,11
197400,5.0,5.0,11
197450,5.0,5.0,11
197500,5.0,5.0,11
197550,5.0,5.0,11
197600,5.0,5.0,11
197650,5.0,5.0,11
197700,5.0,5.0,11
197750,5.0,5.0,11
197800,5.0,5.0,11
197850,5.0,5.0,11
197900,5.0,5.0,11
197950,5.0,5.0,11
198000,5.0,5.0,11
198050,5.0,5.0,11
198100,5.0,5.0,11
198150,5.0,5.0,11
198200,5.0,5.0,11
198250,5.0,5.0,11
198300,5.0,5.0,11
198350,5.0,5.0,11
198400,5.0,5.0,11
198450,5.0,5.0,11
198500,5.0,5.0,11
198550,5.0,5.0,11
198600,5.0,5.0,11
198650,5.0,5.0,11
198700,5.0,5.0,11
198750,5.0,5.0,11
198800,5.0,5.0,11
198850,5.0,5.0,11
198900,5.0,5.0,11
198950,5.0,5.0,11
199000,5.0,5.0,11
199050,5.0,5.0,11
199100,5.0,5.0,11
199150,5.0,5.0,11
199200,5.0,5.0,11
199250,5.0,5.0,11
199300,5.0,5.0,11
199350,5.0,5.0,11
199400,5.0,5.0,11
199450,5.0,5.0,11
199500,5.0,5.0,11
199550,5.0,5.0,11
199600,5.0,5.0,11
199650,5.0,5.0,11
199700,5.0,5.0,11
199750,5.0,5.0,11
199800,5.0,5.0,11
199850,5.0,5.0,11
199900,5.0,5.0,11
199950,5.0,5.0,11
200000,5.0,5.0,11
200050,5.0,5.0,11
200100,5.0,5.0,11
200150,5.0,5.0,11
200200,5.0,5.0,11
200250,5.0,5.0,11
200300,5.0,5.0,11
200350,5.0,5.0,11
200400,5.0,5.0,11
200450,5.0,5.0,11
200500,5.0,5.0,11
200550,5.0,5.0,11
200600,5.0,5.0,11
200650,5.0,5.0,11
200700,5.0,5.0,11
200750,5.0,5.0,11
200800,5.0,5.0,11
200850,5.0,5.0,11
200900,5.0,5.0,11
200950,5.0,5.0,11
201000,5.0,5.0,11
201050,5.0,5.0,11
201100,5.0,5.0,11
201150,5.0,5.0,11
201200,5.0,5.0,11
201250,5.0,5.0,11
201300,5.0,5.0,11
201350,5.0,5.0,11
201400,5.0,5.0,11
201450,5.0,5.0,11
201500,5.0,5.0,11
201550,5.0,5.0,11
201600,5.0,5.0,11
201650,5.0,5.0,11
201700,5.0,5.0,11
201750,5.0,5.0,11
201800,5.0,5.0,11
201850,5.0,5.0,11
201900,5.0,5.0,11
201950,5.0,5.0,11
202000,5.0,5.0,11
202050,5.0,5.0,11
202100,5.0,5.0,11
202150,5.0,5.0,11
202200,5.0,5.0,11
202250,5.0,5.0,11
202300,5.0,5.0,11
202350,5.0,5.0,11
202400,5.0,5.0,11
202450,5.0,5.0,11
202500,5.0,5.0,11
202550,5.0,5.0,11
202600,5.0,5.0,11
202650,5.0,5.0,11
202700,5.0,5.0,11
202750,5.0,5.0,11
202800,5.0,5.0,11
202850,5.0,5.0,11
202900,5.0,5.0,11
202950,5.0,5.0,11
203000,5.0,5.0,11
203050,5.0,5.0,11
203100,5.0,5.0,11
203150,5.0,5.0,11
203200,5.0,5.0,11
203250,5.0,5.0,11
203300,5.0,5.0,11
203350,5.0,5.0,11
203400,5.0,5.0,11
203450,5.0,5.0,11
203500,5.0,5.0,11
203550,5.0,5.0,11
203600,5.0,5.0,11
203650,5.0,5.0,11
203700,5.0,5.0,11
203750,5.0,5.0,11
203800,5.0,5.0,11
203850,5.0,5.0,11
203900,5.0,5.0,11
203950,5.0,5.0,11
204000,5.0,5.0,11
204050,5.0,5.0,11
204100,5.0,5.0,11
204150,5.0,5.0,11
204200,5.0,5.0,11
204250,5.0,5.0,11
204300,5.0,5.0,11
204350,5.0,5.0,11
204400,5.0,5.0,11
204450,5.0,5.0,11
204500,5.0,5.0,11
204550,5.0,5.0,11
204600,5.0,5.0,11
204650,5.0,5.0,11
204700,5.0,5.0,11
204750,5.0,5.0,11
204800,5.0,5.0,11
204850,5.0,5.0,11
204900,5.0,5.0,11
204950,5.0,5.0,11
205000,5.0,5.0,11
205050,5.0,5.0,11
205100,5.0,5.0,11
205150,5.0,5.0,11
205200,5.0,5.0,11
205250,5.0,5.0,11
205300,5.0,5.0,11
205350,5.0,5.0,11
205400,5.0,5.0,11
205450,5.0,5.0,11
205500,5.0,5.0,11
205550,5.0,5.0,11
205600,5.0,5.0,11
205650,5.0,5.0,11
205700,5.0,5.0,11
205750,5.0,5.0,11
205800,5.0,5.0,11
205850,5.0,5.0,11
205900,5.0,5.0,11
205950,5.0,5.0,11
206000,5.0,5.0,11
206050,5.0,5.0,11
206100,5.0,5.0,11
206150,5.0,5.0,11
206200,5.0,5.0,11
206250,5.0,5.0,11
206300,5.0,5.0,11
206350,5.0,5.0,11
206400,5.0,5.0,11
206450,5.0,5.0,11
206500,5.0,5.0,11
206550,5.0,5.0,11
206600,5.0,5.0,11
206650,5.0,5.0,11
206700,5.0,5.0,11
206750,5.0,5.0,11
206800,5.0,5.0,11
206850,5.0,5.0,11
206900,5.0,5.0,11
206950,5.0,5.0,11
207000,5.0,5.0,11
207050,5.0,5.0,11
207100,5.0,5.0,11
207150,5.0,5.0,11
207200,5.0,5.0,11
207250,5.0,5.0,11
207300,5.0,5.0,11
207350,5.0,5.0,11
207400,5.0,5.0,11
207450,5.0,5.0,11
207500,5.0,5.0,11
207550,5.0,5.0,11
207600,5.0,5.0,11
207650,5.0,5.0,11
207700,5.0,5.0,11
207750,5.0,5.0,11
207800,5.0,5.0,11
207850,5.0,5.0,11
207900,5.0,5.0,11
207950,5.0,5.0,11
208000,5.0,5.0,11
208050,5.0,5.0,11
208100,5.0,5.0,11
208150,5.0,5.0,11
208200,5.0,5.0,11
208250,5.0,5.0,11
208300,5.0,5.0,11
208350,5.0,5.0,11
208400,5.0,5.0,11
208450,5.0,5.0,11
208500,5.0,5.0,11
208550,5.0,5.0,11
208600,5.0,5.0,11
208650,5.0,5.0,11
208700,5.0,5.0,11
208750,5.0,5.0,11
208800,5.0,5.0,11
208850,5.0,5.0,11
208900,5.0,5.0,11
208950,5.0,5.0,11
209000,5.0,5.0,11
209050,5.0,5.0,11
209100,5.0,5.0,11
209150,5.0,5.0,11
209200,5.0,5.0,11
209250,5.0,5.0,11
209300,5.0,5.0,11
209350,5.0,5.0,11
209400,5.0,5.0,11
209450,5.0,5.0,11
209500,5.0,5.0,11
209550,5.0,5.0,11
209600,5.0,5.0,11
209650,5.0,5.0,11
209700,5.0,5.0,11
209750,5.0,5.0,11
209800,5.0,5.0,11
209850,5.0,5.0,11
209900,5.0,5.0,11
209950,5.0,5.0,11
210000,5.0,5.0,11
210050,5.0,5.0,11
210100,5.0,5.0,11
210150,5.0,5.0,11
210200,5.0,5.0,11
210250,5.0,5.0,11
210300,5.0,5.0,11
210350,5.0,5.0,11
210400,5.0,5.0,11
210450,5.0,5.0,11
210500,5.0,5.0,11
210550,5.0,5.0,11
210600,5.0,5.0,11
210650,5.0,5.0,11
210700,5.0,5.0,11
210750,5.0,5.0,11
210800,5.0,5.0,11
210850,5.0,5.0,11
210900,5.0,5.0,11
210950,5.0,5.0,11
211000,5.0,5.0,11
211050,5.0,5.0,11
211100,5.0,5.0,11
211150,5.0,5.0,11
211200,5.0,5.0,11
211250,5.0,5.0,11
211300,5.0,5.0,11
211350,5.0,5.0,11
211400,5.0,5.0,11
211450,5.0,5.0,11
211500,5.0,5.0,11
211550,5.0,5.0,11
211600,5.0,5.0,11
211650,5.0,5.0,11
211700,5.0,5.0,11
211750,5.0,5.0,11
211800,5.0,5.0,11
211850,5.0,5.0,11
211900,5.0,5.0,11
211950,5.0,5.0,11
212000,5.0,5.0,11
212050,5.0,5.0,11
212100,5.0,5.0,11
212150,5.0,5.0,11
212200,5.0,5.0,11
212250,5.0,5.0,11
212300,5.0,5.0,11
212350,5.0,5.0,11
212400,5.0,5.0,11
212450,5.0,5.0,11
212500,5.0,5.0,11
212550,5.0,5.0,11
212600,5.0,5.0,11
212650,5.0,5.0,11
212700,5.0,5.0,11
212750,5.0,5.0,11
212800,5.0,5.0,11
212850,5.0,5.0,11
212900,5.0,5.0,11
212950,5.0,5.0,11
213000,5.0,5.0,11
213050,5.0,5.0,11
213100,5.0,5.0,11
213150,5.0,5.0,11
213200,5.0,5.0,11
213250,5.0,5.0,11
213300,5.0,5.0,11
213350,5.0,5.0,11
213400,5.0,5.0,11
213450,5.0,5.0,11
213500,5.0,5.0,11
213550,5.0,5.0,11
213600,5.0,5.0,11
213650,5.0,5.0,11
213700,5.0,5.0,11
213750,5.0,5.0,11
213800,5.0,5.0,11
213850,5.0,5.0,11
213900,5.0,5.0,11
213950,5.0,5.0,11
214000,5.0,5.0,11
214050,5.0,5.0,11
214100,5.0,5.0,11
214150,5.0,5.0,11
214200,5.0,5.0,11
214250,5.0,5.0,11
214300,5.0,5.0,11
214350,5.0,5.0,11
214400,5.0,5.0,11
214450,5.0,5.0,11
214500,5.0,5.0,11
214550,5.0,5.0,11
214600,5.0,5.0,11
214650,5.0,5.0,11
214700,5.0,5.0,11
214750,5.0,5.0,11
214800,5.0,5.0,11
214850,5.0,5.0,11
214900,5.0,5.0,11
214950,5.0,5.0,11
215000,5.0,5.0,11
215050,5.0,5.0,11
215100,5.0,5.0,11
215150,5.0,5.0,11
215200,5.0,5.0,11
215250,5.0,5.0,11
215300,5.0,5.0,11
215350,5.0,5.0,11
215400,5.0,5.0,11
215450,5.0,5.0,11
215500,5.0,5.0,11
215550,5.0,5.0,11
215600,5.0,5.0,11
215650,5.0,5.0,11
215700,5.0,5.0,11
215750,5.0,5.0,11
215800,5.0,5.0,11
215850,5.0,5.0,11
215900,5.0,5.0,11
215950,5.0,5.0,11
216000,5.0,5.0,11
216050,5.0,5.0,11
216100,5.0,5.0,11
216150,5.0,5.0,11
216200,5.0,5.0,11
216250,5.0,5.0,11
216300,5.0,5.0,11
216350,5.0,5.0,11
216400,5.0,5.0,11
216450,5.0,5.0,11
216500,5.0,5.0,11
216550,5.0,5.0,11
216600,5.0,5.0,11
216650,5.0,5.0,11
216700,5.0,5.0,11
216750,5.0,5.0,11
216800,5.0,5.0,11
216850,5.0,5.0,11
216900,5.0,5.0,11
216950,5.0,5.0,11
217000,5.0,5.0,11
217050,5.0,5.0,11
217100,5.0,5.0,11
217150,5.0,5.0,11
217200,5.0,5.0,11
217250,5.0,5.0,11
217300,5.0,5.0,11
217350,5.0,5.0,11
217400,5.0,5.0,11
217450,5.0,5.0,11
217500,5.0,5.0,11
217550,5.0,5.0,11
217600,5.0,5.0,11
217650,5.0,5.0,11
217700,5.0,5.0,11
217750,5.0,5.0,11
217800,5.0,5.0,11
217850,5.0,5.0,11
217900,5.0,5.0,11
217950,5.0,5.0,11
218000,5.0,5.0,11
218050,5.0,5.0,11
218100,5.0,5.0,11
218150,5.0,5.0,11
218200,5.0,5.0,11
218250,5.0,5.0,11
218300,5.0,5.0,11
218350,5.0,5.0,11
218400,5.0,5.0,11
218450,5.0,5.0,11
218500,5.0,5.0,11
218550,5.0,5.0,11
218600,5.0,5.0,11
218650,5.0,5.0,11
218700,5.0,5.0,11
218750,5.0,5.0,11
218800,5.0,5.0,11
218850,5.0,5.0,11
218900,5.0,5.0,11
218950,5.0,5.0,11
219000,5.0,5.0,11
219050,5.0,5.0,11
219100,5.0,5.0,11
219150,5.0,5.0,11
219200,5.0,5.0,11
219250,5.0,5.0,11
219300,5.0,5.0,11
219350,5.0,5.0,11
219400,5.0,5.0,11
219450,5.0,5.0,11
219500,5.0,5.0,11
219550,5.0,5.0,11
219600,5.0,5.0,11
219650,5.0,5.0,11
219700,5.0,5.0,11
219750,5.0,5.0,11
219800,5.0,5.0,11
219850,5.0,5.0,11
219900,5.0,5.0,11
219950,5.0,5.0,11
220000,5.0,5.0,11
220050,5.0,5.0,11
220100,5.0,5.0,11
220150,5.0,5.0,11
220200,5.0,5.0,11
220250,5.0,5.0,11
220300,5.0,5.0,11
220350,5.0,5.0,11
220400,5.0,5.0,11
220450,5.0,5.0,11
220500,5.0,5.0,11
220550,5.0,5.0,11
220600,5.0,5.0,11
220650,5.0,5.0,11
220700,5.0,5.0,11
220750,5.0,5.0,11
220800,5.0,5.0,11
220850,5.0,5.0,11
220900,5.0,5.0,11
220950,5.0,5.0,11
221000,5.0,5.0,11
221050,5.0,5.0,11
221100,5.0,5.0,11
221150,5.0,5.0,11
221200,5.0,5.0,11
221250,5.0,5.0,11
221300,5.0,5.0,11
221350,5.0,5.0,11
221400,5.0,5.0,11
221450,5.0,5.0,11
221500,5.0,5.0,11
221550,5.0,5.0,1
221600,5.0,5.0,1
221650,5.0,5.0,1
221700,5.0,5.0,1
221750,5.0,5.0,1
221800,5.0,5.0,1
221850,5.0,5.0,1
221900,5.0,5.0,1
221950,5.0,5.0,1
222000,5.0,5.0,1
222050,5.0,5.0,1
222100,5.0,5.0,1
222150,5.0,5.0,1
222200,5.0,5.0,1
222250,5.0,5.0,1
222300,5.0,5.0,1
222350,5.0,5.0,1
222400,5.0,5.0,1
222450,5.0,5.0,1
222500,5.0,5.0,1
222550,5.0,5.0,1
222600,5.0,5.0,1
222650,5.0,5.0,1
222700,5.0,5.0,1
222750,5.0,5.0,1
222800,5.0,5.0,1
222850,5.0,5.0,1
222900,5.0,5.0,1
222950,5.0,5.0,1
223000,5.0,5.0,1
223050,5.0,5.0,1
223100,5.0,5.0,1
223150,5.0,5.0,1
223200,5.0,5.0,1
223250,5.0,5.0,1
223300,5.0,5.0,1
223350,5.0,5.0,1
223400,5.0,5.0,1
223450,5.0,5.0,1
223500,5.0,5.0,1
223550,5.0,5.0,1
223600,5.0,5.0,1
223650,5.0,5.0,1
223700,5.0,5.0,1
223750,5.0,5.0,1
223800,5.0,5.0,1
223850,5.0,5.0,1
223900,5.0,5.0,1
223950,5.0,5.0,1
224000,5.0,5.0,1
224050,5.0,5.0,1
224100,5.0,5.0,1
224150,5.0,5.0,1
224200,5.0,5.0,1
224250,5.0,5.0,1
224300,5.0,5.0,1
224350,5.0,5.0,1
224400,5.0,5.0,1
224450,5.0,5.0,1
224500,5.0,5.0,1
224550,5.0,5.0,1
224600,5.0,5.0,1
224650,5.0,5.0,1
224700,5.0,5.0,1
224750,5.0,5.0,1
224800,5.0,5.0,1
224850,5.0,5.0,1
224900,5.0,5.0,1
224950,5.0,5.0,1
225000,5.0,5.0,1
225050,5.0,5.0,1
225100,5.0,5.0,1
225150,5.0,5.0,1
225200,5.0,5.0,1
225250,5.0,5.0,1
225300,5.0,5.0,1
225350,5.0,5.0,1
225400,5.0,5.0,1
225450,5.0,5.0,1
225500,5.0,5.0,1
225550,5.0,5.0,1
225600,5.0,5.0,1
225650,5.0,5.0,1
225700,5.0,5.0,1
225750,5.0,5.0,1
225800,5.0,5.0,1
225850,5.0,5.0,1
225900,5.0,5.0,1
225950,5.0,5.0,1
226000,5.0,5.0,1
226050,5.0,5.0,1
226100,5.0,5.0,1
226150,5.0,5.0,1
226200,5.0,5.0,1
226250,5.0,5.0,1
226300,5.0,5.0,1
226350,5.0,5.0,1
226400,5.0,5.0,1
226450,5.0,5.0,1
226500,5.0,5.0,1
226550,5.0,5.0,1
226600,5.0,5.0,1
226650,5.002,5.0,1
226700,5.018,5.0,1
226750,5.038,5.0,1
226800,5.046,5.0,1
226850,5.065,5.0,1
226900,5.078,5.0,1
226950,5.08,5.0,1
227000,5.094,5.0,1
227050,5.106,5.0,1
227100,5.109,5.0,1
227150,5.12,5.0,1
227200,5.131,5.0,1
227250,5.136,5.0,1
227300,5.141,5.0,1
227350,5.142,5.0,1
227400,5.145,5.0,1
227450,5.145,5.0,1
227500,5.145,5.0,1
227550,5.147,5.0,1
227600,5.159,5.0,1
227650,5.17,5.0,1
227700,5.175,5.0,1
227750,5.194,5.007,1
227800,5.238,5.025,1
227850,5.292,5.133,1
227900,5.326,5.172,1
227950,5.346,5.185,1
228000,5.353,5.2,1
228050,5.361,5.215,1
228100,5.364,5.226,1
228150,5.366,5.235,1
228200,5.368,5.243,1
228250,5.368,5.254,1
228300,5.368,5.27,1
228350,5.368,5.279,1
228400,5.368,5.292,1
228450,5.368,5.3,1
228500,5.368,5.307,1
228550,5.368,5.312,1
228600,5.368,5.312,1
228650,5.368,5.316,1
228700,5.368,5.32,1
228750,5.368,5.321,1
228800,5.368,5.321,1
228850,5.368,5.321,1
228900,5.368,5.321,1
228950,5.368,5.321,1
229000,5.368,5.321,1
229050,5.368,5.321,1
229100,5.368,5.321,1
229150,5.368,5.321,1
229200,5.368,5.321,1
229250,5.368,5.321,1
229300,5.368,5.321,1
229350,5.368,5.321,1
229400,5.368,5.321,1
229450,5.368,5.321,1
229500,5.368,5.321,1
229550,5.368,5.321,1
229600,5.368,5.321,1
229650,5.368,5.321,1
229700,5.368,5.321,1
229750,5.368,5.321,1
229800,5.368,5.321,1
229850,5.368,5.321,1
229900,5.368,5.321,1
229950,5.368,5.321,1
230000,5.368,5.321,1
230050,5.368,5.321,1
230100,5.368,5.321,1
230150,5.368,5.321,1
230200,5.368,5.321,1
230250,5.368,5.321,1
230300,5.368,5.321,1
230350,5.368,5.321,1
230400,5.368,5.321,1
230450,5.368,5.321,1
230500,5.368,5.321,1
230550,5.368,5.321,1
230600,5.368,5.321,1
230650,5.368,5.321,1
230700,5.368,5.321,1
230750,5.368,5.321,1
230800,5.368,5.321,1
230850,5.368,5.321,1
230900,5.368,5.321,1
230950,5.368,5.321,1
231000,5.368,5.321,1
231050,5.368,5.321,1
231100,5.368,5.321,1
231150,5.368,5.321,1
231200,5.368,5.321,1
231250,5.368,5.321,1
231300,5.368,5.321,1
231350,5.368,5.321,1
231400,5.368,5.321,1
231450,5.368,5.321,1
231500,5.374,5.321,1
231550,5.378,5.321,1
231600,5.379,5.321,1
231650,5.383,5.321,1
231700,5.383,5.321,1
231750,5.384,5.321,1
231800,5.39,5.321,1
231850,5.391,5.321,1
231900,5.394,5.321,1
231950,5.395,5.321,1
232000,5.395,5.321,1
232050,5.397,5.321,1
232100,5.397,5.321,1
232150,5.402,5.321,1
232200,5.402,5.321,1
232250,5.404,5.321,1
232300,5.404,5.321,1
232350,5.406,5.321,1
232400,5.41,5.321,1
232450,5.414,5.321,1
232500,5.418,5.321,1
232550,5.419,5.321,1
232600,5.421,5.321,1
232650,5.421,5.321,1
232700,5.421,5.321,1
232750,5.421,5.321,1
232800,5.421,5.321,1
232850,5.421,5.321,1
232900,5.421,5.321,1
232950,5.421,5.326,1
233000,5.421,5.331,1
233050,5.421,5.337,1
233100,5.421,5.343,1
233150,5.421,5.354,1
233200,5.421,5.378,1
233250,5.421,5.396,1
233300,5.421,5.403,1
233350,5.421,5.404,1
233400,5.421,5.404,1
233450,5.421,5.404,1
233500,5.421,5.404,1
233550,5.421,5.404,1
233600,5.421,5.404,1
233650,5.421,5.404,1
233700,5.421,5.404,1
233750,5.421,5.404,1
233800,5.421,5.405,1
233850,5.421,5.413,1
233900,5.421,5.415,1
233950,5.421,5.418,1
234000,5.421,5.423,1
234050,5.421,5.433,1
234100,5.421,5.436,1
234150,5.421,5.437,1
234200,5.421,5.439,1
234250,5.421,5.443,1
234300,5.421,5.445,1
234350,5.421,5.449,1
234400,5.421,5.457,1
234450,5.421,5.461,1
234500,5.421,5.462,1
234550,5.421,5.462,1
234600,5.421,5.462,1
234650,5.421,5.462,1
234700,5.421,5.462,1
234750,5.421,5.462,1
234800,5.421,5.462,1
234850,5.421,5.462,1
234900,5.421,5.462,1
234950,5.421,5.462,1
235000,5.421,5.462,1
235050,5.421,5.462,1
235100,5.421,5.462,1
235150,5.421,5.462,1
235200,5.421,5.462,1
235250,5.421,5.462,1
235300,5.421,5.462,1
235350,5.421,5.462,1
235400,5.421,5.462,1
235450,5.421,5.462,1
235500,5.421,5.462,1
235550,5.421,5.462,1
235600,5.421,5.462,1
235650,5.421,5.462,1
235700,5.421,5.462,1
235750,5.421,5.462,1
235800,5.421,5.462,1
235850,5.421,5.462,1
235900,5.421,5.462,1
235950,5.421,5.462,1
236000,5.421,5.462,1
236050,5.421,5.462,1
236100,5.421,5.462,1
236150,5.421,5.462,1
236200,5.421,5.462,1
236250,5.421,5.462,1
236300,5.421,5.462,1
236350,5.421,5.462,1
236400,5.421,5.462,1
236450,5.421,5.462,1
236500,5.421,5.462,1
236550,5.421,5.462,1
236600,5.421,5.462,1
236650,5.421,5.462,1
236700,5.421,5.462,1
236750,5.421,5.462,1
236800,5.421,5.462,1
236850,5.421,5.462,1
236900,5.421,5.462,1
236950,5.421,5.462,1
237000,5.421,5.462,1
237050,5.421,5.462,1
237100,5.421,5.462,1
237150,5.421,5.462,1
237200,5.421,5.462,1
237250,5.421,5.462,1
237300,5.421,5.462,1
237350,5.421,5.462,1
237400,5.421,5.462,1
237450,5.421,5.462,1
237500,5.421,5.462,1
237550,5.421,5.462,1
237600,5.421,5.462,1
237650,5.421,5.462,1
237700,5.421,5.462,1
237750,5.421,5.462,1
237800,5.421,5.462,1
237850,5.421,5.462,1
237900,5.421,5.462,1
237950,5.421,5.462,1
238000,5.421,5.462,1
238050,5.421,5.468,1
238100,5.421,5.479,1
238150,5.421,5.486,1
238200,5.421,5.491,1
238250,5.421,5.494,1
238300,5.421,5.496,1
238350,5.421,5.496,1
238400,5.421,5.499,1
238450,5.421,5.501,1
238500,5.421,5.505,1
238550,5.421,5.506,1
238600,5.421,5.508,1
238650,5.421,5.51,1
238700,5.421,5.513,1
238750,5.421,5.518,1
238800,5.421,5.519,1
238850,5.421,5.519,1
238900,5.42,5.52,1
238950,5.42,5.52,1
239000,5.419,5.52,1
239050,5.419,5.52,1
239100,5.419,5.52,1
239150,5.419,5.522,1
239200,5.419,5.522,1
239250,5.419,5.522,1
239300,5.419,5.522,1
239350,5.419,5.522,1
239400,5.419,5.522,1
239450,5.419,5.522,1
239500,5.419,5.522,1
239550,5.418,5.522,1
239600,5.418,5.522,1
239650,5.417,5.522,1
239700,5.417,5.522,1
239750,5.417,5.522,1
239800,5.417,5.522,1
239850,5.417,5.522,1
239900,5.417,5.522,1
239950,5.417,5.522,1
240000,5.417,5.522,1
240050,5.417,5.522,1
240100,5.417,5.522,1
240150,5.417,5.522,1
240200,5.417,5.522,1
240250,5.417,5.525,1
240300,5.417,5.525,1
240350,5.417,5.525,1
240400,5.417,5.525,1
240450,5.417,5.525,1
240500,5.417,5.525,1
240550,5.417,5.525,1
240600,5.417,5.525,1
240650,5.415,5.525,1
240700,5.415,5.525,1
240750,5.415,5.525,1
240800,5.415,5.525,1
240850,5.415,5.525,1
240900,5.415,5.525,1
240950,5.415,5.525,1
241000,5.415,5.528,1
241050,5.415,5.529,1
241100,5.414,5.529,1
241150,5.413,5.529,1
241200,5.413,5.531,1
241250,5.411,5.535,1
241300,5.411,5.535,1
241350,5.411,5.536,1
241400,5.411,5.537,1
241450,5.411,5.538,1
241500,5.411,5.538,1
241550,5.411,5.538,1
241600,5.411,5.54,1
241650,5.411,5.541,1
241700,5.411,5.541,1
241750,5.411,5.541,1
241800,5.411,5.541,1
241850,5.411,5.542,1
241900,5.411,5.542,1
241950,5.411,5.542,1
242000,5.411,5.542,1
242050,5.411,5.542,1
242100,5.411,5.542,1
242150,5.411,5.542,1
242200,5.411,5.542,1
242250,5.411,5.542,1
242300,5.411,5.542,1
242350,5.411,5.542,1
242400,5.411,5.542,1
242450,5.411,5.542,1
242500,5.411,5.543,1
242550,5.411,5.544,1
242600,5.411,5.544,1
242650,5.411,5.544,1
242700,5.411,5.544,1
242750,5.411,5.544,1
242800,5.411,5.544,1
242850,5.411,5.544,1
242900,5.411,5.544,1
242950,5.411,5.544,1
243000,5.411,5.544,1
243050,5.411,5.544,1
243100,5.411,5.544,1
243150,5.411,5.544,1
243200,5.411,5.544,1
243250,5.411,5.544,1
243300,5.411,5.544,1
243350,5.411,5.544,1
243400,5.411,5.544,1
243450,5.411,5.544,1
243500,5.411,5.544,1
243550,5.411,5.544,1
243600,5.411,5.544,1
243650,5.411,5.544,1
243700,5.411,5.544,1
243750,5.411,5.544,1
243800,5.411,5.544,1
243850,5.411,5.544,1
243900,5.411,5.544,1
243950,5.411,5.544,1
244000,5.411,5.544,1
244050,5.411,5.544,1
244100,5.411,5.544,1
244150,5.411,5.544,1
244200,5.411,5.544,1
244250,5.411,5.544,1
244300,5.411,5.544,1
244350,5.411,5.544,1
244400,5.411,5.544,1
244450,5.411,5.544,1
244500,5.411,5.544,1
244550,5.411,5.544,1
244600,5.411,5.544,1
244650,5.411,5.544,1
244700,5.411,5.544,1
244750,5.411,5.544,1
244800,5.411,5.544,1
244850,5.411,5.544,1
244900,5.411,5.544,1
244950,5.411,5.544,1
245000,5.411,5.544,1
245050,5.411,5.544,1
245100,5.411,5.544,1
245150,5.411,5.544,1
245200,5.411,5.544,1
245250,5.411,5.544,1
245300,5.411,5.544,1
245350,5.411,5.544,1
245400,5.411,5.544,1
245450,5.411,5.544,1
245500,5.411,5.544,1
245550,5.411,5.544,1
245600,5.411,5.544,1
245650,5.411,5.544,1
245700,5.411,5.544,1
245750,5.411,5.544,1
245800,5.411,5.544,1
245850,5.411,5.544,1
245900,5.411,5.544,1
245950,5.411,5.544,1
246000,5.411,5.544,1
246050,5.411,5.544,1
246100,5.411,5.544,1
246150,5.411,5.544,1
246200,5.411,5.544,1
246250,5.411,5.544,1
246300,5.411,5.544,1
246350,5.411,5.544,1
246400,5.411,5.544,1
246450,5.411,5.544,1
246500,5.411,5.544,1
246550,5.411,5.544,1
246600,5.411,5.544,1
246650,5.411,5.544,1
246700,5.411,5.544,1
246750,5.411,5.544,1
246800,5.411,5.544,1
246850,5.411,5.544,1
246900,5.411,5.544,1
246950,5.411,5.544,1
247000,5.411,5.544,1
247050,5.411,5.544,1
247100,5.411,5.544,1
247150,5.411,5.544,1
247200,5.411,5.544,1
247250,5.411,5.544,1
247300,5.411,5.544,1
247350,5.411,5.544,1
247400,5.411,5.544,1
247450,5.411,5.544,1
247500,5.411,5.544,1
247550,5.411,5.544,1
247600,5.411,5.544,1
247650,5.411,5.544,1
247700,5.411,5.544,1
247750,5.411,5.544,1
247800,5.411,5.544,1
247850,5.411,5.544,1
247900,5.411,5.544,1
247950,5.411,5.544,1
248000,5.411,5.544,1
248050,5.411,5.544,1
248100,5.411,5.544,1
248150,5.411,5.544,1
248200,5.411,5.544,1
248250,5.411,5.544,1
248300,5.411,5.544,1
248350,5.411,5.544,1
248400,5.411,5.544,1
248450,5.411,5.544,1
248500,5.411,5.544,1
248550,5.411,5.544,1
248600,5.411,5.544,1
248650,5.411,5.544,1
248700,5.411,5.544,1
248750,5.411,5.544,1
248800,5.411,5.544,1
248850,5.411,5.544,1
248900,5.411,5.544,1
248950,5.411,5.544,1
249000,5.411,5.544,1
249050,5.411,5.544,1
249100,5.411,5.544,1
249150,5.411,5.544,1
249200,5.411,5.544,1
249250,5.411,5.544,1
249300,5.411,5.544,1
249350,5.411,5.544,1
249400,5.411,5.544,1
249450,5.411,5.544,1
249500,5.411,5.544,1
249550,5.411,5.544,1
249600,5.411,5.544,1
249650,5.411,5.545,1
249700,5.411,5.545,1
249750,5.411,5.545,1
249800,5.411,5.545,1
249850,5.411,5.545,1
249900,5.411,5.545,1
249950,5.411,5.545,1
250000,5.411,5.545,1
250050,5.411,5.545,1
250100,5.411,5.545,1
250150,5.411,5.545,1
250200,5.411,5.545,1
250250,5.411,5.545,1
250300,5.411,5.545,1
250350,5.411,5.545,1
250400,5.411,5.545,1
250450,5.411,5.545,1
250500,5.411,5.545,1
250550,5.411,5.545,1
250600,5.411,5.545,1
250650,5.411,5.545,1
250700,5.411,5.545,1
250750,5.411,5.545,1
250800,5.411,5.545,1
250850,5.411,5.545,1
250900,5.411,5.545,1
250950,5.411,5.545,1
251000,5.411,5.545,1
251050,5.411,5.545,1
251100,5.411,5.545,1
251150,5.411,5.545,1
251200,5.411,5.545,1
251250,5.411,5.545,1
251300,5.411,5.545,1
251350,5.411,5.545,1
251400,5.411,5.545,1
251450,5.411,5.545,1
251500,5.411,5.545,1
251550,5.411,5.545,1
251600,5.411,5.545,1
251650,5.411,5.545,1
251700,5.411,5.545,1
251750,5.411,5.545,1
251800,5.411,5.545,1
251850,5.411,5.545,1
251900,5.411,5.545,1
251950,5.411,5.545,1
252000,5.411,5.545,1
252050,5.411,5.545,1
252100,5.411,5.545,1
252150,5.411,5.545,1
252200,5.411,5.545,1
252250,5.411,5.545,1
252300,5.411,5.545,1
252350,5.411,5.545,1
252400,5.411,5.545,1
252450,5.411,5.545,1
252500,5.411,5.545,1
252550,5.411,5.545,1
252600,5.411,5.545,1
252650,5.411,5.545,1
252700,5.411,5.545,1
252750,5.411,5.545,1
252800,5.411,5.545,1
252850,5.411,5.545,1
252900,5.411,5.545,1
252950,5.411,5.545,1
253000,5.411,5.545,1
253050,5.411,5.545,1
253100,5.411,5.545,1
253150,5.411,5.545,1
253200,5.411,5.545,1
253250,5.411,5.545,1
253300,5.411,5.545,1
253350,5.411,5.545,1
253400,5.411,5.545,1
253450,5.411,5.545,1
253500,5.411,5.545,1
253550,5.411,5.545,1
253600,5.411,5.543,1
253650,5.411,5.534,1
253700,5.411,5.526,1
253750,5.411,5.522,1
253800,5.411,5.515,1
253850,5.411,5.512,1
253900,5.411,5.509,1
253950,5.411,5.502,1
254000,5.411,5.5,1
254050,5.411,5.496,1
254100,5.411,5.496,1
254150,5.411,5.491,1
254200,5.411,5.486,1
254250,5.411,5.479,1
254300,5.411,5.472,1
254350,5.411,5.469,1
254400,5.411,5.464,1
254450,5.411,5.461,1
254500,5.411,5.46,1
254550,5.411,5.455,1
254600,5.411,5.454,1
254650,5.411,5.451,1
254700,5.411,5.448,1
254750,5.411,5.445,1
254800,5.411,5.445,1
254850,5.411,5.445,1
254900,5.411,5.445,1
254950,5.411,5.445,1
255000,5.411,5.445,1
255050,5.411,5.44,1
255100,5.411,5.436,1
255150,5.411,5.432,1
255200,5.411,5.43,1
255250,5.411,5.43,1
255300,5.411,5.429,1
255350,5.411,5.423,1
255400,5.411,5.419,1
255450,5.414,5.419,1
255500,5.42,5.419,1
255550,5.422,5.419,1
255600,5.427,5.419,1
255650,5.446,5.419,1
255700,5.455,5.419,1
255750,5.468,5.419,1
255800,5.476,5.415,1
255850,5.493,5.412,1
255900,5.506,5.409,1
255950,5.515,5.404,1
256000,5.524,5.399,1
256050,5.539,5.392,1
256100,5.55,5.391,1
256150,5.556,5.391,1
256200,5.558,5.39,1
256250,5.558,5.385,1
256300,5.558,5.378,1
256350,5.558,5.371,1
256400,5.558,5.366,1
256450,5.558,5.358,1
256500,5.558,5.356,1
256550,5.558,5.356,1
256600,5.558,5.356,1
256650,5.558,5.356,1
256700,5.558,5.356,1
256750,5.558,5.356,1
256800,5.558,5.356,1
256850,5.558,5.353,1
256900,5.558,5.346,1
256950,5.558,5.341,1
257000,5.558,5.337,1
257050,5.558,5.333,1
257100,5.558,5.329,1
257150,5.559,5.326,1
257200,5.559,5.324,1
257250,5.559,5.323,1
257300,5.56,5.321,1
257350,5.56,5.317,1
257400,5.561,5.314,1
257450,5.561,5.311,1
257500,5.562,5.307,1
257550,5.565,5.303,1
257600,5.565,5.3,1
257650,5.565,5.294,1
257700,5.565,5.293,1
257750,5.566,5.287,1
257800,5.57,5.282,1
257850,5.571,5.281,1
257900,5.571,5.277,1
257950,5.571,5.277,1
258000,5.571,5.277,1
258050,5.571,5.273,1
258100,5.571,5.272,1
258150,5.571,5.267,1
258200,5.571,5.256,1
258250,5.571,5.252,1
258300,5.571,5.251,1
258350,5.571,5.251,1
258400,5.571,5.251,1
258450,5.571,5.251,1
258500,5.571,5.251,1
258550,5.571,5.251,1
258600,5.571,5.249,1
258650,5.571,5.245,1
258700,5.571,5.24,1
258750,5.571,5.237,1
258800,5.571,5.236,1
258850,5.571,5.236,1
258900,5.571,5.23,1
258950,5.571,5.222,1
259000,5.571,5.216,1
259050,5.573,5.206,1
259100,5.576,5.2,1
259150,5.576,5.194,1
259200,5.582,5.18,1
259250,5.584,5.17,1
259300,5.584,5.167,1
259350,5.586,5.165,1
259400,5.588,5.164,1
259450,5.588,5.163,1
259500,5.588,5.157,1
259550,5.588,5.15,1
259600,5.591,5.148,1
259650,5.591,5.148,1
259700,5.593,5.148,1
259750,5.594,5.147,1
259800,5.594,5.146,1
259850,5.597,5.146,1
259900,5.598,5.142,1
259950,5.598,5.139,1
260000,5.598,5.137,1
260050,5.599,5.135,1
260100,5.599,5.121,1
260150,5.599,5.113,1
260200,5.599,5.111,1
260250,5.6,5.111,1
260300,5.6,5.105,1
260350,5.6,5.096,1
260400,5.602,5.094,1
260450,5.602,5.094,1
260500,5.602,5.094,1
260550,5.602,5.093,1
260600,5.602,5.088,1
260650,5.602,5.087,1
260700,5.602,5.087,1
260750,5.602,5.087,1
260800,5.602,5.087,1
260850,5.602,5.087,1
260900,5.602,5.087,1
260950,5.602,5.087,1
261000,5.602,5.087,1
261050,5.602,5.087,1
261100,5.602,5.087,1
261150,5.602,5.087,1
261200,5.602,5.087,1
261250,5.602,5.087,1
261300,5.602,5.087,1
261350,5.602,5.087,1
261400,5.602,5.087,1
261450,5.602,5.087,1
261500,5.602,5.087,1
261550,5.602,5.087,1
261600,5.602,5.087,1
261650,5.602,5.087,1
261700,5.602,5.087,1
261750,5.602,5.087,1
261800,5.602,5.087,1
261850,5.602,5.087,1
261900,5.602,5.087,1
261950,5.602,5.087,1
262000,5.602,5.087,1
262050,5.602,5.087,1
262100,5.602,5.087,1
262150,5.602,5.087,1
262200,5.602,5.087,1
262250,5.602,5.087,1
262300,5.602,5.087,1
262350,5.602,5.087,1
262400,5.602,5.087,1
262450,5.602,5.087,1
262500,5.603,5.087,1
262550,5.603,5.087,1
262600,5.604,5.087,1
262650,5.604,5.087,1
262700,5.604,5.087,1
262750,5.604,5.087,1
262800,5.604,5.087,1
262850,5.604,5.087,1
262900,5.604,5.087,1
262950,5.604,5.087,1
263000,5.604,5.087,1
263050,5.604,5.087,1
263100,5.604,5.087,1
263150,5.604,5.087,1
263200,5.604,5.087,1
263250,5.604,5.087,1
263300,5.605,5.087,1
263350,5.606,5.087,1
263400,5.606,5.087,1
263450,5.606,5.087,1
263500,5.606,5.087,1
263550,5.606,5.087,1
263600,5.606,5.087,1
263650,5.606,5.087,1
263700,5.606,5.087,1
263750,5.606,5.087,1
263800,5.606,5.087,1
263850,5.606,5.087,1
263900,5.606,5.087,1
263950,5.606,5.087,1
264000,5.606,5.087,1
264050,5.606,5.087,1
264100,5.606,5.087,1
264150,5.606,5.087,1
264200,5.606,5.087,1
264250,5.606,5.087,1
264300,5.606,5.087,1
264350,5.606,5.087,1
264400,5.606,5.087,1
264450,5.606,5.087,1
264500,5.606,5.087,1
264550,5.606,5.087,1
264600,5.606,5.087,1
264650,5.606,5.087,1
264700,5.606,5.087,1
264750,5.606,5.087,1
264800,5.606,5.087,1
264850,5.606,5.087,1
264900,5.606,5.087,1
264950,5.606,5.087,1
265000,5.606,5.087,1
265050,5.606,5.087,1
265100,5.606,5.087,1
265150,5.606,5.087,1
265200,5.606,5.087,1
265250,5.606,5.087,1
265300,5.606,5.087,1
265350,5.606,5.087,1
265400,5.606,5.087,1
265450,5.606,5.087,1
265500,5.606,5.087,1
265550,5.606,5.087,1
265600,5.606,5.087,1
265650,5.606,5.087,1
265700,5.606,5.087,1
265750,5.606,5.087,1
265800,5.606,5.087,1
265850,5.606,5.087,1
265900,5.606,5.087,1
265950,5.601,5.087,1
266000,5.594,5.087,1
266050,5.558,5.087,1
266100,5.508,5.087,1
266150,5.462,5.087,1
266200,5.439,5.087,1
266250,5.435,5.087,1
266300,5.432,5.087,1
266350,5.429,5.087,1
266400,5.427,5.087,1
266450,5.419,5.087,1
266500,5.412,5.087,1
266550,5.407,5.087,1
266600,5.386,5.087,1
266650,5.342,5.087,1
266700,5.295,5.087,1
266750,5.233,5.017,1
266800,5.177,5.0,1
266850,5.145,5.0,1
266900,5.129,5.0,1
266950,5.116,5.0,1
267000,5.102,5.0,1
267050,5.086,5.0,1
267100,5.065,5.0,1
267150,5.045,5.0,1
267200,5.011,5.0,1
267250,5.001,5.0,1
267300,5.0,5.0,1
267350,5.0,5.0,1
267400,5.0,5.0,1
267450,5.0,5.0,1
267500,5.0,5.0,1
267550,5.0,5.0,1
267600,5.0,5.0,1
267650,5.0,5.0,1
267700,5.0,5.0,1
267750,5.0,5.0,1
267800,5.0,5.0,1
267850,5.0,5.0,1
267900,5.0,5.0,1
267950,5.0,5.0,1
268000,5.0,5.0,1
268050,5.0,5.0,1
268100,5.0,5.0,1
268150,5.0,5.0,1
268200,5.0,5.0,1
268250,5.0,5.0,1
268300,5.0,5.0,1
268350,5.0,5.0,1
268400,5.0,5.0,1
268450,5.0,5.0,1
268500,5.0,5.0,1
268550,5.0,5.0,1
268600,5.0,5.0,1
268650,5.0,5.0,1
268700,5.0,5.0,1
268750,5.0,5.0,1
268800,5.0,5.0,1
268850,5.0,5.0,1
268900,5.0,5.0,1
268950,5.0,5.0,1
269000,5.0,5.0,1
269050,5.0,5.0,1
269100,5.0,5.0,1
269150,5.0,5.0,1
269200,5.0,5.0,1
269250,5.0,5.0,1
269300,5.0,5.0,1
269350,5.0,5.0,1
269400,5.0,5.0,1
269450,5.0,5.0,1
269500,5.0,5.0,1
269550,5.0,5.0,1
269600,5.0,5.0,1
269650,5.0,5.0,1
269700,5.0,5.0,1
269750,5.0,5.0,1
269800,5.0,5.0,1
269850,5.0,5.0,1
269900,5.0,5.0,1
269950,5.0,5.0,1
270000,5.0,5.0,1
270050,5.0,5.0,1
270100,5.0,5.0,1
270150,5.0,5.0,1
270200,5.0,5.0,1
270250,5.0,5.0,1
270300,5.0,5.0,1
270350,5.0,5.0,1
270400,5.0,5.0,1
270450,5.0,5.0,1
270500,5.0,5.0,1
270550,5.0,5.0,1
270600,5.0,5.0,1
270650,5.0,5.0,1
270700,5.0,5.0,1
270750,5.0,5.0,1
270800,5.0,5.0,1
270850,5.0,5.0,1
270900,5.0,5.0,1
270950,5.0,5.0,1
271000,5.0,5.0,1
271050,5.0,5.0,1
271100,5.0,5.0,1
271150,5.0,5.0,1
271200,5.0,5.0,1
271250,5.0,5.0,1
271300,5.0,5.0,1
271350,5.0,5.0,1
271400,5.0,5.0,1
271450,5.0,5.0,1
271500,5.0,5.0,1
271550,5.0,5.0,1
271600,5.0,5.0,1
271650,5.0,5.0,1
271700,5.0,5.0,1
271750,5.0,5.0,1
271800,5.0,5.0,1
271850,5.0,5.0,1
271900,5.0,5.0,1
271950,5.0,5.0,1
272000,5.0,5.0,1
272050,5.0,5.0,1
272100,5.0,5.0,1
272150,5.0,5.0,1
272200,5.0,5.0,1
272250,5.0,5.0,1
272300,5.0,5.0,1
272350,5.0,5.0,1
272400,5.0,5.0,1
272450,5.0,5.0,1
272500,5.0,5.0,1
272550,5.0,5.0,1
272600,5.0,5.0,1
272650,5.0,5.0,1
272700,5.0,5.0,1
272750,5.0,5.0,1
272800,5.0,5.0,1
272850,5.0,5.0,1
272900,5.0,5.0,1
272950,5.0,5.0,1
273000,5.0,5.0,1
273050,5.0,5.0,1
273100,5.0,5.0,1
273150,5.0,5.0,1
273200,5.0,5.0,1
273250,5.0,5.0,1
273300,5.0,5.0,1
273350,5.0,5.0,1
273400,5.0,5.0,1
273450,5.0,5.0,1
273500,5.0,5.0,1
273550,5.0,5.0,1
273600,5.0,5.0,1
273650,5.0,5.0,1
273700,5.0,5.0,1
273750,5.0,5.0,1
273800,5.0,5.0,1
273850,5.0,5.0,1
273900,5.0,5.0,1
273950,5.0,5.0,1
274000,5.0,5.0,1
274050,5.0,5.0,1
274100,5.0,5.0,1
274150,5.0,5.0,1
274200,5.0,5.0,1
274250,5.0,5.0,1
274300,5.0,5.0,1
274350,5.0,5.0,1
274400,5.0,5.0,1
274450,5.0,5.0,1
274500,5.0,5.0,1
274550,5.0,5.0,1
274600,5.0,5.0,1
274650,5.0,5.0,1
274700,5.0,5.0,1
274750,5.0,5.0,1
274800,5.0,5.0,1
274850,5.0,5.0,1
274900,5.0,5.0,1
274950,5.0,5.0,1
275000,5.0,5.0,1
275050,5.0,5.0,1
275100,5.0,5.0,1
275150,5.0,5.0,1
275200,5.0,5.0,1
275250,5.0,5.0,1
275300,5.0,5.0,1
275350,5.0,5.0,1
275400,5.0,5.0,1
275450,5.0,5.0,1
275500,5.0,5.0,1
275550,5.0,5.0,1
275600,5.0,5.0,1
275650,5.0,5.0,1
275700,5.0,5.0,1
275750,5.0,5.0,1
275800,5.0,5.0,1
275850,5.0,5.0,1
275900,5.0,5.0,1
275950,5.0,5.0,1
276000,5.0,5.0,1
276050,5.0,5.0,1
276100,5.0,5.0,1
276150,5.0,5.0,1
276200,5.0,5.0,1
276250,5.0,5.0,1
276300,5.0,5.0,1
276350,5.0,5.0,1
276400,5.0,5.0,1
276450,5.0,5.0,1
276500,5.0,5.0,1
276550,5.0,5.0,1
276600,5.0,5.0,1
276650,5.0,5.0,1
276700,5.0,5.0,1
276750,5.0,5.0,1
276800,5.0,5.0,1
276850,5.0,5.0,1
276900,5.0,5.0,1
276950,5.0,5.0,1
277000,5.0,5.0,1
277050,5.0,5.0,1
277100,5.0,5.0,1
277150,5.0,5.0,1
277200,5.0,5.0,1
277250,5.0,5.0,1
277300,5.0,5.0,1
277350,5.0,5.0,1
277400,5.0,5.0,1
277450,5.0,5.0,1
277500,5.0,5.0,1
277550,5.0,5.0,1
277600,5.0,5.0,1
277650,5.0,5.0,1
277700,5.0,5.0,1
277750,5.0,5.0,1
277800,5.0,5.0,1
277850,5.0,5.0,1
277900,5.0,5.0,1
277950,5.0,5.0,1
278000,5.0,5.0,1
278050,5.0,5.0,1
278100,5.0,5.0,1
278150,5.0,5.0,1
278200,5.0,5.0,1
278250,5.0,5.0,1
278300,5.0,5.0,1
278350,5.0,5.0,1
278400,5.0,5.0,1
278450,5.0,5.0,1
278500,5.0,5.0,1
278550,5.0,5.0,1
278600,5.0,5.0,1
278650,5.0,5.0,1
278700,5.0,5.0,1
278750,5.0,5.0,1
278800,5.0,5.0,1
278850,5.0,5.0,1
278900,5.0,5.0,1
278950,5.0,5.0,1
279000,5.0,5.0,1
279050,5.0,5.0,1
279100,5.0,5.0,1
279150,5.0,5.0,1
279200,5.0,5.0,1
279250,5.0,5.0,1
279300,5.0,5.0,1
279350,5.0,5.0,1
279400,5.0,5.0,1
279450,5.0,5.0,1
279500,5.0,5.0,1
279550,5.0,5.0,1
279600,5.0,5.0,1
279650,5.0,5.0,1
279700,5.0,5.0,1
279750,5.0,5.0,1
279800,5.0,5.0,1
279850,5.0,5.0,1
279900,5.0,5.0,1
279950,5.0,5.0,1
280000,5.0,5.0,1
280050,5.0,5.0,1
280100,5.0,5.0,1
280150,5.0,5.0,1
280200,5.0,5.0,1
280250,5.0,5.0,1
280300,5.0,5.0,1
280350,5.0,5.0,1
280400,5.0,5.0,1
280450,5.0,5.0,1
280500,5.0,5.0,1
280550,5.0,5.0,1
280600,5.0,5.0,1
280650,5.0,5.0,1
280700,5.0,5.0,1
280750,5.0,5.0,1
280800,5.0,5.0,1
280850,5.0,5.0,1
280900,5.0,5.0,1
280950,5.0,5.0,1
281000,5.0,5.0,1
281050,5.0,5.0,1
281100,5.0,5.0,1
281150,5.0,5.0,1
281200,5.0,5.0,1
281250,5.0,5.0,1
281300,5.0,5.0,1
281350,5.0,5.0,1
281400,5.0,5.0,1
281450,5.0,5.0,1
281500,5.0,5.0,1
281550,5.0,5.0,1
281600,5.0,5.0,1
281650,5.0,5.0,1
281700,5.0,5.0,1
281750,5.0,5.0,1
281800,5.0,5.0,1
281850,5.0,5.0,1
281900,5.0,5.0,1
281950,5.0,5.0,1
282000,5.0,5.0,1
282050,5.0,5.0,1
282100,5.0,5.0,1
282150,5.0,5.0,1
282200,5.0,5.0,1
282250,5.0,5.0,1
282300,5.0,5.0,1
282350,5.0,5.0,1
282400,5.0,5.0,1
282450,5.0,5.0,1
282500,5.0,5.0,1
282550,5.0,5.0,1
282600,5.0,5.0,1
282650,5.0,5.0,1
282700,5.0,5.0,1
282750,5.0,5.0,1
282800,5.0,5.0,1
282850,5.0,5.0,1
282900,5.0,5.0,1
282950,5.0,5.0,1
283000,5.0,5.0,1
283050,5.0,5.0,1
283100,5.0,5.0,1
283150,5.0,5.0,1
283200,5.0,5.0,1
283250,5.0,5.0,1
283300,5.0,5.0,1
283350,5.0,5.0,1
283400,5.0,5.0,1
283450,5.0,5.0,1
283500,5.0,5.0,1
283550,5.0,5.0,1
283600,5.0,5.0,1
283650,5.0,5.0,1
283700,5.0,5.0,1
283750,5.0,5.0,1
283800,5.0,5.0,1
283850,5.0,5.0,1
283900,5.0,5.0,1
283950,5.0,5.0,1
284000,5.0,5.0,1
284050,5.0,5.0,1
284100,5.0,5.0,1
284150,5.0,5.0,1
284200,5.0,5.0,1
284250,5.0,5.0,1
284300,5.0,5.0,1
284350,5.0,5.0,1
284400,5.0,5.0,1
284450,5.0,5.0,1
284500,5.0,5.0,1
284550,5.0,5.0,1
284600,5.0,5.0,1
284650,5.0,5.0,1
284700,5.0,5.0,1
284750,5.0,5.0,1
284800,5.0,5.0,1
284850,5.0,5.0,1
284900,5.0,5.0,1
284950,5.0,5.0,1
285000,5.0,5.0,1
285050,5.0,5.0,1
285100,5.0,5.0,1
285150,5.0,5.0,1
285200,5.0,5.0,1
285250,5.0,5.0,1
285300,5.0,5.0,1
285350,5.0,5.0,1
285400,5.0,5.0,1
285450,5.0,5.0,1
285500,5.0,5.0,1
285550,5.0,5.0,1
285600,5.0,5.0,1
285650,5.0,5.0,1
285700,5.0,5.0,1
285750,5.0,5.0,1
285800,5.0,5.0,1
285850,5.0,5.0,1
285900,5.0,5.0,1
285950,5.0,5.0,1
286000,5.0,5.0,1
286050,5.0,5.0,1
286100,5.0,5.0,1
286150,5.0,5.0,1
286200,5.0,5.0,1
286250,5.0,5.0,1
286300,5.0,5.0,1
286350,5.0,5.0,1
286400,5.0,5.0,1
286450,5.0,5.0,1
286500,5.0,5.0,1
286550,5.0,5.0,1
286600,5.0,5.0,1
286650,5.0,5.0,1
286700,5.0,5.0,1
286750,5.0,5.0,1
286800,5.0,5.0,1
286850,5.0,5.0,1
286900,5.0,5.0,1
286950,5.0,5.0,1
287000,5.0,5.0,1
287050,5.0,5.0,1
287100,5.0,5.0,1
287150,5.0,5.0,1
287200,5.0,5.0,1
287250,5.0,5.0,1
287300,5.0,5.0,1
287350,5.0,5.0,1
287400,5.0,5.0,1
287450,5.0,5.0,1
287500,5.0,5.0,1
287550,5.0,5.0,1
287600,5.0,5.0,1
287650,5.0,5.0,1
287700,5.0,5.0,1
287750,5.0,5.0,1
287800,5.0,5.0,1
287850,5.0,5.0,1
287900,5.0,5.0,1
287950,5.0,5.0,1
288000,5.0,5.0,1
288050,5.0,5.0,1
288100,5.0,5.0,1
288150,5.0,5.0,1
288200,5.0,5.0,1
288250,5.0,5.0,1
288300,5.0,5.0,1
288350,5.0,5.0,1
288400,5.0,5.0,1
288450,5.0,5.0,1
288500,5.0,5.0,1
288550,5.0,5.0,1
288600,5.0,5.0,1
288650,5.0,5.0,1
288700,5.0,5.0,1
288750,5.0,5.0,1
288800,5.0,5.0,1
288850,5.0,5.0,1
288900,5.0,5.0,1
288950,5.0,5.0,1
289000,5.0,5.0,1
289050,5.0,5.0,1
289100,5.0,5.0,1
289150,5.0,5.0,1
289200,5.0,5.0,1
289250,5.0,5.0,1
289300,5.0,5.0,1
289350,5.0,5.0,1
289400,5.0,5.0,1
289450,5.0,5.0,1
289500,5.0,5.0,1
289550,5.0,5.0,1
289600,5.0,5.0,1
289650,5.0,5.0,1
289700,5.0,5.0,1
289750,5.0,5.0,1
289800,5.0,5.0,1
289850,5.0,5.0,1
289900,5.0,5.0,1
289950,5.0,5.0,1
290000,5.0,5.0,1
290050,5.0,5.0,1
290100,5.0,5.0,1
290150,5.0,5.0,1
290200,5.0,5.0,1
290250,5.0,5.0,1
290300,5.0,5.0,1
290350,5.0,5.0,1
290400,5.0,5.0,1
290450,5.0,5.0,1
290500,5.0,5.0,1
290550,5.0,5.0,1
290600,5.0,5.0,1
290650,5.0,5.0,1
290700,5.0,5.0,1
290750,5.0,5.0,1
290800,5.0,5.0,1
290850,5.0,5.0,1
290900,5.0,5.0,1
290950,5.0,5.0,1
291000,5.0,5.0,1
291050,5.0,5.0,1
291100,5.0,5.0,1
291150,5.0,5.0,1
291200,5.0,5.0,1
291250,5.0,5.0,1
291300,5.0,5.0,1
291350,5.0,5.0,1
291400,5.0,5.0,1
291450,5.0,5.0,1
291500,5.0,5.0,1
291550,5.0,5.0,1
291600,5.0,5.0,1
291650,5.0,5.0,1
291700,5.0,5.0,1
291750,5.0,5.0,1
291800,5.0,5.0,1
291850,5.0,5.0,1
291900,5.0,5.0,1
291950,5.0,5.0,1
292000,5.0,5.0,1
292050,5.0,5.0,1
292100,5.0,5.0,1
292150,5.0,5.0,1
292200,5.0,5.0,1
292250,5.0,5.0,1
292300,5.0,5.0,1
292350,5.0,5.0,1
292400,5.0,5.0,1
292450,5.0,5.0,1
292500,5.0,5.0,1
292550,5.0,5.0,1
292600,5.0,5.0,1
292650,5.0,5.0,1
292700,5.0,5.0,1
292750,5.0,5.0,1
292800,5.0,5.0,1
292850,5.0,5.0,1
292900,5.0,5.0,1
292950,5.0,5.0,1
293000,5.0,5.0,1
293050,5.0,5.0,1
293100,5.0,5.0,1
293150,5.0,5.0,1
293200,5.0,5.0,1
293250,5.0,5.0,1
293300,5.0,5.0,1
293350,5.0,5.0,1
293400,5.0,5.0,1
293450,5.0,5.0,1
293500,5.0,5.0,1
293550,5.0,5.0,1
293600,5.0,5.0,1
293650,5.0,5.0,1
293700,5.0,5.0,1
293750,5.0,5.0,1
293800,5.0,5.0,1
293850,5.0,5.0,1
293900,5.0,5.0,1
293950,5.0,5.0,1
294000,5.0,5.0,1
294050,5.0,5.0,1
294100,5.0,5.0,1
294150,5.0,5.0,1
294200,5.0,5.0,1
294250,5.0,5.0,1
294300,5.0,5.0,1
294350,5.0,5.0,1
294400,5.0,5.0,1
294450,5.0,5.0,1
294500,5.0,5.0,1
294550,5.0,5.0,1
294600,5.0,5.0,1
294650,5.0,5.0,1
294700,5.0,5.0,1
294750,5.0,5.0,1
294800,5.0,5.0,1
294850,5.0,5.0,1
294900,5.0,5.0,1
294950,5.0,5.0,1
295000,5.0,5.0,1
295050,5.0,5.0,1
295100,5.0,5.0,1
295150,5.0,5.0,1
295200,5.0,5.0,1
295250,5.0,5.0,1
295300,5.0,5.0,1
295350,5.0,5.0,1
295400,5.0,5.0,1
295450,5.0,5.0,1
295500,5.0,5.0,1
295550,5.0,5.0,1
295600,5.0,5.0,1
295650,5.0,5.0,1
295700,5.0,5.0,1
295750,5.0,5.0,1
295800,5.0,5.0,1
295850,5.0,5.0,1
295900,5.0,5.0,1
295950,5.0,5.0,1
296000,5.0,5.0,1
296050,5.0,5.0,1
296100,5.0,5.0,1
296150,5.0,5.0,1
296200,5.0,5.0,1
296250,5.0,5.0,1
296300,5.0,5.0,1
296350,5.0,5.0,1
296400,5.0,5.0,1
296450,5.0,5.0,1
296500,5.0,5.0,1
296550,5.0,5.0,1
296600,5.0,5.0,1
296650,5.0,5.0,1
296700,5.0,5.0,1
296750,5.0,5.0,1
296800,5.0,5.0,1
296850,5.0,5.0,1
296900,5.0,5.0,1
296950,5.0,5.0,1
297000,5.0,5.0,1
297050,5.0,5.0,1
297100,5.0,5.0,1
297150,5.0,5.0,1
297200,5.0,5.0,1
297250,5.0,5.0,1
297300,5.0,5.0,1
297350,5.0,5.0,1
297400,5.0,5.0,1
297450,5.0,5.0,1
297500,5.0,5.0,1
297550,5.0,5.0,1
297600,5.0,5.0,1
297650,5.0,5.0,1
297700,5.0,5.0,1
297750,5.0,5.0,1
297800,5.0,5.0,1
297850,5.0,5.0,1
297900,5.0,5.0,1
297950,5.0,5.0,1
298000,5.0,5.0,1
298050,5.0,5.0,1
298100,5.0,5.0,1
298150,5.0,5.0,1
298200,5.015,5.0,1
298250,5.05,5.0,1
298300,5.079,5.0,1
298350,5.124,5.0,1
298400,5.18,5.0,1
298450,5.228,5.0,1
298500,5.257,5.0,1
298550,5.268,5.0,1
298600,5.269,5.0,1
298650,5.269,5.0,1
298700,5.269,5.0,1
298750,5.275,5.0,1
298800,5.296,5.014,1
298850,5.318,5.016,1
298900,5.335,5.015,1
298950,5.338,5.015,1
299000,5.342,5.015,1
299050,5.343,5.015,1
299100,5.343,5.015,1
299150,5.343,5.015,1
299200,5.343,5.015,1
299250,5.343,5.015,1
299300,5.343,5.015,1
299350,5.343,5.015,1
299400,5.343,5.009,1
299450,5.343,5.008,1
299500,5.343,5.008,1
299550,5.343,5.008,1
299600,5.343,5.008,1
299650,5.343,5.007,1
299700,5.343,5.007,1
299750,5.343,5.007,1
299800,5.343,5.007,1
299850,5.343,5.007,1
299900,5.343,5.007,1
299950,5.343,5.007,1
300000,5.343,5.007,1
300050,5.343,5.005,1
300100,5.343,5.004,1
300150,5.343,5.004,1
300200,5.343,5.004,1
300250,5.343,5.004,1
300300,5.343,5.004,1
300350,5.343,5.004,1
300400,5.343,5.004,1
300450,5.343,5.004,1
300500,5.343,5.004,1
300550,5.343,5.004,1
300600,5.343,5.004,1
300650,5.343,5.004,1
300700,5.343,5.004,1
300750,5.343,5.004,1
300800,5.343,5.004,1
300850,5.343,5.004,1
300900,5.343,5.004,1
300950,5.343,5.004,1
301000,5.341,5.004,1
301050,5.34,5.004,1
301100,5.339,5.004,1
301150,5.337,5.004,1
301200,5.336,5.004,1
301250,5.334,5.004,1
301300,5.332,5.004,1
301350,5.332,5.004,1
301400,5.332,5.004,1
301450,5.332,5.004,1
301500,5.332,5.004,1
301550,5.328,5.004,1
301600,5.326,5.004,1
301650,5.326,5.004,1
301700,5.326,5.004,1
301750,5.325,5.004,1
301800,5.324,5.006,1
301850,5.322,5.007,1
301900,5.321,5.008,1
301950,5.32,5.01,1
302000,5.319,5.011,1
302050,5.319,5.011,1
302100,5.316,5.012,1
302150,5.316,5.015,1
302200,5.316,5.016,1
302250,5.314,5.016,1
302300,5.312,5.016,1
302350,5.31,5.018,1
302400,5.307,5.019,1
302450,5.304,5.02,1
302500,5.3,5.021,1
302550,5.299,5.021,1
302600,5.299,5.023,1
302650,5.299,5.024,1
302700,5.297,5.024,1
302750,5.297,5.025,1
302800,5.297,5.026,1
302850,5.297,5.027,1
302900,5.296,5.027,1
302950,5.295,5.028,1
303000,5.295,5.029,1
303050,5.291,5.029,1
303100,5.291,5.03,1
303150,5.291,5.03,1
303200,5.291,5.03,1
303250,5.291,5.03,1
303300,5.291,5.03,1
303350,5.291,5.03,1
303400,5.289,5.03,1
303450,5.288,5.03,1
303500,5.288,5.03,1
303550,5.288,5.03,1
303600,5.288,5.03,1
303650,5.288,5.03,1
303700,5.288,5.03,1
303750,5.288,5.031,1
303800,5.288,5.032,1
303850,5.288,5.032,1
303900,5.288,5.032,1
303950,5.288,5.032,1
304000,5.288,5.032,1
304050,5.288,5.032,1
304100,5.287,5.032,1
304150,5.286,5.032,1
304200,5.286,5.032,1
304250,5.286,5.032,1
304300,5.286,5.032,1
304350,5.286,5.032,1
304400,5.286,5.032,1
304450,5.286,5.033,1
304500,5.286,5.033,1
304550,5.286,5.033,1
304600,5.286,5.033,1
304650,5.286,5.033,1
304700,5.286,5.033,1
304750,5.283,5.007,1
304800,5.282,5.0,1
304850,5.279,5.0,1
304900,5.278,5.0,1
304950,5.278,5.0,1
305000,5.277,5.0,1
305050,5.276,5.0,1
305100,5.273,5.0,1
305150,5.272,5.0,1
305200,5.272,5.0,1
305250,5.272,5.0,1
305300,5.27,5.0,1
305350,5.269,5.0,1
305400,5.269,5.0,1
305450,5.269,5.0,1
305500,5.262,5.0,1
305550,5.26,5.0,1
305600,5.26,5.0,1
305650,5.26,5.0,1
305700,5.26,5.0,1
305750,5.26,5.0,1
305800,5.26,5.0,1
305850,5.254,5.0,1
305900,5.253,5.0,1
305950,5.25,5.0,1
306000,5.249,5.0,1
306050,5.249,5.0,1
306100,5.244,5.0,1
306150,5.241,5.0,1
306200,5.24,5.0,1
306250,5.24,5.0,1
306300,5.24,5.0,1
306350,5.24,5.0,1
306400,5.24,5.0,1
306450,5.24,5.0,1
306500,5.24,5.0,1
306550,5.24,5.0,1
306600,5.24,5.0,1
306650,5.24,5.0,1
306700,5.24,5.0,1
306750,5.24,5.0,1
306800,5.24,5.0,1
306850,5.24,5.0,1
306900,5.24,5.0,1
306950,5.24,5.0,1
307000,5.24,5.0,1
307050,5.24,5.0,1
307100,5.24,5.0,1
307150,5.24,5.0,1
307200,5.24,5.0,1
307250,5.24,5.0,1
307300,5.24,5.0,1
307350,5.24,5.0,1
307400,5.24,5.0,1
307450,5.24,5.0,1
307500,5.24,5.0,1
307550,5.24,5.0,1
307600,5.24,5.0,1
307650,5.24,5.0,1
307700,5.24,5.0,1
307750,5.24,5.0,1
307800,5.24,5.0,1
307850,5.24,5.0,1
307900,5.24,5.0,1
307950,5.24,5.0,1
308000,5.24,5.0,1
308050,5.24,5.0,1
308100,5.24,5.0,1
308150,5.24,5.0,1
308200,5.24,5.0,1
308250,5.24,5.0,1
308300,5.24,5.0,1
308350,5.24,5.0,1
308400,5.24,5.0,1
308450,5.24,5.0,1
308500,5.24,5.0,1
308550,5.24,5.0,1
308600,5.24,5.0,1
308650,5.24,5.0,1
308700,5.24,5.0,1
308750,5.24,5.0,1
308800,5.24,5.0,1
308850,5.24,5.0,1
308900,5.24,5.0,1
308950,5.24,5.0,1
309000,5.256,5.0,1
309050,5.294,5.032,1
309100,5.329,5.041,1
309150,5.364,5.041,1
309200,5.401,5.041,1
309250,5.443,5.041,1
309300,5.469,5.041,1
309350,5.477,5.041,1
309400,5.48,5.041,1
309450,5.482,5.04,1
309500,5.488,5.034,1
309550,5.503,5.027,1
309600,5.533,5.025,1
309650,5.589,5.025,1
309700,5.643,5.025,1
309750,5.66,5.025,1
309800,5.662,5.025,1
309850,5.662,5.025,1
309900,5.662,5.025,1
309950,5.662,5.025,1
310000,5.662,5.025,1
310050,5.665,5.015,1
310100,5.666,5.006,1
310150,5.666,5.005,1
310200,5.667,5.005,1
310250,5.671,5.005,1
310300,5.677,5.009,1
310350,5.685,5.028,1
310400,5.689,5.034,1
310450,5.699,5.04,1
310500,5.707,5.043,1
310550,5.708,5.043,1
310600,5.708,5.043,1
310650,5.708,5.043,1
310700,5.715,5.043,1
310750,5.72,5.043,1
310800,5.723,5.043,1
310850,5.728,5.043,1
310900,5.734,5.043,1
310950,5.742,5.043,1
311000,5.751,5.043,1
311050,5.759,5.043,1
311100,5.765,5.043,1
311150,5.772,5.043,1
311200,5.779,5.043,1
311250,5.789,5.043,1
311300,5.8,5.043,1
311350,5.808,5.043,1
311400,5.81,5.043,1
311450,5.812,5.043,1
311500,5.813,5.043,1
311550,5.813,5.043,1
311600,5.813,5.043,1
311650,5.813,5.049,1
311700,5.813,5.056,1
311750,5.815,5.057,1
311800,5.816,5.057,1
311850,5.816,5.063,1
311900,5.816,5.065,1
311950,5.816,5.065,1
312000,5.816,5.065,1
312050,5.816,5.065,1
312100,5.816,5.065,1
312150,5.816,5.065,1
312200,5.816,5.065,1
312250,5.816,5.065,1
312300,5.816,5.065,1
312350,5.816,5.065,1
312400,5.816,5.065,1
312450,5.816,5.065,1
312500,5.816,5.065,1
312550,5.816,5.065,1
312600,5.816,5.067,1
312650,5.816,5.067,1
312700,5.816,5.067,1
312750,5.816,5.067,1
312800,5.816,5.068,1
312850,5.816,5.073,1
312900,5.816,5.078,1
312950,5.816,5.082,1
313000,5.816,5.087,1
313050,5.816,5.093,1
313100,5.816,5.095,1
313150,5.816,5.097,1
313200,5.816,5.098,1
313250,5.816,5.098,1
313300,5.816,5.098,1
313350,5.816,5.098,1
313400,5.816,5.098,1
313450,5.816,5.098,1
313500,5.816,5.098,1
313550,5.816,5.098,1
313600,5.816,5.098,1
313650,5.816,5.098,1
313700,5.816,5.098,1
313750,5.816,5.098,1
313800,5.816,5.098,1
313850,5.816,5.098,1
313900,5.816,5.098,1
313950,5.816,5.098,1
314000,5.816,5.098,1
314050,5.816,5.098,1
314100,5.816,5.098,1
314150,5.816,5.098,1
314200,5.816,5.098,1
314250,5.816,5.098,1
314300,5.816,5.098,1
314350,5.816,5.098,1
314400,5.816,5.098,1
314450,5.816,5.098,1
314500,5.816,5.098,1
314550,5.816,5.098,1
314600,5.816,5.098,1
314650,5.816,5.098,1
314700,5.816,5.098,1
314750,5.816,5.098,1
314800,5.816,5.098,1
314850,5.816,5.098,1
314900,5.816,5.098,1
314950,5.816,5.098,1
315000,5.816,5.098,1
315050,5.816,5.098,1
315100,5.816,5.098,1
315150,5.816,5.098,1
315200,5.816,5.098,1
315250,5.816,5.098,1
315300,5.816,5.098,1
315350,5.816,5.098,1
315400,5.816,5.098,1
315450,5.816,5.098,1
315500,5.816,5.098,1
315550,5.816,5.098,1
315600,5.816,5.098,1
315650,5.816,5.098,1
315700,5.816,5.098,1
315750,5.816,5.098,1
315800,5.816,5.098,1
315850,5.816,5.098,1
315900,5.816,5.098,1
315950,5.816,5.098,1
316000,5.816,5.098,1
316050,5.816,5.098,1
316100,5.816,5.098,1
316150,5.816,5.098,1
316200,5.816,5.098,1
316250,5.816,5.098,1
316300,5.816,5.098,1
316350,5.816,5.098,1
316400,5.816,5.098,1
316450,5.816,5.098,1
316500,5.816,5.098,1
316550,5.816,5.098,1
316600,5.816,5.098,1
316650,5.816,5.098,1
316700,5.816,5.098,1
316750,5.816,5.098,1
316800,5.816,5.098,1
316850,5.816,5.098,1
316900,5.816,5.098,1
316950,5.816,5.098,1
317000,5.816,5.098,1
317050,5.816,5.098,1
317100,5.816,5.098,1
317150,5.816,5.098,1
317200,5.816,5.098,1
317250,5.816,5.098,1
317300,5.816,5.098,1
317350,5.816,5.098,1
317400,5.816,5.098,1
317450,5.816,5.098,1
317500,5.816,5.098,1
317550,5.816,5.098,1
317600,5.816,5.098,1
317650,5.816,5.098,1
317700,5.816,5.098,1
317750,5.816,5.098,1
317800,5.816,5.098,1
317850,5.816,5.098,1
317900,5.816,5.098,1
317950,5.816,5.098,1
318000,5.816,5.098,1
318050,5.816,5.098,1
318100,5.816,5.098,1
318150,5.816,5.098,1
318200,5.816,5.098,1
318250,5.816,5.098,1
318300,5.816,5.098,1
318350,5.816,5.098,1
318400,5.816,5.098,1
318450,5.816,5.098,1
318500,5.816,5.098,1
318550,5.816,5.1,1
318600,5.816,5.104,1
318650,5.816,5.106,1
318700,5.816,5.114,1
318750,5.816,5.117,1
318800,5.816,5.12,1
318850,5.816,5.126,1
318900,5.816,5.127,1
318950,5.816,5.128,1
319000,5.815,5.128,1
319050,5.815,5.128,1
319100,5.815,5.128,1
319150,5.815,5.128,1
319200,5.815,5.13,1
319250,5.815,5.13,1
319300,5.815,5.134,1
319350,5.815,5.137,1
319400,5.815,5.138,1
319450,5.815,5.138,1
319500,5.815,5.138,1
319550,5.815,5.141,1
319600,5.815,5.142,1
319650,5.815,5.142,1
319700,5.815,5.142,1
319750,5.815,5.142,1
319800,5.815,5.142,1
319850,5.815,5.142,1
319900,5.815,5.142,1
319950,5.815,5.142,1
320000,5.815,5.142,1
320050,5.815,5.142,1
320100,5.815,5.142,1
320150,5.815,5.142,1
320200,5.815,5.142,1
320250,5.815,5.142,1
320300,5.815,5.142,1
320350,5.815,5.142,1
320400,5.815,5.142,1
320450,5.815,5.142,1
320500,5.815,5.142,1
320550,5.815,5.142,1
320600,5.815,5.142,1
320650,5.815,5.142,1
320700,5.815,5.142,1
320750,5.815,5.142,1
320800,5.815,5.142,1
320850,5.815,5.142,1
320900,5.815,5.142,1
320950,5.815,5.142,1
321000,5.815,5.142,1
321050,5.815,5.142,1
321100,5.815,5.142,1
321150,5.815,5.142,1
321200,5.815,5.142,1
321250,5.815,5.142,1
321300,5.815,5.142,1
321350,5.815,5.142,1
321400,5.815,5.142,1
321450,5.815,5.142,1
321500,5.815,5.142,1
321550,5.815,5.142,1
321600,5.815,5.142,1
321650,5.815,5.142,1
321700,5.815,5.142,1
321750,5.815,5.142,1
321800,5.815,5.142,1
321850,5.815,5.142,1
321900,5.815,5.142,1
321950,5.815,5.142,1
322000,5.815,5.142,1
322050,5.815,5.142,1
322100,5.815,5.142,1
322150,5.815,5.142,1
322200,5.815,5.142,1
322250,5.815,5.142,1
322300,5.815,5.142,1
322350,5.815,5.142,1
322400,5.815,5.142,1
322450,5.815,5.142,1
322500,5.815,5.142,1
322550,5.815,5.142,1
322600,5.815,5.142,1
322650,5.815,5.142,1
322700,5.815,5.142,1
322750,5.815,5.142,1
322800,5.815,5.142,1
322850,5.815,5.142,1
322900,5.815,5.142,1
322950,5.815,5.142,1
323000,5.815,5.142,1
323050,5.815,5.142,1
323100,5.815,5.142,1
323150,5.815,5.142,1
323200,5.815,5.142,1
323250,5.815,5.142,1
323300,5.815,5.142,1
323350,5.815,5.142,1
323400,5.815,5.142,1
323450,5.815,5.142,1
323500,5.815,5.142,1
323550,5.815,5.142,1
323600,5.815,5.142,1
323650,5.815,5.142,1
323700,5.815,5.142,1
323750,5.815,5.142,1
323800,5.815,5.142,1
323850,5.815,5.142,1
323900,5.815,5.142,1
323950,5.815,5.142,1
324000,5.815,5.146,1
324050,5.815,5.148,1
324100,5.815,5.148,1
324150,5.815,5.148,1
324200,5.815,5.148,1
324250,5.815,5.148,1
324300,5.815,5.148,1
324350,5.815,5.148,1
324400,5.815,5.148,1
324450,5.815,5.148,1
324500,5.815,5.148,1
324550,5.815,5.148,1
324600,5.815,5.148,1
324650,5.815,5.148,1
324700,5.815,5.148,1
324750,5.815,5.148,1
324800,5.815,5.148,1
324850,5.815,5.148,1
324900,5.815,5.148,1
324950,5.815,5.148,1
325000,5.815,5.148,1
325050,5.815,5.148,1
325100,5.815,5.148,1
325150,5.815,5.148,1
325200,5.815,5.148,1
325250,5.815,5.148,1
325300,5.815,5.148,1
325350,5.815,5.148,1
325400,5.815,5.148,1
325450,5.815,5.148,1
325500,5.815,5.148,1
325550,5.815,5.148,1
325600,5.815,5.148,1
325650,5.815,5.148,1
325700,5.815,5.148,1
325750,5.815,5.148,1
325800,5.815,5.148,1
325850,5.815,5.148,1
325900,5.815,5.148,1
325950,5.815,5.148,1
326000,5.815,5.148,1
326050,5.815,5.148,1
326100,5.815,5.148,1
326150,5.815,5.148,1
326200,5.815,5.148,1
326250,5.815,5.148,1
326300,5.815,5.148,1
326350,5.815,5.148,1
326400,5.815,5.148,1
326450,5.815,5.148,1
326500,5.815,5.148,1
326550,5.815,5.148,1
326600,5.815,5.148,1
326650,5.815,5.148,1
326700,5.815,5.148,1
326750,5.815,5.148,1
326800,5.815,5.148,1
326850,5.815,5.148,1
326900,5.815,5.148,1
326950,5.815,5.148,1
327000,5.815,5.148,1
327050,5.815,5.148,1
327100,5.815,5.148,1
327150,5.815,5.148,1
327200,5.815,5.148,1
327250,5.815,5.148,1
327300,5.815,5.148,1
327350,5.815,5.148,1
327400,5.815,5.148,1
327450,5.815,5.148,1
327500,5.815,5.148,1
327550,5.815,5.148,1
327600,5.815,5.148,1
327650,5.815,5.15,1
327700,5.815,5.151,1
327750,5.815,5.151,1
327800,5.815,5.151,1
327850,5.815,5.151,1
327900,5.815,5.151,1
327950,5.815,5.151,1
328000,5.815,5.152,1
328050,5.815,5.152,1
328100,5.815,5.154,1
328150,5.815,5.156,1
328200,5.815,5.158,1
328250,5.815,5.158,1
328300,5.815,5.158,1
328350,5.815,5.159,1
328400,5.815,5.159,1
328450,5.815,5.159,1
328500,5.815,5.159,1
328550,5.815,5.159,1
328600,5.815,5.159,1
328650,5.815,5.159,1
328700,5.815,5.159,1
328750,5.815,5.159,1
328800,5.815,5.159,1
328850,5.815,5.159,1
328900,5.815,5.159,1
328950,5.815,5.159,1
329000,5.815,5.159,1
329050,5.815,5.159,1
329100,5.815,5.159,1
329150,5.815,5.159,1
329200,5.815,5.159,1
329250,5.815,5.159,1
329300,5.815,5.159,1
329350,5.815,5.159,1
329400,5.815,5.159,1
329450,5.815,5.159,1
329500,5.815,5.159,1
329550,5.815,5.159,1
329600,5.815,5.159,1
329650,5.815,5.159,1
329700,5.815,5.159,1
329750,5.815,5.159,1
329800,5.815,5.159,1
329850,5.815,5.159,1
329900,5.815,5.159,1
329950,5.815,5.159,1
330000,5.815,5.159,1
330050,5.815,5.159,1
330100,5.815,5.159,1
330150,5.815,5.159,1
330200,5.815,5.159,1
330250,5.815,5.159,1
330300,5.815,5.159,1
330350,5.815,5.159,1
330400,5.815,5.159,1
330450,5.815,5.159,1
330500,5.815,5.159,1
330550,5.815,5.159,1
330600,5.815,5.159,1
330650,5.815,5.159,1
330700,5.815,5.159,1
330750,5.815,5.159,1
330800,5.815,5.159,1
330850,5.815,5.159,1
330900,5.815,5.159,1
330950,5.815,5.159,1
331000,5.815,5.159,1
331050,5.815,5.161,1
331100,5.815,5.162,1
331150,5.815,5.162,1
331200,5.815,5.162,1
331250,5.815,5.162,1
331300,5.815,5.162,1
331350,5.815,5.162,1
331400,5.815,5.163,1
331450,5.815,5.163,1
331500,5.815,5.163,1
331550,5.815,5.165,1
331600,5.815,5.165,1
331650,5.815,5.166,1
331700,5.815,5.166,1
331750,5.815,5.166,1
331800,5.815,5.166,1
331850,5.815,5.166,1
331900,5.815,5.166,1
331950,5.815,5.166,1
332000,5.815,5.166,1
332050,5.815,5.166,1
332100,5.815,5.166,1
332150,5.815,5.166,1
332200,5.815,5.166,1
332250,5.815,5.167,1
332300,5.815,5.167,1
332350,5.815,5.167,1
332400,5.815,5.167,1
332450,5.815,5.167,1
332500,5.815,5.167,1
332550,5.815,5.167,1
332600,5.815,5.167,1
332650,5.815,5.167,1
332700,5.815,5.167,1
332750,5.815,5.167,1
332800,5.815,5.167,1
332850,5.815,5.167,1
332900,5.815,5.167,1
332950,5.815,5.167,1
333000,5.815,5.167,1
333050,5.815,5.167,1
333100,5.815,5.167,1
333150,5.815,5.167,1
333200,5.815,5.167,1
333250,5.815,5.167,1
333300,5.815,5.167,1
333350,5.815,5.167,1
333400,5.815,5.167,1
333450,5.815,5.167,1
333500,5.815,5.167,1
333550,5.815,5.169,1
333600,5.815,5.17,1
333650,5.815,5.17,1
333700,5.815,5.17,1
333750,5.815,5.17,1
333800,5.815,5.17,1
333850,5.815,5.17,1
333900,5.815,5.171,1
333950,5.815,5.172,1
334000,5.815,5.172,1
334050,5.815,5.172,1
334100,5.815,5.172,1
334150,5.815,5.174,1
334200,5.815,5.175,1
334250,5.815,5.175,1
334300,5.815,5.175,1
334350,5.815,5.175,1
334400,5.815,5.175,1
334450,5.815,5.175,1
334500,5.815,5.175,1
334550,5.815,5.175,1
334600,5.815,5.175,1
334650,5.815,5.175,1
334700,5.815,5.175,1
334750,5.815,5.175,1
334800,5.815,5.175,1
334850,5.815,5.175,1
334900,5.815,5.175,1
334950,5.815,5.178,1
335000,5.815,5.178,1
335050,5.815,5.178,1
335100,5.815,5.178,1
335150,5.815,5.178,1
335200,5.815,5.178,1
335250,5.815,5.178,1
335300,5.815,5.178,1
335350,5.815,5.178,1
335400,5.815,5.178,1
335450,5.815,5.178,1
335500,5.815,5.178,1
335550,5.815,5.178,1
335600,5.815,5.178,1
335650,5.815,5.178,1
335700,5.815,5.178,1
335750,5.815,5.178,1
335800,5.815,5.178,1
335850,5.815,5.178,1
335900,5.815,5.178,1
335950,5.815,5.178,1
336000,5.815,5.178,1
336050,5.815,5.178,1
336100,5.815,5.178,1
336150,5.815,5.178,1
336200,5.815,5.178,1
336250,5.815,5.178,1
336300,5.815,5.178,1
336350,5.815,5.178,1
336400,5.815,5.178,1
336450,5.815,5.178,1
336500,5.815,5.178,1
336550,5.815,5.178,1
336600,5.815,5.178,1
336650,5.815,5.178,1
336700,5.815,5.178,1
336750,5.815,5.178,1
336800,5.815,5.178,1
336850,5.815,5.178,1
336900,5.815,5.178,1
336950,5.815,5.178,1
337000,5.815,5.178,1
337050,5.815,5.178,1
337100,5.815,5.178,1
337150,5.815,5.178,1
337200,5.815,5.178,1
337250,5.815,5.178,1
337300,5.815,5.178,1
337350,5.815,5.178,1
337400,5.815,5.178,1
337450,5.815,5.178,1
337500,5.815,5.178,1
337550,5.815,5.178,1
337600,5.815,5.178,1
337650,5.815,5.178,1
337700,5.815,5.18,1
337750,5.815,5.18,1
337800,5.815,5.181,1
337850,5.815,5.181,1
337900,5.815,5.181,1
337950,5.815,5.181,1
338000,5.815,5.182,1
338050,5.815,5.183,1
338100,5.815,5.183,1
338150,5.815,5.183,1
338200,5.815,5.183,1
338250,5.815,5.183,1
338300,5.815,5.183,1
338350,5.815,5.183,1
338400,5.815,5.183,1
338450,5.815,5.183,1
338500,5.815,5.183,1
338550,5.815,5.187,1
338600,5.815,5.188,1
338650,5.815,5.188,1
338700,5.815,5.188,1
338750,5.815,5.188,1
338800,5.815,5.188,1
338850,5.815,5.188,1
338900,5.815,5.188,1
338950,5.815,5.188,1
339000,5.815,5.188,1
339050,5.815,5.188,1
339100,5.815,5.188,1
339150,5.815,5.188,1
339200,5.815,5.19,1
339250,5.815,5.19,1
339300,5.815,5.19,1
339350,5.815,5.19,1
339400,5.815,5.19,1
339450,5.815,5.19,1
339500,5.815,5.19,1
339550,5.815,5.19,1
339600,5.815,5.19,1
339650,5.815,5.19,1
339700,5.815,5.19,1
339750,5.815,5.19,1
339800,5.815,5.19,1
339850,5.815,5.19,1
339900,5.815,5.19,1
339950,5.815,5.19,1
340000,5.815,5.19,1
340050,5.815,5.19,1
340100,5.815,5.19,1
340150,5.815,5.19,1
340200,5.815,5.19,1
340250,5.815,5.19,1
340300,5.815,5.19,1
340350,5.815,5.19,1
340400,5.815,5.19,1
340450,5.815,5.19,1
340500,5.815,5.192,1
340550,5.815,5.192,1
340600,5.815,5.192,1
340650,5.815,5.193,1
340700,5.815,5.193,1
340750,5.815,5.194,1
340800,5.815,5.196,1
340850,5.815,5.196,1
340900,5.815,5.196,1
340950,5.815,5.196,1
341000,5.815,5.196,1
341050,5.815,5.196,1
341100,5.815,5.196,1
341150,5.815,5.198,1
341200,5.815,5.199,1
341250,5.815,5.2,1
341300,5.815,5.202,1
341350,5.815,5.202,1
341400,5.815,5.204,1
341450,5.815,5.205,1
341500,5.815,5.205,1
341550,5.815,5.206,1
341600,5.815,5.206,1
341650,5.815,5.207,1
341700,5.815,5.208,1
341750,5.815,5.208,1
341800,5.815,5.21,1
341850,5.815,5.21,1
341900,5.815,5.21,1
341950,5.815,5.211,1
342000,5.815,5.211,1
342050,5.815,5.212,1
342100,5.815,5.213,1
342150,5.815,5.213,1
342200,5.815,5.213,1
342250,5.815,5.215,1
342300,5.815,5.216,1
342350,5.815,5.216,1
342400,5.815,5.216,1
342450,5.815,5.216,1
342500,5.815,5.216,1
342550,5.815,5.216,1
342600,5.815,5.216,1
342650,5.815,5.216,1
342700,5.815,5.216,1
342750,5.815,5.216,1
342800,5.815,5.216,1
342850,5.815,5.216,1
342900,5.815,5.216,1
342950,5.815,5.216,1
343000,5.815,5.216,1
343050,5.815,5.216,1
343100,5.815,5.216,1
343150,5.815,5.216,1
343200,5.815,5.216,1
343250,5.815,5.216,1
343300,5.815,5.216,1
343350,5.815,5.216,1
343400,5.815,5.216,1
343450,5.815,5.216,1
343500,5.815,5.216,1
343550,5.815,5.216,1
343600,5.815,5.216,1
343650,5.815,5.216,1
343700,5.815,5.216,1
343750,5.815,5.216,1
343800,5.815,5.216,1
343850,5.815,5.216,1
343900,5.815,5.216,1
343950,5.813,5.216,1
344000,5.811,5.216,1
344050,5.81,5.216,1
344100,5.809,5.216,1
344150,5.809,5.216,1
344200,5.809,5.216,1
344250,5.809,5.218,1
344300,5.809,5.218,1
344350,5.809,5.218,1
344400,5.809,5.218,1
344450,5.809,5.22,1
344500,5.809,5.22,1
344550,5.809,5.22,1
344600,5.809,5.22,1
344650,5.809,5.22,1
344700,5.809,5.22,1
344750,5.809,5.22,1
344800,5.809,5.22,1
344850,5.809,5.22,1
344900,5.809,5.22,1
344950,5.809,5.22,1
345000,5.809,5.22,1
345050,5.809,5.221,1
345100,5.809,5.221,1
345150,5.809,5.221,1
345200,5.809,5.221,1
345250,5.809,5.221,1
345300,5.809,5.221,1
345350,5.809,5.221,1
345400,5.809,5.221,1
345450,5.809,5.221,1
345500,5.809,5.222,1
345550,5.809,5.223,1
345600,5.809,5.223,1
345650,5.809,5.223,1
345700,5.809,5.223,1
345750,5.809,5.223,1
345800,5.809,5.224,1
345850,5.809,5.224,1
345900,5.809,5.224,1
345950,5.809,5.226,1
346000,5.809,5.227,1
346050,5.809,5.227,1
346100,5.809,5.227,1
346150,5.809,5.227,1
346200,5.809,5.227,1
346250,5.809,5.227,1
346300,5.809,5.227,1
346350,5.809,5.227,1
346400,5.809,5.227,1
346450,5.809,5.228,1
346500,5.809,5.229,1
346550,5.809,5.229,1
346600,5.809,5.229,1
346650,5.808,5.229,1
346700,5.808,5.229,1
346750,5.808,5.229,1
346800,5.807,5.229,1
346850,5.807,5.229,1
346900,5.807,5.229,1
346950,5.807,5.229,1
347000,5.807,5.23,1
347050,5.807,5.231,1
347100,5.807,5.233,1
347150,5.807,5.234,1
347200,5.807,5.234,1
347250,5.807,5.234,1
347300,5.807,5.234,1
347350,5.807,5.234,1
347400,5.807,5.234,1
347450,5.807,5.234,1
347500,5.807,5.234,1
347550,5.807,5.234,1
347600,5.807,5.234,1
347650,5.807,5.234,1
347700,5.807,5.234,1
347750,5.807,5.234,1
347800,5.807,5.234,1
347850,5.807,5.234,1
347900,5.807,5.234,1
347950,5.807,5.234,1
348000,5.807,5.234,1
348050,5.807,5.234,1
348100,5.807,5.234,1
348150,5.811,5.234,1
348200,5.82,5.234,1
348250,5.822,5.228,1
348300,5.838,5.226,1
348350,5.862,5.226,1
348400,5.929,5.218,1
348450,6.057,5.19,1
348500,6.125,5.156,1
348550,6.136,5.148,1
348600,6.139,5.159,1
348650,6.14,5.163,1
348700,6.14,5.163,1
348750,6.14,5.16,1
348800,6.142,5.16,1
348850,6.149,5.164,1
348900,6.157,5.166,1
348950,6.159,5.166,1
349000,6.168,5.166,1
349050,6.182,5.166,1
349100,6.2,5.166,1
349150,6.214,5.167,1
349200,6.22,5.167,1
349250,6.238,5.164,1
349300,6.257,5.169,1
349350,6.285,5.171,1
349400,6.297,5.171,1
349450,6.298,5.171,1
349500,6.298,5.171,1
349550,6.299,5.171,1
349600,6.303,5.171,1
349650,6.304,5.171,1
349700,6.307,5.171,1
349750,6.319,5.171,1
349800,6.337,5.171,1
349850,6.365,5.171,1
349900,6.388,5.166,1
349950,6.4,5.161,1
350000,6.405,5.161,1
350050,6.405,5.161,1
350100,6.405,5.161,1
350150,6.406,5.161,1
350200,6.408,5.161,1
350250,6.408,5.161,1
350300,6.408,5.161,1
350350,6.408,5.161,1
350400,6.408,5.161,1
350450,6.408,5.155,1
350500,6.408,5.153,1
350550,6.408,5.153,1
350600,6.408,5.153,1
350650,6.408,5.153,1
350700,6.408,5.153,1
350750,6.408,5.153,1
350800,6.408,5.153,1
350850,6.408,5.153,1
350900,6.408,5.153,1
350950,6.408,5.153,1
351000,6.408,5.153,1
351050,6.411,5.153,1
351100,6.412,5.153,1
351150,6.414,5.153,1
351200,6.415,5.153,1
351250,6.415,5.153,1
351300,6.415,5.153,1
351350,6.415,5.153,1
351400,6.415,5.153,1
351450,6.415,5.153,1
351500,6.415,5.153,1
351550,6.415,5.153,1
351600,6.416,5.153,1
351650,6.419,5.153,1
351700,6.422,5.153,1
351750,6.425,5.153,1
351800,6.426,5.153,1
351850,6.432,5.153,1
351900,6.437,5.153,1
351950,6.438,5.153,1
352000,6.438,5.153,1
352050,6.438,5.153,1
352100,6.438,5.153,1
352150,6.438,5.153,1
352200,6.44,5.153,1
352250,6.44,5.153,1
352300,6.44,5.153,1
352350,6.44,5.153,1
352400,6.44,5.153,1
352450,6.44,5.153,1
352500,6.44,5.153,1
352550,6.44,5.153,1
352600,6.44,5.153,1
352650,6.44,5.153,1
352700,6.44,5.153,1
352750,6.44,5.153,1
352800,6.44,5.153,1
352850,6.44,5.153,1
352900,6.44,5.153,1
352950,6.44,5.153,1
353000,6.44,5.153,1
353050,6.44,5.153,1
353100,6.44,5.153,1
353150,6.44,5.153,1
353200,6.44,5.153,1
353250,6.44,5.153,1
353300,6.44,5.153,1
353350,6.44,5.153,1
353400,6.44,5.153,1
353450,6.44,5.153,1
353500,6.44,5.153,1
353550,6.44,5.153,1
353600,6.44,5.153,1
353650,6.44,5.153,1
353700,6.44,5.153,1
353750,6.44,5.153,1
353800,6.44,5.153,1
353850,6.44,5.153,1
353900,6.44,5.153,1
353950,6.44,5.153,1
354000,6.44,5.153,1
354050,6.44,5.153,1
354100,6.44,5.153,1
354150,6.44,5.153,1
354200,6.44,5.153,1
354250,6.44,5.153,1
354300,6.44,5.153,1
354350,6.44,5.153,1
354400,6.44,5.153,1
354450,6.44,5.153,1
354500,6.44,5.153,1
354550,6.44,5.153,1
354600,6.44,5.153,1
354650,6.44,5.153,1
354700,6.44,5.153,1
354750,6.44,5.153,1
354800,6.44,5.153,1
354850,6.44,5.153,1
354900,6.44,5.153,1
354950,6.44,5.153,1
355000,6.44,5.153,1
355050,6.44,5.153,1
355100,6.44,5.153,1
355150,6.44,5.153,1
355200,6.44,5.153,1
355250,6.44,5.153,1
355300,6.44,5.153,1
355350,6.44,5.153,1
355400,6.44,5.153,1
355450,6.44,5.153,1
355500,6.44,5.153,1
355550,6.44,5.153,1
355600,6.44,5.153,1
355650,6.44,5.153,1
355700,6.44,5.153,1
355750,6.44,5.153,1
355800,6.44,5.153,1
355850,6.44,5.153,1
355900,6.44,5.153,1
355950,6.44,5.153,1
356000,6.44,5.153,1
356050,6.44,5.153,1
356100,6.44,5.153,1
356150,6.44,5.153,1
356200,6.44,5.153,1
356250,6.44,5.153,1
356300,6.44,5.153,1
356350,6.44,5.153,1
356400,6.44,5.153,1
356450,6.44,5.153,1
356500,6.44,5.153,1
356550,6.44,5.153,1
356600,6.44,5.153,1
356650,6.44,5.149,1
356700,6.44,5.147,1
356750,6.44,5.147,1
356800,6.44,5.147,1
356850,6.44,5.147,1
356900,6.44,5.147,1
356950,6.44,5.147,1
357000,6.44,5.147,1
357050,6.44,5.147,1
357100,6.44,5.147,1
357150,6.44,5.141,1
357200,6.44,5.133,1
357250,6.44,5.13,1
357300,6.44,5.131,1
357350,6.44,5.115,1
357400,6.44,5.102,1
357450,6.44,5.1,1
357500,6.44,5.1,1
357550,6.44,5.1,1
357600,6.44,5.1,1
357650,6.44,5.1,1
357700,6.44,5.1,1
357750,6.44,5.1,1
357800,6.44,5.1,1
357850,6.44,5.098,1
357900,6.44,5.086,1
357950,6.44,5.082,1
358000,6.44,5.082,1
358050,6.44,5.082,1
358100,6.44,5.082,1
358150,6.44,5.082,1
358200,6.44,5.08,1
358250,6.44,5.08,1
358300,6.44,5.08,1
358350,6.44,5.08,1
358400,6.44,5.08,1
358450,6.44,5.08,1
358500,6.44,5.08,1
358550,6.44,5.08,1
358600,6.44,5.085,1
358650,6.44,5.086,1
358700,6.44,5.086,1
358750,6.44,5.086,1
358800,6.44,5.091,1
358850,6.44,5.093,1
358900,6.44,5.093,1
358950,6.44,5.093,1
359000,6.44,5.093,1
359050,6.44,5.093,1
359100,6.44,5.093,1
359150,6.44,5.093,1
359200,6.44,5.093,1
359250,6.44,5.093,1
359300,6.44,5.093,1
359350,6.44,5.093,1
359400,6.44,5.093,1
359450,6.44,5.106,1
359500,6.44,5.127,1
359550,6.44,5.133,1
359600,6.44,5.134,1
359650,6.44,5.126,1
359700,6.44,5.121,1
359750,6.44,5.121,1
359800,6.44,5.121,1
359850,6.44,5.121,1
359900,6.44,5.121,1
359950,6.44,5.121,1
360000,6.44,5.121,1
360050,6.44,5.121,1
360100,6.44,5.121,1
360150,6.44,5.121,1
360200,6.44,5.121,1
360250,6.44,5.121,1
360300,6.44,5.121,1
360350,6.44,5.121,1
360400,6.44,5.121,1
360450,6.44,5.121,1
360500,6.44,5.121,1
360550,6.44,5.121,1
360600,6.44,5.121,1
360650,6.44,5.121,1
360700,6.44,5.121,1
360750,6.44,5.121,1
360800,6.44,5.121,1
360850,6.44,5.121,1
360900,6.44,5.121,1
360950,6.44,5.121,1
361000,6.44,5.121,1
361050,6.44,5.121,1
361100,6.44,5.121,1
361150,6.44,5.121,1
361200,6.44,5.16,1
361250,6.44,5.203,1
361300,6.44,5.222,1
361350,6.44,5.231,1
361400,6.44,5.245,1
361450,6.438,5.255,1
361500,6.431,5.262,1
361550,6.428,5.264,1
361600,6.427,5.264,1
361650,6.427,5.264,1
361700,6.422,5.268,1
361750,6.414,5.273,1
361800,6.402,5.296,1
361850,6.374,5.326,1
361900,6.353,5.361,1
361950,6.346,5.371,1
362000,6.345,5.372,1
362050,6.345,5.372,1
362100,6.345,5.372,1
362150,6.345,5.372,1
362200,6.345,5.372,1
362250,6.345,5.372,1
362300,6.345,5.336,1
362350,6.345,5.303,1
362400,6.345,5.269,1
362450,6.345,5.251,1
362500,6.345,5.248,1
362550,6.345,5.204,1
362600,6.345,5.16,1
362650,6.345,5.138,1
362700,6.345,5.134,1
362750,6.345,5.134,1
362800,6.345,5.106,1
362850,6.345,5.095,1
362900,6.345,5.094,1
362950,6.345,5.094,1
363000,6.345,5.099,1
363050,6.345,5.118,1
363100,6.345,5.124,1
363150,6.345,5.124,1
363200,6.345,5.133,1
363250,6.345,5.135,1
363300,6.345,5.135,1
363350,6.345,5.135,1
363400,6.345,5.116,1
363450,6.345,5.11,1
363500,6.345,5.11,1
363550,6.345,5.11,1
363600,6.345,5.11,1
363650,6.345,5.11,1
363700,6.345,5.11,1
363750,6.345,5.11,1
363800,6.345,5.11,1
363850,6.345,5.11,1
363900,6.345,5.11,1
363950,6.345,5.11,1
364000,6.345,5.11,1
364050,6.345,5.11,1
364100,6.345,5.11,1
364150,6.345,5.11,1
364200,6.345,5.11,1
364250,6.345,5.11,1
364300,6.345,5.11,1
364350,6.345,5.11,1
364400,6.345,5.11,1
364450,6.345,5.11,1
364500,6.345,5.11,1
364550,6.345,5.11,1
364600,6.345,5.11,1
364650,6.345,5.11,1
364700,6.345,5.11,1
364750,6.345,5.11,1
364800,6.345,5.11,1
364850,6.345,5.11,1
364900,6.345,5.11,1
364950,6.345,5.11,1
365000,6.345,5.11,1
365050,6.345,5.11,1
365100,6.345,5.11,1
365150,6.345,5.11,1
365200,6.345,5.11,1
365250,6.345,5.11,1
365300,6.345,5.111,1
365350,6.345,5.112,1
365400,6.345,5.113,1
365450,6.345,5.104,1
365500,6.345,5.102,1
365550,6.345,5.102,1
365600,6.345,5.102,1
365650,6.345,5.102,1
365700,6.345,5.102,1
365750,6.345,5.102,1
365800,6.345,5.102,1
365850,6.345,5.102,1
365900,6.345,5.102,1
365950,6.345,5.102,1
366000,6.345,5.102,1
366050,6.345,5.102,1
366100,6.345,5.102,1
366150,6.345,5.102,1
366200,6.345,5.102,1
366250,6.345,5.102,1
366300,6.345,5.102,1
366350,6.345,5.098,1
366400,6.345,5.097,1
366450,6.345,5.097,1
366500,6.345,5.097,1
366550,6.345,5.097,1
366600,6.345,5.097,1
366650,6.345,5.097,1
366700,6.345,5.097,1
366750,6.345,5.097,1
366800,6.345,5.097,1
366850,6.345,5.097,1
366900,6.345,5.097,1
366950,6.345,5.097,1
367000,6.345,5.097,1
367050,6.345,5.097,1
367100,6.345,5.097,1
367150,6.345,5.097,1
367200,6.345,5.097,1
367250,6.345,5.097,1
367300,6.345,5.097,1
367350,6.345,5.097,1
367400,6.345,5.097,1
367450,6.345,5.097,1
367500,6.345,5.097,1
367550,6.345,5.097,1
367600,6.345,5.097,1
367650,6.345,5.097,1
367700,6.345,5.097,1
367750,6.345,5.097,1
367800,6.345,5.097,1
367850,6.345,5.097,1
367900,6.345,5.097,1
367950,6.345,5.097,1
368000,6.345,5.097,1
368050,6.345,5.097,1
368100,6.345,5.097,1
368150,6.345,5.097,1
368200,6.345,5.097,1
368250,6.345,5.097,1
368300,6.345,5.097,1
368350,6.345,5.097,1
368400,6.345,5.097,1
368450,6.345,5.097,1
368500,6.345,5.097,1
368550,6.345,5.097,1
368600,6.345,5.097,1
368650,6.345,5.097,1
368700,6.345,5.097,1
368750,6.345,5.097,1
368800,6.345,5.097,1
368850,6.345,5.097,1
368900,6.345,5.097,1
368950,6.345,5.097,1
369000,6.345,5.097,1
369050,6.345,5.097,1
369100,6.345,5.097,1
369150,6.345,5.097,1
369200,6.345,5.097,1
369250,6.345,5.097,1
369300,6.345,5.097,1
369350,6.345,5.097,1
369400,6.345,5.097,1
369450,6.345,5.097,1
369500,6.345,5.097,1
369550,6.345,5.097,1
369600,6.345,5.097,1
369650,6.345,5.097,1
369700,6.345,5.097,1
369750,6.345,5.097,1
369800,6.345,5.097,1
369850,6.345,5.097,1
369900,6.345,5.097,1
369950,6.345,5.097,1
370000,6.345,5.097,1
370050,6.345,5.1,1
370100,6.345,5.102,1
370150,6.345,5.106,1
370200,6.345,5.107,1
370250,6.345,5.107,1
370300,6.345,5.107,1
370350,6.345,5.107,1
370400,6.345,5.107,1
370450,6.345,5.109,1
370500,6.345,5.115,1
370550,6.345,5.119,1
370600,6.345,5.12,1
370650,6.345,5.12,1
370700,6.345,5.121,1
370750,6.345,5.121,1
370800,6.345,5.121,1
370850,6.345,5.121,1
370900,6.345,5.121,1
370950,6.345,5.121,1
371000,6.345,5.121,1
371050,6.345,5.122,1
371100,6.345,5.122,1
371150,6.345,5.122,1
371200,6.345,5.123,1
371250,6.345,5.124,1
371300,6.345,5.124,1
371350,6.345,5.124,1
371400,6.345,5.124,1
371450,6.345,5.131,1
371500,6.345,5.133,1
371550,6.345,5.133,1
371600,6.345,5.133,1
371650,6.345,5.133,1
371700,6.345,5.136,1
371750,6.345,5.145,1
371800,6.345,5.151,1
371850,6.345,5.152,1
371900,6.345,5.152,1
371950,6.345,5.152,1
372000,6.345,5.152,1
372050,6.345,5.152,1
372100,6.345,5.152,1
372150,6.345,5.152,1
372200,6.345,5.152,1
372250,6.345,5.152,1
372300,6.345,5.152,1
372350,6.345,5.152,1
372400,6.345,5.152,1
372450,6.345,5.152,1
372500,6.345,5.152,1
372550,6.345,5.152,1
372600,6.345,5.152,1
372650,6.345,5.152,1
372700,6.345,5.152,1
372750,6.345,5.152,1
372800,6.345,5.152,1
372850,6.345,5.152,1
372900,6.345,5.152,1
372950,6.345,5.152,1
373000,6.345,5.152,1
373050,6.345,5.152,1
373100,6.345,5.152,1
373150,6.345,5.152,1
373200,6.345,5.152,1
373250,6.345,5.152,1
373300,6.345,5.152,1
373350,6.345,5.152,1
373400,6.345,5.152,1
373450,6.345,5.152,1
373500,6.345,5.152,1
373550,6.345,5.152,1
373600,6.345,5.152,1
373650,6.345,5.152,1
373700,6.345,5.152,1
373750,6.345,5.152,1
373800,6.342,5.152,1
373850,6.338,5.152,1
373900,6.337,5.152,1
373950,6.332,5.152,1
374000,6.324,5.152,1
374050,6.301,5.152,1
374100,6.235,5.152,1
374150,6.114,5.151,1
374200,5.989,5.146,1
374250,5.946,5.141,1
374300,5.942,5.137,1
374350,5.939,5.135,1
374400,5.92,5.135,1
374450,5.889,5.121,1
374500,5.833,5.104,1
374550,5.723,5.081,1
374600,5.537,5.031,1
374650,5.178,5.005,1
374700,5.014,5.0,1
374750,5.0,5.0,1
374800,5.0,5.0,1
374850,5.0,5.0,1
374900,5.0,5.0,1
374950,5.0,5.0,1
375000,5.0,5.0,1
375050,5.0,5.0,1
375100,5.0,5.0,1
375150,5.0,5.0,1
375200,5.0,5.0,1
375250,5.0,5.0,1
375300,5.0,5.0,1
375350,5.0,5.0,1
375400,5.016,5.0,1
375450,5.029,5.0,1
375500,5.032,5.0,1
375550,5.032,5.0,1
375600,5.032,5.0,1
375650,5.032,5.0,1
375700,5.032,5.0,1
375750,5.032,5.0,1
375800,5.032,5.0,1
375850,5.032,5.0,1
375900,5.032,5.0,1
375950,5.032,5.0,1
376000,5.032,5.0,1
376050,5.032,5.0,1
376100,5.032,5.0,1
376150,5.032,5.0,1
376200,5.032,5.0,1
376250,5.032,5.0,1
376300,5.032,5.0,1
376350,5.032,5.0,1
376400,5.032,5.0,1
376450,5.031,5.0,1
376500,5.017,5.0,1
376550,5.003,5.0,1
376600,5.0,5.0,1
376650,5.0,5.0,1
376700,5.0,5.0,1
376750,5.0,5.0,1
376800,5.0,5.0,1
376850,5.0,5.0,1
376900,5.0,5.0,1
376950,5.0,5.0,1
377000,5.0,5.0,1
377050,5.0,5.0,1
377100,5.0,5.0,1
377150,5.0,5.0,1
377200,5.0,5.0,1
377250,5.0,5.0,1
377300,5.0,5.0,1
377350,5.0,5.0,1
377400,5.0,5.0,1
377450,5.0,5.0,1
377500,5.0,5.0,1
377550,5.0,5.0,1
377600,5.0,5.0,1
377650,5.0,5.0,1
377700,5.0,5.0,1
377750,5.0,5.0,1
377800,5.0,5.0,1
377850,5.0,5.0,1
377900,5.0,5.0,1
377950,5.0,5.0,1
378000,5.0,5.0,1
378050,5.0,5.0,1
378100,5.0,5.0,1
378150,5.0,5.0,1
378200,5.0,5.0,1
378250,5.0,5.0,1
378300,5.0,5.0,1
378350,5.0,5.0,1
378400,5.0,5.0,1
378450,5.0,5.0,1
378500,5.0,5.0,1
378550,5.0,5.0,1
378600,5.0,5.0,1
378650,5.0,5.0,1
378700,5.0,5.0,1
378750,5.0,5.0,1
378800,5.0,5.0,1
378850,5.0,5.0,1
378900,5.0,5.0,1
378950,5.0,5.0,1
379000,5.0,5.0,1
379050,5.0,5.0,1
379100,5.0,5.0,1
379150,5.0,5.0,1
379200,5.0,5.0,1
379250,5.0,5.0,1
379300,5.0,5.0,1
379350,5.0,5.0,1
379400,5.0,5.0,1
379450,5.0,5.0,1
379500,5.0,5.0,1
379550,5.0,5.0,1
379600,5.0,5.0,1
379650,5.0,5.0,1
379700,5.0,5.0,1
379750,5.0,5.0,1
379800,5.0,5.0,1
379850,5.0,5.0,1
379900,5.0,5.0,1
379950,5.0,5.0,1
380000,5.0,5.0,1
380050,5.0,5.0,1
380100,5.0,5.0,1
380150,5.0,5.0,1
380200,5.0,5.0,1
380250,5.0,5.0,1
380300,5.0,5.0,1
380350,5.0,5.0,1
380400,5.0,5.0,1
380450,5.0,5.0,1
380500,5.0,5.0,1
380550,5.0,5.0,1
380600,5.0,5.0,1
380650,5.0,5.0,1
380700,5.0,5.0,1
380750,5.0,5.0,1
380800,5.0,5.0,1
380850,5.0,5.0,1
380900,5.0,5.0,1
380950,5.0,5.0,1
381000,5.0,5.0,1
381050,5.0,5.0,1
381100,5.0,5.0,1
381150,5.0,5.0,1
381200,5.0,5.0,1
381250,5.0,5.0,1
381300,5.0,5.0,1
381350,5.0,5.0,1
381400,5.0,5.0,1
381450,5.0,5.0,1
381500,5.0,5.0,1
381550,5.0,5.0,1
381600,5.0,5.0,1
381650,5.0,5.0,1
381700,5.0,5.0,1
381750,5.0,5.0,1
381800,5.0,5.0,1
381850,5.0,5.0,1
381900,5.0,5.0,1
381950,5.0,5.0,1
382000,5.0,5.0,1
382050,5.0,5.0,1
382100,5.0,5.0,1
382150,5.0,5.0,1
382200,5.0,5.0,1
382250,5.0,5.0,1
382300,5.0,5.0,1
382350,5.0,5.0,1
382400,5.0,5.0,1
382450,5.0,5.0,1
382500,5.0,5.0,1
382550,5.0,5.0,1
382600,5.0,5.0,1
382650,5.0,5.0,1
382700,5.0,5.0,1
382750,5.0,5.0,1
382800,5.0,5.0,1
382850,5.0,5.0,1
382900,5.0,5.0,1
382950,5.0,5.0,1
383000,5.0,5.0,1
383050,5.0,5.0,1
383100,5.0,5.0,1
383150,5.0,5.0,1
383200,5.0,5.0,1
383250,5.0,5.0,1
383300,5.0,5.0,1
383350,5.0,5.0,1
383400,5.0,5.0,1
383450,5.0,5.0,1
383500,5.0,5.0,1
383550,5.0,5.0,1
383600,5.0,5.0,1
383650,5.0,5.0,1
383700,5.0,5.0,1
383750,5.0,5.0,1
383800,5.0,5.0,1
383850,5.0,5.0,1
383900,5.0,5.0,1
383950,5.0,5.0,1
384000,5.0,5.0,1
384050,5.0,5.0,1
384100,5.0,5.0,1
384150,5.0,5.0,1
384200,5.0,5.0,1
384250,5.0,5.0,1
384300,5.0,5.0,1
384350,5.0,5.0,1
384400,5.0,5.0,1
384450,5.0,5.0,1
384500,5.0,5.0,1
384550,5.0,5.0,1
384600,5.0,5.0,1
384650,5.0,5.0,1
384700,5.0,5.0,1
384750,5.0,5.0,1
384800,5.0,5.0,1
384850,5.0,5.0,1
384900,5.0,5.0,1
384950,5.0,5.0,1
385000,5.0,5.0,1
385050,5.0,5.0,1
385100,5.0,5.0,1
385150,5.0,5.0,1
385200,5.0,5.0,1
385250,5.0,5.0,1
385300,5.0,5.0,1
385350,5.0,5.0,1
385400,5.0,5.0,1
385450,5.0,5.0,1
385500,5.0,5.0,1
385550,5.0,5.0,1
385600,5.0,5.0,1
385650,5.0,5.0,1
385700,5.0,5.0,1
385750,5.0,5.0,1
385800,5.0,5.0,1
385850,5.0,5.0,1
385900,5.0,5.0,1
385950,5.0,5.0,1
386000,5.0,5.0,1
386050,5.0,5.0,1
386100,5.0,5.0,1
386150,5.0,5.0,1
386200,5.0,5.0,1
386250,5.0,5.0,1
386300,5.0,5.0,1
386350,5.0,5.0,1
386400,5.0,5.0,1
386450,5.0,5.0,1
386500,5.0,5.0,1
386550,5.0,5.0,1
386600,5.0,5.0,1
386650,5.0,5.0,1
386700,5.0,5.0,1
386750,5.0,5.0,1
386800,5.0,5.0,1
386850,5.0,5.0,1
386900,5.0,5.0,1
386950,5.0,5.0,1
387000,5.0,5.0,1
387050,5.0,5.0,1
387100,5.0,5.0,1
387150,5.0,5.0,1
387200,5.0,5.0,1
387250,5.0,5.0,1
387300,5.0,5.0,1
387350,5.0,5.0,1
387400,5.0,5.0,1
387450,5.0,5.0,1
387500,5.0,5.0,1
387550,5.0,5.0,1
387600,5.0,5.0,1
387650,5.0,5.0,1
387700,5.0,5.0,1
387750,5.0,5.0,1
387800,5.0,5.0,1
387850,5.0,5.0,1
387900,5.0,5.0,1
387950,5.0,5.0,1
388000,5.0,5.0,1
388050,5.0,5.0,1
388100,5.0,5.0,1
388150,5.0,5.0,1
388200,5.0,5.0,1
388250,5.0,5.0,1
388300,5.0,5.0,1
388350,5.0,5.0,1
388400,5.0,5.0,1
388450,5.0,5.0,1
388500,5.0,5.0,1
388550,5.0,5.0,1
388600,5.0,5.0,1
388650,5.0,5.0,1
388700,5.0,5.0,1
388750,5.0,5.0,1
388800,5.0,5.0,1
388850,5.0,5.0,1
388900,5.0,5.0,1
388950,5.0,5.0,1
389000,5.0,5.0,1
389050,5.0,5.0,1
389100,5.0,5.0,1
389150,5.0,5.0,1
389200,5.0,5.0,1
389250,5.0,5.0,1
389300,5.0,5.0,1
389350,5.0,5.0,1
389400,5.0,5.0,1
389450,5.0,5.0,1
389500,5.0,5.0,1
389550,5.0,5.0,1
389600,5.0,5.0,1
389650,5.0,5.0,1
389700,5.0,5.0,1
389750,5.0,5.0,1
389800,5.0,5.0,1
389850,5.0,5.0,1
389900,5.0,5.0,1
389950,5.0,5.0,1
390000,5.0,5.0,1
390050,5.0,5.0,1
390100,5.0,5.0,1
390150,5.0,5.0,1
390200,5.0,5.0,1
390250,5.0,5.0,1
390300,5.0,5.0,1
390350,5.0,5.0,1
390400,5.0,5.0,1
390450,5.0,5.0,1
390500,5.0,5.0,1
390550,5.0,5.0,1
390600,5.0,5.0,1
390650,5.0,5.0,1
390700,5.0,5.0,1
390750,5.0,5.0,1
390800,5.0,5.0,1
390850,5.0,5.0,1
390900,5.0,5.0,1
390950,5.0,5.0,1
391000,5.0,5.0,1
391050,5.0,5.0,1
391100,5.0,5.0,1
391150,5.0,5.0,1
391200,5.0,5.0,1
391250,5.0,5.0,1
391300,5.0,5.0,1
391350,5.0,5.0,1
391400,5.0,5.0,1
391450,5.0,5.0,1
391500,5.0,5.0,1
391550,5.0,5.0,1
391600,5.0,5.0,1
391650,5.0,5.0,1
391700,5.0,5.0,1
391750,5.0,5.0,1
391800,5.0,5.0,1
391850,5.0,5.0,1
391900,5.0,5.0,1
391950,5.0,5.0,1
392000,5.0,5.0,1
392050,5.0,5.0,1
392100,5.0,5.0,1
392150,5.0,5.0,1
392200,5.0,5.0,1
392250,5.0,5.0,1
392300,5.0,5.0,1
392350,5.0,5.0,1
392400,5.0,5.0,1
392450,5.0,5.0,1
392500,5.0,5.0,1
392550,5.0,5.0,1
392600,5.0,5.0,1
392650,5.0,5.0,1
392700,5.0,5.0,1
392750,5.0,5.0,1
392800,5.0,5.0,1
392850,5.0,5.0,1
392900,5.0,5.0,1
392950,5.0,5.0,1
393000,5.0,5.0,1
393050,5.0,5.0,1
393100,5.0,5.0,1
393150,5.0,5.0,1
393200,5.0,5.0,1
393250,5.0,5.0,1
393300,5.0,5.0,1
393350,5.0,5.0,1
393400,5.0,5.0,1
393450,5.0,5.0,1
393500,5.0,5.0,1
393550,5.0,5.0,1
393600,5.0,5.0,1
393650,5.018,5.0,1
393700,5.124,5.0,1
393750,5.272,4.99,1
393800,5.444,4.859,1
393850,5.713,4.808,1
393900,5.947,4.802,1
393950,6.035,4.797,1
394000,6.035,4.797,1
394050,6.035,4.8,1
394100,6.035,4.807,1
394150,6.034,4.807,1
394200,6.023,4.809,1
394250,5.979,4.836,1
394300,5.935,4.887,1
394350,5.863,4.887,1
394400,5.789,4.887,1
394450,5.726,4.898,1
394500,5.681,4.946,1
394550,5.678,4.977,1
394600,5.678,4.992,1
394650,5.678,4.996,1
394700,5.678,4.999,1
394750,5.678,5.009,1
394800,5.678,5.015,1
394850,5.678,5.015,1
394900,5.678,5.017,1
394950,5.679,5.041,1
395000,5.684,5.081,1
395050,5.689,5.095,1
395100,5.689,5.095,1
395150,5.689,5.101,1
395200,5.689,5.137,1
395250,5.689,5.231,1
395300,5.689,5.272,1
395350,5.689,5.307,1
395400,5.689,5.344,1
395450,5.689,5.383,1
395500,5.689,5.399,1
395550,5.689,5.399,1
395600,5.691,5.399,1
395650,5.695,5.399,1
395700,5.698,5.398,1
395750,5.704,5.366,1
395800,5.709,5.34,1
395850,5.717,5.32,1
395900,5.72,5.316,1
395950,5.727,5.314,1
396000,5.73,5.313,1
396050,5.733,5.313,1
396100,5.735,5.313,1
396150,5.744,5.313,1
396200,5.751,5.313,1
396250,5.773,5.313,1
396300,5.802,5.313,1
396350,5.847,5.313,1
396400,5.908,5.313,1
396450,5.975,5.313,1
396500,6.007,5.313,1
396550,6.011,5.313,1
396600,6.011,5.313,1
396650,6.011,5.313,1
396700,6.011,5.313,1
396750,6.011,5.313,1
396800,6.011,5.313,1
396850,6.004,5.313,1
396900,5.99,5.313,1
396950,5.985,5.313,1
397000,5.985,5.313,1
397050,5.985,5.313,1
397100,5.985,5.313,1
397150,5.985,5.313,1
397200,5.985,5.313,1
397250,5.985,5.313,1
397300,5.985,5.313,1
397350,5.985,5.313,1
397400,5.982,5.313,1
397450,5.977,5.313,1
397500,5.976,5.313,1
397550,5.976,5.313,1
397600,5.973,5.313,1
397650,5.969,5.313,1
397700,5.967,5.313,1
397750,5.967,5.313,1
397800,5.967,5.313,1
397850,5.967,5.313,1
397900,5.965,5.313,1
397950,5.962,5.313,1
398000,5.958,5.313,1
398050,5.957,5.313,1
398100,5.956,5.313,1
398150,5.95,5.313,1
398200,5.947,5.313,1
398250,5.943,5.313,1
398300,5.942,5.313,1
398350,5.941,5.313,1
398400,5.935,5.313,1
398450,5.93,5.313,1
398500,5.93,5.313,1
398550,5.93,5.314,1
398600,5.927,5.315,1
398650,5.926,5.315,1
398700,5.926,5.315,1
398750,5.926,5.315,1
398800,5.926,5.315,1
398850,5.926,5.316,1
398900,5.926,5.316,1
398950,5.926,5.316,1
399000,5.926,5.317,1
399050,5.926,5.322,1
399100,5.926,5.324,1
399150,5.925,5.324,1
399200,5.924,5.325,1
399250,5.924,5.325,1
399300,5.924,5.329,1
399350,5.921,5.332,1
399400,5.92,5.333,1
399450,5.92,5.333,1
399500,5.92,5.333,1
399550,5.919,5.333,1
399600,5.916,5.336,1
399650,5.907,5.341,1
399700,5.903,5.343,1
399750,5.903,5.347,1
399800,5.899,5.348,1
399850,5.897,5.349,1
399900,5.897,5.353,1
399950,5.896,5.354,1
400000,5.895,5.354,1
400050,5.895,5.354,1
400100,5.895,5.354,1
400150,5.895,5.355,1
400200,5.895,5.356,1
400250,5.895,5.356,1
400300,5.895,5.356,1
400350,5.895,5.356,1
400400,5.895,5.356,1
400450,5.895,5.356,1
400500,5.895,5.356,1
400550,5.895,5.356,1
400600,5.895,5.356,1
400650,5.895,5.356,1
400700,5.895,5.356,1
400750,5.895,5.356,1
400800,5.895,5.356,1
400850,5.895,5.356,1
400900,5.895,5.356,1
400950,5.895,5.356,1
401000,5.895,5.356,1
401050,5.895,5.356,1
401100,5.895,5.356,1
401150,5.895,5.356,1
401200,5.895,5.356,1
401250,5.895,5.356,1
401300,5.895,5.356,1
401350,5.894,5.356,1
401400,5.894,5.356,1
401450,5.894,5.356,1
401500,5.894,5.356,1
401550,5.894,5.356,1
401600,5.894,5.356,1
401650,5.894,5.356,1
401700,5.894,5.356,1
401750,5.894,5.356,1
401800,5.894,5.356,1
401850,5.894,5.356,1
401900,5.893,5.356,1
401950,5.892,5.356,1
402000,5.892,5.356,1
402050,5.889,5.356,1
402100,5.887,5.356,1
402150,5.886,5.356,1
402200,5.886,5.356,1
402250,5.886,5.356,1
402300,5.886,5.358,1
402350,5.886,5.358,1
402400,5.885,5.358,1
402450,5.885,5.358,1
402500,5.885,5.358,1
402550,5.885,5.358,1
402600,5.885,5.358,1
402650,5.885,5.358,1
402700,5.885,5.358,1
402750,5.885,5.358,1
402800,5.885,5.363,1
402850,5.885,5.367,1
402900,5.885,5.367,1
402950,5.885,5.367,1
403000,5.885,5.371,1
403050,5.883,5.372,1
403100,5.834,5.304,1
403150,5.632,5.187,1
403200,5.366,5.106,1
403250,5.171,5.025,1
403300,5.124,5.0,1
403350,5.119,5.0,1
403400,5.08,5.0,1
403450,5.053,5.0,1
403500,5.027,5.0,1
403550,5.0,5.0,1
403600,5.0,5.0,1
403650,5.0,5.0,1
403700,5.0,5.0,1
403750,5.0,5.0,1
403800,5.0,5.0,1
403850,5.0,5.0,1
403900,5.0,5.0,1
403950,5.0,5.0,1
404000,5.0,5.0,1
404050,5.039,5.0,1
404100,5.166,5.0,1
404150,5.349,4.952,1
404200,5.558,4.907,1
404250,5.737,4.896,1
404300,5.795,4.895,1
404350,5.798,4.895,1
404400,5.798,4.895,1
404450,5.798,4.895,1
404500,5.798,4.895,1
404550,5.798,4.895,1
404600,5.798,4.895,1
404650,5.798,4.908,1
404700,5.798,4.93,1
404750,5.798,4.937,1
404800,5.798,4.937,1
404850,5.798,4.937,1
404900,5.798,4.937,1
404950,5.798,4.937,1
405000,5.798,4.937,1
405050,5.798,4.937,1
405100,5.798,4.937,1
405150,5.798,4.937,1
405200,5.798,4.937,1
405250,5.798,4.937,1
405300,5.798,4.937,1
405350,5.798,4.937,1
405400,5.798,4.937,1
405450,5.798,4.925,1
405500,5.798,4.92,1
405550,5.795,4.92,1
405600,5.789,4.904,1
405650,5.781,4.861,1
405700,5.778,4.847,1
405750,5.777,4.847,1
405800,5.777,4.847,1
405850,5.777,4.847,1
405900,5.777,4.847,1
405950,5.777,4.847,1
406000,5.777,4.847,1
406050,5.777,4.847,1
406100,5.777,4.847,1
406150,5.777,4.847,1
406200,5.777,4.847,1
406250,5.777,4.847,1
406300,5.776,4.847,1
406350,5.776,4.847,1
406400,5.774,4.847,1
406450,5.77,4.847,1
406500,5.761,4.847,1
406550,5.759,4.847,1
406600,5.759,4.847,1
406650,5.757,4.847,1
406700,5.757,4.847,1
406750,5.757,4.847,1
406800,5.757,4.847,1
406850,5.757,4.847,1
406900,5.757,4.847,1
406950,5.757,4.847,1
407000,5.757,4.847,1
407050,5.757,4.847,1
407100,5.757,4.847,1
407150,5.757,4.847,11
407200,5.757,4.847,11
407250,5.757,4.847,11
407300,5.757,4.847,11
407350,5.757,4.847,11
407400,5.757,4.847,11
407450,5.757,4.847,11
407500,5.757,4.847,11
407550,5.757,4.847,11
407600,5.757,4.847,11
407650,5.757,4.847,11
407700,5.757,4.847,11
407750,5.757,4.847,11
407800,5.757,4.847,11
407850,5.757,4.847,11
407900,5.757,4.847,11
407950,5.757,4.847,11
408000,5.757,4.847,11
408050,5.757,4.859,11
408100,5.752,4.869,11
408150,5.732,4.875,11
408200,5.659,4.892,11
408250,5.448,4.926,11
408300,5.161,4.982,11
408350,5.072,5.0,11
408400,5.072,5.0,11
408450,5.042,5.0,11
408500,5.009,5.0,11
408550,5.0,5.0,11
408600,5.0,5.0,11
408650,5.0,5.0,11
408700,5.0,5.0,11
408750,5.0,5.0,11
408800,5.0,5.0,11
408850,5.0,5.0,11
408900,5.0,5.0,11
408950,5.0,5.0,11
409000,5.0,5.0,11
409050,5.0,5.0,11
409100,5.0,5.0,11
409150,5.0,5.0,11
409200,5.0,5.0,11
409250,5.0,5.0,11
409300,5.0,5.0,11
409350,5.0,5.0,11
409400,5.0,5.0,11
409450,5.0,5.0,11
409500,5.0,5.0,11
409550,5.0,5.0,11
409600,5.0,5.0,11
409650,5.0,5.0,11
409700,5.0,5.0,11
409750,5.0,5.0,11
409800,5.0,5.0,11
409850,5.0,5.0,11
409900,5.0,5.0,11
409950,5.0,5.0,11
410000,5.0,5.0,11
410050,5.0,5.0,11
410100,5.0,5.0,11
410150,5.0,5.0,11
410200,5.0,5.0,11
410250,5.0,5.0,11
410300,5.0,5.0,11
410350,5.0,5.0,11
410400,5.0,5.0,11
410450,5.0,5.0,11
410500,5.0,5.0,11
410550,5.0,5.0,11
410600,5.0,5.0,11
410650,5.0,5.0,11
410700,5.0,5.0,11
410750,5.0,5.0,11
410800,5.0,5.0,11
410850,5.0,5.0,11
410900,5.0,5.0,11
410950,5.0,5.0,11
411000,5.0,5.0,11
411050,5.0,5.0,11
411100,5.0,5.0,11
411150,5.0,5.0,11
411200,5.0,5.0,11
411250,5.0,5.0,11
411300,5.0,5.0,11
411350,5.0,5.0,11
411400,5.0,5.0,11
411450,5.0,5.0,11
411500,5.0,5.0,11
411550,5.0,5.0,11
411600,5.0,5.0,11
411650,5.0,5.0,11
411700,5.0,5.0,11
411750,5.0,5.0,11
411800,5.0,5.0,11
411850,5.0,5.0,11
411900,5.0,5.0,11
411950,5.0,5.0,11
412000,5.0,5.0,11
412050,5.0,5.0,11
412100,5.0,5.0,11
412150,5.0,5.0,11
412200,5.0,5.0,11
412250,5.0,5.0,11
412300,5.0,5.0,11
412350,5.0,5.0,11
412400,5.0,5.0,11
412450,5.0,5.0,11
412500,5.0,5.0,11
412550,5.0,5.0,11
412600,5.0,5.0,11
412650,5.0,5.0,11
412700,5.0,5.0,11
412750,5.0,5.0,11
412800,5.0,5.0,11
412850,5.0,5.0,11
412900,5.0,5.0,11
412950,5.0,5.0,11
413000,5.0,5.0,11
413050,5.0,5.0,11
413100,5.0,5.0,11
413150,5.0,5.0,11
413200,5.0,5.0,11
413250,5.0,5.0,11
413300,5.0,5.0,11
413350,5.0,5.0,11
413400,5.0,5.0,11
413450,5.0,5.0,11
413500,5.0,5.0,11
413550,5.0,5.0,11
413600,5.0,5.0,11
413650,5.0,5.0,11
413700,5.0,5.0,11
413750,5.0,5.0,11
413800,5.0,5.0,11
413850,5.0,5.0,11
413900,5.0,5.0,11
413950,5.0,5.0,11
414000,5.0,5.0,11
414050,5.0,5.0,11
414100,5.0,5.0,11
414150,5.0,5.0,11
414200,5.0,5.0,11
414250,5.0,5.0,11
414300,5.0,5.0,11
414350,5.0,5.0,11
414400,5.0,5.0,11
414450,5.0,5.0,11
414500,5.0,5.0,11
414550,5.0,5.0,11
414600,5.0,5.0,11
414650,5.0,5.0,11
414700,5.0,5.0,11
414750,5.0,5.0,11
414800,5.0,5.0,11
414850,5.0,5.0,11
414900,5.0,5.0,11
414950,5.0,5.0,11
415000,5.0,5.0,11
415050,5.0,5.0,11
415100,5.0,5.0,11
415150,5.0,5.0,11
415200,5.0,5.0,11
415250,5.0,5.0,11
415300,5.0,5.0,11
415350,5.0,5.0,11
415400,5.0,5.0,11
415450,5.0,5.0,11
415500,5.0,5.0,11
415550,5.0,5.0,11
415600,5.0,5.0,11
415650,5.0,5.0,11
415700,5.0,5.0,11
415750,5.0,5.0,11
415800,5.0,5.0,11
415850,5.0,5.0,11
415900,5.0,5.0,11
415950,5.0,5.0,11
416000,5.0,5.0,11
416050,5.0,5.0,11
416100,5.0,5.0,11
416150,5.0,5.0,11
416200,5.0,5.0,11
416250,5.0,5.0,11
416300,5.0,5.0,11
416350,5.0,5.0,11
416400,5.0,5.0,11
416450,5.0,5.0,11
416500,5.0,5.0,11
416550,5.0,5.0,11
416600,5.0,5.0,11
416650,5.0,5.0,11
416700,5.0,5.0,11
416750,5.0,5.0,11
416800,5.0,5.0,11
416850,5.0,5.0,11
416900,5.0,5.0,11
416950,5.0,5.0,11
417000,5.0,5.0,11
417050,5.0,5.0,11
417100,5.0,5.0,11
417150,5.0,5.0,11
417200,5.0,5.0,11
417250,5.0,5.0,11
417300,5.0,5.0,11
417350,5.0,5.0,11
417400,5.0,5.0,11
417450,5.0,5.0,11
417500,5.0,5.0,11
417550,5.0,5.0,11
417600,5.0,5.0,11
417650,5.0,5.0,11
417700,5.0,5.0,11
417750,5.0,5.0,11
417800,5.0,5.0,11
417850,5.0,5.0,11
417900,5.0,5.0,11
417950,5.0,5.0,11
418000,5.0,5.0,11
418050,5.0,5.0,11
418100,5.0,5.0,11
418150,5.0,5.0,11
418200,5.0,5.0,11
418250,5.0,5.0,11
418300,5.0,5.0,11
418350,5.0,5.0,11
418400,5.0,5.0,11
418450,5.0,5.0,11
418500,5.0,5.0,11
418550,5.0,5.0,11
418600,5.0,5.0,11
418650,5.0,5.0,11
418700,5.0,5.0,11
418750,5.0,5.0,11
418800,5.0,5.0,11
418850,5.0,5.0,11
418900,5.0,5.0,11
418950,5.0,5.0,11
419000,5.0,5.0,11
419050,5.0,5.0,11
419100,5.0,5.0,11
419150,5.0,5.0,11
419200,5.0,5.0,11
419250,5.0,5.0,11
419300,5.0,5.0,11
419350,5.0,5.0,11
419400,5.0,5.0,11
419450,5.0,5.0,11
419500,5.0,5.0,11
419550,5.0,5.0,11
419600,5.0,5.0,11
419650,5.0,5.0,11
419700,5.0,5.0,11
419750,5.0,5.0,11
419800,5.0,5.0,11
419850,5.0,5.0,11
419900,5.0,5.0,11
419950,5.0,5.0,11
420000,5.0,5.0,11
420050,5.0,5.0,11
420100,5.0,5.0,11
420150,5.0,5.0,11
420200,5.0,5.0,11
420250,5.0,5.0,11
420300,5.0,5.0,11
420350,5.0,5.0,11
420400,5.0,5.0,11
420450,5.0,5.0,11
420500,5.0,5.0,11
420550,5.0,5.0,11
420600,5.0,5.0,11
420650,5.0,5.0,11
420700,5.0,5.0,11
420750,5.0,5.0,11
420800,5.0,5.0,11
420850,5.0,5.0,11
420900,5.0,5.0,11
420950,5.0,5.0,11
421000,5.0,5.0,11
421050,5.0,5.0,11
421100,5.0,5.0,11
421150,5.0,5.0,11
421200,5.0,5.0,11
421250,5.0,5.0,11
421300,5.0,5.0,11
421350,5.0,5.0,11
421400,5.0,5.0,11
421450,5.0,5.0,11
421500,5.0,5.0,11
421550,5.0,5.0,11
421600,5.0,5.0,11
421650,5.0,5.0,11
421700,5.0,5.0,11
421750,5.0,5.0,11
421800,5.0,5.0,11
421850,5.0,5.0,11
421900,5.0,5.0,11
421950,5.0,5.0,11
422000,5.0,5.0,11
422050,5.0,5.0,11
422100,5.0,5.0,11
422150,5.0,5.0,11
422200,5.0,5.0,11
422250,5.0,5.0,11
422300,5.0,5.0,11
422350,5.0,5.0,11
422400,5.0,5.0,11
422450,5.0,5.0,11
422500,5.0,5.0,11
422550,5.0,5.0,11
422600,5.0,5.0,11
422650,5.0,5.0,11
422700,5.0,5.0,11
422750,5.0,5.0,11
422800,5.0,5.0,11
422850,5.0,5.0,11
422900,5.0,5.0,11
422950,5.0,5.0,11
423000,5.0,5.0,11
423050,5.0,5.0,11
423100,5.0,5.0,11
423150,5.0,5.0,11
423200,5.0,5.0,11
423250,5.0,5.0,11
423300,5.0,5.0,11
423350,5.0,5.0,11
423400,5.0,5.0,11
423450,5.0,5.0,11
423500,5.0,5.0,11
423550,5.0,5.0,11
423600,5.0,5.0,11
423650,5.0,5.0,11
423700,5.0,5.0,11
423750,5.0,5.0,11
423800,5.0,5.0,11
423850,5.0,5.0,11
423900,5.0,5.0,11
423950,5.0,5.0,11
424000,5.0,5.0,11
424050,5.0,5.0,11
424100,5.0,5.0,11
424150,5.0,5.0,11
424200,5.0,5.0,11
424250,5.0,5.0,11
424300,5.0,5.0,11
424350,5.0,5.0,11
424400,5.0,5.0,11
424450,5.0,5.0,11
424500,5.0,5.0,11
424550,5.0,5.0,11
424600,5.0,5.0,11
424650,5.0,5.0,11
424700,5.0,5.0,11
424750,5.0,5.0,11
424800,5.0,5.0,11
424850,5.0,5.0,11
424900,5.0,5.0,11
424950,5.0,5.0,11
425000,5.0,5.0,11
425050,5.0,5.0,11
425100,5.0,5.0,11
425150,5.0,5.0,11
425200,5.0,5.0,11
425250,5.0,5.0,11
425300,5.0,5.0,11
425350,5.0,5.0,11
425400,5.0,5.0,11
425450,5.0,5.0,11
425500,5.0,5.0,11
425550,5.0,5.0,11
425600,5.0,5.0,11
425650,5.0,5.0,11
425700,5.0,5.0,11
425750,5.0,5.0,11
425800,5.0,5.0,11
425850,5.0,5.0,11
425900,5.0,5.0,11
425950,5.0,5.0,11
426000,5.0,5.0,11
426050,5.0,5.0,11
426100,5.0,5.0,11
426150,5.0,5.0,11
426200,5.0,5.0,11
426250,5.0,5.0,11
426300,5.0,5.0,11
426350,5.0,5.0,11
426400,5.0,5.0,11
426450,5.0,5.0,11
426500,5.0,5.0,11
426550,5.0,5.0,11
426600,5.0,5.0,11
426650,5.0,5.0,11
426700,5.0,5.0,11
426750,5.0,5.0,11
426800,5.0,5.0,11
426850,5.0,5.0,11
426900,5.0,5.0,11
426950,5.0,5.0,11
427000,5.0,5.0,11
427050,5.0,5.0,11
427100,5.0,5.0,11
427150,5.0,5.0,11
427200,5.0,5.0,11
427250,5.0,5.0,11
427300,5.0,5.0,11
427350,5.0,5.0,11
427400,5.0,5.0,11
427450,5.0,5.0,11
427500,5.0,5.0,11
427550,5.0,5.0,11
427600,5.0,5.0,11
427650,5.0,5.0,11
427700,5.0,5.0,11
427750,5.0,5.0,11
427800,5.0,5.0,11
427850,5.0,5.0,11
427900,5.0,5.0,11
427950,5.0,5.0,11
428000,5.0,5.0,11
428050,5.0,5.0,11
428100,5.0,5.0,11
428150,5.0,5.0,11
428200,5.0,5.0,11
428250,5.0,5.0,11
428300,5.0,5.0,11
428350,5.0,5.0,11
428400,5.0,5.0,11
428450,5.0,5.0,11
428500,5.0,5.0,11
428550,5.0,5.0,11
428600,5.0,5.0,11
428650,5.0,5.0,11
428700,5.0,5.0,11
428750,5.0,5.0,11
428800,5.0,5.0,11
428850,5.0,5.0,11
428900,5.0,5.0,11
428950,5.0,5.0,11
429000,5.0,5.0,11
429050,5.0,5.0,11
429100,5.0,5.0,11
429150,5.0,5.0,11
429200,5.0,5.0,11
429250,5.0,5.0,11
429300,5.0,5.0,11
429350,5.0,5.0,11
429400,5.0,5.0,11
429450,5.0,5.0,11
429500,5.0,5.0,11
429550,5.0,5.0,11
429600,5.0,5.0,11
429650,5.0,5.0,11
429700,5.0,5.0,11
429750,5.0,5.0,11
429800,5.0,5.0,11
429850,5.0,5.0,11
429900,5.0,5.0,11
429950,5.0,5.0,11
430000,5.0,5.0,11
430050,5.0,5.0,11
430100,5.0,5.0,11
430150,5.0,5.0,11
430200,5.0,5.0,11
430250,5.0,5.0,11
430300,5.0,5.0,11
430350,5.0,5.0,11
430400,5.0,5.0,11
430450,5.0,5.0,11
430500,5.0,5.0,11
430550,5.0,5.0,11
430600,5.0,5.0,11
430650,5.0,5.0,11
430700,5.0,5.0,11
430750,5.0,5.0,11
430800,5.0,5.0,11
430850,5.0,5.0,11
430900,5.0,5.0,11
430950,5.0,5.0,11
431000,5.0,5.0,11
431050,5.0,5.0,11
431100,5.0,5.0,11
431150,5.0,5.0,11
431200,5.0,5.0,11
431250,5.0,5.0,11
431300,5.0,5.0,11
431350,5.0,5.0,11
431400,5.0,5.0,11
431450,5.0,5.0,11
431500,5.0,5.0,11
431550,5.0,5.0,11
431600,5.0,5.0,11
431650,5.0,5.0,11
431700,5.0,5.0,11
431750,5.0,5.0,11
431800,5.0,5.0,11
431850,5.0,5.0,11
431900,5.0,5.0,11
431950,5.0,5.0,11
432000,5.0,5.0,11
432050,5.0,5.0,11
432100,5.0,5.0,11
432150,5.0,5.0,11
432200,5.0,5.0,11
432250,5.0,5.0,11
432300,5.0,5.0,11
432350,5.0,5.0,11
432400,5.0,5.0,11
432450,5.0,5.0,11
432500,5.0,5.0,11
432550,5.0,5.0,11
432600,5.0,5.0,11
432650,5.0,5.0,11
432700,5.0,5.0,11
432750,5.0,5.0,11
432800,5.0,5.0,11
432850,5.0,5.0,11
432900,5.0,5.0,11
432950,5.0,5.0,11
433000,5.0,5.0,11
433050,5.0,5.0,11
433100,5.0,5.0,11
433150,5.0,5.0,11
433200,5.0,5.0,11
433250,5.0,5.0,11
433300,5.0,5.0,11
433350,5.0,5.0,11
433400,5.0,5.0,11
433450,5.0,5.0,11
433500,5.0,5.0,11
433550,5.0,5.0,11
433600,5.0,5.0,11
433650,5.0,5.0,11
433700,5.0,5.0,11
433750,5.0,5.0,11
433800,5.0,5.0,11
433850,5.0,5.0,11
433900,5.0,5.0,11
433950,5.0,5.0,11
434000,5.0,5.0,11
434050,5.0,5.0,11
434100,5.0,5.0,11
434150,5.0,5.0,11
434200,5.0,5.0,11
434250,5.0,5.0,11
434300,5.0,5.0,11
434350,5.0,5.0,11
434400,5.0,5.0,11
434450,5.0,5.0,11
434500,5.0,5.0,11
434550,5.0,5.0,11
434600,5.0,5.0,11
434650,5.0,5.0,11
434700,5.0,5.0,11
434750,5.0,5.0,11
434800,5.0,5.0,11
434850,5.0,5.0,11
434900,5.0,5.0,11
434950,5.0,5.0,11
435000,5.0,5.0,11
435050,5.0,5.0,11
435100,5.0,5.0,11
435150,5.0,5.0,11
435200,5.0,5.0,11
435250,5.0,5.0,11
435300,5.0,5.0,11
435350,5.0,5.0,11
435400,5.0,5.0,11
435450,5.0,5.0,11
435500,5.0,5.0,11
435550,5.0,5.0,11
435600,5.0,5.0,11
435650,5.0,5.0,11
435700,5.0,5.0,11
435750,5.0,5.0,11
435800,5.0,5.0,11
435850,5.0,5.0,11
435900,5.0,5.0,11
435950,5.0,5.0,11
436000,5.0,5.0,11
436050,5.0,5.0,11
436100,5.0,5.0,11
436150,5.0,5.0,11
436200,5.0,5.0,11
436250,5.0,5.0,11
436300,5.0,5.0,11
436350,5.0,5.0,11
436400,5.0,5.0,11
436450,5.0,5.0,11
436500,5.0,5.0,11
436550,5.0,5.0,11
436600,5.0,5.0,11
436650,5.0,5.0,11
436700,5.0,5.0,11
436750,5.0,5.0,11
436800,5.0,5.0,11
436850,5.0,5.0,11
436900,5.0,5.0,11
436950,5.0,5.0,11
437000,5.0,5.0,11
437050,5.0,5.0,11
437100,5.0,5.0,11
437150,5.0,5.0,11
437200,5.0,5.0,11
437250,5.0,5.0,11
437300,5.0,5.0,11
437350,5.0,5.0,11
437400,5.0,5.0,11
437450,5.0,5.0,11
437500,5.0,5.0,11
437550,5.0,5.0,11
437600,5.0,5.0,11
437650,5.0,5.0,11
437700,5.0,5.0,11
437750,5.0,5.0,11
437800,5.0,5.0,11
437850,5.0,5.0,11
437900,5.0,5.0,11
437950,5.0,5.0,11
438000,5.0,5.0,11
438050,5.0,5.0,11
438100,5.0,5.0,11
438150,5.0,5.0,11
438200,5.0,5.0,11
438250,5.0,5.0,11
438300,5.0,5.0,11
438350,5.0,5.0,11
438400,5.0,5.0,11
438450,5.0,5.0,11
438500,5.0,5.0,11
438550,5.0,5.0,11
438600,5.0,5.0,11
438650,5.0,5.0,11
438700,5.0,5.0,11
438750,5.0,5.0,11
438800,5.0,5.0,11
438850,5.0,5.0,11
438900,5.0,5.0,11
438950,5.0,5.0,11
439000,5.0,5.0,11
439050,5.0,5.0,11
439100,5.0,5.0,11
439150,5.0,5.0,11
439200,5.0,5.0,11
439250,5.0,5.0,11
439300,5.0,5.0,11
439350,5.0,5.0,11
439400,5.0,5.0,11
439450,5.0,5.0,11
439500,5.0,5.0,11
439550,5.0,5.0,11
439600,5.0,5.0,11
439650,5.0,5.0,11
439700,5.0,5.0,11
439750,5.0,5.0,11
439800,5.0,5.0,11
439850,5.0,5.0,11
439900,5.0,5.0,11
439950,5.0,5.0,11
440000,5.0,5.0,11
440050,5.0,5.0,11
440100,5.0,5.0,11
440150,5.0,5.0,11
440200,5.0,5.0,11
440250,5.0,5.0,11
440300,5.0,5.0,11
440350,5.0,5.0,11
440400,5.0,5.0,11
440450,5.0,5.0,11
440500,5.0,5.0,11
440550,5.0,5.0,11
440600,5.0,5.0,11
440650,5.0,5.0,11
440700,5.0,5.0,11
440750,5.0,5.0,11
440800,5.0,5.0,11
440850,5.0,5.0,11
440900,5.0,5.0,11
440950,5.0,5.0,11
441000,5.0,5.0,11
441050,5.0,5.0,11
441100,5.0,5.0,11
441150,5.0,5.0,11
441200,5.0,5.0,11
441250,5.0,5.0,11
441300,5.0,5.0,11
441350,5.0,5.0,11
441400,5.0,5.0,11
441450,5.0,5.0,11
441500,5.0,5.0,11
441550,5.0,5.0,11
441600,5.0,5.0,11
441650,5.0,5.0,11
441700,5.0,5.0,11
441750,5.0,5.0,11
441800,5.0,5.0,11
441850,5.0,5.0,11
441900,5.0,5.0,11
441950,5.0,5.0,11
442000,5.0,5.0,11
442050,5.0,5.0,11
442100,5.0,5.0,11
442150,5.0,5.0,11
442200,5.0,5.0,11
442250,5.0,5.0,11
442300,5.0,5.0,11
442350,5.0,5.0,11
442400,5.0,5.0,11
442450,5.0,5.0,11
442500,5.0,5.0,11
442550,5.0,5.0,11
442600,5.0,5.0,11
442650,5.0,5.0,11
442700,5.0,5.0,11
442750,5.0,5.0,11
442800,5.0,5.0,11
442850,5.0,5.0,11
442900,5.0,5.0,11
442950,5.0,5.0,11
443000,5.0,5.0,11
443050,5.0,5.0,11
443100,5.0,5.0,11
443150,5.0,5.0,11
443200,5.0,5.0,11
443250,5.0,5.0,11
443300,5.0,5.0,11
443350,5.0,5.0,11
443400,5.0,5.0,11
443450,5.0,5.0,11
443500,5.0,5.0,11
443550,5.0,5.0,11
443600,5.0,5.0,11
443650,5.0,5.0,11
443700,5.0,5.0,11
443750,5.0,5.0,11
443800,5.0,5.0,11
443850,5.0,5.0,11
443900,5.0,5.0,11
443950,5.0,5.0,11
444000,5.0,5.0,11
444050,5.0,5.0,11
444100,5.0,5.0,11
444150,5.0,5.0,11
444200,5.0,5.0,11
444250,5.0,5.0,11
444300,5.0,5.0,11
444350,5.0,5.0,11
444400,5.0,5.0,11
444450,5.0,5.0,11
444500,5.0,5.0,11
444550,5.0,5.0,11
444600,5.0,5.0,11
444650,5.0,5.0,11
444700,5.0,5.0,11
444750,5.0,5.0,11
444800,5.0,5.0,11
444850,5.0,5.0,11
444900,5.0,5.0,11
444950,5.0,5.0,11
445000,5.0,5.0,11
445050,5.0,5.0,11
445100,5.0,5.0,11
445150,5.0,5.0,11
445200,5.0,5.0,11
445250,5.0,5.0,11
445300,5.0,5.0,11
445350,5.0,5.0,11
445400,5.0,5.0,11
445450,5.0,5.0,11
445500,5.0,5.0,11
445550,5.0,5.0,11
445600,5.0,5.0,11
445650,5.0,5.0,11
445700,5.0,5.0,11
445750,5.0,5.0,11
445800,5.0,5.0,11
445850,5.0,5.0,11
445900,5.0,5.0,11
445950,5.0,5.0,11
446000,5.0,5.0,11
446050,5.0,5.0,11
446100,5.0,5.0,11
446150,5.0,5.0,11
446200,5.0,5.0,11
446250,5.0,5.0,11
446300,5.0,5.0,11
446350,5.0,5.0,11
446400,5.0,5.0,11
446450,5.0,5.0,11
446500,5.0,5.0,11
446550,5.0,5.0,11
446600,5.0,5.0,11
446650,5.0,5.0,11
446700,5.0,5.0,11
446750,5.0,5.0,11
446800,5.0,5.0,11
446850,5.0,5.0,11
446900,5.0,5.0,11
446950,5.0,5.0,11
447000,5.0,5.0,11
447050,5.0,5.0,11
447100,5.0,5.0,11
447150,5.0,5.0,11
447200,5.0,5.0,11
447250,5.0,5.0,11
447300,5.0,5.0,11
447350,5.0,5.0,11
447400,5.0,5.0,11
447450,5.0,5.0,11
447500,5.0,5.0,11
447550,5.0,5.0,11
447600,5.0,5.0,11
447650,5.0,5.0,11
447700,5.0,5.0,11
447750,5.0,5.0,11
447800,5.0,5.0,11
447850,5.0,5.0,11
447900,5.0,5.0,11
447950,5.0,5.0,11
448000,5.0,5.0,11
448050,5.0,5.0,11
448100,5.0,5.0,11
448150,5.0,5.0,11
448200,5.0,5.0,11
448250,5.0,5.0,11
448300,5.0,5.0,11
448350,5.0,5.0,11
448400,5.0,5.0,11
448450,5.0,5.0,11
448500,5.0,5.0,11
448550,5.0,5.0,11
448600,5.0,5.0,11
448650,5.0,5.0,11
448700,5.0,5.0,11
448750,5.0,5.0,11
448800,5.0,5.0,11
448850,5.0,5.0,11
448900,5.0,5.0,11
448950,5.0,5.0,11
449000,5.0,5.0,11
449050,5.0,5.0,11
449100,5.0,5.0,11
449150,5.0,5.0,11
449200,5.0,5.0,11
449250,5.0,5.0,11
449300,5.0,5.0,11
449350,5.0,5.0,11
449400,5.0,5.0,11
449450,5.0,5.0,11
449500,5.0,5.0,11
449550,5.0,5.0,11
449600,5.0,5.0,11
449650,5.0,5.0,11
449700,5.0,5.0,11
449750,5.0,5.0,11
449800,5.0,5.0,11
449850,5.0,5.0,11
449900,5.0,5.0,11
449950,5.0,5.0,11
450000,5.0,5.0,11
450050,5.0,5.0,11
450100,5.0,5.0,11
450150,5.0,5.0,11
450200,5.0,5.0,11
450250,5.0,5.0,11
450300,5.0,5.0,11
450350,5.0,5.0,11
450400,5.0,5.0,11
450450,5.0,5.0,11
450500,5.0,5.0,11
450550,5.0,5.0,11
450600,5.0,5.0,11
450650,5.0,5.0,11
450700,5.0,5.0,11
450750,5.0,5.0,11
450800,5.0,5.0,11
450850,5.0,5.0,11
450900,5.0,5.0,11
450950,5.0,5.0,11
451000,5.0,5.0,11
451050,5.0,5.0,11
451100,5.0,5.0,11
451150,5.0,5.0,11
451200,5.0,5.0,11
451250,5.0,5.0,11
451300,5.0,5.0,11
451350,5.0,5.0,11
451400,5.0,5.0,11
451450,5.0,5.0,11
451500,5.0,5.0,11
451550,5.0,5.0,11
451600,5.0,5.0,11
451650,5.0,5.0,11
451700,5.0,5.0,11
451750,5.0,5.0,11
451800,5.0,5.0,11
451850,5.0,5.0,11
451900,5.0,5.0,11
451950,5.0,5.0,11
452000,5.0,5.0,11
452050,5.0,5.0,11
452100,5.0,5.0,11
452150,5.0,5.0,11
452200,5.0,5.0,11
452250,5.0,5.0,11
452300,5.0,5.0,11
452350,5.0,5.0,11
452400,5.0,5.0,11
452450,5.0,5.0,11
452500,5.0,5.0,11
452550,5.0,5.0,11
452600,5.0,5.0,11
452650,5.0,5.0,11
452700,5.0,5.0,11
452750,5.0,5.0,11
452800,5.0,5.0,11
452850,5.0,5.0,11
452900,5.0,5.0,11
452950,5.0,5.0,11
453000,5.0,5.0,11
453050,5.0,5.0,11
453100,5.0,5.0,11
453150,5.0,5.0,11
453200,5.0,5.0,11
453250,5.0,5.0,11
453300,5.0,5.0,11
453350,5.0,5.0,11
453400,5.0,5.0,11
453450,5.0,5.0,11
453500,5.0,5.0,11
453550,5.0,5.0,11
453600,5.0,5.0,11
453650,5.0,5.0,11
453700,5.0,5.0,11
453750,5.0,5.0,11
453800,5.0,5.0,11
453850,5.0,5.0,11
453900,5.0,5.0,11
453950,5.0,5.0,11
454000,5.0,5.0,11
454050,5.0,5.0,11
454100,5.0,5.0,11
454150,5.0,5.0,11
454200,5.0,5.0,11
454250,5.0,5.0,11
454300,5.0,5.0,11
454350,5.0,5.0,11
454400,5.0,5.0,11
454450,5.0,5.0,11
454500,5.0,5.0,11
454550,5.0,5.0,11
454600,5.0,5.0,11
454650,5.0,5.0,11
454700,5.0,5.0,11
454750,5.0,5.0,11
454800,5.0,5.0,11
454850,5.0,5.0,11
454900,5.0,5.0,11
454950,5.0,5.0,11
455000,5.0,5.0,11
455050,5.0,5.0,11
455100,5.0,5.0,11
455150,5.0,5.0,11
455200,5.0,5.0,11
455250,5.0,5.0,11
455300,5.0,5.0,11
455350,5.0,5.0,11
455400,5.0,5.0,11
455450,5.0,5.0,11
455500,5.0,5.0,11
455550,5.0,5.0,11
455600,5.0,5.0,11
455650,5.0,5.0,11
455700,5.0,5.0,11
455750,5.0,5.0,11
455800,5.0,5.0,11
455850,5.0,5.0,11
455900,5.0,5.0,11
455950,5.0,5.0,11
456000,5.0,5.0,11
456050,5.0,5.0,11
456100,5.0,5.0,11
456150,5.0,5.0,11
456200,5.0,5.0,11
456250,5.0,5.0,11
456300,5.0,5.0,11
456350,5.0,5.0,11
456400,5.0,5.0,11
456450,5.0,5.0,11
456500,5.0,5.0,11
456550,5.0,5.0,11
456600,5.0,5.0,11
456650,5.0,5.0,11
456700,5.0,5.0,11
456750,5.0,5.0,11
456800,5.0,5.0,11
456850,5.0,5.0,11
456900,5.0,5.0,11
456950,5.0,5.0,11
457000,5.0,5.0,11
457050,5.0,5.0,11
457100,5.0,5.0,11
457150,5.0,5.0,11
457200,5.0,5.0,11
457250,5.0,5.0,11
457300,5.0,5.0,11
457350,5.0,5.0,11
457400,5.0,5.0,11
457450,5.0,5.0,11
457500,5.0,5.0,11
457550,5.0,5.0,11
457600,5.0,5.0,11
457650,5.0,5.0,11
457700,5.0,5.0,11
457750,5.0,5.0,11
457800,5.0,5.0,11
457850,5.0,5.0,11
457900,5.0,5.0,11
457950,5.0,5.0,11
458000,5.0,5.0,11
458050,5.0,5.0,11
458100,5.0,5.0,11
458150,5.0,5.0,11
458200,5.0,5.0,11
458250,5.0,5.0,11
458300,5.0,5.0,11
458350,5.0,5.0,11
458400,5.0,5.0,11
458450,5.0,5.0,11
458500,5.0,5.0,11
458550,5.0,5.0,11
458600,5.0,5.0,11
458650,5.0,5.0,11
458700,5.0,5.0,11
458750,5.0,5.0,11
458800,5.0,5.0,11
458850,5.0,5.0,11
458900,5.0,5.0,11
458950,5.0,5.0,11
459000,5.0,5.0,11
459050,5.0,5.0,11
459100,5.0,5.0,11
459150,5.0,5.0,11
459200,5.0,5.0,11
459250,5.0,5.0,11
459300,5.0,5.0,11
459350,5.0,5.0,11
459400,5.0,5.0,11
459450,5.0,5.0,11
459500,5.0,5.0,11
459550,5.0,5.0,11
459600,5.0,5.0,11
459650,5.0,5.0,11
459700,5.0,5.0,11
459750,5.0,5.0,11
459800,5.0,5.0,11
459850,5.0,5.0,11
459900,5.0,5.0,11
459950,5.0,5.0,11
460000,5.0,5.0,11
460050,5.0,5.0,11
460100,5.0,5.0,11
460150,5.0,5.0,11
460200,5.0,5.0,11
460250,5.0,5.0,11
460300,5.0,5.0,11
460350,5.0,5.0,11
460400,5.0,5.0,11
460450,5.0,5.0,11
460500,5.0,5.0,11
460550,5.0,5.0,11
460600,5.0,5.0,11
460650,5.0,5.0,11
460700,5.0,5.0,11
460750,5.0,5.0,11
460800,5.0,5.0,11
460850,5.0,5.0,11
460900,5.0,5.0,11
460950,5.0,5.0,11
461000,5.0,5.0,11
461050,5.0,5.0,11
461100,5.0,5.0,11
461150,5.0,5.0,11
461200,5.0,5.0,11
461250,5.0,5.0,11
461300,5.0,5.0,11
461350,5.0,5.0,11
461400,5.0,5.0,11
461450,5.0,5.0,11
461500,5.0,5.0,11
461550,5.0,5.0,11
461600,5.0,5.0,11
461650,5.0,5.0,11
461700,5.0,5.0,11
461750,5.0,5.0,11
461800,5.0,5.0,11
461850,5.0,5.0,11
461900,5.0,5.0,11
461950,5.0,5.0,11
462000,5.0,5.0,11
462050,5.0,5.0,11
462100,5.0,5.0,11
462150,5.0,5.0,11
462200,5.0,5.0,11
462250,5.0,5.0,11
462300,5.0,5.0,11
462350,5.0,5.0,11
462400,5.0,5.0,11
462450,5.0,5.0,11
462500,5.0,5.0,11
462550,5.0,5.0,11
462600,5.0,5.0,11
462650,5.0,5.0,11
462700,5.0,5.0,11
462750,5.0,5.0,11
462800,5.0,5.0,11
462850,5.0,5.0,11
462900,5.0,5.0,11
462950,5.0,5.0,11
463000,5.0,5.0,11
463050,5.0,5.0,11
463100,5.0,5.0,11
463150,5.0,5.0,11
463200,5.0,5.0,11
463250,5.0,5.0,11
463300,5.0,5.0,11
463350,5.0,5.0,11
463400,5.0,5.0,11
463450,5.0,5.0,11
463500,5.0,5.0,11
463550,5.0,5.0,11
463600,5.0,5.0,11
463650,5.0,5.0,11
463700,5.0,5.0,11
463750,5.0,5.0,11
463800,5.0,5.0,11
463850,5.0,5.0,11
463900,5.0,5.0,11
463950,5.0,5.0,11
464000,5.0,5.0,11
464050,5.0,5.0,11
464100,5.0,5.0,11
464150,5.0,5.0,11
464200,5.0,5.0,11
464250,5.0,5.0,11
464300,5.0,5.0,11
464350,5.0,5.0,11
464400,5.0,5.0,11
464450,5.0,5.0,11
464500,5.0,5.0,11
464550,5.0,5.0,11
464600,5.0,5.0,11
464650,5.0,5.0,11
464700,5.0,5.0,11
464750,5.0,5.0,11
464800,5.0,5.0,11
464850,5.0,5.0,11
464900,5.0,5.0,11
464950,5.0,5.0,11
465000,5.0,5.0,11
465050,5.0,5.0,11
465100,5.0,5.0,11
465150,5.0,5.0,11
465200,5.0,5.0,11
465250,5.0,5.0,11
465300,5.0,5.0,11
465350,5.0,5.0,11
465400,5.0,5.0,11
465450,5.0,5.0,11
465500,5.0,5.0,11
465550,5.0,5.0,11
465600,5.0,5.0,11
465650,5.0,5.0,11
465700,5.0,5.0,11
465750,5.0,5.0,11
465800,5.0,5.0,11
465850,5.0,5.0,11
465900,5.0,5.0,11
465950,5.0,5.0,11
466000,5.0,5.0,11
466050,5.0,5.0,11
466100,5.0,5.0,11
466150,5.0,5.0,11
466200,5.0,5.0,11
466250,5.0,5.0,11
466300,5.0,5.0,11
466350,5.0,5.0,11
466400,5.0,5.0,11
466450,5.0,5.0,11
466500,5.0,5.0,11
466550,5.0,5.0,11
466600,5.0,5.0,11
466650,5.0,5.0,11
466700,5.0,5.0,11
466750,5.0,5.0,11
466800,5.0,5.0,11
466850,5.0,5.0,11
466900,5.0,5.0,11
466950,5.0,5.0,11
467000,5.0,5.0,11
467050,5.0,5.0,11
467100,5.0,5.0,11
467150,5.0,5.0,11
467200,5.0,5.0,11
467250,5.0,5.0,11
467300,5.0,5.0,11
467350,5.0,5.0,11
467400,5.0,5.0,11
467450,5.0,5.0,11
467500,5.0,5.0,11
467550,5.0,5.0,11
467600,5.0,5.0,11
467650,5.0,5.0,11
467700,5.0,5.0,11
467750,5.0,5.0,11
467800,5.0,5.0,11
467850,5.0,5.0,11
467900,5.0,5.0,11
467950,5.0,5.0,11
468000,5.0,5.0,11
468050,5.0,5.0,11
468100,5.0,5.0,11
468150,5.0,5.0,11
468200,5.0,5.0,11
468250,5.0,5.0,11
468300,5.0,5.0,11
468350,5.0,5.0,11
468400,5.0,5.0,11
468450,5.0,5.0,11
468500,5.0,5.0,11
468550,5.0,5.0,11
468600,5.0,5.0,11
468650,5.0,5.0,11
468700,5.0,5.0,11
468750,5.0,5.0,11
468800,5.0,5.0,11
468850,5.0,5.0,11
468900,5.0,5.0,11
468950,5.0,5.0,11
469000,5.0,5.0,11
469050,5.0,5.0,11
469100,5.0,5.0,11
469150,5.0,5.0,11
469200,5.0,5.0,11
469250,5.0,5.0,11
469300,5.0,5.0,11
469350,5.0,5.0,11
469400,5.0,5.0,11
469450,5.0,5.0,11
469500,5.0,5.0,11
469550,5.0,5.0,11
469600,5.0,5.0,11
469650,5.0,5.0,11
469700,5.0,5.0,11
469750,5.0,5.0,11
469800,5.0,5.0,11
469850,5.0,5.0,11
469900,5.0,5.0,11
469950,5.0,5.0,11
470000,5.0,5.0,11
470050,5.0,5.0,11
470100,5.0,5.0,11
470150,5.0,5.0,11
470200,5.0,5.0,11
470250,5.0,5.0,11
470300,5.0,5.0,11
470350,5.0,5.0,11
470400,5.0,5.0,11
470450,5.0,5.0,11
470500,5.0,5.0,11
470550,5.0,5.0,11
470600,5.0,5.0,11
470650,5.0,5.0,11
470700,5.0,5.0,11
470750,5.0,5.0,11
470800,5.0,5.0,11
470850,5.0,5.0,11
470900,5.0,5.0,11
470950,5.0,5.0,11
471000,5.0,5.0,11
471050,5.0,5.0,11
471100,5.0,5.0,11
471150,5.0,5.0,11
471200,5.0,5.0,11
471250,5.0,5.0,11
471300,5.0,5.0,11
471350,5.0,5.0,11
471400,5.0,5.0,11
471450,5.0,5.0,11
471500,5.0,5.0,11
471550,5.0,5.0,11
471600,5.0,5.0,11
471650,5.0,5.0,11
471700,5.0,5.0,11
471750,5.0,5.0,11
471800,5.0,5.0,11
471850,5.0,5.0,11
471900,5.0,5.0,11
471950,5.0,5.0,11
472000,5.0,5.0,11
472050,5.0,5.0,11
472100,5.0,5.0,11
472150,5.0,5.0,11
472200,5.0,5.0,11
472250,5.0,5.0,11
472300,5.0,5.0,11
472350,5.0,5.0,11
472400,5.0,5.0,11
472450,5.0,5.0,11
472500,5.0,5.0,11
472550,5.0,5.0,11
472600,5.0,5.0,11
472650,5.0,5.0,11
472700,5.0,5.0,11
472750,5.0,5.0,11
472800,5.0,5.0,11
472850,5.0,5.0,11
472900,5.0,5.0,11
472950,5.0,5.0,11
473000,5.0,5.0,11
473050,5.0,5.0,11
473100,5.0,5.0,11
473150,5.0,5.0,11
473200,5.0,5.0,11
473250,5.0,5.0,11
473300,5.0,5.0,11
473350,5.0,5.0,11
473400,5.0,5.0,11
473450,5.0,5.0,11
473500,5.0,5.0,11
473550,5.0,5.0,11
473600,5.0,5.0,11
473650,5.0,5.0,11
473700,5.0,5.0,11
473750,5.0,5.0,11
473800,5.0,5.0,11
473850,5.0,5.0,11
473900,5.0,5.0,11
473950,5.0,5.0,11
474000,5.0,5.0,11
474050,5.0,5.0,11
474100,5.0,5.0,11
474150,5.0,5.0,11
474200,5.0,5.0,11
474250,5.0,5.0,11
474300,5.0,5.0,11
474350,5.0,5.0,11
474400,5.0,5.0,11
474450,5.0,5.0,11
474500,5.0,5.0,11
474550,5.0,5.0,11
474600,5.0,5.0,11
474650,5.0,5.0,11
474700,5.0,5.0,11
474750,5.0,5.0,11
474800,5.0,5.0,11
474850,5.0,5.0,11
474900,5.0,5.0,11
474950,5.0,5.0,11
475000,5.0,5.0,11
475050,5.0,5.0,11
475100,5.0,5.0,11
475150,5.0,5.0,11
475200,5.0,5.0,11
475250,5.0,5.0,11
475300,5.0,5.0,11
475350,5.0,5.0,11
475400,5.0,5.0,11
475450,5.0,5.0,11
475500,5.0,5.0,11
475550,5.0,5.0,11
475600,5.0,5.0,11
475650,5.0,5.0,11
475700,5.0,5.0,11
475750,5.0,5.0,11
475800,5.0,5.0,11
475850,5.0,5.0,11
475900,5.0,5.0,11
475950,5.0,5.0,11
476000,5.0,5.0,11
476050,5.0,5.0,11
476100,5.0,5.0,11
476150,5.0,5.0,11
476200,5.0,5.0,11
476250,5.0,5.0,11
476300,5.0,5.0,11
476350,5.0,5.0,11
476400,5.0,5.0,11
476450,5.0,5.0,11
476500,5.0,5.0,11
476550,5.0,5.0,11
476600,5.0,5.0,11
476650,5.0,5.0,11
476700,5.0,5.0,11
476750,5.0,5.0,11
476800,5.0,5.0,11
476850,5.0,5.0,11
476900,5.0,5.0,11
476950,5.0,5.0,11
477000,5.0,5.0,11
477050,5.0,5.0,11
477100,5.0,5.0,11
477150,5.0,5.0,11
477200,5.0,5.0,11
477250,5.0,5.0,11
477300,5.0,5.0,11
477350,5.0,5.0,11
477400,5.0,5.0,11
477450,5.0,5.0,11
477500,5.0,5.0,11
477550,5.0,5.0,11
477600,5.0,5.0,11
477650,5.0,5.0,11
477700,5.0,5.0,11
477750,5.0,5.0,11
477800,5.0,5.0,11
477850,5.0,5.0,11
477900,5.0,5.0,11
477950,5.0,5.0,11
478000,5.0,5.0,11
478050,5.0,5.0,11
478100,5.0,5.0,11
478150,5.0,5.0,11
478200,5.0,5.0,11
478250,5.0,5.0,11
478300,5.0,5.0,11
478350,5.0,5.0,11
478400,5.0,5.0,11
478450,5.0,5.0,11
478500,5.0,5.0,11
478550,5.0,5.0,11
478600,5.0,5.0,11
478650,5.0,5.0,11
478700,5.0,5.0,11
478750,5.0,5.0,11
478800,5.0,5.0,11
478850,5.0,5.0,11
478900,5.0,5.0,11
478950,5.0,5.0,11
479000,5.0,5.0,11
479050,5.0,5.0,11
479100,5.0,5.0,11
479150,5.0,5.0,11
479200,5.0,5.0,11
479250,5.0,5.0,11
479300,5.0,5.0,11
479350,5.0,5.0,11
479400,5.0,5.0,11
479450,5.0,5.0,11
479500,5.0,5.0,11
479550,5.0,5.0,11
479600,5.0,5.0,11
479650,5.0,5.0,11
479700,5.0,5.0,11
479750,5.0,5.0,11
479800,5.0,5.0,11
479850,5.0,5.0,11
479900,5.0,5.0,11
479950,5.0,5.0,11
480000,5.0,5.0,11
480050,5.0,5.0,11
480100,5.0,5.0,11
480150,5.0,5.0,11
480200,5.0,5.0,11
480250,5.0,5.0,11
480300,5.0,5.0,11
480350,5.0,5.0,11
480400,5.0,5.0,11
480450,5.0,5.0,11
480500,5.0,5.0,11
480550,5.0,5.0,11
480600,5.0,5.0,11
480650,5.0,5.0,11
480700,5.0,5.0,11
480750,5.0,5.0,11
480800,5.0,5.0,11
480850,5.0,5.0,11
480900,5.0,5.0,11
480950,5.0,5.0,11
481000,5.0,5.0,11
481050,5.0,5.0,11
481100,5.0,5.0,11
481150,5.0,5.0,11
481200,5.0,5.0,11
481250,5.0,5.0,11
481300,5.0,5.0,11
481350,5.0,5.0,11
481400,5.0,5.0,11
481450,5.0,5.0,11
481500,5.0,5.0,11
481550,5.0,5.0,11
481600,5.0,5.0,11
481650,5.0,5.0,11
481700,5.0,5.0,11
481750,5.0,5.0,11
481800,5.0,5.0,11
481850,5.0,5.0,11
481900,5.0,5.0,11
481950,5.0,5.0,11
482000,5.0,5.0,11
482050,5.0,5.0,11
482100,5.0,5.0,11
482150,5.0,5.0,11
482200,5.0,5.0,11
482250,5.0,5.0,11
482300,5.0,5.0,11
482350,5.0,5.0,11
482400,5.0,5.0,11
482450,5.0,5.0,11
482500,5.0,5.0,11
482550,5.0,5.0,11
482600,5.0,5.0,11
482650,5.0,5.0,11
482700,5.0,5.0,11
482750,5.0,5.0,11
482800,5.0,5.0,11
482850,5.0,5.0,11
482900,5.0,5.0,11
482950,5.0,5.0,11
483000,5.0,5.0,11
483050,5.0,5.0,11
483100,5.0,5.0,11
483150,5.0,5.0,11
483200,5.0,5.0,11
483250,5.0,5.0,11
483300,5.0,5.0,11
483350,5.0,5.0,11
483400,5.0,5.0,11
483450,5.0,5.0,11
483500,5.0,5.0,11
483550,5.0,5.0,11
483600,5.0,5.0,11
483650,5.0,5.0,11
483700,5.0,5.0,11
483750,5.0,5.0,11
483800,5.0,5.0,11
483850,5.0,5.0,11
483900,5.0,5.0,11
483950,5.0,5.0,11
484000,5.0,5.0,11
484050,5.0,5.0,11
484100,5.0,5.0,11
484150,5.0,5.0,11
484200,5.0,5.0,11
484250,5.0,5.0,11
484300,5.0,5.0,11
484350,5.0,5.0,11
484400,5.0,5.0,11
484450,5.0,5.0,11
484500,5.0,5.0,11
484550,5.0,5.0,11
484600,5.0,5.0,11
484650,5.0,5.0,11
484700,5.0,5.0,11
484750,5.0,5.0,11
484800,5.0,5.0,11
484850,5.0,5.0,11
484900,5.0,5.0,11
484950,5.0,5.0,11
485000,5.0,5.0,11
485050,5.0,5.0,11
485100,5.0,5.0,11
485150,5.0,5.0,11
485200,5.0,5.0,11
485250,5.0,5.0,11
485300,5.0,5.0,11
485350,5.0,5.0,11
485400,5.0,5.0,11
485450,5.0,5.0,11
485500,5.0,5.0,11
485550,5.0,5.0,11
485600,5.0,5.0,11
485650,5.0,5.0,11
485700,5.0,5.0,11
485750,5.0,5.0,11
485800,5.0,5.0,11
485850,5.0,5.0,11
485900,5.0,5.0,11
485950,5.0,5.0,11
486000,5.0,5.0,11
486050,5.0,5.0,11
486100,5.0,5.0,11
486150,5.0,5.0,11
486200,5.0,5.0,11
486250,5.0,5.0,11
486300,5.0,5.0,11
486350,5.0,5.0,11
486400,5.0,5.0,11
486450,5.0,5.0,11
486500,5.0,5.0,11
486550,5.0,5.0,11
486600,5.0,5.0,11
486650,5.0,5.0,11
486700,5.0,5.0,11
486750,5.0,5.0,11
486800,5.0,5.0,11
486850,5.0,5.0,11
486900,5.0,5.0,11
486950,5.0,5.0,11
487000,5.0,5.0,11
487050,5.0,5.0,11
487100,5.0,5.0,11
487150,5.0,5.0,11
487200,5.0,5.0,11
487250,5.0,5.0,11
487300,5.0,5.0,11
487350,5.0,5.0,11
487400,5.0,5.0,11
487450,5.0,5.0,11
487500,5.0,5.0,11
487550,5.0,5.0,11
487600,5.0,5.0,11
487650,5.0,5.0,11
487700,5.0,5.0,11
487750,5.0,5.0,11
487800,5.0,5.0,11
487850,5.0,5.0,11
487900,5.0,5.0,11
487950,5.0,5.0,11
488000,5.0,5.0,11
488050,5.0,5.0,11
488100,5.0,5.0,11
488150,5.0,5.0,11
488200,5.0,5.0,11
488250,5.0,5.0,11
488300,5.0,5.0,11
488350,5.0,5.0,11
488400,5.0,5.0,11
488450,5.0,5.0,11
488500,5.0,5.0,11
488550,5.0,5.0,11
488600,5.0,5.0,11
488650,5.0,5.0,11
488700,5.0,5.0,11
488750,5.0,5.0,11
488800,5.0,5.0,11
488850,5.0,5.0,11
488900,5.0,5.0,11
488950,5.0,5.0,11
489000,5.0,5.0,11
489050,5.0,5.0,11
489100,5.0,5.0,11
489150,5.0,5.0,11
489200,5.0,5.0,11
489250,5.0,5.0,11
489300,5.0,5.0,11
489350,5.0,5.0,11
489400,5.0,5.0,11
489450,5.0,5.0,11
489500,5.0,5.0,11
489550,5.0,5.0,11
489600,5.0,5.0,11
489650,5.0,5.0,11
489700,5.0,5.0,11
489750,5.0,5.0,11
489800,5.0,5.0,11
489850,5.0,5.0,11
489900,5.0,5.0,11
489950,5.0,5.0,11
490000,5.0,5.0,11
490050,5.0,5.0,11
490100,5.0,5.0,11
490150,5.0,5.0,11
490200,5.0,5.0,11
490250,5.0,5.0,11
490300,5.0,5.0,11
490350,5.0,5.0,11
490400,5.0,5.0,11
490450,5.0,5.0,11
490500,5.0,5.0,11
490550,5.0,5.0,11
490600,5.0,5.0,11
490650,5.0,5.0,11
490700,5.0,5.0,11
490750,5.0,5.0,11
490800,5.0,5.0,11
490850,5.0,5.0,11
490900,5.0,5.0,11
490950,5.0,5.0,11
491000,5.0,5.0,11
491050,5.0,5.0,11
491100,5.0,5.0,11
491150,5.0,5.0,11
491200,5.0,5.0,11
491250,5.0,5.0,11
491300,5.0,5.0,11
491350,5.0,5.0,11
491400,5.0,5.0,11
491450,5.0,5.0,11
491500,5.0,5.0,11
491550,5.0,5.0,11
491600,5.0,5.0,11
491650,5.0,5.0,11
491700,5.0,5.0,11
491750,5.0,5.0,11
491800,5.0,5.0,11
491850,5.0,5.0,11
491900,5.0,5.0,11
491950,5.0,5.0,11
492000,5.0,5.0,11
492050,5.0,5.0,11
492100,5.0,5.0,11
492150,5.0,5.0,11
492200,5.0,5.0,11
492250,5.0,5.0,11
492300,5.0,5.0,11
492350,5.0,5.0,11
492400,5.0,5.0,11
492450,5.0,5.0,11
492500,5.0,5.0,11
492550,5.0,5.0,11
492600,5.0,5.0,11
492650,5.0,5.0,11
492700,5.0,5.0,11
492750,5.0,5.0,11
492800,5.0,5.0,11
492850,5.0,5.0,11
492900,5.0,5.0,11
492950,5.0,5.0,11
493000,5.0,5.0,11
493050,5.0,5.0,11
493100,5.0,5.0,11
493150,5.0,5.0,11
493200,5.0,5.0,11
493250,5.0,5.0,11
493300,5.0,5.0,11
493350,5.0,5.0,11
493400,5.0,5.0,11
493450,5.0,5.0,11
493500,5.0,5.0,11
493550,5.0,5.0,11
493600,5.0,5.0,11
493650,5.0,5.0,11
493700,5.0,5.0,11
493750,5.0,5.0,11
493800,5.0,5.0,11
493850,5.0,5.0,11
493900,5.0,5.0,11
493950,5.0,5.0,11
494000,5.0,5.0,11
494050,5.0,5.0,11
494100,5.0,5.0,11
494150,5.0,5.0,11
494200,5.0,5.0,11
494250,5.0,5.0,11
494300,5.0,5.0,11
494350,5.0,5.0,11
494400,5.0,5.0,11
494450,5.0,5.0,11
494500,5.0,5.0,11
494550,5.0,5.0,11
494600,5.0,5.0,11
494650,5.0,5.0,11
494700,5.0,5.0,11
494750,5.0,5.0,11
494800,5.0,5.0,11
494850,5.0,5.0,11
494900,5.0,5.0,11
494950,5.0,5.0,11
495000,5.0,5.0,11
495050,5.0,5.0,11
495100,5.0,5.0,11
495150,5.0,5.0,11
495200,5.0,5.0,11
495250,5.0,5.0,11
495300,5.0,5.0,11
495350,5.0,5.0,11
495400,5.0,5.0,11
495450,5.0,5.0,11
495500,5.0,5.0,11
495550,5.0,5.0,11
495600,5.0,5.0,11
495650,5.0,5.0,11
495700,5.0,5.0,11
495750,5.0,5.0,11
495800,5.0,5.0,11
495850,5.0,5.0,11
495900,5.0,5.0,11
495950,5.0,5.0,11
496000,5.0,5.0,11
496050,5.0,5.0,11
496100,5.0,5.0,11
496150,5.0,5.0,11
496200,5.0,5.0,11
496250,5.0,5.0,11
496300,5.0,5.0,11
496350,5.0,5.0,11
496400,5.0,5.0,11
496450,5.0,5.0,11
496500,5.0,5.0,11
496550,5.0,5.0,11
496600,5.0,5.0,11
496650,5.0,5.0,11
496700,5.0,5.0,11
496750,5.0,5.0,11
496800,5.0,5.0,11
496850,5.0,5.0,11
496900,5.0,5.0,11
496950,5.0,5.0,11
497000,5.0,5.0,11
497050,5.0,5.0,11
497100,5.0,5.0,11
497150,5.0,5.0,11
497200,5.0,5.0,11
497250,5.0,5.0,11
497300,5.0,5.0,11
497350,5.0,5.0,11
497400,5.0,5.0,11
497450,5.0,5.0,11
497500,5.0,5.0,11
497550,5.0,5.0,11
497600,5.0,5.0,11
497650,5.0,5.0,11
497700,5.0,5.0,11
497750,5.0,5.0,11
497800,5.0,5.0,11
497850,5.0,5.0,11
497900,5.0,5.0,11
497950,5.0,5.0,11
498000,5.0,5.0,11
498050,5.0,5.0,11
498100,5.0,5.0,11
498150,5.0,5.0,11
498200,5.0,5.0,11
498250,5.0,5.0,11
498300,5.0,5.0,11
498350,5.0,5.0,11
498400,5.0,5.0,11
498450,5.0,5.0,11
498500,5.0,5.0,11
498550,5.0,5.0,11
498600,5.0,5.0,11
498650,5.0,5.0,11
498700,5.0,5.0,11
498750,5.0,5.0,11
498800,5.0,5.0,11
498850,5.0,5.0,11
498900,5.0,5.0,11
498950,5.0,5.0,11
499000,5.0,5.0,11
499050,5.0,5.0,11
499100,5.0,5.0,11
499150,5.0,5.0,11
499200,5.0,5.0,11
499250,5.0,5.0,11
499300,5.0,5.0,11
499350,5.0,5.0,11
499400,5.0,5.0,11
499450,5.0,5.0,11
499500,5.0,5.0,11
499550,5.0,5.0,11
499600,5.0,5.0,11
499650,5.0,5.0,11
499700,5.0,5.0,11
499750,5.0,5.0,11
499800,5.0,5.0,11
499850,5.0,5.0,11
499900,5.0,5.0,11
499950,5.0,5.0,11
500000,5.0,5.0,11
500050,5.0,5.0,11
500100,5.0,5.0,11
500150,5.0,5.0,11
500200,5.0,5.0,11
500250,5.0,5.0,11
500300,5.0,5.0,11
500350,5.0,5.0,11
500400,5.0,5.0,11
500450,5.0,5.0,11
500500,5.0,5.0,11
500550,5.0,5.0,11
500600,5.0,5.0,11
500650,5.0,5.0,11
500700,5.0,5.0,11
500750,5.0,5.0,11
500800,5.0,5.0,11
500850,5.0,5.0,11
500900,5.0,5.0,11
500950,5.0,5.0,11
501000,5.0,5.0,11
501050,5.0,5.0,11
501100,5.0,5.0,11
501150,5.0,5.0,11
501200,5.0,5.0,11
501250,5.0,5.0,11
501300,5.0,5.0,11
501350,5.0,5.0,11
501400,5.0,5.0,11
501450,5.0,5.0,11
501500,5.0,5.0,11
501550,5.0,5.0,11
501600,5.0,5.0,11
501650,5.0,5.0,11
501700,5.0,5.0,11
501750,5.0,5.0,11
501800,5.0,5.0,11
501850,5.0,5.0,11
501900,5.0,5.0,11
501950,5.0,5.0,11
502000,5.0,5.0,11
502050,5.0,5.0,11
502100,5.0,5.0,11
502150,5.0,5.0,11
502200,5.0,5.0,11
502250,5.0,5.0,11
502300,5.0,5.0,11
502350,5.0,5.0,11
502400,5.0,5.0,11
502450,5.0,5.0,11
502500,5.0,5.0,11
502550,5.0,5.0,11
502600,5.0,5.0,11
502650,5.0,5.0,11
502700,5.0,5.0,11
502750,5.0,5.0,11
502800,5.0,5.0,11
502850,5.0,5.0,11
502900,5.0,5.0,11
502950,5.0,5.0,11
503000,5.0,5.0,11
503050,5.0,5.0,11
503100,5.0,5.0,11
503150,5.0,5.0,11
503200,5.0,5.0,11
503250,5.0,5.0,11
503300,5.0,5.0,11
503350,5.0,5.0,11
503400,5.0,5.0,11
503450,5.0,5.0,11
503500,5.0,5.0,11
503550,5.0,5.0,11
503600,5.0,5.0,11
503650,5.0,5.0,11
503700,5.0,5.0,11
503750,5.0,5.0,11
503800,5.0,5.0,11
503850,5.0,5.0,11
503900,5.0,5.0,11
503950,5.0,5.0,11
504000,5.0,5.0,11
504050,5.0,5.0,11
504100,5.0,5.0,11
504150,5.0,5.0,11
504200,5.0,5.0,11
504250,5.0,5.0,11
504300,5.0,5.0,11
504350,5.0,5.0,11
504400,5.0,5.0,11
504450,5.0,5.0,11
504500,5.0,5.0,11
504550,5.0,5.0,11
504600,5.0,5.0,11
504650,5.0,5.0,11
504700,5.0,5.0,11
504750,5.0,5.0,11
504800,5.0,5.0,11
504850,5.0,5.0,11
504900,5.0,5.0,11
504950,5.0,5.0,11
505000,5.0,5.0,11
505050,5.0,5.0,11
505100,5.0,5.0,11
505150,5.0,5.0,11
505200,5.0,5.0,11
505250,5.0,5.0,11
505300,5.0,5.0,11
505350,5.0,5.0,11
505400,5.0,5.0,11
505450,5.0,5.0,11
505500,5.0,5.0,11
505550,5.0,5.0,11
505600,5.0,5.0,11
505650,5.0,5.0,11
505700,5.0,5.0,11
505750,5.0,5.0,11
505800,5.0,5.0,11
505850,5.0,5.0,11
505900,5.0,5.0,11
505950,5.0,5.0,11
506000,5.0,5.0,11
506050,5.0,5.0,11
506100,5.0,5.0,11
506150,5.0,5.0,11
506200,5.0,5.0,11
506250,5.0,5.0,11
506300,5.0,5.0,11
506350,5.0,5.0,11
506400,5.0,5.0,11
506450,5.0,5.0,11
506500,5.0,5.0,11
506550,5.0,5.0,11
506600,5.0,5.0,11
506650,5.0,5.0,11
506700,5.0,5.0,11
506750,5.0,5.0,11
506800,5.0,5.0,11
506850,5.0,5.0,11
506900,5.0,5.0,11
506950,5.0,5.0,11
507000,5.0,5.0,11
507050,5.0,5.0,11
507100,5.0,5.0,11
507150,5.0,5.0,11
507200,5.0,5.0,11
507250,5.0,5.0,11
507300,5.0,5.0,11
507350,5.0,5.0,11
507400,5.0,5.0,11
507450,5.0,5.0,11
507500,5.0,5.0,11
507550,5.0,5.0,11
507600,5.0,5.0,11
507650,5.0,5.0,11
507700,5.0,5.0,11
507750,5.0,5.0,11
507800,5.0,5.0,11
507850,5.0,5.0,11
507900,5.0,5.0,11
507950,5.0,5.0,11
508000,5.0,5.0,11
508050,5.0,5.0,11
508100,5.0,5.0,11
508150,5.0,5.0,11
508200,5.0,5.0,11
508250,5.0,5.0,11
508300,5.0,5.0,11
508350,5.0,5.0,11
508400,5.0,5.0,11
508450,5.0,5.0,11
508500,5.0,5.0,11
508550,5.0,5.0,11
508600,5.0,5.0,11
508650,5.0,5.0,11
508700,5.0,5.0,11
508750,5.0,5.0,11
508800,5.0,5.0,11
508850,5.0,5.0,11
508900,5.0,5.0,11
508950,5.0,5.0,11
509000,5.0,5.0,11
509050,5.0,5.0,11
509100,5.0,5.0,11
509150,5.0,5.0,11
509200,5.0,5.0,11
509250,5.0,5.0,11
509300,5.0,5.0,11
509350,5.0,5.0,11
509400,5.0,5.0,11
509450,5.0,5.0,11
509500,5.0,5.0,11
509550,5.0,5.0,11
509600,5.0,5.0,11
509650,5.0,5.0,11
509700,5.0,5.0,11
509750,5.0,5.0,11
509800,5.0,5.0,11
509850,5.0,5.0,11
509900,5.0,5.0,11
509950,5.0,5.0,11
510000,5.0,5.0,11
510050,5.0,5.0,11
510100,5.0,5.0,11
510150,5.0,5.0,11
510200,5.0,5.0,11
510250,5.0,5.0,11
510300,5.0,5.0,11
510350,5.0,5.0,11
510400,5.0,5.0,11
510450,5.0,5.0,11
510500,5.0,5.0,11
510550,5.0,5.0,11
510600,5.0,5.0,11
510650,5.0,5.0,11
510700,5.0,5.0,11
510750,5.0,5.0,11
510800,5.0,5.0,11
510850,5.0,5.0,11
510900,5.0,5.0,11
510950,5.0,5.0,11
511000,5.0,5.0,11
511050,5.0,5.0,11
511100,5.0,5.0,11
511150,5.0,5.0,11
511200,5.0,5.0,11
511250,5.0,5.0,11
511300,5.0,5.0,11
511350,5.0,5.0,11
511400,5.0,5.0,11
511450,5.0,5.0,11
511500,5.0,5.0,11
511550,5.0,5.0,11
511600,5.0,5.0,11
511650,5.0,5.0,11
511700,5.0,5.0,11
511750,5.0,5.0,11
511800,5.0,5.0,11
511850,5.0,5.0,11
511900,5.0,5.0,11
511950,5.0,5.0,11
512000,5.0,5.0,11
512050,5.0,5.0,11
512100,5.0,5.0,11
512150,5.0,5.0,11
512200,5.0,5.0,11
512250,5.0,5.0,11
512300,5.0,5.0,11
512350,5.0,5.0,11
512400,5.0,5.0,11
512450,5.0,5.0,11
512500,5.0,5.0,11
512550,5.0,5.0,11
512600,5.0,5.0,11
512650,5.0,5.0,11
512700,5.0,5.0,11
512750,5.0,5.0,11
512800,5.0,5.0,11
512850,5.0,5.0,11
512900,5.0,5.0,11
512950,5.0,5.0,11
513000,5.0,5.0,11
513050,5.0,5.0,11
513100,5.0,5.0,11
513150,5.0,5.0,11
513200,5.0,5.0,11
513250,5.0,5.0,11
513300,5.0,5.0,11
513350,5.0,5.0,11
513400,5.0,5.0,11
513450,5.0,5.0,11
513500,5.0,5.0,11
513550,5.0,5.0,11
513600,5.0,5.0,11
513650,5.0,5.0,11
513700,5.0,5.0,11
513750,5.0,5.0,11
513800,5.0,5.0,11
513850,5.0,5.0,11
513900,5.0,5.0,11
513950,5.0,5.0,11
514000,5.0,5.0,11
514050,5.0,5.0,11
514100,5.0,5.0,11
514150,5.0,5.0,11
514200,5.0,5.0,11
514250,5.0,5.0,11
514300,5.0,5.0,11
514350,5.0,5.0,11
514400,5.0,5.0,11
514450,5.0,5.0,11
514500,5.0,5.0,11
514550,5.0,5.0,11
514600,5.0,5.0,11
514650,5.0,5.0,11
514700,5.0,5.0,11
514750,5.0,5.0,11
514800,5.0,5.0,11
514850,5.0,5.0,11
514900,5.0,5.0,11
514950,5.0,5.0,11
515000,5.0,5.0,11
515050,5.0,5.0,11
515100,5.0,5.0,11
515150,5.0,5.0,11
515200,5.0,5.0,11
515250,5.0,5.0,11
515300,5.0,5.0,11
515350,5.0,5.0,11
515400,5.0,5.0,11
515450,5.0,5.0,11
515500,5.0,5.0,11
515550,5.0,5.0,11
515600,5.0,5.0,11
515650,5.0,5.0,11
515700,5.0,5.0,11
515750,5.0,5.0,11
515800,5.0,5.0,11
515850,5.0,5.0,11
515900,5.0,5.0,11
515950,5.0,5.0,11
516000,5.0,5.0,11
516050,5.0,5.0,11
516100,5.0,5.0,11
516150,5.0,5.0,11
516200,5.0,5.0,11
516250,5.0,5.0,11
516300,5.0,5.0,11
516350,5.0,5.0,11
516400,5.0,5.0,11
516450,5.0,5.0,11
516500,5.0,5.0,11
516550,5.0,5.0,11
516600,5.0,5.0,11
516650,5.0,5.0,11
516700,5.0,5.0,11
516750,5.0,5.0,11
516800,5.0,5.0,11
516850,5.0,5.0,11
516900,5.0,5.0,11
516950,5.0,5.0,11
517000,5.0,5.0,11
517050,5.0,5.0,11
517100,5.0,5.0,11
517150,5.0,5.0,11
517200,5.0,5.0,11
517250,5.0,5.0,11
517300,5.0,5.0,11
517350,5.0,5.0,11
517400,5.0,5.0,11
517450,5.0,5.0,11
517500,5.0,5.0,11
517550,5.0,5.0,11
517600,5.0,5.0,11
517650,5.0,5.0,11
517700,5.0,5.0,11
517750,5.0,5.0,11
517800,5.0,5.0,11
517850,5.0,5.0,11
517900,5.0,5.0,11
517950,5.0,5.0,11
518000,5.0,5.0,11
518050,5.0,5.0,11
518100,5.0,5.0,11
518150,5.0,5.0,11
518200,5.0,5.0,11
518250,5.0,5.0,11
518300,5.0,5.0,11
518350,5.0,5.0,11
518400,5.0,5.0,11
518450,5.0,5.0,11
518500,5.0,5.0,11
518550,5.0,5.0,11
518600,5.0,5.0,11
518650,5.0,5.0,11
518700,5.0,5.0,11
518750,5.0,5.0,11
518800,5.0,5.0,11
518850,5.0,5.0,11
518900,5.0,5.0,11
518950,5.0,5.0,11
519000,5.0,5.0,11
519050,5.0,5.0,11
519100,5.0,5.0,11
519150,5.0,5.0,11
519200,5.0,5.0,11
519250,5.0,5.0,11
519300,5.0,5.0,11
519350,5.0,5.0,11
519400,5.0,5.0,11
519450,5.0,5.0,11
519500,5.0,5.0,11
519550,5.0,5.0,11
519600,5.0,5.0,11
519650,5.0,5.0,11
519700,5.0,5.0,11
519750,5.0,5.0,11
519800,5.0,5.0,11
519850,5.0,5.0,11
519900,5.0,5.0,11
519950,5.0,5.0,11
520000,5.0,5.0,11
520050,5.0,5.0,11
520100,5.0,5.0,11
520150,5.0,5.0,11
520200,5.0,5.0,11
520250,5.0,5.0,11
520300,5.0,5.0,11
520350,5.0,5.0,11
520400,5.0,5.0,11
520450,5.0,5.0,11
520500,5.0,5.0,11
520550,5.0,5.0,11
520600,5.0,5.0,11
520650,5.0,5.0,11
520700,5.0,5.0,11
520750,5.0,5.0,11
520800,5.0,5.0,11
520850,5.0,5.0,11
520900,5.0,5.0,11
520950,5.0,5.0,11
521000,5.0,5.0,11
521050,5.0,5.0,11
521100,5.0,5.0,11
521150,5.0,5.0,11
521200,5.0,5.0,11
521250,5.0,5.0,11
521300,5.0,5.0,11
521350,5.0,5.0,11
521400,5.0,5.0,11
521450,5.0,5.0,11
521500,5.0,5.0,11
521550,5.0,5.0,11
521600,5.0,5.0,11
521650,5.0,5.0,11
521700,5.0,5.0,11
521750,5.0,5.0,11
521800,5.0,5.0,11
521850,5.0,5.0,11
521900,5.0,5.0,11
521950,5.0,5.0,11
522000,5.0,5.0,11
522050,5.0,5.0,11
522100,5.0,5.0,11
522150,5.0,5.0,11
522200,5.0,5.0,11
522250,5.0,5.0,11
522300,5.0,5.0,11
522350,5.0,5.0,11
522400,5.0,5.0,11
522450,5.0,5.0,11
522500,5.0,5.0,11
522550,5.0,5.0,11
522600,5.0,5.0,11
522650,5.0,5.0,11
522700,5.0,5.0,11
522750,5.0,5.0,11
522800,5.0,5.0,11
522850,5.0,5.0,11
522900,5.0,5.0,11
522950,5.0,5.0,11
523000,5.0,5.0,11
523050,5.0,5.0,11
523100,5.0,5.0,11
523150,5.0,5.0,11
523200,5.0,5.0,11
523250,5.0,5.0,11
523300,5.0,5.0,11
523350,5.0,5.0,11
523400,5.0,5.0,11
523450,5.0,5.0,11
523500,5.0,5.0,11
523550,5.0,5.0,11
523600,5.0,5.0,11
523650,5.0,5.0,11
523700,5.0,5.0,11
523750,5.0,5.0,11
523800,5.0,5.0,11
523850,5.0,5.0,11
523900,5.0,5.0,11
523950,5.0,5.0,11
524000,5.0,5.0,11
524050,5.0,5.0,11
524100,5.0,5.0,11
524150,5.0,5.0,11
524200,5.0,5.0,11
524250,5.0,5.0,11
524300,5.0,5.0,11
524350,5.0,5.0,11
524400,5.0,5.0,11
524450,5.0,5.0,11
524500,5.0,5.0,11
524550,5.0,5.0,11
524600,5.0,5.0,11
524650,5.0,5.0,11
524700,5.0,5.0,11
524750,5.0,5.0,11
524800,5.0,5.0,11
524850,5.0,5.0,11
524900,5.0,5.0,11
524950,5.0,5.0,11
525000,5.0,5.0,11
525050,5.0,5.0,11
525100,5.0,5.0,11
525150,5.0,5.0,11
525200,5.0,5.0,11
525250,5.0,5.0,11
525300,5.0,5.0,11
525350,5.0,5.0,11
525400,5.0,5.0,11
525450,5.0,5.0,11
525500,5.0,5.0,11
525550,5.0,5.0,11
525600,5.0,5.0,11
525650,5.0,5.0,11
525700,5.0,5.0,11
525750,5.0,5.0,11
525800,5.0,5.0,11
525850,5.0,5.0,11
525900,5.0,5.0,11
525950,5.0,5.0,11
526000,5.0,5.0,11
526050,5.0,5.0,11
526100,5.0,5.0,11
526150,5.0,5.0,11
526200,5.0,5.0,11
526250,5.0,5.0,11
526300,5.0,5.0,11
526350,5.0,5.0,11
526400,5.0,5.0,11
526450,5.0,5.0,11
526500,5.0,5.0,11
526550,5.0,5.0,11
526600,5.0,5.0,11
526650,5.0,5.0,11
526700,5.0,5.0,11
526750,5.0,5.0,11
526800,5.0,5.0,11
526850,5.0,5.0,11
526900,5.0,5.0,11
526950,5.0,5.0,11
527000,5.0,5.0,11
527050,5.0,5.0,11
527100,5.0,5.0,11
527150,5.0,5.0,3
527200,5.0,5.0,3
527250,5.0,5.0,3
527300,5.0,5.0,3
527350,5.0,5.0,3
527400,5.0,5.0,3
527450,5.0,5.0,3
527500,5.0,5.0,3
527550,5.0,5.0,3
527600,5.0,5.0,3
527650,5.0,5.0,3
527700,5.0,5.0,3
527750,5.0,5.0,3
527800,5.0,5.0,3
527850,5.0,5.0,3
527900,5.0,5.0,3
527950,5.0,5.0,3
528000,5.0,5.0,3
528050,5.0,5.0,3
528100,5.0,5.0,3
528150,5.0,5.0,3
528200,5.0,5.0,3
528250,5.0,5.0,3
528300,5.0,5.0,3
528350,5.0,5.0,3
528400,5.0,5.0,3
528450,5.0,5.0,3
528500,5.0,5.0,3
528550,5.0,5.0,3
528600,5.0,5.0,3
528650,5.0,5.0,3
528700,5.0,5.0,3
528750,5.0,5.0,3
528800,5.0,5.0,3
528850,5.0,5.0,3
528900,5.0,5.0,3
528950,5.0,5.0,3
529000,5.0,5.0,3
529050,5.0,5.0,3
529100,5.0,5.0,3
529150,5.0,5.0,3
529200,5.0,5.0,3
529250,5.0,5.0,3
529300,5.0,5.0,3
529350,5.0,5.0,3
529400,5.0,5.0,3
529450,5.0,5.0,3
529500,5.0,5.0,3
529550,5.0,5.0,3
529600,5.0,5.0,3
529650,5.0,5.0,3
529700,5.0,5.0,3
529750,5.0,5.0,3
529800,5.0,5.0,3
529850,5.0,5.0,3
529900,5.0,5.0,3
529950,5.0,5.0,3
530000,5.0,5.0,3
530050,5.0,5.0,3
530100,5.0,5.0,3
530150,5.0,5.0,3
530200,5.0,5.0,3
530250,5.0,5.0,3
530300,5.0,5.0,3
530350,5.0,5.0,3
530400,5.0,5.0,3
530450,5.0,5.0,3
530500,5.0,5.0,3
530550,5.0,5.0,3
530600,5.0,5.0,3
530650,5.0,5.0,3
530700,5.0,5.0,3
530750,5.0,5.0,3
530800,5.0,5.0,3
530850,5.0,5.0,3
530900,5.0,5.0,3
530950,5.0,5.0,3
531000,5.0,5.0,3
531050,5.0,5.0,3
531100,5.0,5.0,3
531150,5.0,5.0,3
531200,5.0,5.0,3
531250,5.0,5.0,3
531300,5.0,5.0,3
531350,5.0,5.0,3
531400,5.0,5.0,3
531450,5.0,5.0,3
531500,5.0,5.0,3
531550,5.0,5.0,3
531600,5.0,5.0,3
531650,5.0,5.0,3
531700,5.0,5.0,3
531750,5.0,5.0,3
531800,5.0,5.0,3
531850,5.0,5.0,3
531900,5.0,5.0,3
531950,5.0,5.0,3
532000,5.0,5.0,3
532050,5.0,5.0,3
532100,5.0,5.0,3
532150,5.0,5.0,3
532200,5.0,5.0,3
532250,5.0,5.0,3
532300,5.0,5.0,3
532350,5.0,5.0,3
532400,5.0,5.0,3
532450,5.0,5.0,3
532500,5.0,5.0,3
532550,5.0,5.0,3
532600,5.0,5.0,3
532650,5.0,5.0,3
532700,5.0,5.0,3
532750,5.0,5.0,3
532800,5.0,5.0,3
532850,5.0,5.0,3
532900,5.0,5.0,3
532950,5.0,5.0,3
533000,5.0,5.0,3
533050,5.0,5.0,3
533100,5.0,5.0,3
533150,5.0,5.0,3
533200,5.0,5.0,3
533250,5.0,5.0,3
533300,5.0,5.0,3
533350,5.0,5.0,3
533400,5.0,5.0,3
533450,5.0,5.0,3
533500,5.0,5.0,3
533550,5.0,5.0,3
533600,5.0,5.0,3
533650,5.0,5.0,3
533700,5.0,5.0,3
533750,5.0,5.0,3
533800,5.0,5.0,3
533850,5.0,5.0,3
533900,5.0,5.0,3
533950,5.0,5.0,3
534000,5.0,5.0,3
534050,5.0,5.0,3
534100,5.0,5.0,3
534150,5.0,5.0,3
534200,5.0,5.0,3
534250,5.0,5.0,3
534300,5.0,5.0,3
534350,5.0,5.0,3
534400,5.0,5.0,3
534450,5.0,5.0,3
534500,5.0,5.0,3
534550,5.0,5.0,3
534600,5.0,5.0,3
534650,5.0,5.0,3
534700,5.0,5.0,3
534750,5.0,5.0,3
534800,5.0,5.0,3
534850,5.0,5.0,3
534900,5.0,5.0,3
534950,5.0,5.0,3
535000,5.0,5.0,3
535050,5.0,5.0,3
535100,5.0,5.0,3
535150,5.0,5.0,3
535200,5.0,5.0,3
535250,5.0,5.0,3
535300,5.0,5.0,3
535350,5.0,5.0,3
535400,5.0,5.0,3
535450,5.0,5.0,3
535500,5.0,5.0,3
535550,5.0,5.0,3
535600,5.0,5.0,3
535650,5.0,5.0,3
535700,5.0,5.0,3
535750,5.0,5.0,3
535800,5.0,5.0,3
535850,5.0,5.0,3
535900,5.0,5.0,3
535950,5.0,5.0,3
536000,5.0,5.0,3
536050,5.0,5.0,3
536100,5.0,5.0,3
536150,5.0,5.0,3
536200,5.0,5.0,3
536250,5.0,5.0,3
536300,5.0,5.0,3
536350,5.0,5.0,3
536400,5.0,5.0,3
536450,5.0,5.0,3
536500,5.0,5.0,3
536550,5.0,5.0,3
536600,5.0,5.0,3
536650,5.0,5.0,3
536700,5.0,5.0,3
536750,5.0,5.0,3
536800,5.0,5.0,3
536850,5.0,5.0,3
536900,5.0,5.0,3
536950,5.0,5.0,3
537000,5.0,5.0,3
537050,5.0,5.0,3
537100,5.0,5.0,3
537150,5.0,5.0,3
537200,5.0,5.0,3
537250,5.0,5.0,3
537300,5.0,5.0,3
537350,5.0,5.0,3
537400,5.0,5.0,3
537450,5.0,5.0,3
537500,5.0,5.0,3
537550,5.0,5.0,3
537600,5.0,5.0,3
537650,5.0,5.0,3
537700,5.0,5.0,3
537750,5.0,5.0,3
537800,5.0,5.0,3
537850,5.0,5.0,3
537900,5.0,5.0,3
537950,5.0,5.0,3
538000,5.0,5.0,3
538050,5.0,5.0,3
538100,5.0,5.0,3
538150,5.0,5.0,3
538200,5.0,5.0,3
538250,5.0,5.0,3
538300,5.0,5.0,3
538350,5.0,5.0,3
538400,5.0,5.0,3
538450,5.0,5.0,3
538500,5.0,5.0,3
538550,5.0,5.0,3
538600,5.0,5.0,3
538650,5.0,5.0,3
538700,5.0,5.0,3
538750,5.0,5.0,3
538800,5.0,5.0,3
538850,5.0,5.0,3
538900,5.0,5.0,3
538950,5.0,5.0,3
539000,5.0,5.0,3
539050,5.0,5.0,3
539100,5.0,5.0,3
539150,5.0,5.0,3
539200,5.0,5.0,3
539250,5.0,5.0,3
539300,5.0,5.0,3
539350,5.0,5.0,3
539400,5.0,5.0,3
539450,5.0,5.0,3
539500,5.0,5.0,3
539550,5.0,5.0,3
539600,5.0,5.0,3
539650,5.0,5.0,3
539700,5.0,5.0,3
539750,5.0,5.0,3
539800,5.0,5.0,3
539850,5.0,5.0,3
539900,5.0,5.0,3
539950,5.0,5.0,3
540000,5.0,5.0,3
540050,5.0,5.0,3
540100,5.0,5.0,3
540150,5.0,5.0,3
540200,5.0,5.0,3
540250,5.0,5.0,3
540300,5.0,5.0,3
540350,5.0,5.0,3
540400,5.0,5.0,3
540450,5.0,5.0,3
540500,5.0,5.0,3
540550,5.0,5.0,3
540600,5.0,5.0,3
540650,5.0,5.0,3
540700,5.0,5.0,3
540750,5.0,5.0,3
540800,5.0,5.0,3
540850,5.0,5.0,3
540900,5.0,5.0,3
540950,5.0,5.0,3
541000,5.0,5.0,3
541050,5.0,5.0,3
541100,5.0,5.0,3
541150,5.0,5.0,3
541200,5.0,5.0,3
541250,5.0,5.0,3
541300,5.0,5.0,3
541350,5.0,5.0,3
541400,5.0,5.0,3
541450,5.0,5.0,3
541500,5.0,5.0,3
541550,5.0,5.0,3
541600,5.0,5.0,3
541650,5.0,5.0,3
541700,5.0,5.0,3
541750,5.0,5.0,3
541800,5.0,5.0,3
541850,5.0,5.0,3
541900,5.0,5.0,3
541950,5.0,5.0,3
542000,5.0,5.0,3
542050,5.0,5.0,3
542100,5.0,5.0,3
542150,5.0,5.0,3
542200,5.0,5.0,3
542250,5.0,5.0,3
542300,5.0,5.0,3
542350,5.0,5.0,3
542400,5.0,5.0,3
542450,5.0,5.0,3
542500,5.0,5.0,3
542550,5.0,5.0,3
542600,5.0,5.0,3
542650,5.0,5.0,3
542700,5.0,5.0,3
542750,5.0,5.0,3
542800,5.0,5.0,3
542850,5.0,5.0,3
542900,5.0,5.0,3
542950,5.0,5.0,3
543000,5.0,5.0,3
543050,5.0,5.0,3
543100,5.0,5.0,3
543150,5.0,5.0,3
543200,5.0,5.0,3
543250,5.0,5.0,3
543300,5.0,5.0,3
543350,5.0,5.0,3
543400,5.0,5.0,3
543450,5.0,5.0,3
543500,5.0,5.0,3
543550,5.0,5.0,3
543600,5.0,5.0,3
543650,5.0,5.0,3
543700,5.0,5.0,3
543750,5.0,5.0,3
543800,5.0,5.0,3
543850,5.0,5.0,3
543900,5.0,5.0,3
543950,5.0,5.0,3
544000,5.0,5.0,3
544050,5.0,5.0,3
544100,5.0,5.0,3
544150,5.0,5.0,3
544200,5.0,5.0,3
544250,5.0,5.0,3
544300,5.0,5.0,3
544350,5.0,5.0,3
544400,5.0,5.0,3
544450,5.0,5.0,3
544500,5.0,5.0,3
544550,5.0,5.0,3
544600,5.0,5.0,3
544650,5.0,5.0,3
544700,5.0,5.0,3
544750,5.0,5.0,3
544800,5.0,5.0,3
544850,5.0,5.0,3
544900,5.0,5.0,3
544950,5.0,5.0,3
545000,5.0,5.0,3
545050,5.0,5.0,3
545100,5.0,5.0,3
545150,5.0,5.0,3
545200,5.0,5.0,3
545250,5.0,5.0,3
545300,5.0,5.0,3
545350,5.0,5.0,3
545400,5.0,5.0,3
545450,5.0,5.0,3
545500,5.0,5.0,3
545550,5.0,5.0,3
545600,5.0,5.0,3
545650,5.0,5.0,3
545700,5.0,5.0,3
545750,5.0,5.0,3
545800,5.0,5.0,3
545850,5.0,5.0,3
545900,5.0,5.0,3
545950,5.0,5.0,3
546000,5.0,5.0,3
546050,5.0,5.0,3
546100,5.0,5.0,3
546150,5.0,5.0,3
546200,5.0,5.0,3
546250,5.0,5.0,3
546300,5.0,5.0,3
546350,5.0,5.0,3
546400,5.0,5.0,3
546450,5.0,5.0,3
546500,5.0,5.0,3
546550,5.0,5.0,3
546600,5.0,5.0,3
546650,5.0,5.0,3
546700,5.0,5.0,3
546750,5.0,5.0,3
546800,5.0,5.0,3
546850,5.0,5.0,3
546900,5.0,5.0,3
546950,5.0,5.0,3
547000,5.0,5.0,3
547050,5.0,5.0,3
547100,5.0,5.0,3
547150,5.0,5.0,3
547200,5.0,5.0,3
547250,5.0,5.0,3
547300,5.0,5.0,3
547350,5.0,5.0,3
547400,5.0,5.0,3
547450,5.0,5.0,3
547500,5.0,5.0,3
547550,5.0,5.0,3
547600,5.0,5.0,3
547650,5.0,5.0,3
547700,5.0,5.0,3
547750,5.0,5.0,3
547800,5.0,5.0,3
547850,5.0,5.0,3
547900,5.0,5.0,3
547950,5.0,5.0,3
548000,5.0,5.0,3
548050,5.0,5.0,3
548100,5.0,5.0,3
548150,5.0,5.0,3
548200,5.0,5.0,3
548250,5.0,5.0,3
548300,5.0,5.0,3
548350,5.0,5.0,3
548400,5.0,5.0,3
548450,5.0,5.0,3
548500,5.0,5.0,3
548550,5.0,5.0,3
548600,5.0,5.0,3
548650,5.0,5.0,3
548700,5.0,5.0,3
548750,5.0,5.0,3
548800,5.0,5.0,3
548850,5.0,5.0,3
548900,5.0,5.0,3
548950,5.0,5.0,3
549000,5.0,5.0,3
549050,5.0,5.0,3
549100,5.0,5.0,3
549150,5.0,5.0,3
549200,5.0,5.0,3
549250,5.0,5.0,3
549300,5.0,5.0,3
549350,5.0,5.0,3
549400,5.0,5.0,3
549450,5.0,5.0,3
549500,5.0,5.0,3
549550,5.0,5.0,3
549600,5.0,5.0,3
549650,5.0,5.0,3
549700,5.0,5.0,3
549750,5.0,5.0,3
549800,5.0,5.0,3
549850,5.0,5.0,3
549900,5.0,5.0,3
549950,5.0,5.0,3
550000,5.0,5.0,3
550050,5.0,5.0,3
550100,5.0,5.0,3
550150,5.0,5.0,3
550200,5.0,5.0,3
550250,5.0,5.0,3
550300,5.0,5.0,3
550350,5.0,5.0,3
550400,5.0,5.0,3
550450,5.0,5.0,3
550500,5.0,5.0,3
550550,5.0,5.0,3
550600,5.0,5.0,3
550650,5.0,5.0,3
550700,5.0,5.0,3
550750,5.0,5.0,3
550800,5.0,5.0,3
550850,5.0,5.0,3
550900,5.0,5.0,3
550950,5.0,5.0,3
551000,5.0,5.0,3
551050,5.0,5.0,3
551100,5.0,5.0,3
551150,5.0,5.0,3
551200,5.0,5.0,3
551250,5.0,5.0,3
551300,5.0,5.0,3
551350,5.0,5.0,3
551400,5.0,5.0,3
551450,5.0,5.0,3
551500,5.0,5.0,3
551550,5.0,5.0,3
551600,5.0,5.0,3
551650,5.0,5.0,3
551700,5.0,5.0,3
551750,5.0,5.0,3
551800,5.0,5.0,3
551850,5.0,5.0,3
551900,5.0,5.0,3
551950,5.0,5.0,3
552000,5.0,5.0,3
552050,5.0,5.0,3
552100,5.0,5.0,3
552150,5.0,5.0,3
552200,5.0,5.0,3
552250,5.0,5.0,3
552300,5.0,5.0,3
552350,5.0,5.0,3
552400,5.0,5.0,3
552450,5.0,5.0,3
552500,5.0,5.0,3
552550,5.0,5.0,3
552600,5.0,5.0,3
552650,5.0,5.0,3
552700,5.0,5.0,3
552750,5.0,5.0,3
552800,5.0,5.0,3
552850,5.0,5.0,3
552900,5.0,5.0,3
552950,5.0,5.0,3
553000,5.0,5.0,3
553050,5.0,5.0,3
553100,5.0,5.0,3
553150,5.0,5.0,3
553200,5.0,5.0,3
553250,5.0,5.0,3
553300,5.0,5.0,3
553350,5.0,5.0,3
553400,5.0,5.0,3
553450,5.0,5.0,3
553500,5.0,5.0,3
553550,5.0,5.0,3
553600,5.0,5.0,3
553650,5.0,5.0,3
553700,5.0,5.0,3
553750,5.0,5.0,3
553800,5.0,5.0,3
553850,5.0,5.0,3
553900,5.0,5.0,3
553950,5.0,5.0,3
554000,5.0,5.0,3
554050,5.0,5.0,3
554100,5.0,5.0,3
554150,5.0,5.0,3
554200,5.0,5.0,3
554250,5.0,5.0,3
554300,5.0,5.0,3
554350,5.0,5.0,3
554400,5.0,5.0,3
554450,5.0,5.0,3
554500,5.0,5.0,3
554550,5.0,5.0,3
554600,5.0,5.0,3
554650,5.0,5.0,3
554700,5.0,5.0,3
554750,5.0,5.0,3
554800,5.0,5.0,3
554850,5.0,5.0,3
554900,5.0,5.0,3
554950,5.0,5.0,3
555000,5.0,5.0,3
555050,5.0,5.0,3
555100,5.0,5.0,3
555150,5.0,5.0,3
555200,5.0,5.0,3
555250,5.0,5.0,3
555300,5.0,5.0,3
555350,5.0,5.0,3
555400,5.0,5.0,3
555450,5.0,5.0,3
555500,5.0,5.0,3
555550,5.0,5.0,3
555600,5.0,5.0,3
555650,5.0,5.0,3
555700,5.0,5.0,3
555750,5.0,5.0,3
555800,5.0,5.0,3
555850,5.0,5.0,3
555900,5.0,5.0,3
555950,5.0,5.0,3
556000,5.0,5.0,3
556050,5.0,5.0,3
556100,5.0,5.0,3
556150,5.0,5.0,3
556200,5.0,5.0,3
556250,5.0,5.0,3
556300,5.0,5.0,3
556350,5.0,5.0,3
556400,5.0,5.0,3
556450,5.0,5.0,3
556500,5.0,5.0,3
556550,5.0,5.0,3
556600,5.0,5.0,3
556650,5.0,5.0,3
556700,5.0,5.0,3
556750,5.0,5.0,3
556800,5.0,5.0,3
556850,5.0,5.0,3
556900,5.0,5.0,3
556950,5.0,5.0,3
557000,5.0,5.0,3
557050,5.0,5.0,3
557100,5.0,5.0,3
557150,5.0,5.0,3
557200,5.0,5.0,3
557250,5.0,5.0,3
557300,5.0,5.0,3
557350,5.0,5.0,3
557400,5.0,5.0,3
557450,5.0,5.0,3
557500,5.0,5.0,3
557550,5.0,5.0,3
557600,5.0,5.0,3
557650,5.0,5.0,3
557700,5.0,5.0,3
557750,5.0,5.0,3
557800,5.0,5.0,3
557850,5.0,5.0,3
557900,5.0,5.0,3
557950,5.0,5.0,3
558000,5.0,5.0,3
558050,5.0,5.0,3
558100,5.0,5.0,3
558150,5.0,5.0,3
558200,5.0,5.0,3
558250,5.0,5.0,3
558300,5.0,5.0,3
558350,5.0,5.0,3
558400,5.0,5.0,3
558450,5.0,5.0,3
558500,5.0,5.0,3
558550,5.0,5.0,3
558600,5.0,5.0,3
558650,5.0,5.0,3
558700,5.0,5.0,3
558750,5.0,5.0,3
558800,5.0,5.0,3
558850,5.0,5.0,3
558900,5.0,5.0,3
558950,5.0,5.0,3
559000,5.0,5.0,3
559050,5.0,5.0,3
559100,5.0,5.0,3
559150,5.0,5.0,3
559200,5.0,5.0,3
559250,5.0,5.0,3
559300,5.0,5.0,3
559350,5.0,5.0,3
559400,5.0,5.0,3
559450,5.0,5.0,3
559500,5.0,5.0,3
559550,5.0,5.0,3
559600,5.0,5.0,3
559650,5.0,5.0,3
559700,5.0,5.0,3
559750,5.0,5.0,3
559800,5.0,5.0,3
559850,5.0,5.0,3
559900,5.0,5.0,3
559950,5.0,5.0,3
560000,5.0,5.0,3
560050,5.0,5.0,3
560100,5.0,5.0,3
560150,5.0,5.0,3
560200,5.0,5.0,3
560250,5.0,5.0,3
560300,5.0,5.0,3
560350,5.0,5.0,3
560400,5.0,5.0,3
560450,5.0,5.0,3
560500,5.0,5.0,3
560550,5.0,5.0,3
560600,5.0,5.0,3
560650,5.0,5.0,3
560700,5.0,5.0,3
560750,5.0,5.0,3
560800,5.0,5.0,3
560850,5.0,5.0,3
560900,5.0,5.0,3
560950,5.0,5.0,3
561000,5.0,5.0,3
561050,5.0,5.0,3
561100,5.0,5.0,3
561150,5.0,5.0,3
561200,5.0,5.0,3
561250,5.0,5.0,3
561300,5.0,5.0,3
561350,5.0,5.0,3
561400,5.0,5.0,3
561450,5.0,5.0,3
561500,5.0,5.0,3
561550,5.0,5.0,3
561600,5.0,5.0,3
561650,5.0,5.0,3
561700,5.0,5.0,3
561750,5.0,5.0,3
561800,5.0,5.0,3
561850,5.0,5.0,3
561900,5.0,5.0,3
561950,5.0,5.0,3
562000,5.0,5.0,3
562050,5.0,5.0,3
562100,5.0,5.0,3
562150,5.0,5.0,3
562200,5.0,5.0,3
562250,5.0,5.0,3
562300,5.0,5.0,3
562350,5.0,5.0,3
562400,5.0,5.0,3
562450,5.0,5.0,3
562500,5.0,5.0,3
562550,5.0,5.0,3
562600,5.0,5.0,3
562650,5.0,5.0,3
562700,5.0,5.0,3
562750,5.0,5.0,3
562800,5.0,5.0,3
562850,5.0,5.0,3
562900,5.0,5.0,3
562950,5.0,5.0,3
563000,5.0,5.0,3
563050,5.0,5.0,3
563100,5.0,5.0,3
563150,5.0,5.0,3
563200,5.0,5.0,3
563250,5.0,5.0,3
563300,5.0,5.0,3
563350,5.0,5.0,3
563400,5.0,5.0,3
563450,5.0,5.0,3
563500,5.0,5.0,3
563550,5.0,5.0,3
563600,5.0,5.0,3
563650,5.0,5.0,3
563700,5.0,5.0,3
563750,5.0,5.0,3
563800,5.0,5.0,3
563850,5.0,5.0,3
563900,5.0,5.0,3
563950,5.0,5.0,3
564000,5.0,5.0,3
564050,5.0,5.0,3
564100,5.0,5.0,3
564150,5.0,5.0,3
564200,5.0,5.0,3
564250,5.0,5.0,3
564300,5.0,5.0,3
564350,5.0,5.0,3
564400,5.0,5.0,3
564450,5.0,5.0,3
564500,5.0,5.0,3
564550,5.0,5.0,3
564600,5.0,5.0,3
564650,5.0,5.0,3
564700,5.0,5.0,3
564750,5.0,5.0,3
564800,5.0,5.0,3
564850,5.0,5.0,3
564900,5.0,5.0,3
564950,5.0,5.0,3
565000,5.0,5.0,3
565050,5.0,5.0,3
565100,5.0,5.0,3
565150,5.0,5.0,3
565200,5.0,5.0,3
565250,5.0,5.0,3
565300,5.0,5.0,3
565350,5.0,5.0,3
565400,5.0,5.0,3
565450,5.0,5.0,3
565500,5.0,5.0,3
565550,5.0,5.0,3
565600,5.0,5.0,3
565650,5.0,5.0,3
565700,5.0,5.0,3
565750,5.0,5.0,3
565800,5.0,5.0,3
565850,5.0,5.0,3
565900,5.0,5.0,3
565950,5.0,5.0,3
566000,5.0,5.0,3
566050,5.0,5.0,3
566100,5.0,5.0,3
566150,5.0,5.0,3
566200,5.0,5.0,3
566250,5.0,5.0,3
566300,5.0,5.0,3
566350,5.0,5.0,3
566400,5.0,5.0,3
566450,5.0,5.0,3
566500,5.0,5.0,3
566550,5.0,5.0,3
566600,5.0,5.0,3
566650,5.0,5.0,3
566700,5.0,5.0,3
566750,5.0,5.0,3
566800,5.0,5.0,3
566850,5.0,5.0,3
566900,5.0,5.0,3
566950,5.0,5.0,3
567000,5.0,5.0,3
567050,5.0,5.0,3
567100,5.0,5.0,3
567150,5.0,5.0,3
567200,5.0,5.0,3
567250,5.0,5.0,3
567300,5.0,5.0,3
567350,5.0,5.0,3
567400,5.0,5.0,3
567450,5.0,5.0,3
567500,5.0,5.0,3
567550,5.0,5.0,3
567600,5.0,5.0,3
567650,5.0,5.0,3
567700,5.0,5.0,3
567750,5.0,5.0,3
567800,5.0,5.0,3
567850,5.0,5.0,3
567900,5.0,5.0,3
567950,5.0,5.0,3
568000,5.0,5.0,3
568050,5.0,5.0,3
568100,5.0,5.0,3
568150,5.0,5.0,3
568200,5.0,5.0,3
568250,5.0,5.0,3
568300,5.0,5.0,3
568350,5.0,5.0,3
568400,5.0,5.0,3
568450,5.0,5.0,3
568500,5.0,5.0,3
568550,5.0,5.0,3
568600,5.0,5.0,3
568650,5.0,5.0,3
568700,5.0,5.0,3
568750,5.0,5.0,3
568800,5.0,5.0,3
568850,5.0,5.0,3
568900,5.0,5.0,3
568950,5.0,5.0,3
569000,5.0,5.0,3
569050,5.0,5.0,3
569100,5.0,5.0,3
569150,5.0,5.0,3
569200,5.0,5.0,3
569250,5.0,5.0,3
569300,5.0,5.0,3
569350,5.0,5.0,3
569400,5.0,5.0,3
569450,5.0,5.0,3
569500,5.0,5.0,3
569550,5.0,5.0,3
569600,5.0,5.0,3
569650,5.0,5.0,3
569700,5.0,5.0,3
569750,5.0,5.0,3
569800,5.0,5.0,3
569850,5.0,5.0,3
569900,5.0,5.0,3
569950,5.0,5.0,3
570000,5.0,5.0,3
570050,5.0,5.0,3
570100,5.0,5.0,3
570150,5.0,5.0,3
570200,5.0,5.0,3
570250,5.0,5.0,3
570300,5.0,5.0,3
570350,5.0,5.0,3
570400,5.0,5.0,3
570450,5.0,5.0,3
570500,5.0,5.0,3
570550,5.0,5.0,3
570600,5.0,5.0,3
570650,5.0,5.0,3
570700,5.0,5.0,3
570750,5.0,5.0,3
570800,5.0,5.0,3
570850,5.0,5.0,3
570900,5.0,5.0,3
570950,5.0,5.0,3
571000,5.0,5.0,3
571050,5.0,5.0,3
571100,5.0,5.0,3
571150,5.0,5.0,3
571200,5.0,5.0,3
571250,5.0,5.0,3
571300,5.0,5.0,3
571350,5.0,5.0,3
571400,5.0,5.0,3
571450,5.0,5.0,3
571500,5.0,5.0,3
571550,5.0,5.0,3
571600,5.0,5.0,3
571650,5.0,5.0,3
571700,5.0,5.0,3
571750,5.0,5.0,3
571800,5.0,5.0,3
571850,5.0,5.0,3
571900,5.0,5.0,3
571950,5.0,5.0,3
572000,5.0,5.0,3
572050,5.0,5.0,3
572100,5.0,5.0,3
572150,5.0,5.0,3
572200,5.0,5.0,3
572250,5.0,5.0,3
572300,5.0,5.0,3
572350,5.0,5.0,3
572400,5.0,5.0,3
572450,5.0,5.0,3
572500,5.0,5.0,3
572550,5.0,5.0,3
572600,5.0,5.0,3
572650,5.0,5.0,3
572700,5.0,5.0,3
572750,5.0,5.0,3
572800,5.0,5.0,3
572850,5.0,5.0,3
572900,5.0,5.0,3
572950,5.0,5.0,3
573000,5.0,5.0,3
573050,5.0,5.0,3
573100,5.0,5.0,3
573150,5.0,5.0,3
573200,5.0,5.0,3
573250,5.0,5.0,3
573300,5.0,5.0,3
573350,5.0,5.0,3
573400,5.0,5.0,3
573450,5.0,5.0,3
573500,5.0,5.0,3
573550,5.0,5.0,3
573600,5.0,5.0,3
573650,5.0,5.0,3
573700,5.0,5.0,3
573750,5.0,5.0,3
573800,5.0,5.0,3
573850,5.0,5.0,3
573900,5.0,5.0,3
573950,5.0,5.0,3
574000,5.0,5.0,3
574050,5.0,5.0,3
574100,5.0,5.0,3
574150,5.0,5.0,3
574200,5.0,5.0,3
574250,5.0,5.0,3
574300,5.0,5.0,3
574350,5.0,5.0,3
574400,5.0,5.0,3
574450,5.0,5.0,3
574500,5.0,5.0,3
574550,5.0,5.0,3
574600,5.0,5.0,3
574650,5.0,5.0,3
574700,5.0,5.0,3
574750,5.0,5.0,3
574800,5.0,5.0,3
574850,5.0,5.0,3
574900,5.0,5.0,3
574950,5.0,5.0,3
575000,5.0,5.0,3
575050,5.0,5.0,3
575100,5.0,5.0,3
575150,5.0,5.0,3
575200,5.0,5.0,3
575250,5.0,5.0,3
575300,5.0,5.0,3
575350,5.0,5.0,3
575400,5.0,5.0,3
575450,5.0,5.0,3
575500,5.0,5.0,3
575550,5.0,5.0,3
575600,5.0,5.0,3
575650,5.0,5.0,3
575700,5.0,5.0,3
575750,5.0,5.0,3
575800,5.0,5.0,3
575850,5.0,5.0,3
575900,5.0,5.0,3
575950,5.0,5.0,3
576000,5.0,5.0,3
576050,5.0,5.0,3
576100,5.0,5.0,3
576150,5.0,5.0,3
576200,5.0,5.0,3
576250,5.0,5.0,3
576300,5.0,5.0,3
576350,5.0,5.0,3
576400,5.0,5.0,3
576450,5.0,5.0,3
576500,5.0,5.0,3
576550,5.0,5.0,3
576600,5.0,5.0,3
576650,5.0,5.0,3
576700,5.0,5.0,3
576750,5.0,5.0,3
576800,5.0,5.0,3
576850,5.0,5.0,3
576900,5.0,5.0,3
576950,5.0,5.0,3
577000,5.0,5.0,3
577050,5.0,5.0,3
577100,5.0,5.0,3
577150,5.0,5.0,3
577200,5.0,5.0,3
577250,5.0,5.0,3
577300,5.0,5.0,3
577350,5.0,5.0,3
577400,5.0,5.0,3
577450,5.0,5.0,3
577500,5.0,5.0,3
577550,5.0,5.0,3
577600,5.0,5.0,3
577650,5.0,5.0,3
577700,5.0,5.0,3
577750,5.0,5.0,3
577800,5.0,5.0,3
577850,5.0,5.0,3
577900,5.0,5.0,3
577950,5.0,5.0,3
578000,5.0,5.0,3
578050,5.0,5.0,3
578100,5.0,5.0,3
578150,5.0,5.0,3
578200,5.0,5.0,3
578250,5.0,5.0,3
578300,5.0,5.0,3
578350,5.0,5.0,3
578400,5.0,5.0,3
578450,5.0,5.0,3
578500,5.0,5.0,3
578550,5.0,5.0,3
578600,5.0,5.0,3
578650,5.0,5.0,3
578700,5.0,5.0,3
578750,5.0,5.0,3
578800,5.0,5.0,3
578850,5.0,5.0,3
578900,5.0,5.0,3
578950,5.0,5.0,3
579000,5.0,5.0,3
579050,5.0,5.0,3
579100,5.0,5.0,3
579150,5.0,5.0,3
579200,5.0,5.0,3
579250,5.0,5.0,3
579300,5.0,5.0,3
579350,5.0,5.0,3
579400,5.0,5.0,3
579450,5.0,5.0,3
579500,5.0,5.0,3
579550,5.0,5.0,3
579600,5.0,5.0,3
579650,5.0,5.0,3
579700,5.0,5.0,3
579750,5.0,5.0,3
579800,5.0,5.0,3
579850,5.0,5.0,3
579900,5.0,5.0,3
579950,5.0,5.0,3
580000,5.0,5.0,3
580050,5.0,5.0,3
580100,5.0,5.0,3
580150,5.0,5.0,3
580200,5.0,5.0,3
580250,5.0,5.0,3
580300,5.0,5.0,3
580350,5.0,5.0,3
580400,5.0,5.0,3
580450,5.0,5.0,3
580500,5.0,5.0,3
580550,5.0,5.0,3
580600,5.0,5.0,3
580650,5.0,5.0,3
580700,5.0,5.0,3
580750,5.0,5.0,3
580800,5.0,5.0,3
580850,5.0,5.0,3
580900,5.0,5.0,3
580950,5.0,5.0,3
581000,5.0,5.0,3
581050,5.0,5.0,3
581100,5.0,5.0,3
581150,5.0,5.0,3
581200,5.0,5.0,3
581250,5.0,5.0,3
581300,5.0,5.0,3
581350,5.0,5.0,3
581400,5.0,5.0,3
581450,5.0,5.0,3
581500,5.0,5.0,3
581550,5.0,5.0,3
581600,5.0,5.0,3
581650,5.0,5.0,3
581700,5.0,5.0,3
581750,5.0,5.0,3
581800,5.0,5.0,3
581850,5.0,5.0,3
581900,5.0,5.0,3
581950,5.0,5.0,3
582000,5.0,5.0,3
582050,5.0,5.0,3
582100,5.0,5.0,3
582150,5.0,5.0,3
582200,5.0,5.0,3
582250,5.0,5.0,3
582300,5.0,5.0,3
582350,5.0,5.0,3
582400,5.0,5.0,3
582450,5.0,5.0,3
582500,5.0,5.0,3
582550,5.0,5.0,3
582600,5.0,5.0,3
582650,5.0,5.0,3
582700,5.0,5.0,3
582750,5.0,5.0,3
582800,5.0,5.0,3
582850,5.0,5.0,3
582900,5.0,5.0,3
582950,5.0,5.0,3
583000,5.0,5.0,3
583050,5.0,5.0,3
583100,5.0,5.0,3
583150,5.0,5.0,3
583200,5.0,5.0,3
583250,5.0,5.0,3
583300,5.0,5.0,3
583350,5.0,5.0,3
583400,5.0,5.0,3
583450,5.0,5.0,3
583500,5.0,5.0,3
583550,5.0,5.0,3
583600,5.0,5.0,3
583650,5.0,5.0,3
583700,5.0,5.0,3
583750,5.0,5.0,3
583800,5.0,5.0,3
583850,5.0,5.0,3
583900,5.0,5.0,3
583950,5.0,5.0,3
584000,5.0,5.0,3
584050,5.0,5.0,3
584100,5.0,5.0,3
584150,5.0,5.0,3
584200,5.0,5.0,3
584250,5.0,5.0,3
584300,5.0,5.0,3
584350,5.0,5.0,3
584400,5.0,5.0,3
584450,5.0,5.0,3
584500,5.0,5.0,3
584550,5.0,5.0,3
584600,5.0,5.0,3
584650,5.0,5.0,3
584700,5.0,5.0,3
584750,5.0,5.0,3
584800,5.0,5.0,3
584850,5.0,5.0,3
584900,5.0,5.0,3
584950,5.0,5.0,3
585000,5.0,5.0,3
585050,5.0,5.0,3
585100,5.0,5.0,3
585150,5.0,5.0,3
585200,5.0,5.0,3
585250,5.0,5.0,3
585300,5.0,5.0,3
585350,5.0,5.0,3
585400,5.0,5.0,3
585450,5.0,5.0,3
585500,5.0,5.0,3
585550,5.0,5.0,3
585600,5.0,5.0,3
585650,5.0,5.0,3
585700,5.0,5.0,3
585750,5.0,5.0,3
585800,5.0,5.0,3
585850,5.0,5.0,3
585900,5.0,5.0,3
585950,5.0,5.0,3
586000,5.0,5.0,3
586050,5.0,5.0,3
586100,5.0,5.0,3
586150,5.0,5.0,3
586200,5.0,5.0,3
586250,5.0,5.0,3
586300,5.0,5.0,3
586350,5.0,5.0,3
586400,5.0,5.0,3
586450,5.0,5.0,3
586500,5.0,5.0,3
586550,5.0,5.0,3
586600,5.0,5.0,3
586650,5.0,5.0,3
586700,5.0,5.0,3
586750,5.0,5.0,3
586800,5.0,5.0,3
586850,5.0,5.0,3
586900,5.0,5.0,3
586950,5.0,5.0,3
587000,5.0,5.0,3
587050,5.0,5.0,3
587100,5.0,5.0,3
587150,5.0,5.0,3
587200,5.0,5.0,3
587250,5.0,5.0,3
587300,5.0,5.0,3
587350,5.0,5.0,3
587400,5.0,5.0,3
587450,5.0,5.0,3
587500,5.0,5.0,3
587550,5.0,5.0,3
587600,5.0,5.0,3
587650,5.0,5.0,3
587700,5.0,5.0,3
587750,5.0,5.0,3
587800,5.0,5.0,3
587850,5.0,5.0,3
587900,5.0,5.0,3
587950,5.0,5.0,3
588000,5.0,5.0,3
588050,5.0,5.0,3
588100,5.0,5.0,3
588150,5.0,5.0,3
588200,5.0,5.0,3
588250,5.0,5.0,3
588300,5.0,5.0,3
588350,5.0,5.0,3
588400,5.0,5.0,3
588450,5.0,5.0,3
588500,5.0,5.0,3
588550,5.0,5.0,3
588600,5.0,5.0,3
588650,5.0,5.0,3
588700,5.0,5.0,3
588750,5.0,5.0,3
588800,5.0,5.0,3
588850,5.0,5.0,3
588900,5.0,5.0,3
588950,5.0,5.0,3
589000,5.0,5.0,3
589050,5.0,5.0,3
589100,5.0,5.0,3
589150,5.0,5.0,3
589200,5.0,5.0,3
589250,5.0,5.0,3
589300,5.0,5.0,3
589350,5.0,5.0,3
589400,5.0,5.0,3
589450,5.0,5.0,3
589500,5.0,5.0,3
589550,5.0,5.0,3
589600,5.0,5.0,3
589650,5.0,5.0,3
589700,5.0,5.0,3
589750,5.0,5.0,3
589800,5.0,5.0,3
589850,5.0,5.0,3
589900,5.0,5.0,3
589950,5.0,5.0,3
590000,5.0,5.0,3
590050,5.0,5.0,3
590100,5.0,5.0,3
590150,5.0,5.0,3
590200,5.0,5.0,3
590250,5.0,5.0,3
590300,5.0,5.0,3
590350,5.0,5.0,3
590400,5.0,5.0,3
590450,5.0,5.0,3
590500,5.0,5.0,3
590550,5.0,5.0,3
590600,5.0,5.0,3
590650,5.0,5.0,3
590700,5.0,5.0,3
590750,5.0,5.0,3
590800,5.0,5.0,3
590850,5.0,5.0,3
590900,5.0,5.0,3
590950,5.0,5.0,3
591000,5.0,5.0,3
591050,5.0,5.0,3
591100,5.0,5.0,3
591150,5.0,5.0,3
591200,5.0,5.0,3
591250,5.0,5.0,3
591300,5.0,5.0,3
591350,5.0,5.0,3
591400,5.0,5.0,3
591450,5.0,5.0,3
591500,5.0,5.0,3
591550,5.0,5.0,3
591600,5.0,5.0,3
591650,5.0,5.0,3
591700,5.0,5.0,3
591750,5.0,5.0,3
591800,5.0,5.0,3
591850,5.0,5.0,3
591900,5.0,5.0,3
591950,5.0,5.0,3
592000,5.0,5.0,3
592050,5.0,5.0,3
592100,5.0,5.0,3
592150,5.0,5.0,3
592200,5.0,5.0,3
592250,5.0,5.0,3
592300,5.0,5.0,3
592350,5.0,5.0,3
592400,5.0,5.0,3
592450,5.0,5.0,3
592500,5.0,5.0,3
592550,5.0,5.0,3
592600,5.0,5.0,3
592650,5.0,5.0,3
592700,5.0,5.0,3
592750,5.0,5.0,3
592800,5.0,5.0,3
592850,5.0,5.0,3
592900,5.0,5.0,3
592950,5.0,5.0,3
593000,5.0,5.0,3
593050,5.0,5.0,3
593100,5.0,5.0,3
593150,5.0,5.0,3
593200,5.0,5.0,3
593250,5.0,5.0,3
593300,5.0,5.0,3
593350,5.0,5.0,3
593400,5.0,5.0,3
593450,5.0,5.0,3
593500,5.0,5.0,3
593550,5.0,5.0,3
593600,5.0,5.0,3
593650,5.0,5.0,3
593700,5.0,5.0,3
593750,5.0,5.0,3
593800,5.0,5.0,3
593850,5.0,5.0,3
593900,5.0,5.0,3
593950,5.0,5.0,3
594000,5.0,5.0,3
594050,5.0,5.0,3
594100,5.0,5.0,3
594150,5.0,5.0,3
594200,5.0,5.0,3
594250,5.0,5.0,3
594300,5.0,5.0,3
594350,5.0,5.0,3
594400,5.0,5.0,3
594450,5.0,5.0,3
594500,5.0,5.0,3
594550,5.0,5.0,3
594600,5.0,5.0,3
594650,5.0,5.0,3
594700,5.0,5.0,3
594750,5.0,5.0,3
594800,5.0,5.0,3
594850,5.0,5.0,3
594900,5.0,5.0,3
594950,5.0,5.0,3
595000,5.0,5.0,3
595050,5.0,5.0,3
595100,5.0,5.0,3
595150,5.0,5.0,3
595200,5.0,5.0,3
595250,5.0,5.0,3
595300,5.0,5.0,3
595350,5.0,5.0,3
595400,5.0,5.0,3
595450,5.0,5.0,3
595500,5.0,5.0,3
595550,5.0,5.0,3
595600,5.0,5.0,3
595650,5.0,5.0,3
595700,5.0,5.0,3
595750,5.0,5.0,3
595800,5.0,5.0,3
595850,5.0,5.0,3
595900,5.0,5.0,3
595950,5.0,5.0,3
596000,5.0,5.0,3
596050,5.0,5.0,3
596100,5.0,5.0,3
596150,5.0,5.0,3
596200,5.0,5.0,3
596250,5.0,5.0,3
596300,5.0,5.0,3
596350,5.0,5.0,3
596400,5.0,5.0,3
596450,5.0,5.0,3
596500,5.0,5.0,3
596550,5.0,5.0,3
596600,5.0,5.0,3
596650,5.0,5.0,3
596700,5.0,5.0,3
596750,5.0,5.0,3
596800,5.0,5.0,3
596850,5.0,5.0,3
596900,5.0,5.0,3
596950,5.0,5.0,3
597000,5.0,5.0,3
597050,5.0,5.0,3
597100,5.0,5.0,3
597150,5.0,5.0,3
597200,5.0,5.0,3
597250,5.0,5.0,3
597300,5.0,5.0,3
597350,5.0,5.0,3
597400,5.0,5.0,3
597450,5.0,5.0,3
597500,5.0,5.0,3
597550,5.0,5.0,3
597600,5.0,5.0,3
597650,5.0,5.0,3
597700,5.0,5.0,3
597750,5.0,5.0,3
597800,5.0,5.0,3
597850,5.0,5.0,3
597900,5.0,5.0,3
597950,5.0,5.0,3
598000,5.0,5.0,3
598050,5.0,5.0,3
598100,5.0,5.0,3
598150,5.0,5.0,3
598200,5.0,5.0,3
598250,5.0,5.0,3
598300,5.0,5.0,3
598350,5.0,5.0,3
598400,5.0,5.0,3
598450,5.0,5.0,3
598500,5.0,5.0,3
598550,5.0,5.0,3
598600,5.0,5.0,3
598650,5.0,5.0,3
598700,5.0,5.0,3
598750,5.0,5.0,3
598800,5.0,5.0,3
598850,5.0,5.0,3
598900,5.0,5.0,3
598950,5.0,5.0,3
599000,5.0,5.0,3
599050,5.0,5.0,3
599100,5.0,5.0,3
599150,5.0,5.0,3
599200,5.0,5.0,3
599250,5.0,5.0,3
599300,5.0,5.0,3
599350,5.0,5.0,3
599400,5.0,5.0,3
599450,5.0,5.0,3
599500,5.0,5.0,3
599550,5.0,5.0,3
599600,5.0,5.0,3
599650,5.0,5.0,3
599700,5.0,5.0,3
599750,5.0,5.0,3
599800,5.0,5.0,3
599850,5.0,5.0,3
599900,5.0,5.0,3
599950,5.0,5.0,3
600000,5.0,5.0,3
600050,5.0,5.0,3
600100,5.0,5.0,3
600150,5.0,5.0,3
600200,5.0,5.0,3
600250,5.0,5.0,3
600300,5.0,5.0,3
600350,5.0,5.0,3
600400,5.0,5.0,3
600450,5.0,5.0,3
600500,5.0,5.0,3
600550,5.0,5.0,3
600600,5.0,5.0,3
600650,5.0,5.0,3
600700,5.0,5.0,3
600750,5.0,5.0,3
600800,5.0,5.0,3
600850,5.0,5.0,3
600900,5.0,5.0,3
600950,5.0,5.0,3
601000,5.0,5.0,3
601050,5.0,5.0,3
601100,5.0,5.0,3
601150,5.0,5.0,3
601200,5.0,5.0,3
601250,5.0,5.0,3
601300,5.0,5.0,3
601350,5.0,5.0,3
601400,5.0,5.0,3
601450,5.0,5.0,3
601500,5.0,5.0,3
601550,5.0,5.0,3
601600,5.0,5.0,3
601650,5.0,5.0,3
601700,5.0,5.0,3
601750,5.0,5.0,3
601800,5.0,5.0,3
601850,5.0,5.0,3
601900,5.0,5.0,3
601950,5.0,5.0,3
602000,5.0,5.0,3
602050,5.0,5.0,3
602100,5.0,5.0,3
602150,5.0,5.0,3
602200,5.0,5.0,3
602250,5.0,5.0,3
602300,5.0,5.0,3
602350,5.0,5.0,3
602400,5.0,5.0,3
602450,5.0,5.0,3
602500,5.0,5.0,3
602550,5.0,5.0,3
602600,5.0,5.0,3
602650,5.0,5.0,3
602700,5.0,5.0,3
602750,5.0,5.0,3
602800,5.0,5.0,3
602850,5.0,5.0,3
602900,5.0,5.0,3
602950,5.0,5.0,3
603000,5.0,5.0,3
603050,5.0,5.0,3
603100,5.0,5.0,3
603150,5.0,5.0,3
603200,5.0,5.0,3
603250,5.0,5.0,3
603300,5.0,5.0,3
603350,5.0,5.0,3
603400,5.0,5.0,3
603450,5.0,5.0,3
603500,5.0,5.0,3
603550,5.0,5.0,3
603600,5.0,5.0,3
603650,5.0,5.0,3
603700,5.0,5.0,3
603750,5.0,5.0,3
603800,5.0,5.0,3
603850,5.0,5.0,3
603900,5.0,5.0,3
603950,5.0,5.0,3
604000,5.0,5.0,3
604050,5.0,5.0,3
604100,5.0,5.0,3
604150,5.0,5.0,3
604200,5.0,5.0,3
604250,5.0,5.0,3
604300,5.0,5.0,3
604350,5.0,5.0,3
604400,5.0,5.0,3
604450,5.0,5.0,3
604500,5.0,5.0,3
604550,5.0,5.0,3
604600,5.0,5.0,3
604650,5.0,5.0,3
604700,5.0,5.0,3
604750,5.0,5.0,3
604800,5.0,5.0,3
604850,5.0,5.0,3
604900,5.0,5.0,3
604950,5.0,5.0,3
605000,5.0,5.0,3
605050,5.0,5.0,3
605100,5.0,5.0,3
605150,5.0,5.0,3
605200,5.0,5.0,3
605250,5.0,5.0,3
605300,5.0,5.0,3
605350,5.0,5.0,3
605400,5.0,5.0,3
605450,5.0,5.0,3
605500,5.0,5.0,3
605550,5.0,5.0,3
605600,5.0,5.0,3
605650,5.0,5.0,3
605700,5.0,5.0,3
605750,5.0,5.0,3
605800,5.0,5.0,3
605850,5.0,5.0,3
605900,5.0,5.0,3
605950,5.0,5.0,3
606000,5.0,5.0,3
606050,5.0,5.0,3
606100,5.0,5.0,3
606150,5.0,5.0,3
606200,5.0,5.0,3
606250,5.0,5.0,3
606300,5.0,5.0,3
606350,5.0,5.0,3
606400,5.0,5.0,3
606450,5.0,5.0,3
606500,5.0,5.0,3
606550,5.0,5.0,3
606600,5.0,5.0,3
606650,5.0,5.0,3
606700,5.0,5.0,3
606750,5.0,5.0,3
606800,5.0,5.0,3
606850,5.0,5.0,3
606900,5.0,5.0,3
606950,5.0,5.0,3
607000,5.0,5.0,3
607050,5.0,5.0,3
607100,5.0,5.0,3
607150,5.0,5.0,3
607200,5.0,5.0,3
607250,5.0,5.0,3
607300,5.0,5.0,3
607350,5.0,5.0,3
607400,5.0,5.0,3
607450,5.0,5.0,3
607500,5.0,5.0,3
607550,5.0,5.0,3
607600,5.0,5.0,3
607650,5.0,5.0,3
607700,5.0,5.0,3
607750,5.0,5.0,3
607800,5.0,5.0,3
607850,5.0,5.0,3
607900,5.0,5.0,3
607950,5.0,5.0,3
608000,5.0,5.0,3
608050,5.0,5.0,3
608100,5.0,5.0,3
608150,5.0,5.0,3
608200,5.0,5.0,3
608250,5.0,5.0,3
608300,5.0,5.0,3
608350,5.0,5.0,3
608400,5.0,5.0,3
608450,5.0,5.0,3
608500,5.0,5.0,3
608550,5.0,5.0,3
608600,5.0,5.0,3
608650,5.0,5.0,3
608700,5.0,5.0,3
608750,5.0,5.0,3
608800,5.0,5.0,3
608850,5.0,5.0,3
608900,5.0,5.0,3
608950,5.0,5.0,3
609000,5.0,5.0,3
609050,5.0,5.0,3
609100,5.0,5.0,3
609150,5.0,5.0,3
609200,5.0,5.0,3
609250,5.0,5.0,3
609300,5.0,5.0,3
609350,5.0,5.0,3
609400,5.0,5.0,3
609450,5.0,5.0,3
609500,5.0,5.0,3
609550,5.0,5.0,3
609600,5.0,5.0,3
609650,5.0,5.0,3
609700,5.0,5.0,3
609750,5.0,5.0,3
609800,5.0,5.0,3
609850,5.0,5.0,3
609900,5.0,5.0,3
609950,5.0,5.0,3
610000,5.0,5.0,3
610050,5.0,5.0,3
610100,5.0,5.0,3
610150,5.0,5.0,3
610200,5.0,5.0,3
610250,5.0,5.0,3
610300,5.0,5.0,3
610350,5.0,5.0,3
610400,5.0,5.0,3
610450,5.0,5.0,3
610500,5.0,5.0,3
610550,5.0,5.0,3
610600,5.0,5.0,3
610650,5.0,5.0,3
610700,5.0,5.0,3
610750,5.0,5.0,3
610800,5.0,5.0,3
610850,5.0,5.0,3
610900,5.0,5.0,3
610950,5.0,5.0,3
611000,5.0,5.0,3
611050,5.0,5.0,3
611100,5.0,5.0,3
611150,5.0,5.0,3
611200,5.0,5.0,3
611250,5.0,5.0,3
611300,5.0,5.0,3
611350,5.0,5.0,3
611400,5.0,5.0,3
611450,5.0,5.0,3
611500,5.0,5.0,3
611550,5.0,5.0,3
611600,5.0,5.0,3
611650,5.0,5.0,3
611700,5.0,5.0,3
611750,5.0,5.0,3
611800,5.0,5.0,3
611850,5.0,5.0,3
611900,5.0,5.0,3
611950,5.0,5.0,3
612000,5.0,5.0,3
612050,5.0,5.0,3
612100,5.0,5.0,3
612150,5.0,5.0,3
612200,5.0,5.0,3
612250,5.0,5.0,3
612300,5.0,5.0,3
612350,5.0,5.0,3
612400,5.0,5.0,3
612450,5.0,5.0,3
612500,5.0,5.0,3
612550,5.0,5.0,3
612600,5.0,5.0,3
612650,5.0,5.0,3
612700,5.0,5.0,3
612750,5.0,5.0,3
612800,5.0,5.0,3
612850,5.0,5.0,3
612900,5.0,5.0,3
612950,5.0,5.0,3
613000,5.0,5.0,3
613050,5.0,5.0,3
613100,5.0,5.0,3
613150,5.0,5.0,3
613200,5.0,5.0,3
613250,5.0,5.0,3
613300,5.0,5.0,3
613350,5.0,5.0,3
613400,5.0,5.0,3
613450,5.0,5.0,3
613500,5.0,5.0,3
613550,5.0,5.0,3
613600,5.0,5.0,3
613650,5.0,5.0,3
613700,5.0,5.0,3
613750,5.0,5.0,3
613800,5.0,5.0,3
613850,5.0,5.0,3
613900,5.0,5.0,3
613950,5.0,5.0,3
614000,5.0,5.0,3
614050,5.0,5.0,3
614100,5.0,5.0,3
614150,5.0,5.0,3
614200,5.0,5.0,3
614250,5.0,5.0,3
614300,5.0,5.0,3
614350,5.0,5.0,3
614400,5.0,5.0,3
614450,5.0,5.0,3
614500,5.0,5.0,3
614550,5.0,5.0,3
614600,5.0,5.0,3
614650,5.0,5.0,3
614700,5.0,5.0,3
614750,5.0,5.0,3
614800,5.0,5.0,3
614850,5.0,5.0,3
614900,5.0,5.0,3
614950,5.0,5.0,3
615000,5.0,5.0,3
615050,5.0,5.0,3
615100,5.0,5.0,3
615150,5.0,5.0,3
615200,5.0,5.0,3
615250,5.0,5.0,3
615300,5.0,5.0,3
615350,5.0,5.0,3
615400,5.0,5.0,3
615450,5.0,5.0,3
615500,5.0,5.0,3
615550,5.0,5.0,3
615600,5.0,5.0,3
615650,5.0,5.0,3
615700,5.0,5.0,3
615750,5.0,5.0,3
615800,5.0,5.0,3
615850,5.0,5.0,3
615900,5.0,5.0,3
615950,5.0,5.0,3
616000,5.0,5.0,3
616050,5.0,5.0,3
616100,5.0,5.0,3
616150,5.0,5.0,3
616200,5.0,5.0,3
616250,5.0,5.0,3
616300,5.0,5.0,3
616350,5.0,5.0,3
616400,5.0,5.0,3
616450,5.0,5.0,3
616500,5.0,5.0,3
616550,5.0,5.0,3
616600,5.0,5.0,3
616650,5.0,5.0,3
616700,5.0,5.0,3
616750,5.0,5.0,3
616800,5.0,5.0,3
616850,5.0,5.0,3
616900,5.0,5.0,3
616950,5.0,5.0,3
617000,5.0,5.0,3
617050,5.0,5.0,3
617100,5.0,5.0,3
617150,5.0,5.0,3
617200,5.0,5.0,3
617250,5.0,5.0,3
617300,5.0,5.0,3
617350,5.0,5.0,3
617400,5.0,5.0,3
617450,5.0,5.0,3
617500,5.0,5.0,3
617550,5.0,5.0,3
617600,5.0,5.0,3
617650,5.0,5.0,3
617700,5.0,5.0,3
617750,5.0,5.0,3
617800,5.0,5.0,3
617850,5.0,5.0,3
617900,5.0,5.0,3
617950,5.0,5.0,3
618000,5.0,5.0,3
618050,5.0,5.0,3
618100,5.0,5.0,3
618150,5.0,5.0,3
618200,5.0,5.0,3
618250,5.0,5.0,3
618300,5.0,5.0,3
618350,5.0,5.0,3
618400,5.0,5.0,3
618450,5.0,5.0,3
618500,5.0,5.0,3
618550,5.0,5.0,3
618600,5.0,5.0,3
618650,5.0,5.0,3
618700,5.0,5.0,3
618750,5.0,5.0,3
618800,5.0,5.0,3
618850,5.0,5.0,3
618900,5.0,5.0,3
618950,5.0,5.0,3
619000,5.0,5.0,3
619050,5.0,5.0,3
619100,5.0,5.0,3
619150,5.0,5.0,3
619200,5.0,5.0,3
619250,5.0,5.0,3
619300,5.0,5.0,3
619350,5.0,5.0,3
619400,5.0,5.0,3
619450,5.0,5.0,3
619500,5.0,5.0,3
619550,5.0,5.0,3
619600,5.0,5.0,3
619650,5.0,5.0,3
619700,5.0,5.0,3
619750,5.0,5.0,3
619800,5.0,5.0,3
619850,5.0,5.0,3
619900,5.0,5.0,3
619950,5.0,5.0,3
620000,5.0,5.0,3
620050,5.0,5.001,3
620100,5.0,5.004,3
620150,5.0,5.012,3
620200,5.0,5.022,3
620250,5.0,5.032,3
620300,5.0,5.035,3
620350,5.0,5.035,3
620400,5.0,5.035,3
620450,5.0,5.035,3
620500,5.0,5.035,3
620550,5.0,5.035,3
620600,5.0,5.035,3
620650,5.0,5.035,3
620700,5.0,5.035,3
620750,5.0,5.035,3
620800,5.0,5.035,3
620850,5.0,5.035,3
620900,5.0,5.035,3
620950,5.0,5.035,3
621000,5.0,5.035,3
621050,5.0,5.035,3
621100,5.0,5.035,3
621150,5.0,5.035,3
621200,5.0,5.035,3
621250,5.0,5.035,3
621300,5.0,5.035,3
621350,5.0,5.035,3
621400,5.0,5.035,3
621450,5.0,5.035,3
621500,5.0,5.035,3
621550,5.0,5.035,3
621600,5.0,5.035,3
621650,5.0,5.035,3
621700,5.0,5.035,3
621750,5.0,5.035,3
621800,5.0,5.035,3
621850,5.0,5.035,3
621900,5.0,5.035,3
621950,5.0,5.035,3
622000,5.0,5.035,3
622050,5.0,5.035,3
622100,5.0,5.035,3
622150,5.0,5.035,3
622200,5.0,5.035,3
622250,5.0,5.035,3
622300,5.0,5.035,3
622350,5.0,5.035,3
622400,5.0,5.035,3
622450,5.0,5.035,3
622500,5.0,5.035,3
622550,5.0,5.035,3
622600,5.0,5.035,3
622650,5.0,5.035,3
622700,5.0,5.035,3
622750,5.0,5.035,3
622800,5.0,5.035,3
622850,5.0,5.035,3
622900,5.0,5.035,3
622950,5.0,5.035,3
623000,5.0,5.035,3
623050,5.0,5.035,3
623100,5.0,5.035,3
623150,5.0,5.035,3
623200,5.0,5.035,3
623250,5.0,5.035,3
623300,5.0,5.035,3
623350,5.0,5.035,3
623400,5.0,5.035,3
623450,5.0,5.035,3
623500,5.0,5.035,3
623550,5.0,5.035,3
623600,5.0,5.035,3
623650,5.0,5.035,3
623700,5.0,5.035,3
623750,5.0,5.035,3
623800,5.0,5.035,3
623850,5.0,5.035,3
623900,5.0,5.035,3
623950,5.0,5.035,3
624000,5.0,5.035,3
624050,5.0,5.035,3
624100,5.0,5.035,3
624150,5.0,5.035,3
624200,5.0,5.035,3
624250,5.0,5.035,3
624300,5.0,5.035,3
624350,5.0,5.035,3
624400,5.0,5.035,3
624450,5.0,5.035,3
624500,5.0,5.035,3
624550,5.0,5.035,3
624600,5.0,5.035,3
624650,5.0,5.035,3
624700,5.0,5.035,3
624750,5.0,5.035,3
624800,5.0,5.035,3
624850,5.0,5.035,3
624900,5.0,5.035,3
624950,5.0,5.035,3
625000,5.0,5.035,3
625050,5.0,5.035,3
625100,5.0,5.035,3
625150,5.0,5.035,3
625200,5.0,5.035,3
625250,5.0,5.035,3
625300,5.0,5.035,3
625350,5.0,5.035,3
625400,5.0,5.035,3
625450,5.0,5.035,3
625500,5.0,5.035,3
625550,5.0,5.035,3
625600,5.0,5.035,3
625650,5.0,5.035,3
625700,5.0,5.035,3
625750,5.0,5.035,3
625800,5.0,5.035,3
625850,5.0,5.035,3
625900,5.0,5.035,3
625950,5.0,5.035,3
626000,5.0,5.035,3
626050,5.0,5.035,3
626100,5.0,5.035,3
626150,5.0,5.035,3
626200,5.0,5.035,3
626250,5.0,5.035,3
626300,5.0,5.035,3
626350,5.0,5.035,3
626400,5.0,5.035,3
626450,5.0,5.035,3
626500,5.0,5.035,3
626550,5.0,5.035,3
626600,5.0,5.035,3
626650,5.0,5.035,3
626700,5.0,5.035,3
626750,5.0,5.035,3
626800,5.0,5.035,3
626850,5.0,5.035,3
626900,5.0,5.035,3
626950,5.0,5.035,3
627000,5.0,5.035,3
627050,5.0,5.035,3
627100,5.0,5.035,3
627150,5.0,5.035,3
627200,5.0,5.035,3
627250,5.0,5.035,3
627300,5.0,5.035,3
627350,5.0,5.035,3
627400,5.0,5.035,3
627450,5.0,5.035,3
627500,5.0,5.035,3
627550,5.0,5.035,3
627600,5.0,5.035,3
627650,5.0,5.035,3
627700,5.0,5.035,3
627750,5.0,5.035,3
627800,5.0,5.035,3
627850,5.0,5.035,3
627900,5.0,5.035,3
627950,5.0,5.035,3
628000,5.0,5.035,3
628050,5.0,5.035,3
628100,5.0,5.035,3
628150,5.0,5.035,3
628200,5.0,5.035,3
628250,5.0,5.035,3
628300,5.0,5.035,3
628350,5.0,5.035,3
628400,5.0,5.035,3
628450,5.0,5.035,3
628500,5.0,5.035,3
628550,5.0,5.035,3
628600,5.0,5.035,3
628650,5.0,5.035,3
628700,5.0,5.035,3
628750,5.0,5.035,3
628800,5.0,5.035,3
628850,5.0,5.035,3
628900,5.0,5.035,3
628950,5.0,5.035,3
629000,5.0,5.035,3
629050,5.0,5.035,3
629100,5.0,5.035,3
629150,5.0,5.035,3
629200,5.0,5.035,3
629250,5.0,5.035,3
629300,5.0,5.035,3
629350,5.0,5.035,3
629400,5.0,5.035,3
629450,5.0,5.035,3
629500,5.0,5.035,3
629550,5.0,5.035,3
629600,5.0,5.035,3
629650,5.0,5.035,3
629700,5.0,5.035,3
629750,5.0,5.035,3
629800,5.0,5.035,3
629850,5.0,5.035,3
629900,5.0,5.035,3
629950,5.0,5.035,3
630000,5.0,5.035,3
630050,5.0,5.035,3
630100,5.0,5.035,3
630150,5.0,5.035,3
630200,5.0,5.035,3
630250,5.0,5.035,3
630300,5.0,5.035,3
630350,5.0,5.035,3
630400,5.0,5.035,3
630450,5.0,5.035,3
630500,5.0,5.035,3
630550,5.0,5.035,3
630600,5.0,5.035,3
630650,5.0,5.035,3
630700,5.0,5.035,3
630750,5.0,5.035,3
630800,5.0,5.035,3
630850,5.0,5.035,3
630900,5.0,5.035,3
630950,5.0,5.035,3
631000,5.0,5.035,3
631050,5.0,5.035,3
631100,5.0,5.035,3
631150,5.0,5.035,3
631200,5.0,5.035,3
631250,5.0,5.035,3
631300,5.0,5.035,3
631350,5.0,5.035,3
631400,5.0,5.035,3
631450,5.0,5.035,3
631500,5.0,5.035,3
631550,5.0,5.035,3
631600,5.0,5.035,3
631650,5.0,5.035,3
631700,5.0,5.035,3
631750,5.0,5.035,3
631800,5.0,5.035,3
631850,5.0,5.035,3
631900,5.0,5.035,3
631950,5.0,5.035,3
632000,5.0,5.035,3
632050,5.0,5.035,3
632100,5.0,5.035,3
632150,5.0,5.035,3
632200,5.0,5.035,3
632250,5.0,5.035,3
632300,5.0,5.035,3
632350,5.0,5.035,3
632400,5.0,5.035,3
632450,5.0,5.035,3
632500,5.0,5.035,3
632550,5.0,5.035,3
632600,5.0,5.035,3
632650,5.0,5.035,3
632700,5.0,5.035,3
632750,5.0,5.035,3
632800,5.0,5.035,3
632850,5.0,5.035,3
632900,5.0,5.035,3
632950,5.0,5.035,3
633000,5.0,5.035,3
633050,5.0,5.035,3
633100,5.0,5.035,3
633150,5.0,5.035,3
633200,5.0,5.035,3
633250,5.0,5.035,3
633300,5.0,5.035,3
633350,5.0,5.035,3
633400,5.0,5.035,3
633450,5.0,5.035,3
633500,5.0,5.035,3
633550,5.0,5.035,3
633600,5.0,5.035,3
633650,5.0,5.035,3
633700,5.0,5.035,3
633750,5.0,5.035,3
633800,5.0,5.035,3
633850,5.0,5.035,3
633900,5.0,5.035,3
633950,5.0,5.035,3
634000,5.0,5.035,3
634050,5.0,5.035,3
634100,5.0,5.035,3
634150,5.0,5.035,3
634200,5.0,5.035,3
634250,5.0,5.035,3
634300,5.0,5.035,3
634350,5.0,5.035,3
634400,5.0,5.035,3
634450,5.0,5.035,3
634500,5.0,5.035,3
634550,5.0,5.035,3
634600,5.0,5.035,3
634650,5.0,5.035,3
634700,5.0,5.035,3
634750,5.0,5.035,3
634800,5.0,5.035,3
634850,5.0,5.035,3
634900,5.0,5.035,3
634950,5.0,5.035,3
635000,5.0,5.035,3
635050,5.0,5.035,3
635100,5.0,5.035,3
635150,5.0,5.035,3
635200,5.0,5.035,3
635250,5.0,5.035,3
635300,5.0,5.035,3
635350,5.0,5.035,3
635400,5.0,5.035,3
635450,5.0,5.035,3
635500,5.0,5.035,3
635550,5.0,5.035,3
635600,5.0,5.035,3
635650,5.0,5.035,3
635700,5.0,5.035,3
635750,5.0,5.035,3
635800,5.0,5.035,3
635850,5.0,5.035,3
635900,5.0,5.035,3
635950,5.0,5.035,3
636000,5.0,5.035,3
636050,5.0,5.035,3
636100,5.0,5.035,3
636150,5.0,5.035,3
636200,5.0,5.035,3
636250,5.0,5.035,3
636300,5.0,5.035,3
636350,5.0,5.035,3
636400,5.0,5.035,3
636450,5.0,5.035,3
636500,5.0,5.035,3
636550,5.0,5.035,3
636600,5.0,5.035,3
636650,5.0,5.035,3
636700,5.0,5.035,3
636750,5.0,5.035,3
636800,5.0,5.035,3
636850,5.0,5.035,3
636900,5.0,5.035,3
636950,5.0,5.035,3
637000,5.0,5.035,3
637050,5.0,5.035,3
637100,5.0,5.035,3
637150,5.0,5.035,3
637200,5.0,5.035,3
637250,5.0,5.035,3
637300,5.0,5.035,3
637350,5.0,5.035,3
637400,5.0,5.035,3
637450,5.0,5.035,3
637500,5.0,5.035,3
637550,5.0,5.035,3
637600,5.0,5.035,3
637650,5.0,5.035,3
637700,5.0,5.035,3
637750,5.0,5.035,3
637800,5.0,5.035,3
637850,5.0,5.035,3
637900,5.0,5.035,3
637950,5.0,5.035,3
638000,5.0,5.035,3
638050,5.0,5.035,3
638100,5.0,5.035,3
638150,5.0,5.035,3
638200,5.0,5.035,3
638250,5.0,5.035,3
638300,5.0,5.035,3
638350,5.0,5.035,3
638400,5.0,5.035,3
638450,5.0,5.035,3
638500,5.0,5.035,3
638550,5.0,5.035,3
638600,5.0,5.035,3
638650,5.0,5.035,3
638700,5.0,5.035,3
638750,5.0,5.035,3
638800,5.0,5.035,3
638850,5.0,5.035,3
638900,5.0,5.035,3
638950,5.0,5.035,3
639000,5.0,5.035,3
639050,5.0,5.035,3
639100,5.0,5.035,3
639150,5.0,5.035,3
639200,5.0,5.035,3
639250,5.0,5.035,3
639300,5.0,5.035,3
639350,5.0,5.035,3
639400,5.0,5.035,3
639450,5.0,5.035,3
639500,5.0,5.035,3
639550,5.0,5.035,3
639600,5.0,5.035,3
639650,5.0,5.035,3
639700,5.0,5.035,3
639750,5.0,5.035,3
639800,5.0,5.035,3
639850,5.0,5.035,3
639900,5.0,5.035,3
639950,5.0,5.035,3
640000,5.0,5.035,3
640050,5.0,5.035,3
640100,5.0,5.035,3
640150,5.0,5.035,3
640200,5.0,5.035,3
640250,5.0,5.035,3
640300,5.0,5.035,3
640350,5.0,5.035,3
640400,5.0,5.035,3
640450,5.0,5.035,3
640500,5.0,5.035,3
640550,5.0,5.035,3
640600,5.0,5.035,3
640650,5.0,5.035,3
640700,5.0,5.035,3
640750,5.0,5.035,3
640800,5.0,5.035,3
640850,5.0,5.035,3
640900,5.0,5.035,3
640950,5.0,5.035,3
641000,5.0,5.035,3
641050,5.0,5.035,3
641100,5.0,5.035,3
641150,5.0,5.035,3
641200,5.0,5.035,3
641250,5.0,5.035,3
641300,5.0,5.035,3
641350,5.0,5.035,3
641400,5.0,5.035,3
641450,5.0,5.035,3
641500,5.0,5.035,3
641550,5.0,5.035,3
641600,5.0,5.035,3
641650,5.0,5.035,3
641700,5.0,5.035,3
641750,5.0,5.035,3
641800,5.0,5.035,3
641850,5.0,5.035,3
641900,5.0,5.035,3
641950,5.0,5.035,3
642000,5.0,5.035,3
642050,5.0,5.035,3
642100,5.0,5.035,3
642150,5.0,5.035,3
642200,5.0,5.035,3
642250,5.0,5.035,3
642300,5.0,5.035,3
642350,5.0,5.035,3
642400,5.0,5.035,3
642450,5.0,5.035,3
642500,5.0,5.035,3
642550,5.0,5.035,3
642600,5.0,5.035,3
642650,5.0,5.035,3
642700,5.0,5.035,3
642750,5.0,5.035,3
642800,5.0,5.035,3
642850,5.0,5.035,3
642900,5.0,5.035,3
642950,5.0,5.035,3
643000,5.0,5.035,3
643050,5.0,5.035,3
643100,5.0,5.035,3
643150,5.0,5.035,3
643200,5.0,5.035,3
643250,5.0,5.035,3
643300,5.0,5.035,3
643350,5.0,5.035,3
643400,5.0,5.035,3
643450,5.0,5.035,3
643500,5.0,5.035,3
643550,5.0,5.035,3
643600,5.0,5.035,3
643650,5.0,5.035,3
643700,5.0,5.035,3
643750,5.0,5.035,3
643800,5.0,5.035,3
643850,5.0,5.035,3
643900,5.0,5.035,3
643950,5.0,5.035,3
644000,5.0,5.035,3
644050,5.0,5.035,3
644100,5.0,5.035,3
644150,5.0,5.035,3
644200,5.0,5.035,3
644250,5.0,5.035,3
644300,5.0,5.035,3
644350,5.0,5.035,3
644400,5.0,5.035,3
644450,5.0,5.035,3
644500,5.0,5.035,3
644550,5.0,5.035,3
644600,5.0,5.035,3
644650,5.0,5.035,3
644700,5.0,5.035,3
644750,5.0,5.035,3
644800,5.0,5.035,3
644850,5.0,5.035,3
644900,5.0,5.035,3
644950,5.0,5.035,3
645000,5.0,5.035,3
645050,5.0,5.035,3
645100,5.0,5.035,3
645150,5.0,5.035,3
645200,5.0,5.035,3
645250,5.0,5.035,3
645300,5.0,5.035,3
645350,5.0,5.035,3
645400,5.0,5.035,3
645450,5.0,5.035,3
645500,5.0,5.035,3
645550,5.0,5.035,3
645600,5.0,5.035,3
645650,5.0,5.035,3
645700,5.0,5.035,3
645750,5.0,5.035,3
645800,5.0,5.035,11
645850,5.0,5.035,11
645900,5.0,5.035,11
645950,5.0,5.035,11
646000,5.0,5.035,11
646050,5.0,5.035,11
646100,5.0,5.035,11
646150,5.0,5.035,11
646200,5.0,5.035,11
646250,5.0,5.035,11
646300,5.0,5.035,11
646350,5.0,5.035,11
646400,5.0,5.035,11
646450,5.0,5.035,11
646500,5.0,5.035,11
646550,5.0,5.035,11
646600,5.0,5.035,11
646650,5.0,5.035,11
646700,5.0,5.035,11
646750,5.0,5.035,11
646800,5.0,5.035,11
646850,5.0,5.035,11
646900,5.0,5.035,11
646950,5.0,5.035,11
647000,5.0,5.035,11
647050,5.0,5.035,11
647100,5.0,5.035,11
647150,5.0,5.035,11
647200,5.0,5.035,11
647250,5.0,5.035,11
647300,5.0,5.035,11
647350,5.0,5.035,11
647400,5.0,5.035,11
647450,5.0,5.035,11
647500,5.0,5.035,11
647550,5.0,5.035,11
647600,5.0,5.035,11
647650,5.0,5.035,11
647700,5.0,5.035,11
647750,5.0,5.035,11
647800,5.0,5.035,11
647850,5.0,5.035,11
647900,5.0,5.035,11
647950,5.0,5.035,11
648000,5.0,5.035,11
648050,5.0,5.035,11
648100,5.0,5.035,11
648150,5.0,5.035,11
648200,5.0,5.035,11
648250,5.0,5.035,11
648300,5.0,5.035,11
648350,5.0,5.035,11
648400,5.0,5.035,11
648450,5.0,5.035,11
648500,5.0,5.035,11
648550,5.0,5.035,11
648600,5.0,5.035,11
648650,5.0,5.035,11
648700,5.0,5.035,11
648750,5.0,5.035,11
648800,5.0,5.035,11
648850,5.0,5.035,11
648900,5.0,5.035,11
648950,5.0,5.035,11
649000,5.0,5.035,11
649050,5.0,5.035,11
649100,5.0,5.035,11
649150,5.0,5.035,11
649200,5.0,5.035,11
649250,5.0,5.035,11
649300,5.0,5.035,11
649350,5.0,5.035,11
649400,5.0,5.035,11
649450,5.0,5.035,11
649500,5.0,5.035,11
649550,5.0,5.035,11
649600,5.0,5.035,11
649650,5.0,5.035,11
649700,5.0,5.035,11
649750,5.0,5.035,11
649800,5.0,5.035,11
649850,5.0,5.035,11
649900,5.0,5.035,11
649950,5.0,5.035,11
650000,5.0,5.035,11
650050,5.0,5.035,11
650100,5.0,5.035,11
650150,5.0,5.035,11
650200,5.0,5.035,11
650250,5.0,5.035,11
650300,5.0,5.035,11
650350,5.0,5.035,11
650400,5.0,5.035,11
650450,5.0,5.035,11
650500,5.0,5.035,11
650550,5.0,5.035,11
650600,5.0,5.035,11
650650,5.0,5.035,11
650700,5.0,5.035,11
650750,5.0,5.035,11
650800,5.0,5.035,11
650850,5.0,5.035,11
650900,5.0,5.035,11
650950,5.0,5.035,11
651000,5.0,5.035,11
651050,5.0,5.035,11
651100,5.0,5.035,11
651150,5.0,5.035,11
651200,5.0,5.035,11
651250,5.0,5.035,11
651300,5.0,5.035,11
651350,5.0,5.035,11
651400,5.0,5.035,11
651450,5.0,5.035,11
651500,5.0,5.035,11
651550,5.0,5.035,11
651600,5.0,5.035,11
651650,5.0,5.035,11
651700,5.0,5.035,11
651750,5.0,5.035,11
651800,5.0,5.035,11
651850,5.0,5.035,11
651900,5.0,5.035,11
651950,5.0,5.035,11
652000,5.0,5.035,11
652050,5.0,5.035,11
652100,5.0,5.035,11
652150,5.0,5.035,11
652200,5.0,5.035,11
652250,5.0,5.035,11
652300,5.0,5.035,11
652350,5.0,5.035,11
652400,5.0,5.035,11
652450,5.0,5.035,11
652500,5.0,5.035,11
652550,5.0,5.035,11
652600,5.0,5.035,11
652650,5.0,5.035,11
652700,5.0,5.035,11
652750,5.0,5.035,11
652800,5.0,5.035,11
652850,5.0,5.035,11
652900,5.0,5.035,11
652950,5.0,5.035,11
653000,5.0,5.035,11
653050,5.0,5.035,11
653100,5.0,5.035,11
653150,5.0,5.035,11
653200,5.0,5.035,11
653250,5.0,5.035,11
653300,5.0,5.035,11
653350,5.0,5.035,11
653400,5.0,5.035,11
653450,5.0,5.035,11
653500,5.0,5.035,11
653550,5.0,5.035,11
653600,5.0,5.035,11
653650,5.0,5.035,11
653700,5.0,5.035,11
653750,5.0,5.035,11
653800,5.0,5.035,11
653850,5.0,5.035,11
653900,5.0,5.035,11
653950,5.0,5.035,11
654000,5.0,5.035,11
654050,5.0,5.035,11
654100,5.0,5.035,11
654150,5.0,5.035,11
654200,5.0,5.035,11
654250,5.0,5.035,11
654300,5.0,5.035,11
654350,5.0,5.035,11
654400,5.0,5.035,11
654450,5.0,5.035,11
654500,5.0,5.035,11
654550,5.0,5.035,11
654600,5.0,5.035,11
654650,5.0,5.035,11
654700,5.0,5.035,11
654750,5.0,5.035,11
654800,5.0,5.035,11
654850,5.0,5.035,11
654900,5.0,5.035,11
654950,5.0,5.035,11
655000,5.0,5.035,11
655050,5.0,5.035,11
655100,5.0,5.035,11
655150,5.0,5.035,11
655200,5.0,5.035,11
655250,5.0,5.035,11
655300,5.0,5.035,11
655350,5.0,5.035,11
655400,5.0,5.035,11
655450,5.0,5.035,11
655500,5.0,5.035,11
655550,5.0,5.035,11
655600,5.0,5.035,11
655650,5.0,5.035,11
655700,5.0,5.035,11
655750,5.0,5.035,11
655800,5.0,5.035,11
655850,5.0,5.035,11
655900,5.0,5.035,11
655950,5.0,5.035,11
656000,5.0,5.035,11
656050,5.0,5.035,11
656100,5.0,5.035,11
656150,5.0,5.035,11
656200,5.0,5.035,11
656250,5.0,5.035,11
656300,5.0,5.035,11
656350,5.0,5.035,11
656400,5.0,5.035,11
656450,5.0,5.035,11
656500,5.0,5.035,11
656550,5.0,5.035,11
656600,5.0,5.035,11
656650,5.0,5.035,11
656700,5.0,5.035,11
656750,5.0,5.035,11
656800,5.0,5.035,11
656850,5.0,5.035,11
656900,5.0,5.035,11
656950,5.0,5.035,11
657000,5.0,5.035,11
657050,5.0,5.035,11
657100,5.0,5.035,11
657150,5.0,5.035,11
657200,5.0,5.035,11
657250,5.0,5.035,11
657300,5.0,5.035,11
657350,5.0,5.035,11
657400,5.0,5.035,11
657450,5.0,5.035,11
657500,5.0,5.035,11
657550,5.0,5.035,11
657600,5.0,5.035,11
657650,5.0,5.035,11
657700,5.0,5.035,11
657750,5.0,5.035,11
657800,5.0,5.035,11
657850,5.0,5.035,11
657900,5.0,5.035,11
657950,5.0,5.035,11
658000,5.0,5.035,11
658050,5.0,5.035,11
658100,5.0,5.035,11
658150,5.0,5.035,11
658200,5.0,5.035,11
658250,5.0,5.035,11
658300,5.0,5.035,11
658350,5.0,5.035,11
658400,5.0,5.035,11
658450,5.0,5.035,11
658500,5.0,5.035,11
658550,5.0,5.035,11
658600,5.0,5.035,11
658650,5.0,5.035,11
658700,5.0,5.035,11
658750,5.0,5.035,11
658800,5.0,5.035,11
658850,5.0,5.035,11
658900,5.0,5.035,11
658950,5.0,5.035,11
659000,5.0,5.035,11
659050,5.0,5.035,11
659100,5.0,5.035,11
659150,5.0,5.035,11
659200,5.0,5.035,11
659250,5.0,5.035,11
659300,5.0,5.035,11
659350,5.0,5.035,11
659400,5.0,5.035,11
659450,5.0,5.035,11
659500,5.0,5.035,11
659550,5.0,5.035,11
659600,5.0,5.035,11
659650,5.0,5.035,11
659700,5.0,5.035,11
659750,5.0,5.035,11
659800,5.0,5.035,11
659850,5.0,5.035,11
659900,5.0,5.035,11
659950,5.0,5.035,11
660000,5.0,5.035,11
660050,5.0,5.035,11
660100,5.0,5.035,11
660150,5.0,5.035,11
660200,5.0,5.035,11
660250,5.0,5.035,11
660300,5.0,5.035,11
660350,5.0,5.035,11
660400,5.0,5.035,11
660450,5.0,5.035,11
660500,5.0,5.035,11
660550,5.0,5.035,11
660600,5.0,5.035,11
660650,5.0,5.035,11
660700,5.0,5.035,11
660750,5.0,5.035,11
660800,5.0,5.035,11
660850,5.0,5.035,11
660900,5.0,5.035,11
660950,5.0,5.035,11
661000,5.0,5.035,11
661050,5.0,5.035,11
661100,5.0,5.035,11
661150,5.0,5.035,11
661200,5.0,5.035,11
661250,5.0,5.035,11
661300,5.0,5.035,11
661350,5.0,5.035,11
661400,5.0,5.035,11
661450,5.0,5.035,11
661500,5.0,5.035,11
661550,5.0,5.035,11
661600,5.0,5.035,11
661650,5.0,5.035,11
661700,5.0,5.035,11
661750,5.0,5.035,11
661800,5.0,5.035,11
661850,5.0,5.035,11
661900,5.0,5.035,11
661950,5.0,5.035,11
662000,5.0,5.035,11
662050,5.0,5.035,11
662100,5.0,5.035,11
662150,5.0,5.035,11
662200,5.0,5.035,11
662250,5.0,5.035,11
662300,5.0,5.035,11
662350,5.0,5.035,11
662400,5.0,5.035,11
662450,5.0,5.035,11
662500,5.0,5.035,11
662550,5.0,5.035,11
662600,5.0,5.035,11
662650,5.0,5.035,11
662700,5.0,5.035,11
662750,5.0,5.035,11
662800,5.0,5.035,11
662850,5.0,5.035,11
662900,5.0,5.035,11
662950,5.0,5.035,11
663000,5.0,5.035,11
663050,5.0,5.035,11
663100,5.0,5.035,11
663150,5.0,5.035,11
663200,5.0,5.035,11
663250,5.0,5.035,11
663300,5.0,5.035,11
663350,5.0,5.035,11
663400,5.0,5.035,11
663450,5.0,5.035,11
663500,5.0,5.035,11
663550,5.0,5.035,11
663600,5.0,5.035,11
663650,5.0,5.035,11
663700,5.0,5.035,11
663750,5.0,5.035,11
663800,5.0,5.035,11
663850,5.0,5.035,11
663900,5.0,5.035,11
663950,5.0,5.035,11
664000,5.0,5.035,11
664050,5.0,5.035,11
664100,5.0,5.035,11
664150,5.0,5.035,11
664200,5.0,5.035,11
664250,5.0,5.035,11
664300,5.0,5.035,11
664350,5.0,5.035,11
664400,5.0,5.035,11
664450,5.0,5.035,11
664500,5.0,5.035,11
664550,5.0,5.035,11
664600,5.0,5.035,11
664650,5.0,5.035,11
664700,5.0,5.035,11
664750,5.0,5.035,11
664800,5.0,5.035,11
664850,5.0,5.035,11
664900,5.0,5.035,11
664950,5.0,5.035,11
665000,5.0,5.035,11
665050,5.0,5.035,11
665100,5.0,5.035,11
665150,5.0,5.035,11
665200,5.0,5.035,11
665250,5.0,5.035,11
665300,5.0,5.035,11
665350,5.0,5.035,11
665400,5.0,5.035,11
665450,5.0,5.035,11
665500,5.0,5.035,11
665550,5.0,5.035,11
665600,5.0,5.035,11
665650,5.0,5.035,11
665700,5.0,5.035,11
665750,5.0,5.035,11
665800,5.0,5.035,11
665850,5.0,5.035,11
665900,5.0,5.035,11
665950,5.0,5.035,11
666000,5.0,5.035,11
666050,5.0,5.035,11
666100,5.0,5.035,11
666150,5.0,5.035,11
666200,5.0,5.035,11
666250,5.0,5.035,11
666300,5.0,5.035,11
666350,5.0,5.035,11
666400,5.0,5.035,11
666450,5.0,5.035,11
666500,5.0,5.035,11
666550,5.0,5.035,11
666600,5.0,5.035,11
666650,5.0,5.035,11
666700,5.0,5.035,11
666750,5.0,5.035,11
666800,5.0,5.035,11
666850,5.0,5.035,11
666900,5.0,5.035,11
666950,5.0,5.035,11
667000,5.0,5.035,11
667050,5.0,5.035,11
667100,5.0,5.035,11
667150,5.0,5.035,11
667200,5.0,5.035,11
667250,5.0,5.035,11
667300,5.0,5.035,11
667350,5.0,5.035,11
667400,5.0,5.035,11
667450,5.0,5.035,11
667500,5.0,5.035,11
667550,5.0,5.035,11
667600,5.0,5.035,11
667650,5.0,5.035,11
667700,5.0,5.035,11
667750,5.0,5.035,11
667800,5.0,5.035,11
667850,5.0,5.035,11
667900,5.0,5.035,11
667950,5.0,5.035,11
668000,5.0,5.035,11
668050,5.0,5.035,11
668100,5.0,5.035,11
668150,5.0,5.035,11
668200,5.0,5.035,11
668250,5.0,5.035,11
668300,5.0,5.035,11
668350,5.0,5.035,11
668400,5.0,5.035,11
668450,5.0,5.035,11
668500,5.0,5.035,11
668550,5.0,5.035,11
668600,5.0,5.035,11
668650,5.0,5.035,11
668700,5.0,5.035,11
668750,5.0,5.035,11
668800,5.0,5.035,11
668850,5.0,5.035,11
668900,5.0,5.035,11
668950,5.0,5.035,11
669000,5.0,5.035,11
669050,5.0,5.035,11
669100,5.0,5.035,11
669150,5.0,5.035,11
669200,5.0,5.035,11
669250,5.0,5.035,11
669300,5.0,5.035,11
669350,5.0,5.035,11
669400,5.0,5.035,11
669450,5.0,5.035,11
669500,5.0,5.035,11
669550,5.0,5.035,11
669600,5.0,5.035,11
669650,5.0,5.035,11
669700,5.0,5.035,11
669750,5.0,5.035,11
669800,5.0,5.035,11
669850,5.0,5.035,11
669900,5.0,5.035,11
669950,5.0,5.035,11
670000,5.0,5.035,11
670050,5.0,5.035,11
670100,5.0,5.035,11
670150,5.0,5.035,11
670200,5.0,5.035,11
670250,5.0,5.035,11
670300,5.0,5.035,11
670350,5.0,5.035,11
670400,5.0,5.035,11
670450,5.0,5.035,11
670500,5.0,5.035,11
670550,5.0,5.035,11
670600,5.0,5.035,11
670650,5.0,5.035,11
670700,5.0,5.035,11
670750,5.0,5.035,11
670800,5.0,5.035,11
670850,5.0,5.035,11
670900,5.0,5.035,11
670950,5.0,5.035,11
671000,5.0,5.035,11
671050,5.0,5.035,11
671100,5.0,5.035,11
671150,5.0,5.035,11
671200,5.0,5.035,11
671250,5.0,5.035,11
671300,5.0,5.035,11
671350,5.0,5.035,11
671400,5.0,5.035,11
671450,5.0,5.035,11
671500,5.0,5.035,11
671550,5.0,5.035,11
671600,5.0,5.035,11
671650,5.0,5.035,11
671700,5.0,5.035,11
671750,5.0,5.035,11
671800,5.0,5.035,11
671850,5.0,5.035,11
671900,5.0,5.035,11
671950,5.0,5.035,11
672000,5.0,5.035,11
672050,5.0,5.035,11
672100,5.0,5.035,11
672150,5.0,5.035,11
672200,5.0,5.035,11
672250,5.0,5.035,11
672300,5.0,5.035,11
672350,5.0,5.035,11
672400,5.0,5.035,11
672450,5.0,5.035,11
672500,5.0,5.035,11
672550,5.0,5.035,11
672600,5.0,5.035,11
672650,5.0,5.035,11
672700,5.0,5.035,11
672750,5.0,5.035,11
672800,5.0,5.035,11
672850,5.0,5.035,11
672900,5.0,5.035,11
672950,5.0,5.035,11
673000,5.0,5.035,11
673050,5.0,5.035,11
673100,5.0,5.035,11
673150,5.0,5.035,11
673200,5.0,5.035,11
673250,5.0,5.035,11
673300,5.0,5.035,11
673350,5.0,5.035,11
673400,5.0,5.035,11
673450,5.0,5.035,11
673500,5.0,5.035,11
673550,5.0,5.035,11
673600,5.0,5.035,11
673650,5.0,5.035,11
673700,5.0,5.035,11
673750,5.0,5.035,11
673800,5.0,5.035,11
673850,5.0,5.035,11
673900,5.0,5.035,11
673950,5.0,5.035,11
674000,5.0,5.035,11
674050,5.0,5.035,11
674100,5.0,5.035,11
674150,5.0,5.035,11
674200,5.0,5.035,11
674250,5.0,5.035,11
674300,5.0,5.035,11
674350,5.0,5.035,11
674400,5.0,5.035,11
674450,5.0,5.035,11
674500,5.0,5.035,11
674550,5.0,5.035,11
674600,5.0,5.035,11
674650,5.0,5.035,11
674700,5.0,5.035,11
674750,5.0,5.035,11
674800,5.0,5.035,11
674850,5.0,5.035,11
674900,5.0,5.035,11
674950,5.0,5.035,11
675000,5.0,5.035,11
675050,5.0,5.035,11
675100,5.0,5.035,11
675150,5.0,5.035,11
675200,5.0,5.035,11
675250,5.0,5.035,11
675300,5.0,5.035,11
675350,5.0,5.035,11
675400,5.0,5.035,11
675450,5.0,5.035,11
675500,5.0,5.035,11
675550,5.0,5.035,11
675600,5.0,5.035,11
675650,5.0,5.035,11
675700,5.0,5.035,11
675750,5.0,5.035,11
675800,5.0,5.035,11
675850,5.0,5.035,11
675900,5.0,5.035,11
675950,5.0,5.035,11
676000,5.0,5.035,11
676050,5.0,5.035,11
676100,5.0,5.035,11
676150,5.0,5.035,11
676200,5.0,5.035,11
676250,5.0,5.035,11
676300,5.0,5.035,11
676350,5.0,5.035,11
676400,5.0,5.035,11
676450,5.0,5.035,11
676500,5.0,5.035,11
676550,5.0,5.035,11
676600,5.0,5.035,11
676650,5.0,5.035,11
676700,5.0,5.035,11
676750,5.0,5.035,11
676800,5.0,5.035,11
676850,5.0,5.035,11
676900,5.0,5.035,11
676950,5.0,5.035,11
677000,5.0,5.035,11
677050,5.0,5.035,11
677100,5.0,5.035,11
677150,5.0,5.035,11
677200,5.0,5.035,11
677250,5.0,5.035,11
677300,5.0,5.035,11
677350,5.0,5.035,11
677400,5.0,5.035,11
677450,5.0,5.035,11
677500,5.0,5.035,11
677550,5.0,5.035,11
677600,5.0,5.035,11
677650,5.0,5.035,11
677700,5.0,5.035,11
677750,5.0,5.035,11
677800,5.0,5.035,11
677850,5.0,5.035,11
677900,5.0,5.035,11
677950,5.0,5.035,11
678000,5.0,5.035,11
678050,5.0,5.035,11
678100,5.0,5.035,11
678150,5.0,5.035,11
678200,5.0,5.035,11
678250,5.0,5.035,11
678300,5.0,5.035,11
678350,5.0,5.035,11
678400,5.0,5.035,11
678450,5.0,5.035,11
678500,5.0,5.035,11
678550,5.0,5.035,11
678600,5.0,5.035,11
678650,5.0,5.035,11
678700,5.0,5.035,11
678750,5.0,5.035,11
678800,5.0,5.035,11
678850,5.0,5.035,11
678900,5.0,5.035,11
678950,5.0,5.035,11
679000,5.0,5.035,11
679050,5.0,5.035,11
679100,5.0,5.035,11
679150,5.0,5.035,11
679200,5.0,5.035,11
679250,5.0,5.035,11
679300,5.0,5.035,11
679350,5.0,5.035,11
679400,5.0,5.035,11
679450,5.0,5.035,11
679500,5.0,5.035,11
679550,5.0,5.035,11
679600,5.0,5.035,11
679650,5.0,5.035,11
679700,5.0,5.035,11
679750,5.0,5.035,11
679800,5.0,5.035,11
679850,5.0,5.035,11
679900,5.0,5.035,11
679950,5.0,5.035,11
680000,5.0,5.035,11
680050,5.0,5.035,11
680100,5.0,5.035,11
680150,5.0,5.035,11
680200,5.0,5.035,11
680250,5.0,5.035,11
680300,5.0,5.035,11
680350,5.0,5.035,11
680400,5.0,5.035,11
680450,5.0,5.035,11
680500,5.0,5.035,11
680550,5.0,5.035,11
680600,5.0,5.035,11
680650,5.0,5.035,11
680700,5.0,5.035,11
680750,5.0,5.035,11
680800,5.0,5.035,11
680850,5.0,5.035,11
680900,5.0,5.035,11
680950,5.0,5.035,11
681000,5.0,5.035,11
681050,5.0,5.035,11
681100,5.0,5.035,11
681150,5.0,5.035,11
681200,5.0,5.035,11
681250,5.0,5.035,11
681300,5.0,5.035,11
681350,5.0,5.035,11
681400,5.0,5.035,11
681450,5.0,5.035,11
681500,5.0,5.035,11
681550,5.0,5.035,11
681600,5.0,5.035,11
681650,5.0,5.035,11
681700,5.0,5.035,11
681750,5.0,5.035,11
681800,5.0,5.035,11
681850,5.0,5.035,11
681900,5.0,5.035,11
681950,5.0,5.035,11
682000,5.0,5.035,11
682050,5.0,5.035,11
682100,5.0,5.035,11
682150,5.0,5.035,11
682200,5.0,5.035,11
682250,5.0,5.035,11
682300,5.0,5.035,11
682350,5.0,5.035,11
682400,5.0,5.035,11
682450,5.0,5.035,11
682500,5.0,5.035,11
682550,5.0,5.035,11
682600,5.0,5.035,11
682650,5.0,5.035,11
682700,5.0,5.035,11
682750,5.0,5.035,11
682800,5.0,5.035,11
682850,5.0,5.035,11
682900,5.0,5.035,11
682950,5.0,5.035,11
683000,5.0,5.035,11
683050,5.0,5.035,11
683100,5.0,5.035,11
683150,5.0,5.035,11
683200,5.0,5.035,11
683250,5.0,5.035,11
683300,5.0,5.035,11
683350,5.0,5.035,11
683400,5.0,5.035,11
683450,5.0,5.035,11
683500,5.0,5.035,11
683550,5.0,5.035,11
683600,5.0,5.035,11
683650,5.0,5.035,11
683700,5.0,5.035,11
683750,5.0,5.035,11
683800,5.0,5.035,11
683850,5.0,5.035,11
683900,5.0,5.035,11
683950,5.0,5.035,11
684000,5.0,5.035,11
684050,5.0,5.035,11
684100,5.0,5.035,11
684150,5.0,5.035,11
684200,5.0,5.035,11
684250,5.0,5.035,11
684300,5.0,5.035,11
684350,5.0,5.035,11
684400,5.0,5.035,11
684450,5.0,5.035,11
684500,5.0,5.035,11
684550,5.0,5.035,11
684600,5.0,5.035,11
684650,5.0,5.035,11
684700,5.0,5.035,11
684750,5.0,5.035,11
684800,5.0,5.035,11
684850,5.0,5.035,11
684900,5.0,5.035,11
684950,5.0,5.035,11
685000,5.0,5.035,11
685050,5.0,5.035,11
685100,5.0,5.035,11
685150,5.0,5.035,11
685200,5.0,5.035,11
685250,5.0,5.035,11
685300,5.0,5.035,11
685350,5.0,5.035,11
685400,5.0,5.035,11
685450,5.0,5.035,11
685500,5.0,5.035,11
685550,5.0,5.035,11
685600,5.0,5.035,11
685650,5.0,5.035,11
685700,5.0,5.035,11
685750,5.0,5.035,11
685800,5.0,5.035,11
685850,5.0,5.035,11
685900,5.0,5.035,11
685950,5.0,5.035,11
686000,5.0,5.035,11
686050,5.0,5.035,11
686100,5.0,5.035,11
686150,5.0,5.035,11
686200,5.0,5.035,11
686250,5.0,5.035,11
686300,5.0,5.035,11
686350,5.0,5.035,11
686400,5.0,5.035,11
686450,5.0,5.035,11
686500,5.0,5.035,11
686550,5.0,5.035,11
686600,5.0,5.035,11
686650,5.0,5.035,11
686700,5.0,5.035,11
686750,5.0,5.035,11
686800,5.0,5.035,11
686850,5.0,5.035,11
686900,5.0,5.035,11
686950,5.0,5.035,11
687000,5.0,5.035,11
687050,5.0,5.035,11
687100,5.0,5.035,11
687150,5.0,5.035,11
687200,5.0,5.035,11
687250,5.0,5.035,11
687300,5.0,5.035,11
687350,5.0,5.035,11
687400,5.0,5.035,11
687450,5.0,5.035,11
687500,5.0,5.035,11
687550,5.0,5.035,11
687600,5.0,5.035,11
687650,5.0,5.035,11
687700,5.0,5.035,11
687750,5.0,5.035,11
687800,5.0,5.035,11
687850,5.0,5.035,11
687900,5.0,5.035,11
687950,5.0,5.035,11
688000,5.0,5.035,11
688050,5.0,5.035,11
688100,5.0,5.035,11
688150,5.0,5.035,11
688200,5.0,5.035,11
688250,5.0,5.035,11
688300,5.0,5.035,11
688350,5.0,5.035,11
688400,5.0,5.035,11
688450,5.0,5.035,11
688500,5.0,5.035,11
688550,5.0,5.035,11
688600,5.0,5.035,11
688650,5.0,5.035,11
688700,5.0,5.035,11
688750,5.0,5.035,11
688800,5.0,5.035,11
688850,5.0,5.035,11
688900,5.0,5.035,11
688950,5.0,5.035,11
689000,5.0,5.035,11
689050,5.0,5.035,11
689100,5.0,5.035,11
689150,5.0,5.035,11
689200,5.0,5.035,11
689250,5.0,5.035,11
689300,5.0,5.035,11
689350,5.0,5.035,11
689400,5.0,5.035,11
689450,5.0,5.035,11
689500,5.0,5.035,11
689550,5.0,5.035,11
689600,5.0,5.035,11
689650,5.0,5.035,11
689700,5.0,5.035,11
689750,5.0,5.035,11
689800,5.0,5.035,11
689850,5.0,5.044,11
689900,5.0,5.062,11
689950,5.0,5.07,11
690000,5.0,5.071,11
690050,5.0,5.078,11
690100,5.0,5.096,11
690150,5.0,5.11,11
690200,5.0,5.115,11
690250,5.0,5.117,11
690300,5.0,5.117,11
690350,5.0,5.117,11
690400,5.0,5.117,11
690450,5.0,5.117,11
690500,5.0,5.117,11
690550,5.0,5.117,11
690600,5.0,5.117,11
690650,5.0,5.117,11
690700,5.0,5.117,11
690750,5.0,5.117,11
690800,5.0,5.117,11
690850,5.0,5.114,11
690900,5.0,5.1,11
690950,5.0,5.048,11
691000,5.0,5.0,11
691050,5.0,5.0,11
691100,5.0,5.0,11
691150,5.0,5.0,11
691200,5.0,5.0,11
691250,5.0,5.0,11
691300,5.0,5.0,11
691350,5.0,5.0,11
691400,5.0,5.0,11
691450,5.0,5.0,11
691500,5.0,5.0,11
691550,5.0,5.0,11
691600,5.0,5.0,11
691650,5.0,5.0,11
691700,5.0,5.0,11
691750,5.0,5.0,11
691800,5.0,5.0,11
691850,5.0,5.0,11
691900,5.0,5.0,11
691950,5.0,5.0,11
692000,5.0,5.0,11
692050,5.0,5.0,11
692100,5.0,5.0,11
692150,5.0,5.0,11
692200,5.0,5.0,11
692250,5.0,5.0,11
692300,5.0,5.0,11
692350,5.0,5.0,11
692400,5.0,5.0,11
692450,5.0,5.0,11
692500,5.0,5.0,11
692550,5.0,5.0,11
692600,5.0,5.0,11
692650,5.0,5.0,11
692700,5.0,5.0,11
692750,5.0,5.0,11
692800,5.0,5.0,11
692850,5.0,5.0,11
692900,5.0,5.0,11
692950,5.0,5.0,11
693000,5.0,5.0,11
693050,5.0,5.0,11
693100,5.0,5.0,11
693150,5.0,5.0,11
693200,5.0,5.0,11
693250,5.0,5.0,11
693300,5.0,5.0,11
693350,5.0,5.0,11
693400,5.0,5.0,11
693450,5.0,5.0,11
693500,5.0,5.0,11
693550,5.0,5.0,11
693600,5.0,5.0,11
693650,5.0,5.0,11
693700,5.0,5.0,11
693750,5.0,5.0,11
693800,5.0,5.0,11
693850,5.0,5.0,11
693900,5.0,5.0,11
693950,5.0,5.0,11
694000,5.0,5.0,11
694050,5.0,5.0,11
694100,5.0,5.0,11
694150,5.0,5.0,11
694200,5.0,5.0,11
694250,5.0,5.0,11
694300,5.0,5.0,11
694350,5.0,5.0,11
694400,5.0,5.0,11
694450,5.0,5.0,11
694500,5.0,5.0,11
694550,5.0,5.0,11
694600,5.0,5.0,11
694650,5.0,5.0,11
694700,5.0,5.0,11
694750,5.0,5.0,11
694800,5.0,5.0,11
694850,5.0,5.0,11
694900,5.0,5.0,11
694950,5.0,5.0,11
695000,5.0,5.0,11
695050,5.0,5.0,11
695100,5.0,5.0,11
695150,5.0,5.0,11
695200,5.0,5.0,11
695250,5.0,5.0,11
695300,5.0,5.0,11
695350,5.0,5.0,11
695400,5.0,5.0,11
695450,5.0,5.0,11
695500,5.0,5.0,11
695550,5.0,5.0,11
695600,5.0,5.0,11
695650,5.0,5.0,11
695700,5.0,5.0,11
695750,5.0,5.0,11
695800,5.0,5.0,11
695850,5.0,5.0,11
695900,5.0,5.0,11
695950,5.0,5.0,11
696000,5.0,5.0,11
696050,5.0,5.0,11
696100,5.0,5.0,11
696150,5.0,5.0,11
696200,5.0,5.0,11
696250,5.0,5.0,11
696300,5.0,5.0,11
696350,5.0,5.0,11
696400,5.0,5.0,11
696450,5.0,5.0,11
696500,5.0,5.0,11
696550,5.0,5.0,11
696600,5.0,5.0,11
696650,5.0,5.0,11
696700,5.0,5.0,11
696750,5.0,5.0,11
696800,5.0,5.0,11
696850,5.0,5.0,11
696900,5.0,5.0,11
696950,5.0,5.0,11
697000,5.0,5.0,11
697050,5.0,5.0,11
697100,5.0,5.0,11
697150,5.0,5.0,11
697200,5.0,5.0,11
697250,5.0,5.0,11
697300,5.0,5.0,11
697350,5.0,5.0,11
697400,5.0,5.0,11
697450,5.0,5.0,11
697500,5.0,5.0,11
697550,5.0,5.0,11
697600,5.0,5.0,11
697650,5.0,5.0,11
697700,5.0,5.0,11
697750,5.0,5.0,11
697800,5.0,5.0,11
697850,5.0,5.0,11
697900,5.0,5.0,11
697950,5.0,5.0,11
698000,5.0,5.0,11
698050,5.0,5.0,11
698100,5.0,5.0,11
698150,5.0,5.0,11
698200,5.0,5.0,11
698250,5.0,5.0,11
698300,5.0,5.0,11
698350,5.0,5.0,11
698400,5.0,5.0,11
698450,5.0,5.0,11
698500,5.0,5.0,11
698550,5.0,5.0,11
698600,5.0,5.0,11
698650,5.0,5.0,11
698700,5.0,5.0,11
698750,5.0,5.0,11
698800,5.0,5.0,11
698850,5.0,5.0,11
698900,5.0,5.0,11
698950,5.0,5.0,11
699000,5.0,5.0,11
699050,5.0,5.0,11
699100,5.0,5.0,11
699150,5.0,5.0,11
699200,5.0,5.0,11
699250,5.0,5.0,11
699300,5.0,5.0,11
699350,5.0,5.0,11
699400,5.0,5.0,11
699450,5.0,5.0,11
699500,5.0,5.0,11
699550,5.0,5.0,11
699600,5.0,5.0,11
699650,5.0,5.0,11
699700,5.0,5.0,11
699750,5.0,5.0,11
699800,5.0,5.0,11
699850,5.0,5.0,11
699900,5.0,5.0,11
699950,5.0,5.0,11
700000,5.0,5.0,11
700050,5.0,5.0,11
700100,5.0,5.0,11
700150,5.0,5.0,11
700200,5.0,5.0,11
700250,5.0,5.0,11
700300,5.0,5.0,11
700350,5.0,5.0,11
700400,5.0,5.0,11
700450,5.0,5.0,11
700500,5.0,5.0,11
700550,5.0,5.0,11
700600,5.0,5.0,11
700650,5.0,5.0,11
700700,5.0,5.0,11
700750,5.0,5.0,11
700800,5.0,5.0,11
700850,5.0,5.0,11
700900,5.0,5.0,11
700950,5.0,5.0,11
701000,5.0,5.0,11
701050,5.0,5.0,11
701100,5.0,5.0,11
701150,5.0,5.0,11
701200,5.0,5.0,11
701250,5.0,5.0,11
701300,5.0,5.0,11
701350,5.0,5.0,11
701400,5.0,5.0,11
701450,5.0,5.0,11
701500,5.0,5.0,11
701550,5.0,5.0,11
701600,5.0,5.0,11
701650,5.0,5.0,11
701700,5.0,5.0,11
701750,5.0,5.0,11
701800,5.0,5.0,11
701850,5.0,5.0,11
701900,5.0,5.0,11
701950,5.0,5.0,11
702000,5.0,5.0,11
702050,5.0,5.0,11
702100,5.0,5.0,11
702150,5.0,5.0,11
702200,5.0,5.0,11
702250,5.0,5.0,11
702300,5.0,5.0,11
702350,5.0,5.0,11
702400,5.0,5.0,11
702450,5.0,5.0,11
702500,5.0,5.0,11
702550,5.0,5.0,11
702600,5.0,5.0,11
702650,5.0,5.0,11
702700,5.0,5.0,11
702750,5.0,5.0,11
702800,5.0,5.0,11
702850,5.0,5.0,11
702900,5.0,5.0,11
702950,5.0,5.0,11
703000,5.0,5.0,11
703050,5.0,5.0,11
703100,5.0,5.0,11
703150,5.0,5.0,11
703200,5.0,5.0,11
703250,5.0,5.0,11
703300,5.0,5.0,11
703350,5.0,5.0,11
703400,5.0,5.0,11
703450,5.0,5.0,11
703500,5.0,5.0,11
703550,5.0,5.0,11
703600,5.0,5.0,11
703650,5.0,5.0,11
703700,5.0,5.0,11
703750,5.0,5.0,11
703800,5.0,5.0,11
703850,5.0,5.0,11
703900,5.0,5.0,11
703950,5.0,5.0,11
704000,5.0,5.0,11
704050,5.0,5.0,11
704100,5.0,5.0,11
704150,5.0,5.0,11
704200,5.0,5.0,11
704250,5.0,5.0,11
704300,5.0,5.0,11
704350,5.0,5.0,11
704400,5.0,5.0,11
704450,5.0,5.0,11
704500,5.0,5.0,11
704550,5.0,5.0,11
704600,5.0,5.0,11
704650,5.0,5.0,11
704700,5.0,5.0,11
704750,5.0,5.0,11
704800,5.0,5.0,11
704850,5.0,5.0,11
704900,5.0,5.0,11
704950,5.0,5.0,11
705000,5.0,5.0,11
705050,5.0,5.0,11
705100,5.0,5.0,11
705150,5.0,5.0,11
705200,5.0,5.0,11
705250,5.0,5.0,11
705300,5.0,5.0,11
705350,5.0,5.0,11
705400,5.0,5.0,11
705450,5.0,5.0,11
705500,5.0,5.0,11
705550,5.0,5.0,11
705600,5.0,5.0,11
705650,5.0,5.0,11
705700,5.0,5.0,11
705750,5.0,5.0,11
705800,5.0,5.0,11
705850,5.0,5.0,11
705900,5.0,5.0,11
705950,5.0,5.0,11
706000,5.0,5.0,11
706050,5.0,5.0,11
706100,5.0,5.0,11
706150,5.0,5.0,11
706200,5.0,5.0,11
706250,5.0,5.0,11
706300,5.0,5.0,11
706350,5.0,5.0,11
706400,5.0,5.0,11
706450,5.0,5.0,11
706500,5.0,5.0,11
706550,5.0,5.0,11
706600,5.0,5.0,11
706650,5.0,5.0,11
706700,5.0,5.0,11
706750,5.0,5.0,11
706800,5.0,5.0,11
706850,5.0,5.0,11
706900,5.0,5.0,11
706950,5.0,5.0,11
707000,5.0,5.0,11
707050,5.0,5.0,11
707100,5.0,5.0,11
707150,5.0,5.0,11
707200,5.0,5.0,11
707250,5.0,5.0,11
707300,5.0,5.0,11
707350,5.0,5.0,11
707400,5.0,5.0,11
707450,5.0,5.0,11
707500,5.0,5.0,11
707550,5.0,5.0,11
707600,5.0,5.0,11
707650,5.0,5.0,11
707700,5.0,5.0,11
707750,5.0,5.0,11
707800,5.0,5.0,11
707850,5.0,5.0,11
707900,5.0,5.0,11
707950,5.0,5.0,11
708000,5.0,5.0,11
708050,5.0,5.0,11
708100,5.0,5.0,11
708150,5.0,5.0,11
708200,5.0,5.0,11
708250,5.0,5.0,11
708300,5.0,5.0,11
708350,5.0,5.0,11
708400,5.0,5.0,11
708450,5.0,5.0,11
708500,5.0,5.0,11
708550,5.0,5.0,11
708600,5.0,5.0,11
708650,5.0,5.0,11
708700,5.0,5.0,11
708750,5.0,5.0,11
708800,5.0,5.0,11
708850,5.0,5.0,11
708900,5.0,5.0,11
708950,5.0,5.0,11
709000,5.0,5.0,11
709050,5.0,5.0,11
709100,5.0,5.0,11
709150,5.0,5.0,11
709200,5.0,5.0,11
709250,5.0,5.0,11
709300,5.0,5.0,11
709350,5.0,5.0,11
709400,5.0,5.0,11
709450,5.0,5.0,11
709500,5.0,5.0,11
709550,5.0,5.0,11
709600,5.0,5.0,11
709650,5.0,5.0,11
709700,5.0,5.0,11
709750,5.0,5.0,11
709800,5.0,5.0,11
709850,5.0,5.0,11
709900,5.0,5.0,11
709950,5.0,5.0,11
710000,5.0,5.0,11
710050,5.0,5.0,11
710100,5.0,5.0,11
710150,5.0,5.0,11
710200,5.0,5.0,11
710250,5.0,5.0,11
710300,5.0,5.0,11
710350,5.0,5.0,11
710400,5.0,5.0,11
710450,5.0,5.0,11
710500,5.0,5.0,11
710550,5.0,5.0,11
710600,5.0,5.0,11
710650,5.0,5.0,11
710700,5.0,5.0,11
710750,5.0,5.0,11
710800,5.0,5.0,11
710850,5.0,5.0,11
710900,5.0,5.0,11
710950,5.0,5.0,11
711000,5.0,5.0,11
711050,5.0,5.0,11
711100,5.0,5.0,11
711150,5.0,5.0,11
711200,5.0,5.0,11
711250,5.0,5.0,11
711300,5.0,5.0,11
711350,5.0,5.0,11
711400,5.0,5.0,11
711450,5.0,5.0,11
711500,5.0,5.0,11
711550,5.0,5.0,11
711600,5.0,5.0,11
711650,5.0,5.0,11
711700,5.0,5.0,11
711750,5.0,5.0,11
711800,5.0,5.0,11
711850,5.0,5.0,11
711900,5.0,5.0,11
711950,5.0,5.0,11
712000,5.0,5.0,11
712050,5.0,5.0,11
712100,5.0,5.0,11
712150,5.0,5.0,11
712200,5.0,5.0,11
712250,5.0,5.0,11
712300,5.0,5.0,11
712350,5.0,5.0,11
712400,5.0,5.0,11
712450,5.0,5.0,11
712500,5.0,5.0,11
712550,5.0,5.0,11
712600,5.0,5.0,11
712650,5.0,5.0,11
712700,5.0,5.0,11
712750,5.0,5.0,11
712800,5.0,5.0,11
712850,5.0,5.0,11
712900,5.0,5.0,11
712950,5.0,5.0,11
713000,5.0,5.0,11
713050,5.0,5.0,11
713100,5.0,5.0,11
713150,5.0,5.0,11
713200,5.0,5.0,11
713250,5.0,5.0,11
713300,5.0,5.0,11
713350,5.0,5.0,11
713400,5.0,5.0,11
713450,5.0,5.0,11
713500,5.0,5.0,11
713550,5.0,5.0,11
713600,5.0,5.0,11
713650,5.0,5.0,11
713700,5.0,5.0,11
713750,5.0,5.0,11
713800,5.0,5.0,11
713850,5.0,5.0,11
713900,5.0,5.0,11
713950,5.0,5.0,11
714000,5.0,5.0,11
714050,5.0,5.0,11
714100,5.0,5.0,11
714150,5.0,5.0,11
714200,5.0,5.0,11
714250,5.0,5.0,11
714300,5.0,5.0,11
714350,5.0,5.0,11
714400,5.0,5.0,11
714450,5.0,5.0,11
714500,5.0,5.0,11
714550,5.0,5.0,11
714600,5.0,5.0,11
714650,5.0,5.0,11
714700,5.0,5.0,11
714750,5.0,5.0,11
714800,5.0,5.0,11
714850,5.0,5.0,11
714900,5.0,5.0,11
714950,5.0,5.0,11
715000,5.0,5.0,11
715050,5.0,5.0,11
715100,5.0,5.0,11
715150,5.0,5.0,11
715200,5.0,5.0,11
715250,5.0,5.0,11
715300,5.0,5.0,11
715350,5.0,5.0,11
715400,5.0,5.0,11
715450,5.0,5.0,11
715500,5.0,5.0,11
715550,5.0,5.0,11
715600,5.0,5.0,11
715650,5.0,5.0,11
715700,5.0,5.0,11
715750,5.0,5.0,11
715800,5.0,5.0,11
715850,5.0,5.0,11
715900,5.0,5.0,11
715950,5.0,5.0,11
716000,5.0,5.0,11
716050,5.0,5.0,11
716100,5.0,5.0,11
716150,5.0,5.0,11
716200,5.0,5.0,11
716250,5.0,5.0,11
716300,5.0,5.0,11
716350,5.0,5.0,11
716400,5.0,5.0,11
716450,5.0,5.0,11
716500,5.0,5.0,11
716550,5.0,5.0,11
716600,5.0,5.0,11
716650,5.0,5.0,11
716700,5.0,5.0,11
716750,5.0,5.0,11
716800,5.0,5.0,11
716850,5.0,5.0,11
716900,5.0,5.0,11
716950,5.0,5.0,11
717000,5.0,5.0,11
717050,5.0,5.0,11
717100,5.0,5.0,11
717150,5.0,5.0,11
717200,5.0,5.0,11
717250,5.0,5.0,11
717300,5.0,5.0,11
717350,5.0,5.0,11
717400,5.0,5.0,11
717450,5.0,5.0,11
717500,5.0,5.0,11
717550,5.0,5.0,11
717600,5.0,5.0,11
717650,5.0,5.0,11
717700,5.0,5.0,11
717750,5.0,5.0,11
717800,5.0,5.0,11
717850,5.0,5.0,11
717900,5.0,5.0,11
717950,5.0,5.0,11
718000,5.0,5.0,11
718050,5.0,5.0,11
718100,5.0,5.0,11
718150,5.0,5.0,11
718200,5.0,5.0,11
718250,5.0,5.0,11
718300,5.0,5.0,11
718350,5.0,5.0,11
718400,5.0,5.0,11
718450,5.0,5.0,11
718500,5.0,5.0,11
718550,5.0,5.0,11
718600,5.0,5.0,11
718650,5.0,5.0,11
718700,5.0,5.0,11
718750,5.0,5.0,11
718800,5.0,5.0,11
718850,5.0,5.0,11
718900,5.0,5.0,11
718950,5.0,5.0,11
719000,5.0,5.0,11
719050,5.0,5.0,11
719100,5.0,5.0,11
719150,5.0,5.0,11
719200,5.0,5.0,11
719250,5.0,5.0,11
719300,5.0,5.0,11
719350,5.0,5.0,11
719400,5.0,5.0,11
719450,5.0,5.0,11
719500,5.0,5.0,11
719550,5.0,5.0,11
719600,5.0,5.0,11
719650,5.0,5.0,11
719700,5.0,5.0,11
719750,5.0,5.0,11
719800,5.0,5.0,11
719850,5.0,5.0,11
719900,5.0,5.0,11
719950,5.0,5.0,11
720000,5.0,5.0,11
720050,5.0,5.0,11
720100,5.0,5.0,11
720150,5.0,5.0,11
720200,5.0,5.0,11
720250,5.0,5.0,11
720300,5.0,5.0,11
720350,5.0,5.0,11
720400,5.0,5.0,11
720450,5.0,5.0,11
720500,5.0,5.0,11
720550,5.0,5.0,11
720600,5.0,5.0,11
720650,5.0,5.0,11
720700,5.0,5.0,11
720750,5.0,5.0,11
720800,5.0,5.0,11
720850,5.0,5.0,11
720900,5.0,5.0,11
720950,5.0,5.0,11
721000,5.0,5.0,11
721050,5.0,5.0,11
721100,5.0,5.0,11
721150,5.0,5.0,11
721200,5.0,5.0,11
721250,5.0,5.0,11
721300,5.0,5.0,11
721350,5.0,5.0,11
721400,5.0,5.0,11
721450,5.0,5.0,11
721500,5.0,5.0,11
721550,5.0,5.0,11
721600,5.0,5.0,11
721650,5.0,5.0,11
721700,5.0,5.0,11
721750,5.0,5.0,11
721800,5.0,5.0,11
721850,5.0,5.0,11
721900,5.0,5.0,11
721950,5.0,5.0,11
722000,5.0,5.0,11
722050,5.0,5.0,11
722100,5.0,5.0,11
722150,5.0,5.0,11
722200,5.0,5.0,11
722250,5.0,5.0,11
722300,5.0,5.0,11
722350,5.0,5.0,11
722400,5.0,5.0,11
722450,5.0,5.0,11
722500,5.0,5.0,11
722550,5.0,5.0,11
722600,5.0,5.0,11
722650,5.0,5.0,11
722700,5.0,5.0,11
722750,5.0,5.0,11
722800,5.0,5.0,11
722850,5.0,5.0,11
722900,5.0,5.0,11
722950,5.0,5.0,11
723000,5.0,5.0,11
723050,5.0,5.0,11
723100,5.0,5.0,11
723150,5.0,5.0,11
723200,5.0,5.0,11
723250,5.0,5.0,11
723300,5.0,5.0,11
723350,5.0,5.0,11
723400,5.0,5.0,11
723450,5.0,5.0,11
723500,5.0,5.0,11
723550,5.0,5.0,11
723600,5.0,5.0,11
723650,5.0,5.0,11
723700,5.0,5.0,11
723750,5.0,5.0,11
723800,5.0,5.0,11
723850,5.0,5.0,11
723900,5.0,5.0,11
723950,5.0,5.0,11
724000,5.0,5.0,11
724050,5.0,5.0,11
724100,5.0,5.0,11
724150,5.0,5.0,11
724200,5.0,5.0,11
724250,5.0,5.0,11
724300,5.0,5.0,11
724350,5.0,5.0,11
724400,5.0,5.0,11
724450,5.0,5.0,11
724500,5.0,5.0,11
724550,5.0,5.0,11
724600,5.0,5.0,11
724650,5.0,5.0,11
724700,5.0,5.0,11
724750,5.0,5.0,11
724800,5.0,5.0,11
724850,5.0,5.0,11
724900,5.0,5.0,11
724950,5.0,5.0,11
725000,5.0,5.0,11
725050,5.0,5.0,11
725100,5.0,5.0,11
725150,5.0,5.0,11
725200,5.0,5.0,11
725250,5.0,5.0,11
725300,5.0,5.0,11
725350,5.0,5.0,11
725400,5.0,5.0,11
725450,5.0,5.0,11
725500,5.0,5.0,11
725550,5.0,5.0,11
725600,5.0,5.0,11
725650,5.0,5.0,11
725700,5.0,5.0,11
725750,5.0,5.0,11
725800,5.0,5.0,11
725850,5.0,5.0,11
725900,5.0,5.0,11
725950,5.0,5.0,11
726000,5.0,5.0,11
726050,5.0,5.0,11
726100,5.0,5.0,11
726150,5.0,5.0,11
726200,5.0,5.0,11
726250,5.0,5.0,11
726300,5.0,5.0,11
726350,5.0,5.0,11
726400,5.0,5.0,11
726450,5.0,5.0,11
726500,5.0,5.0,11
726550,5.0,5.0,11
726600,5.0,5.0,11
726650,5.0,5.0,11
726700,5.0,5.0,11
726750,5.0,5.0,11
726800,5.0,5.0,11
726850,5.0,5.0,11
726900,5.0,5.0,11
726950,5.0,5.0,11
727000,5.0,5.0,11
727050,5.0,5.0,11
727100,5.0,5.0,11
727150,5.0,5.0,11
727200,5.0,5.0,11
727250,5.0,5.0,11
727300,5.0,5.0,11
727350,5.0,5.0,11
727400,5.0,5.0,11
727450,5.0,5.0,11
727500,5.0,5.0,11
727550,5.0,5.0,11
727600,5.0,5.0,11
727650,5.0,5.0,11
727700,5.0,5.0,11
727750,5.0,5.0,11
727800,5.0,5.0,11
727850,5.0,5.0,11
727900,5.0,5.0,11
727950,5.0,5.0,11
728000,5.0,5.0,11
728050,5.0,5.0,11
728100,5.0,5.0,11
728150,5.0,5.0,11
728200,5.0,5.0,11
728250,5.0,5.0,11
728300,5.0,5.0,11
728350,5.0,4.992,11
728400,5.0,4.972,11
728450,5.0,4.944,11
728500,5.0,4.913,11
728550,5.0,4.895,11
728600,5.0,4.871,11
728650,5.0,4.847,11
728700,5.0,4.834,11
728750,5.0,4.82,11
728800,5.0,4.82,11
728850,5.0,4.82,11
728900,5.0,4.82,11
728950,5.0,4.82,11
729000,5.0,4.82,11
729050,5.0,4.82,11
729100,5.0,4.82,11
729150,5.0,4.82,11
729200,5.0,4.82,11
729250,5.0,4.82,11
729300,5.0,4.82,11
729350,5.0,4.809,11
729400,5.0,4.789,11
729450,5.0,4.78,11
729500,5.0,4.78,11
729550,5.0,4.78,11
729600,5.0,4.779,11
729650,5.0,4.779,11
729700,5.0,4.779,11
729750,5.0,4.779,11
729800,5.0,4.777,11
729850,5.0,4.771,11
729900,5.0,4.766,11
729950,5.0,4.766,11
730000,5.0,4.766,11
730050,5.0,4.766,11
730100,5.0,4.766,11
730150,5.0,4.766,11
730200,5.0,4.766,11
730250,5.0,4.766,11
730300,5.0,4.766,11
730350,5.0,4.766,11
730400,5.0,4.766,11
730450,5.0,4.766,11
730500,5.0,4.766,11
730550,5.0,4.766,11
730600,5.0,4.766,11
730650,5.0,4.766,11
730700,5.0,4.766,11
730750,5.0,4.766,11
730800,5.0,4.766,11
730850,5.0,4.766,11
730900,5.0,4.766,11
730950,5.0,4.766,11
731000,5.0,4.766,11
731050,5.0,4.766,11
731100,5.0,4.766,11
731150,5.0,4.766,11
731200,5.0,4.766,11
731250,5.0,4.766,11
731300,5.0,4.766,11
731350,5.0,4.766,11
731400,5.0,4.766,11
731450,5.0,4.766,11
731500,5.0,4.766,11
731550,5.0,4.766,11
731600,5.0,4.766,11
731650,5.0,4.766,11
731700,5.0,4.766,11
731750,5.0,4.766,11
731800,5.0,4.766,11
731850,5.0,4.766,11
731900,5.0,4.766,11
731950,5.0,4.766,11
732000,5.0,4.766,11
732050,5.0,4.766,11
732100,5.0,4.766,11
732150,5.0,4.766,11
732200,5.0,4.766,11
732250,5.0,4.766,11
732300,5.0,4.766,11
732350,5.0,4.766,11
732400,5.0,4.766,11
732450,5.0,4.766,11
732500,5.0,4.766,11
732550,5.0,4.766,11
732600,5.0,4.766,11
732650,5.0,4.766,11
732700,5.0,4.766,11
732750,5.0,4.766,11
732800,5.0,4.766,11
732850,5.0,4.766,11
732900,5.0,4.766,11
732950,5.0,4.766,11
733000,5.0,4.766,11
733050,5.0,4.766,11
733100,5.0,4.766,11
733150,5.0,4.766,11
733200,5.0,4.766,11
733250,5.0,4.766,11
733300,5.0,4.766,11
733350,5.0,4.766,11
733400,5.0,4.766,11
733450,5.0,4.766,11
733500,5.0,4.766,11
733550,5.0,4.766,11
733600,5.0,4.766,11
733650,5.0,4.766,11
733700,5.0,4.766,11
733750,5.0,4.766,11
733800,5.0,4.766,11
733850,5.0,4.761,11
733900,5.0,4.745,11
733950,5.0,4.729,11
734000,5.0,4.72,11
734050,4.96,4.713,11
734100,4.907,4.705,11
734150,4.907,4.698,11
734200,4.907,4.692,11
734250,4.907,4.69,11
734300,4.907,4.686,11
734350,4.908,4.682,11
734400,4.909,4.677,11
734450,4.91,4.676,11
734500,4.912,4.676,11
734550,4.913,4.676,11
734600,4.915,4.674,11
734650,4.916,4.67,11
734700,4.916,4.666,11
734750,4.916,4.663,11
734800,4.917,4.66,11
734850,4.919,4.656,11
734900,4.922,4.652,11
734950,4.926,4.651,11
735000,4.93,4.648,11
735050,4.936,4.643,11
735100,4.943,4.64,11
735150,4.947,4.638,11
735200,4.949,4.637,11
735250,4.953,4.632,11
735300,4.956,4.625,11
735350,4.962,4.62,11
735400,4.974,4.616,11
735450,4.987,4.608,11
735500,4.999,4.601,11
735550,5.004,4.597,11
735600,5.004,4.591,11
735650,5.005,4.584,11
735700,5.005,4.578,11
735750,5.005,4.574,11
735800,5.005,4.573,11
735850,5.005,4.57,11
735900,5.005,4.565,11
735950,5.005,4.563,11
736000,5.005,4.562,11
736050,5.005,4.562,11
736100,5.005,4.562,11
736150,5.005,4.562,11
736200,5.005,4.562,11
736250,5.005,4.56,11
736300,5.005,4.554,11
736350,5.005,4.548,11
736400,5.005,4.547,11
736450,5.005,4.546,11
736500,5.005,4.545,11
736550,5.005,4.545,11
736600,5.005,4.545,11
736650,5.005,4.545,11
736700,5.005,4.545,11
736750,5.005,4.545,11
736800,5.005,4.545,11
736850,5.005,4.545,11
736900,5.005,4.545,11
736950,5.005,4.545,11
737000,5.005,4.545,11
737050,5.005,4.545,11
737100,5.005,4.545,11
737150,5.005,4.545,11
737200,5.005,4.545,11
737250,5.005,4.545,11
737300,5.005,4.545,11
737350,5.005,4.545,11
737400,5.005,4.545,11
737450,5.005,4.545,11
737500,5.005,4.545,11
737550,5.005,4.545,11
737600,5.005,4.545,11
737650,5.005,4.545,11
737700,5.005,4.545,11
737750,5.005,4.545,11
737800,5.005,4.545,11
737850,5.005,4.545,11
737900,5.005,4.545,11
737950,5.005,4.545,11
738000,5.005,4.545,11
738050,5.005,4.545,11
738100,5.005,4.545,11
738150,5.005,4.545,11
738200,5.005,4.545,11
738250,5.005,4.545,11
738300,5.005,4.545,11
738350,5.005,4.545,11
738400,5.005,4.545,11
738450,5.005,4.545,11
738500,5.005,4.545,11
738550,5.005,4.545,11
738600,5.005,4.545,11
738650,5.005,4.545,11
738700,5.005,4.545,11
738750,5.005,4.545,11
738800,5.005,4.545,11
738850,5.005,4.545,11
738900,5.005,4.545,11
738950,5.005,4.545,11
739000,5.005,4.545,11
739050,5.005,4.545,11
739100,5.005,4.545,11
739150,5.005,4.545,11
739200,5.005,4.545,11
739250,5.005,4.545,11
739300,5.005,4.545,11
739350,5.005,4.545,11
739400,5.005,4.545,11
739450,5.005,4.545,11
739500,5.005,4.545,11
739550,5.005,4.545,11
739600,5.005,4.545,11
739650,5.005,4.545,11
739700,5.005,4.545,11
739750,5.005,4.545,11
739800,5.005,4.545,11
739850,5.005,4.545,11
739900,5.005,4.545,11
739950,5.005,4.545,11
740000,5.005,4.545,11
740050,5.005,4.545,11
740100,5.005,4.545,11
740150,5.005,4.545,11
740200,5.005,4.545,11
740250,5.005,4.545,11
740300,5.005,4.545,11
740350,5.005,4.545,11
740400,5.005,4.545,11
740450,5.005,4.545,11
740500,5.005,4.545,11
740550,5.005,4.545,11
740600,5.005,4.545,11
740650,5.005,4.545,11
740700,5.005,4.545,11
740750,5.005,4.545,11
740800,5.005,4.545,11
740850,5.005,4.545,11
740900,5.005,4.545,11
740950,5.005,4.545,11
741000,5.005,4.545,11
741050,5.005,4.545,11
741100,5.005,4.545,11
741150,5.005,4.545,11
741200,5.005,4.545,11
741250,5.005,4.545,11
741300,5.005,4.545,11
741350,5.005,4.545,11
741400,5.005,4.545,11
741450,5.005,4.545,11
741500,5.005,4.545,11
741550,5.005,4.545,11
741600,5.005,4.545,11
741650,5.005,4.545,11
741700,5.005,4.545,11
741750,5.005,4.545,11
741800,5.005,4.545,11
741850,5.005,4.545,11
741900,5.005,4.545,11
741950,5.005,4.545,11
742000,5.005,4.545,11
742050,5.005,4.545,11
742100,5.005,4.545,11
742150,5.005,4.545,11
742200,5.005,4.546,11
742250,5.005,4.546,11
742300,5.005,4.546,11
742350,5.005,4.548,11
742400,5.005,4.549,11
742450,5.005,4.549,11
742500,5.005,4.549,11
742550,5.005,4.549,11
742600,5.005,4.549,11
742650,5.005,4.549,11
742700,5.005,4.549,11
742750,5.005,4.549,11
742800,5.005,4.549,11
742850,5.005,4.549,11
742900,5.005,4.549,11
742950,5.005,4.549,11
743000,5.005,4.549,11
743050,5.005,4.549,11
743100,5.005,4.549,11
743150,5.005,4.549,11
743200,5.005,4.549,11
743250,5.005,4.549,11
743300,5.005,4.549,11
743350,5.005,4.549,11
743400,5.005,4.549,11
743450,5.005,4.549,11
743500,5.005,4.549,11
743550,5.005,4.549,11
743600,5.005,4.549,11
743650,5.005,4.549,11
743700,5.005,4.549,11
743750,5.005,4.549,11
743800,5.005,4.549,11
743850,5.005,4.549,11
743900,5.005,4.549,11
743950,5.005,4.549,11
744000,5.005,4.549,11
744050,5.005,4.549,11
744100,5.005,4.549,11
744150,5.005,4.549,11
744200,5.005,4.549,11
744250,5.005,4.549,11
744300,5.005,4.549,11
744350,5.005,4.549,11
744400,5.005,4.549,11
744450,5.005,4.549,11
744500,5.005,4.549,11
744550,5.005,4.549,11
744600,5.005,4.549,11
744650,5.005,4.549,11
744700,5.005,4.549,11
744750,5.005,4.549,11
744800,5.005,4.549,11
744850,5.005,4.549,11
744900,5.005,4.549,11
744950,5.005,4.549,11
745000,5.005,4.549,11
745050,5.005,4.549,11
745100,5.005,4.549,11
745150,5.005,4.549,11
745200,5.005,4.549,11
745250,5.005,4.549,11
745300,5.005,4.549,11
745350,5.005,4.549,11
745400,5.005,4.549,11
745450,5.005,4.549,11
745500,5.005,4.549,11
745550,5.005,4.549,11
745600,5.005,4.549,11
745650,5.005,4.549,11
745700,5.005,4.549,11
745750,5.005,4.549,11
745800,5.005,4.549,11
745850,5.005,4.549,11
745900,5.005,4.549,11
745950,5.005,4.549,11
746000,5.005,4.549,11
746050,5.005,4.549,11
746100,5.005,4.549,11
746150,5.005,4.549,11
746200,5.005,4.549,11
746250,5.005,4.549,11
746300,5.005,4.549,11
746350,5.005,4.549,11
746400,5.005,4.549,11
746450,5.005,4.549,11
746500,5.005,4.549,11
746550,5.005,4.549,11
746600,5.005,4.549,11
746650,5.005,4.549,11
746700,5.005,4.549,11
746750,5.005,4.549,11
746800,5.005,4.549,11
746850,5.005,4.549,11
746900,5.005,4.549,11
746950,5.005,4.549,11
747000,5.005,4.549,11
747050,5.005,4.549,11
747100,5.005,4.549,11
747150,5.005,4.549,11
747200,5.005,4.549,11
747250,5.005,4.549,11
747300,5.005,4.549,11
747350,5.005,4.549,11
747400,5.005,4.549,11
747450,5.005,4.549,11
747500,5.005,4.549,11
747550,5.005,4.549,11
747600,5.005,4.549,11
747650,5.005,4.549,11
747700,5.005,4.549,11
747750,5.005,4.549,11
747800,5.005,4.549,11
747850,5.005,4.549,11
747900,5.005,4.549,11
747950,5.005,4.549,11
748000,5.005,4.549,11
748050,5.005,4.549,11
748100,5.005,4.549,11
748150,5.005,4.549,11
748200,5.005,4.549,11
748250,5.005,4.549,11
748300,5.005,4.549,11
748350,5.005,4.549,11
748400,5.005,4.549,11
748450,5.005,4.549,11
748500,5.005,4.549,11
748550,5.005,4.549,11
748600,5.005,4.549,11
748650,5.005,4.549,11
748700,5.005,4.549,11
748750,5.005,4.549,11
748800,5.005,4.549,11
748850,5.005,4.549,11
748900,5.005,4.549,11
748950,5.005,4.549,11
749000,5.005,4.549,11
749050,5.005,4.549,11
749100,5.005,4.549,11
749150,5.005,4.549,11
749200,5.005,4.549,11
749250,5.005,4.549,11
749300,5.005,4.549,11
749350,5.005,4.549,11
749400,5.005,4.549,11
749450,5.005,4.549,11
749500,5.005,4.549,11
749550,5.005,4.549,11
749600,5.005,4.549,11
749650,5.005,4.549,11
749700,5.005,4.549,11
749750,5.005,4.549,11
749800,5.005,4.549,11
749850,5.005,4.549,11
749900,5.005,4.549,11
749950,5.005,4.549,11
750000,5.005,4.549,11
750050,5.005,4.549,11
750100,5.005,4.549,11
750150,5.005,4.549,11
750200,5.005,4.549,11
750250,5.005,4.549,11
750300,5.005,4.549,11
750350,5.005,4.549,11
750400,5.005,4.549,11
750450,5.005,4.549,11
750500,5.005,4.549,11
750550,5.005,4.549,11
750600,5.005,4.549,11
750650,5.005,4.549,11
750700,5.005,4.549,11
750750,5.005,4.549,11
750800,5.005,4.549,11
750850,5.005,4.549,11
750900,5.005,4.549,11
750950,5.005,4.548,11
751000,5.005,4.546,11
751050,5.005,4.541,11
751100,5.005,4.535,11
751150,5.005,4.531,11
751200,5.005,4.527,11
751250,5.005,4.523,11
751300,5.005,4.518,11
751350,5.005,4.512,11
751400,5.005,4.507,11
751450,5.005,4.503,11
751500,5.005,4.498,11
751550,5.005,4.495,11
751600,5.005,4.495,11
751650,5.005,4.495,11
751700,5.005,4.495,11
751750,5.005,4.495,11
751800,5.005,4.495,11
751850,5.005,4.495,11
751900,5.005,4.494,11
751950,5.005,4.494,11
752000,5.005,4.494,11
752050,5.005,4.494,11
752100,5.005,4.494,11
752150,5.005,4.493,11
752200,5.005,4.493,11
752250,5.005,4.493,11
752300,5.005,4.493,11
752350,5.005,4.493,11
752400,5.005,4.493,11
752450,5.005,4.493,11
752500,5.005,4.493,11
752550,5.005,4.493,11
752600,5.005,4.493,11
752650,5.005,4.493,11
752700,5.005,4.493,11
752750,5.005,4.493,11
752800,5.005,4.493,11
752850,5.005,4.493,11
752900,5.005,4.493,11
752950,5.005,4.493,11
753000,5.005,4.493,11
753050,5.005,4.493,11
753100,5.005,4.493,11
753150,5.005,4.493,11
753200,5.005,4.493,11
753250,5.005,4.493,11
753300,5.005,4.493,11
753350,5.005,4.493,11
753400,5.005,4.493,11
753450,5.005,4.493,11
753500,5.005,4.493,11
753550,5.005,4.493,11
753600,5.005,4.493,11
753650,5.005,4.493,11
753700,5.005,4.493,11
753750,5.005,4.493,11
753800,5.005,4.493,11
753850,5.005,4.493,11
753900,5.005,4.493,11
753950,5.005,4.493,11
754000,5.005,4.493,11
754050,5.005,4.493,11
754100,5.005,4.493,11
754150,5.005,4.493,11
754200,5.005,4.493,11
754250,5.005,4.493,11
754300,5.005,4.493,11
754350,5.005,4.493,11
754400,5.005,4.493,11
754450,5.005,4.493,11
754500,5.005,4.493,11
754550,5.005,4.493,11
754600,5.005,4.493,11
754650,5.005,4.493,11
754700,5.005,4.493,11
754750,5.005,4.493,11
754800,5.005,4.493,11
754850,5.005,4.493,11
754900,5.005,4.493,11
754950,5.005,4.493,11
755000,5.005,4.493,11
755050,5.005,4.493,11
755100,5.005,4.493,11
755150,5.005,4.493,11
755200,5.005,4.493,11
755250,5.005,4.493,11
755300,5.005,4.493,11
755350,5.005,4.493,11
755400,5.005,4.493,11
755450,5.005,4.493,11
755500,5.005,4.493,11
755550,5.005,4.493,11
755600,5.005,4.493,11
755650,5.005,4.493,11
755700,5.005,4.493,11
755750,5.005,4.493,11
755800,5.005,4.493,11
755850,5.005,4.493,11
755900,5.005,4.493,11
755950,5.005,4.493,11
756000,5.005,4.493,11
756050,5.005,4.493,11
756100,5.005,4.493,11
756150,5.005,4.493,11
756200,5.005,4.493,11
756250,5.005,4.493,11
756300,5.005,4.493,11
756350,5.005,4.493,11
756400,5.005,4.493,11
756450,5.005,4.493,11
756500,5.005,4.493,11
756550,5.005,4.493,11
756600,5.005,4.493,11
756650,5.005,4.493,11
756700,5.005,4.493,11
756750,5.005,4.493,11
756800,5.005,4.493,11
756850,5.005,4.493,11
756900,5.005,4.493,11
756950,5.005,4.493,11
757000,5.005,4.493,11
757050,5.005,4.493,11
757100,5.005,4.493,11
757150,5.005,4.493,11
757200,5.005,4.493,11
757250,5.005,4.493,11
757300,5.005,4.493,11
757350,5.005,4.493,11
757400,5.005,4.493,11
757450,5.005,4.493,11
757500,5.005,4.493,11
757550,5.005,4.493,11
757600,5.005,4.493,11
757650,5.005,4.493,11
757700,5.005,4.493,11
757750,5.005,4.493,11
757800,5.005,4.493,11
757850,5.005,4.493,11
757900,5.005,4.493,11
757950,5.005,4.493,11
758000,5.005,4.493,11
758050,5.005,4.493,11
758100,5.005,4.493,11
758150,5.005,4.493,11
758200,5.005,4.493,11
758250,5.005,4.493,11
758300,5.005,4.493,11
758350,5.005,4.493,11
758400,5.005,4.493,11
758450,5.005,4.493,11
758500,5.005,4.493,11
758550,5.005,4.493,11
758600,5.005,4.493,11
758650,5.005,4.493,11
758700,5.005,4.493,11
758750,5.005,4.493,11
758800,5.005,4.493,11
758850,5.005,4.493,11
758900,5.005,4.493,11
758950,5.005,4.493,11
759000,5.005,4.493,11
759050,5.005,4.493,11
759100,5.005,4.493,11
759150,5.005,4.493,11
759200,5.005,4.493,11
759250,5.005,4.493,11
759300,5.005,4.493,11
759350,5.005,4.493,11
759400,5.005,4.493,11
759450,5.005,4.493,11
759500,5.005,4.493,11
759550,5.005,4.493,11
759600,5.005,4.493,11
759650,5.005,4.493,11
759700,5.005,4.493,11
759750,5.005,4.493,11
759800,5.005,4.493,11
759850,5.005,4.493,11
759900,5.005,4.493,11
759950,5.005,4.493,11
760000,5.005,4.493,11
760050,5.005,4.493,11
760100,5.005,4.493,11
760150,5.005,4.493,11
760200,5.005,4.493,11
760250,5.005,4.493,11
760300,5.005,4.493,11
760350,5.005,4.493,11
760400,5.005,4.493,11
760450,5.005,4.493,11
760500,5.005,4.493,11
760550,5.005,4.493,11
760600,5.005,4.493,11
760650,5.005,4.493,11
760700,5.005,4.493,11
760750,5.005,4.493,11
760800,5.005,4.493,11
760850,5.005,4.493,11
760900,5.005,4.493,11
760950,5.005,4.493,11
761000,5.005,4.493,11
761050,5.005,4.493,11
761100,5.005,4.493,11
761150,5.005,4.493,11
761200,5.005,4.493,11
761250,5.005,4.493,11
761300,5.005,4.493,11
761350,5.005,4.493,11
761400,5.005,4.493,11
761450,5.005,4.493,11
761500,5.005,4.493,11
761550,5.005,4.493,11
761600,5.005,4.493,11
761650,5.005,4.493,11
761700,5.005,4.493,11
761750,5.005,4.493,11
761800,5.005,4.493,11
761850,5.005,4.493,11
761900,5.005,4.493,11
761950,5.005,4.493,11
762000,5.005,4.493,11
762050,5.005,4.493,11
762100,5.005,4.493,11
762150,5.005,4.493,11
762200,5.005,4.493,11
762250,5.005,4.493,11
762300,5.005,4.493,11
762350,5.005,4.493,11
762400,5.005,4.493,11
762450,5.005,4.493,11
762500,5.005,4.493,11
762550,5.005,4.493,11
762600,5.005,4.493,11
762650,5.005,4.493,11
762700,5.005,4.493,11
762750,5.005,4.493,11
762800,5.005,4.493,11
762850,5.005,4.493,11
762900,5.005,4.493,11
762950,5.005,4.493,11
763000,5.005,4.493,11
763050,5.005,4.493,11
763100,5.005,4.493,11
763150,5.005,4.493,11
763200,5.005,4.493,11
763250,5.005,4.493,11
763300,5.005,4.493,11
763350,5.005,4.493,11
763400,5.005,4.493,11
763450,5.005,4.493,11
763500,5.005,4.493,11
763550,5.005,4.493,11
763600,5.005,4.493,11
763650,5.005,4.493,11
763700,5.005,4.493,11
763750,5.005,4.493,11
763800,5.005,4.493,11
763850,5.005,4.493,11
763900,5.005,4.493,11
763950,5.005,4.493,11
764000,5.005,4.493,11
764050,5.005,4.493,11
764100,5.005,4.493,11
764150,5.005,4.493,11
764200,5.005,4.493,11
764250,5.005,4.493,11
764300,5.005,4.493,11
764350,5.005,4.493,11
764400,5.005,4.493,11
764450,5.005,4.493,11
764500,5.005,4.493,11
764550,5.005,4.493,11
764600,5.005,4.493,11
764650,5.005,4.493,11
764700,5.005,4.493,11
764750,5.005,4.493,11
764800,5.005,4.493,11
764850,5.005,4.493,11
764900,5.005,4.493,11
764950,5.005,4.493,11
765000,5.005,4.493,11
765050,5.005,4.493,11
765100,5.005,4.493,11
765150,5.005,4.493,11
765200,5.005,4.493,11
765250,5.005,4.493,11
765300,5.005,4.493,11
765350,5.005,4.493,11
765400,5.005,4.493,11
765450,5.005,4.493,11
765500,5.005,4.493,11
765550,5.005,4.493,11
765600,5.005,4.493,11
765650,5.005,4.493,11
765700,5.005,4.493,11
765750,5.005,4.493,11
765800,5.005,4.493,7
765850,5.005,4.493,7
765900,5.005,4.493,7
765950,5.005,4.493,7
766000,5.005,4.493,7
766050,5.005,4.495,7
766100,5.005,4.498,7
766150,5.005,4.498,7
766200,5.005,4.498,7
766250,5.005,4.498,7
766300,5.005,4.498,7
766350,5.005,4.498,7
766400,5.005,4.498,7
766450,5.005,4.498,7
766500,5.005,4.498,7
766550,5.005,4.498,7
766600,5.005,4.498,7
766650,5.005,4.499,7
766700,5.005,4.504,7
766750,5.005,4.511,7
766800,5.005,4.517,7
766850,5.005,4.523,7
766900,5.005,4.529,7
766950,5.005,4.537,7
767000,5.005,4.544,7
767050,5.005,4.553,7
767100,5.005,4.562,7
767150,5.005,4.568,7
767200,5.005,4.575,7
767250,5.005,4.582,7
767300,5.005,4.59,7
767350,5.005,4.592,7
767400,5.005,4.598,7
767450,5.005,4.605,7
767500,5.005,4.609,7
767550,5.005,4.611,7
767600,5.005,4.615,7
767650,5.005,4.62,7
767700,5.005,4.627,7
767750,5.005,4.631,7
767800,5.005,4.633,7
767850,5.005,4.635,7
767900,5.005,4.64,7
767950,5.005,4.644,7
768000,5.005,4.648,7
768050,5.005,4.651,7
768100,5.005,4.653,7
768150,5.005,4.655,7
768200,5.005,4.656,7
768250,5.005,4.659,7
768300,5.005,4.664,7
768350,5.005,4.665,7
768400,5.005,4.669,7
768450,5.005,4.676,7
768500,5.005,4.685,7
768550,5.005,4.692,7
768600,5.005,4.694,7
768650,5.005,4.695,7
768700,5.005,4.701,7
768750,5.005,4.707,7
768800,5.003,4.714,7
768850,5.0,4.726,7
768900,5.0,4.732,7
768950,5.0,4.742,7
769000,5.0,4.752,7
769050,5.0,4.76,7
769100,5.0,4.761,7
769150,5.0,4.769,7
769200,5.0,4.777,7
769250,5.0,4.781,7
769300,5.0,4.786,7
769350,5.0,4.791,7
769400,5.0,4.8,7
769450,5.0,4.812,7
769500,5.0,4.837,7
769550,5.0,4.862,7
769600,5.0,4.878,7
769650,5.0,4.89,7
769700,5.0,4.898,7
769750,5.0,4.916,7
769800,5.0,4.937,7
769850,5.0,4.964,7
769900,5.0,4.993,7
769950,5.0,5.0,7
770000,5.0,5.0,7
770050,5.0,5.0,7
770100,5.0,5.0,7
770150,5.0,5.0,7
770200,5.0,5.0,7
770250,5.0,5.0,7
770300,5.0,5.0,7
770350,5.0,5.0,7
770400,5.0,5.0,7
770450,5.0,5.0,7
770500,5.0,5.0,7
770550,5.0,5.0,7
770600,5.0,5.0,7
770650,5.0,5.0,7
770700,5.0,5.0,7
770750,5.0,5.0,7
770800,5.0,5.0,7
770850,5.0,5.0,7
770900,5.0,5.0,7
770950,5.0,5.0,7
771000,5.0,5.0,7
771050,5.0,5.0,7
771100,5.0,5.0,7
771150,5.0,5.0,7
771200,5.0,5.0,7
771250,5.0,5.0,7
771300,5.0,5.0,7
771350,5.0,5.0,7
771400,5.0,5.0,7
771450,5.0,5.0,7
771500,5.0,5.0,7
771550,5.0,5.0,7
771600,5.0,5.0,7
771650,5.0,5.0,7
771700,5.0,5.0,7
771750,5.0,5.0,7
771800,5.0,5.0,7
771850,5.0,5.0,7
771900,5.0,5.0,7
771950,5.0,5.0,7
772000,5.0,5.0,7
772050,5.0,5.0,7
772100,5.0,5.0,7
772150,5.0,5.0,7
772200,5.0,5.0,7
772250,5.0,5.0,7
772300,5.0,5.0,7
772350,5.0,5.0,7
772400,5.0,5.0,7
772450,5.0,5.0,7
772500,5.0,5.0,7
772550,5.0,5.0,7
772600,5.0,5.002,7
772650,5.0,5.007,7
772700,5.0,5.016,7
772750,5.0,5.024,7
772800,5.0,5.027,7
772850,5.0,5.031,7
772900,5.0,5.036,7
772950,5.0,5.037,7
773000,5.0,5.038,7
773050,5.0,5.039,7
773100,5.0,5.042,7
773150,5.0,5.045,7
773200,5.0,5.045,7
773250,5.0,5.046,7
773300,5.0,5.046,7
773350,5.0,5.046,7
773400,5.0,5.046,7
773450,5.0,5.046,7
773500,5.0,5.046,7
773550,5.0,5.046,7
773600,5.0,5.046,7
773650,5.0,5.046,7
773700,5.0,5.046,7
773750,5.0,5.046,7
773800,5.0,5.046,7
773850,5.0,5.046,7
773900,5.0,5.046,7
773950,5.0,5.046,7
774000,5.0,5.046,7
774050,5.0,5.046,7
774100,5.0,5.046,7
774150,5.0,5.046,7
774200,5.0,5.046,7
774250,5.0,5.046,7
774300,5.0,5.046,7
774350,5.0,5.046,7
774400,5.0,5.046,7
774450,5.0,5.046,7
774500,5.0,5.046,7
774550,5.0,5.046,7
774600,5.0,5.046,7
774650,5.0,5.046,7
774700,5.0,5.046,7
774750,5.0,5.046,7
774800,5.0,5.046,7
774850,5.0,5.046,7
774900,5.0,5.046,7
774950,5.0,5.046,7
775000,5.0,5.046,7
775050,5.0,5.046,7
775100,5.0,5.046,7
775150,5.0,5.046,7
775200,5.0,5.046,7
775250,5.0,5.046,7
775300,5.0,5.046,7
775350,5.0,5.046,7
775400,5.0,5.046,7
775450,5.0,5.046,7
775500,5.0,5.046,7
775550,5.0,5.046,7
775600,5.0,5.043,7
775650,5.0,5.034,7
775700,5.0,5.022,7
775750,5.0,5.01,7
775800,5.0,5.005,7
775850,5.0,5.001,7
775900,5.0,5.0,7
775950,5.0,5.0,7
776000,5.0,5.0,7
776050,5.0,5.0,7
776100,5.0,5.0,7
776150,5.0,5.0,7
776200,5.0,5.0,7
776250,5.0,5.0,7
776300,5.0,5.0,7
776350,5.0,5.0,7
776400,5.0,5.0,7
776450,5.0,5.0,7
776500,5.0,5.0,7
776550,5.0,5.0,7
776600,5.0,5.0,7
776650,5.0,5.0,7
776700,5.0,5.0,7
776750,5.0,5.0,7
776800,5.0,5.0,7
776850,5.0,5.0,7
776900,5.0,5.0,7
776950,5.0,5.0,7
777000,5.0,5.0,7
777050,5.0,5.0,7
777100,5.0,5.0,7
777150,5.0,5.0,7
777200,5.0,5.0,7
777250,5.0,5.0,7
777300,5.0,5.0,7
777350,5.0,5.0,7
777400,5.0,5.0,7
777450,5.0,5.0,7
777500,5.0,5.0,7
777550,5.0,5.007,7
777600,5.0,5.028,7
777650,5.0,5.062,7
777700,5.0,5.098,7
777750,5.0,5.111,7
777800,5.0,5.124,7
777850,5.0,5.146,7
777900,5.0,5.156,7
777950,5.0,5.159,7
778000,5.0,5.171,7
778050,5.0,5.183,7
778100,5.0,5.187,7
778150,5.0,5.187,7
778200,5.0,5.187,7
778250,5.0,5.19,7
778300,5.0,5.197,7
778350,5.0,5.201,7
778400,5.0,5.21,7
778450,5.0,5.219,7
778500,5.0,5.222,7
778550,5.0,5.224,7
778600,5.0,5.229,7
778650,5.0,5.229,7
778700,5.0,5.234,7
778750,5.0,5.243,7
778800,5.0,5.249,7
778850,5.0,5.257,7
778900,5.0,5.262,7
778950,4.972,5.265,7
779000,4.927,5.27,7
779050,4.927,5.274,7
779100,4.927,5.279,7
779150,4.927,5.284,7
779200,4.927,5.285,7
779250,4.927,5.287,7
779300,4.927,5.29,7
779350,4.927,5.294,7
779400,4.927,5.295,7
779450,4.927,5.297,7
779500,4.927,5.299,7
779550,4.927,5.302,7
779600,4.927,5.303,7
779650,4.927,5.305,7
779700,4.927,5.31,7
779750,4.927,5.314,7
779800,4.927,5.315,7
779850,4.927,5.319,7
779900,4.927,5.322,7
779950,4.927,5.323,7
780000,4.927,5.324,7
780050,4.927,5.328,7
780100,4.927,5.333,7
780150,4.927,5.338,7
780200,4.927,5.343,7
780250,4.927,5.347,7
780300,4.927,5.353,7
780350,4.927,5.357,7
780400,4.927,5.362,7
780450,4.927,5.369,7
780500,4.927,5.369,7
780550,4.927,5.375,7
780600,4.927,5.386,7
780650,4.927,5.388,7
780700,4.927,5.395,7
780750,4.927,5.404,7
780800,4.927,5.41,7
780850,4.927,5.418,7
780900,4.927,5.425,7
780950,4.927,5.427,7
781000,4.927,5.432,7
781050,4.927,5.432,7
781100,4.927,5.433,7
781150,4.927,5.434,7
781200,4.927,5.437,7
781250,4.927,5.44,7
781300,4.927,5.444,7
781350,4.927,5.446,7
781400,4.927,5.448,7
781450,4.927,5.448,7
781500,4.927,5.448,7
781550,4.927,5.448,7
781600,4.927,5.448,7
781650,4.927,5.451,7
781700,4.926,5.458,7
781750,4.922,5.462,7
781800,4.918,5.462,7
781850,4.914,5.464,7
781900,4.913,5.466,7
781950,4.909,5.469,7
782000,4.905,5.474,7
782050,4.904,5.48,7
782100,4.9,5.492,7
782150,4.896,5.505,7
782200,4.896,5.515,7
782250,4.896,5.525,7
782300,4.896,5.534,7
782350,4.896,5.537,7
782400,4.896,5.541,7
782450,4.896,5.543,7
782500,4.896,5.543,7
782550,4.896,5.544,7
782600,4.896,5.546,7
782650,4.896,5.546,7
782700,4.896,5.546,7
782750,4.896,5.546,7
782800,4.896,5.546,7
782850,4.896,5.546,7
782900,4.896,5.546,7
782950,4.896,5.546,7
783000,4.896,5.546,7
783050,4.896,5.547,7
783100,4.896,5.55,7
783150,4.896,5.551,7
783200,4.896,5.554,7
783250,4.896,5.555,7
783300,4.896,5.557,7
783350,4.896,5.561,7
783400,4.896,5.561,7
783450,4.896,5.561,7
783500,4.896,5.561,7
783550,4.896,5.561,7
783600,4.896,5.561,7
783650,4.896,5.561,7
783700,4.896,5.561,7
783750,4.896,5.561,7
783800,4.896,5.561,7
783850,4.896,5.561,7
783900,4.896,5.561,7
783950,4.896,5.561,7
784000,4.896,5.561,7
784050,4.896,5.561,7
784100,4.896,5.561,7
784150,4.896,5.561,7
784200,4.896,5.561,7
784250,4.896,5.561,7
784300,4.896,5.561,7
784350,4.896,5.561,7
784400,4.896,5.561,7
784450,4.896,5.561,7
784500,4.896,5.561,7
784550,4.896,5.561,7
784600,4.896,5.561,7
784650,4.896,5.561,7
784700,4.896,5.561,7
784750,4.896,5.561,7
784800,4.896,5.561,7
784850,4.896,5.561,7
784900,4.896,5.561,7
784950,4.896,5.561,7
785000,4.896,5.561,7
785050,4.896,5.561,7
785100,4.896,5.561,7
785150,4.896,5.561,7
785200,4.896,5.561,7
785250,4.896,5.561,7
785300,4.896,5.561,7
785350,4.896,5.561,7
785400,4.896,5.561,7
785450,4.896,5.561,7
785500,4.896,5.561,7
785550,4.896,5.561,7
785600,4.896,5.561,7
785650,4.896,5.561,7
785700,4.896,5.561,7
785750,4.896,5.561,7
785800,4.896,5.561,7
785850,4.896,5.561,7
785900,4.896,5.561,7
785950,4.896,5.561,7
786000,4.896,5.561,7
786050,4.896,5.561,7
786100,4.896,5.561,7
786150,4.896,5.561,7
786200,4.896,5.561,7
786250,4.896,5.561,7
786300,4.896,5.561,7
786350,4.896,5.561,7
786400,4.896,5.561,7
786450,4.896,5.561,7
786500,4.896,5.561,7
786550,4.896,5.561,7
786600,4.896,5.561,7
786650,4.896,5.561,7
786700,4.896,5.561,7
786750,4.896,5.561,7
786800,4.896,5.561,7
786850,4.896,5.561,7
786900,4.896,5.561,7
786950,4.896,5.561,7
787000,4.896,5.561,7
787050,4.896,5.561,7
787100,4.896,5.561,7
787150,4.896,5.561,7
787200,4.896,5.561,7
787250,4.896,5.561,7
787300,4.896,5.561,7
787350,4.896,5.561,7
787400,4.896,5.561,7
787450,4.896,5.561,7
787500,4.896,5.561,7
787550,4.896,5.561,7
787600,4.896,5.561,7
787650,4.896,5.561,7
787700,4.896,5.561,7
787750,4.896,5.561,7
787800,4.896,5.561,7
787850,4.896,5.561,7
787900,4.896,5.561,7
787950,4.896,5.561,7
788000,4.896,5.561,7
788050,4.896,5.561,7
788100,4.896,5.561,7
788150,4.896,5.561,7
788200,4.896,5.561,7
788250,4.896,5.561,7
788300,4.896,5.561,7
788350,4.896,5.561,7
788400,4.896,5.561,7
788450,4.896,5.561,7
788500,4.896,5.561,7
788550,4.896,5.561,7
788600,4.896,5.561,7
788650,4.896,5.561,7
788700,4.896,5.561,7
788750,4.896,5.561,7
788800,4.896,5.561,7
788850,4.896,5.561,7
788900,4.896,5.561,7
788950,4.896,5.561,7
789000,4.896,5.561,7
789050,4.896,5.561,7
789100,4.896,5.561,7
789150,4.896,5.561,7
789200,4.896,5.561,7
789250,4.896,5.561,7
789300,4.896,5.561,7
789350,4.896,5.561,7
789400,4.896,5.561,7
789450,4.896,5.561,7
789500,4.896,5.561,7
789550,4.896,5.561,7
789600,4.896,5.561,7
789650,4.896,5.561,7
789700,4.896,5.561,7
789750,4.896,5.561,7
789800,4.896,5.561,7
789850,4.896,5.561,7
789900,4.896,5.561,7
789950,4.896,5.561,7
790000,4.896,5.561,7
790050,4.896,5.561,7
790100,4.896,5.561,7
790150,4.896,5.561,7
790200,4.896,5.561,7
790250,4.896,5.561,7
790300,4.896,5.561,7
790350,4.896,5.561,7
790400,4.896,5.561,7
790450,4.896,5.561,7
790500,4.896,5.561,7
790550,4.896,5.561,7
790600,4.896,5.561,7
790650,4.896,5.561,7
790700,4.896,5.561,7
790750,4.896,5.561,7
790800,4.896,5.561,7
790850,4.896,5.561,7
790900,4.896,5.561,7
790950,4.896,5.561,7
791000,4.896,5.561,7
791050,4.896,5.561,7
791100,4.896,5.561,7
791150,4.896,5.561,7
791200,4.896,5.561,7
791250,4.896,5.561,7
791300,4.896,5.561,7
791350,4.896,5.561,7
791400,4.896,5.561,7
791450,4.896,5.561,7
791500,4.896,5.561,7
791550,4.896,5.561,7
791600,4.896,5.561,7
791650,4.896,5.561,7
791700,4.896,5.561,7
791750,4.896,5.561,7
791800,4.896,5.561,7
791850,4.896,5.561,7
791900,4.896,5.561,7
791950,4.896,5.561,7
792000,4.896,5.561,7
792050,4.896,5.561,7
792100,4.896,5.561,7
792150,4.896,5.561,7
792200,4.896,5.561,7
792250,4.896,5.561,7
792300,4.896,5.561,7
792350,4.896,5.561,7
792400,4.896,5.561,7
792450,4.896,5.561,7
792500,4.896,5.561,7
792550,4.896,5.561,7
792600,4.896,5.561,7
792650,4.896,5.561,7
792700,4.896,5.561,7
792750,4.896,5.561,7
792800,4.896,5.561,7
792850,4.896,5.561,7
792900,4.896,5.561,7
792950,4.896,5.561,7
793000,4.896,5.561,7
793050,4.896,5.561,7
793100,4.896,5.561,7
793150,4.896,5.561,7
793200,4.896,5.561,7
793250,4.896,5.561,7
793300,4.896,5.561,7
793350,4.896,5.561,7
793400,4.896,5.561,7
793450,4.896,5.561,7
793500,4.896,5.561,7
793550,4.896,5.561,7
793600,4.896,5.561,7
793650,4.896,5.561,7
793700,4.896,5.561,7
793750,4.896,5.561,7
793800,4.896,5.561,7
793850,4.896,5.561,7
793900,4.896,5.561,7
793950,4.896,5.561,7
794000,4.896,5.561,7
794050,4.896,5.561,7
794100,4.896,5.561,7
794150,4.896,5.561,7
794200,4.896,5.561,7
794250,4.896,5.561,7
794300,4.896,5.561,7
794350,4.896,5.561,7
794400,4.896,5.561,7
794450,4.896,5.561,7
794500,4.896,5.561,7
794550,4.896,5.561,7
794600,4.896,5.561,7
794650,4.896,5.561,7
794700,4.896,5.561,7
794750,4.896,5.561,7
794800,4.896,5.561,7
794850,4.896,5.561,7
794900,4.896,5.561,7
794950,4.896,5.561,7
795000,4.896,5.561,7
795050,4.896,5.561,7
795100,4.896,5.561,7
795150,4.896,5.561,7
795200,4.896,5.561,7
795250,4.896,5.561,7
795300,4.896,5.561,7
795350,4.896,5.561,7
795400,4.896,5.561,7
795450,4.896,5.561,7
795500,4.896,5.561,7
795550,4.896,5.561,7
795600,4.896,5.561,7
795650,4.896,5.561,7
795700,4.896,5.561,7
795750,4.896,5.561,7
795800,4.896,5.561,7
795850,4.896,5.561,7
795900,4.896,5.561,7
795950,4.896,5.561,7
796000,4.896,5.561,7
796050,4.896,5.561,7
796100,4.896,5.561,7
796150,4.896,5.561,7
796200,4.896,5.561,7
796250,4.896,5.561,7
796300,4.896,5.561,7
796350,4.896,5.561,7
796400,4.896,5.561,7
796450,4.896,5.561,7
796500,4.896,5.561,7
796550,4.896,5.561,7
796600,4.896,5.561,7
796650,4.896,5.561,7
796700,4.896,5.561,7
796750,4.896,5.561,7
796800,4.896,5.561,7
796850,4.896,5.561,7
796900,4.896,5.561,7
796950,4.896,5.561,7
797000,4.896,5.561,7
797050,4.896,5.561,7
797100,4.896,5.561,7
797150,4.896,5.561,7
797200,4.896,5.561,7
797250,4.896,5.561,7
797300,4.896,5.561,7
797350,4.896,5.561,7
797400,4.896,5.561,7
797450,4.896,5.561,7
797500,4.896,5.561,7
797550,4.896,5.561,7
797600,4.896,5.561,7
797650,4.896,5.561,7
797700,4.896,5.561,7
797750,4.896,5.561,7
797800,4.896,5.561,7
797850,4.896,5.561,7
797900,4.896,5.561,7
797950,4.896,5.561,7
798000,4.896,5.561,7
798050,4.896,5.561,7
798100,4.896,5.561,7
798150,4.896,5.561,7
798200,4.896,5.561,7
798250,4.896,5.561,7
798300,4.896,5.561,7
798350,4.896,5.561,7
798400,4.896,5.561,7
798450,4.896,5.561,7
798500,4.896,5.561,7
798550,4.896,5.561,7
798600,4.896,5.561,7
798650,4.896,5.561,7
798700,4.896,5.561,7
798750,4.896,5.561,7
798800,4.896,5.561,7
798850,4.896,5.561,7
798900,4.896,5.561,7
798950,4.896,5.561,7
799000,4.896,5.561,7
799050,4.896,5.561,7
799100,4.896,5.561,7
799150,4.896,5.561,7
799200,4.896,5.561,7
799250,4.896,5.561,7
799300,4.896,5.561,7
799350,4.896,5.561,7
799400,4.896,5.561,7
799450,4.896,5.561,7
799500,4.896,5.561,7
799550,4.896,5.561,7
799600,4.896,5.561,7
799650,4.896,5.561,7
799700,4.896,5.561,7
799750,4.896,5.561,7
799800,4.896,5.561,7
799850,4.896,5.561,7
799900,4.896,5.561,7
799950,4.896,5.561,7
800000,4.896,5.561,7
800050,4.896,5.561,7
800100,4.896,5.561,7
800150,4.896,5.561,7
800200,4.896,5.561,7
800250,4.896,5.561,7
800300,4.896,5.561,7
800350,4.896,5.561,7
800400,4.896,5.561,7
800450,4.896,5.561,7
800500,4.896,5.561,7
800550,4.896,5.561,7
800600,4.896,5.561,7
800650,4.896,5.561,7
800700,4.896,5.561,7
800750,4.896,5.561,7
800800,4.896,5.561,7
800850,4.896,5.561,7
800900,4.896,5.561,7
800950,4.896,5.561,7
801000,4.896,5.561,7
801050,4.896,5.561,7
801100,4.896,5.561,7
801150,4.896,5.561,7
801200,4.896,5.561,7
801250,4.896,5.561,7
801300,4.896,5.561,7
801350,4.896,5.561,7
801400,4.896,5.561,7
801450,4.896,5.561,7
801500,4.896,5.561,7
801550,4.896,5.561,7
801600,4.896,5.561,7
801650,4.896,5.561,7
801700,4.896,5.561,7
801750,4.896,5.561,7
801800,4.896,5.561,7
801850,4.896,5.561,7
801900,4.896,5.561,7
801950,4.896,5.561,7
802000,4.896,5.561,7
802050,4.896,5.561,7
802100,4.896,5.561,7
802150,4.896,5.561,7
802200,4.896,5.561,7
802250,4.896,5.561,7
802300,4.896,5.561,7
802350,4.896,5.561,7
802400,4.896,5.56,7
802450,4.896,5.554,7
802500,4.896,5.55,7
802550,4.896,5.546,7
802600,4.896,5.543,7
802650,4.896,5.539,7
802700,4.896,5.537,7
802750,4.896,5.534,7
802800,4.896,5.53,7
802850,4.896,5.529,7
802900,4.896,5.527,7
802950,4.896,5.524,7
803000,4.896,5.521,7
803050,4.896,5.52,7
803100,4.896,5.519,7
803150,4.896,5.517,7
803200,4.896,5.513,7
803250,4.896,5.508,7
803300,4.896,5.502,7
803350,4.896,5.496,7
803400,4.896,5.486,7
803450,4.896,5.48,7
803500,4.896,5.475,7
803550,4.896,5.467,7
803600,4.896,5.46,7
803650,4.896,5.457,7
803700,4.896,5.453,7
803750,4.896,5.449,7
803800,4.896,5.448,7
803850,4.896,5.448,7
803900,4.896,5.446,7
803950,4.896,5.442,7
804000,4.896,5.442,7
804050,4.896,5.441,7
804100,4.896,5.439,7
804150,4.896,5.437,7
804200,4.896,5.435,7
804250,4.896,5.43,7
804300,4.896,5.426,7
804350,4.896,5.426,7
804400,4.896,5.425,7
804450,4.896,5.423,7
804500,4.896,5.419,7
804550,4.896,5.418,7
804600,4.896,5.417,7
804650,4.896,5.414,7
804700,4.896,5.411,7
804750,4.896,5.408,7
804800,4.896,5.405,7
804850,4.896,5.4,7
804900,4.896,5.396,7
804950,4.896,5.394,7
805000,4.896,5.392,7
805050,4.896,5.39,7
805100,4.896,5.386,7
805150,4.896,5.378,7
805200,4.896,5.375,7
805250,4.896,5.372,7
805300,4.896,5.365,7
805350,4.896,5.363,7
805400,4.896,5.361,7
805450,4.896,5.356,7
805500,4.896,5.349,7
805550,4.896,5.341,7
805600,4.896,5.33,7
805650,4.896,5.315,7
805700,4.896,5.3,7
805750,4.896,5.284,7
805800,4.937,5.27,7
805850,5.0,5.244,7
805900,5.0,5.206,7
805950,5.0,5.171,7
806000,5.0,5.128,7
806050,5.0,5.08,7
806100,5.0,5.043,7
806150,5.0,5.011,7
806200,5.0,5.0,7
806250,5.0,5.0,7
806300,5.0,5.0,7
806350,5.0,5.0,7
806400,5.0,5.0,7
806450,5.0,5.0,7
806500,5.0,5.0,7
806550,5.0,5.0,7
806600,5.0,5.0,7
806650,5.0,5.0,7
806700,5.0,5.0,7
806750,5.0,5.0,7
806800,5.0,5.0,7
806850,5.0,5.0,7
806900,5.0,5.0,7
806950,5.0,5.0,7
807000,5.0,5.0,7
807050,5.0,5.0,7
807100,5.0,5.0,7
807150,5.0,5.0,7
807200,5.0,5.0,7
807250,5.0,5.0,7
807300,5.0,5.0,7
807350,5.0,5.0,7
807400,5.0,5.0,7
807450,5.0,5.0,7
807500,5.0,5.0,7
807550,5.0,5.0,7
807600,5.0,5.0,7
807650,5.0,5.0,7
807700,5.0,5.0,7
807750,5.0,5.0,7
807800,5.0,5.0,7
807850,5.0,5.0,7
807900,5.0,5.0,7
807950,5.0,5.0,7
808000,5.0,5.0,7
808050,5.0,5.0,7
808100,5.0,5.0,7
808150,5.0,5.0,7
808200,5.0,5.0,7
808250,5.0,5.0,7
808300,5.0,5.0,7
808350,5.0,5.0,7
808400,5.0,5.0,7
808450,5.0,5.0,7
808500,5.0,5.0,7
808550,5.0,5.0,7
808600,5.0,5.0,7
808650,5.0,5.0,7
808700,5.0,5.0,7
808750,5.0,5.0,7
808800,5.0,5.0,7
808850,5.0,5.0,7
808900,5.0,5.0,7
808950,5.0,5.0,7
809000,5.0,5.0,7
809050,5.0,5.0,7
809100,5.0,5.0,7
809150,5.0,5.0,7
809200,5.0,5.0,7
809250,5.0,5.0,7
809300,5.0,5.0,7
809350,5.0,5.0,7
809400,5.0,5.0,7
809450,5.0,5.0,7
809500,5.0,5.0,7
809550,5.0,5.0,7
809600,5.0,5.0,7
809650,5.0,5.0,7
809700,5.0,5.0,7
809750,5.0,5.0,7
809800,5.0,5.0,7
809850,5.0,5.0,7
809900,5.0,5.0,7
809950,5.0,5.0,7
810000,5.0,5.0,7
810050,5.0,5.0,7
810100,5.0,5.0,7
810150,5.0,5.0,7
810200,5.0,5.0,7
810250,5.0,5.0,7
810300,5.0,5.0,7
810350,5.0,5.0,7
810400,5.0,5.0,7
810450,5.0,5.0,7
810500,5.0,5.0,7
810550,5.0,5.0,7
810600,5.0,5.0,7
810650,5.0,5.0,7
810700,5.0,5.0,7
810750,5.0,5.0,7
810800,5.0,5.0,7
810850,5.0,5.0,7
810900,5.0,5.0,7
810950,5.0,5.0,7
811000,5.0,5.0,7
811050,5.0,5.0,7
811100,5.0,5.0,7
811150,5.0,5.0,7
811200,5.0,5.0,7
811250,5.0,5.0,7
811300,5.0,5.0,7
811350,5.0,5.0,7
811400,5.0,5.0,7
811450,5.0,5.0,7
811500,5.0,5.0,7
811550,5.0,5.0,7
811600,5.0,5.0,7
811650,5.0,5.0,7
811700,5.0,5.0,7
811750,5.0,5.0,7
811800,5.0,5.0,7
811850,5.0,5.0,7
811900,5.0,5.0,7
811950,5.0,5.0,7
812000,5.0,5.0,7
812050,5.0,5.0,7
812100,5.0,5.0,7
812150,5.0,5.0,7
812200,5.0,5.0,7
812250,5.0,5.0,7
812300,5.0,5.0,7
812350,5.0,5.0,7
812400,5.0,5.0,7
812450,5.0,5.0,7
812500,5.0,5.0,7
812550,5.0,5.0,7
812600,5.0,5.0,7
812650,5.0,5.0,7
812700,5.0,5.0,7
812750,5.0,5.0,7
812800,5.0,5.0,7
812850,5.0,5.0,7
812900,5.0,5.0,7
812950,5.0,5.0,7
813000,5.0,5.0,7
813050,5.0,5.0,7
813100,5.0,5.0,7
813150,5.0,5.0,7
813200,5.0,5.0,7
813250,5.0,5.0,7
813300,5.0,5.0,7
813350,5.0,5.0,7
813400,5.0,5.0,7
813450,5.0,5.0,7
813500,5.0,5.0,7
813550,5.0,5.0,7
813600,5.0,5.0,7
813650,5.0,5.0,7
813700,5.0,5.0,7
813750,5.0,5.0,7
813800,5.0,5.0,7
813850,5.0,5.0,7
813900,5.0,5.0,7
813950,5.0,5.0,7
814000,5.0,5.0,7
814050,5.0,5.0,7
814100,5.0,5.0,7
814150,5.0,5.0,7
814200,5.0,5.0,7
814250,5.0,5.0,7
814300,5.0,5.0,7
814350,5.0,5.0,7
814400,5.0,5.0,7
814450,5.0,5.0,7
814500,5.0,5.0,7
814550,5.0,5.0,7
814600,5.0,5.0,7
814650,5.0,5.0,7
814700,5.0,5.0,7
814750,5.0,5.0,7
814800,5.0,5.0,7
814850,5.0,5.0,7
814900,5.0,5.0,7
814950,5.0,5.0,7
815000,5.0,5.0,7
815050,5.0,5.0,7
815100,5.0,5.0,7
815150,5.0,5.0,7
815200,5.0,5.0,7
815250,5.0,5.0,7
815300,5.0,5.0,7
815350,5.0,5.0,7
815400,5.0,5.0,7
815450,5.0,5.0,7
815500,5.0,5.0,7
815550,5.0,5.0,7
815600,5.0,5.0,7
815650,5.0,5.0,7
815700,5.0,5.0,7
815750,5.0,5.0,7
815800,5.0,5.0,7
815850,5.0,5.0,7
815900,5.0,5.0,7
815950,5.0,5.0,7
816000,5.0,5.0,7
816050,5.0,5.0,7
816100,5.0,5.0,7
816150,5.0,5.0,7
816200,5.0,5.0,7
816250,5.0,5.0,7
816300,5.0,5.0,7
816350,5.0,5.0,7
816400,5.0,5.0,7
816450,5.0,5.0,7
816500,5.0,5.0,7
816550,5.0,5.0,7
816600,5.0,5.0,7
816650,5.0,5.0,7
816700,5.0,5.0,7
816750,5.0,5.0,7
816800,5.0,5.0,7
816850,5.0,5.0,7
816900,5.0,5.0,7
816950,5.0,5.0,7
817000,5.0,5.0,7
817050,5.0,5.0,7
817100,5.0,5.0,7
817150,5.0,5.0,7
817200,5.0,5.0,7
817250,5.0,5.0,7
817300,5.0,5.0,7
817350,5.0,5.0,7
817400,5.0,5.0,7
817450,5.0,5.0,7
817500,5.0,5.0,7
817550,5.0,5.0,7
817600,5.0,5.0,7
817650,5.0,5.0,7
817700,5.0,5.0,7
817750,5.0,5.0,7
817800,5.0,5.0,7
817850,5.0,5.0,7
817900,5.0,5.0,7
817950,5.0,5.0,7
818000,5.0,5.0,7
818050,5.0,5.0,7
818100,5.0,5.0,7
818150,5.0,5.0,7
818200,5.0,5.0,7
818250,5.0,5.0,7
818300,5.0,5.0,7
818350,5.0,5.0,7
818400,5.0,5.0,7
818450,5.0,5.0,7
818500,5.0,5.0,7
818550,5.0,5.0,7
818600,5.0,5.0,7
818650,5.0,5.0,7
818700,5.0,5.0,7
818750,5.0,5.0,7
818800,5.0,5.0,7
818850,5.0,5.0,7
818900,5.0,5.0,7
818950,5.0,5.0,7
819000,5.0,5.0,7
819050,5.0,5.0,7
819100,5.0,5.0,7
819150,5.0,5.0,7
819200,5.0,5.0,7
819250,5.0,5.0,7
819300,5.0,5.0,7
819350,5.0,5.0,7
819400,5.0,5.0,7
819450,5.0,5.0,7
819500,5.0,5.0,7
819550,5.0,5.0,7
819600,5.0,5.0,7
819650,5.0,5.0,7
819700,5.0,5.0,7
819750,5.0,5.0,7
819800,5.0,5.0,7
819850,5.0,5.0,7
819900,5.0,5.0,7
819950,5.0,5.0,7
820000,5.0,5.0,7
820050,5.0,5.0,7
820100,5.0,5.0,7
820150,5.0,5.0,7
820200,5.0,5.0,7
820250,5.0,5.0,7
820300,5.0,5.0,7
820350,5.0,5.0,7
820400,5.0,5.0,7
820450,5.0,5.0,7
820500,5.0,5.0,7
820550,5.0,5.0,7
820600,5.0,5.0,7
820650,5.0,5.0,7
820700,5.0,5.0,7
820750,5.0,5.0,7
820800,5.0,5.0,7
820850,5.0,5.0,7
820900,5.0,5.0,7
820950,5.0,5.0,7
821000,5.0,5.0,7
821050,5.0,5.0,7
821100,5.0,5.0,7
821150,5.0,5.0,7
821200,5.0,5.0,7
821250,5.0,5.0,7
821300,5.0,5.0,7
821350,5.0,5.0,7
821400,5.0,5.0,7
821450,5.0,5.0,7
821500,5.0,5.0,7
821550,5.0,5.0,7
821600,5.0,5.0,7
821650,5.0,5.0,7
821700,5.0,5.0,7
821750,5.0,5.0,7
821800,5.0,5.0,7
821850,5.0,5.0,7
821900,5.0,5.0,7
821950,5.0,5.0,7
822000,5.0,5.0,7
822050,5.0,5.0,7
822100,5.0,5.0,7
822150,5.0,5.0,7
822200,5.0,5.0,7
822250,5.0,5.0,7
822300,5.0,5.0,7
822350,5.0,5.0,7
822400,5.0,5.0,7
822450,5.0,5.0,7
822500,5.0,5.0,7
822550,5.0,5.0,7
822600,5.0,5.0,7
822650,5.0,5.0,7
822700,5.0,5.0,7
822750,5.0,5.0,7
822800,5.0,5.0,7
822850,5.0,5.0,7
822900,5.0,5.0,7
822950,5.0,5.0,7
823000,5.0,5.0,7
823050,5.0,5.0,7
823100,5.0,5.0,7
823150,5.0,5.0,7
823200,5.0,5.0,7
823250,5.0,5.0,7
823300,5.0,5.0,7
823350,5.0,5.0,7
823400,5.0,5.0,7
823450,5.0,5.0,7
823500,5.0,5.0,7
823550,5.0,5.0,7
823600,5.0,5.0,7
823650,5.0,5.0,7
823700,5.0,5.0,7
823750,5.0,5.0,7
823800,5.0,5.0,7
823850,5.0,5.0,7
823900,5.0,5.0,7
823950,5.0,5.0,7
824000,5.0,5.0,7
824050,5.0,5.0,7
824100,5.0,5.0,7
824150,5.0,5.0,7
824200,5.0,5.0,7
824250,5.0,5.0,7
824300,5.0,5.0,7
824350,5.0,5.0,7
824400,5.0,5.0,7
824450,5.0,5.0,7
824500,5.0,5.0,7
824550,5.0,5.0,7
824600,5.0,5.0,7
824650,5.0,5.0,7
824700,5.0,5.0,7
824750,5.0,5.0,7
824800,5.0,5.0,7
824850,5.0,5.0,7
824900,5.0,5.0,7
824950,5.0,5.0,7
825000,5.0,5.0,7
825050,5.0,5.0,7
825100,5.0,5.0,7
825150,5.0,5.0,7
825200,5.0,5.0,7
825250,5.0,5.0,7
825300,5.0,5.0,7
825350,5.0,5.0,7
825400,5.0,5.0,7
825450,5.0,5.0,7
825500,5.0,5.0,7
825550,5.0,5.0,7
825600,5.0,5.0,7
825650,5.0,5.0,7
825700,5.0,5.0,7
825750,5.0,5.0,7
825800,5.0,5.0,7
825850,5.0,4.99,7
825900,5.0,4.972,7
825950,5.0,4.972,7
826000,5.0,4.972,7
826050,5.0,4.967,7
826100,5.0,4.954,7
826150,5.0,4.947,7
826200,5.0,4.947,7
826250,5.0,4.963,7
826300,5.0,4.994,7
826350,5.0,5.0,7
826400,5.0,5.0,7
826450,5.0,5.0,7
826500,5.0,5.0,7
826550,5.0,5.0,7
826600,5.0,5.0,7
826650,5.0,5.0,7
826700,5.0,5.0,7
826750,5.0,5.011,7
826800,5.0,5.062,7
826850,5.0,5.134,7
826900,5.0,5.197,7
826950,4.951,5.264,7
827000,4.854,5.308,7
827050,4.807,5.351,7
827100,4.749,5.388,7
827150,4.696,5.418,7
827200,4.614,5.443,7
827250,4.525,5.474,7
827300,4.442,5.507,7
827350,4.374,5.53,7
827400,4.349,5.544,7
827450,4.334,5.56,7
827500,4.326,5.576,7
827550,4.319,5.599,7
827600,4.316,5.621,7
827650,4.31,5.637,7
827700,4.297,5.651,7
827750,4.291,5.663,7
827800,4.282,5.675,7
827850,4.276,5.686,7
827900,4.276,5.7,7
827950,4.276,5.713,7
828000,4.276,5.729,7
828050,4.276,5.747,7
828100,4.276,5.761,7
828150,4.277,5.772,7
828200,4.293,5.79,7
828250,4.325,5.809,7
828300,4.352,5.825,7
828350,4.377,5.84,7
828400,4.392,5.856,7
828450,4.401,5.868,7
828500,4.407,5.878,7
828550,4.418,5.888,7
828600,4.426,5.895,7
828650,4.433,5.898,7
828700,4.445,5.903,7
828750,4.451,5.906,7
828800,4.453,5.906,7
828850,4.455,5.906,7
828900,4.457,5.906,7
828950,4.459,5.906,7
829000,4.459,5.906,7
829050,4.459,5.906,7
829100,4.46,5.906,7
829150,4.46,5.906,7
829200,4.46,5.906,7
829250,4.46,5.906,7
829300,4.46,5.906,7
829350,4.46,5.906,7
829400,4.46,5.906,7
829450,4.46,5.906,7
829500,4.46,5.906,7
829550,4.46,5.906,7
829600,4.46,5.906,7
829650,4.46,5.906,7
829700,4.46,5.906,7
829750,4.46,5.906,7
829800,4.46,5.906,7
829850,4.46,5.906,7
829900,4.46,5.906,7
829950,4.46,5.906,7
830000,4.46,5.906,7
830050,4.46,5.906,7
830100,4.46,5.906,7
830150,4.46,5.906,7
830200,4.46,5.906,7
830250,4.46,5.906,7
830300,4.46,5.906,7
830350,4.46,5.906,7
830400,4.46,5.906,7
830450,4.46,5.906,7
830500,4.46,5.906,7
830550,4.46,5.906,7
830600,4.46,5.906,7
830650,4.46,5.906,7
830700,4.46,5.909,7
830750,4.46,5.919,7
830800,4.46,5.927,7
830850,4.46,5.934,7
830900,4.46,5.939,7
830950,4.46,5.944,7
831000,4.46,5.948,7
831050,4.46,5.952,7
831100,4.46,5.958,7
831150,4.46,5.961,7
831200,4.46,5.964,7
831250,4.461,5.966,7
831300,4.463,5.967,7
831350,4.463,5.969,7
831400,4.463,5.971,7
831450,4.463,5.972,7
831500,4.463,5.973,7
831550,4.464,5.973,7
831600,4.464,5.973,7
831650,4.464,5.973,7
831700,4.464,5.973,7
831750,4.464,5.973,7
831800,4.464,5.973,7
831850,4.464,5.973,7
831900,4.464,5.973,7
831950,4.464,5.973,7
832000,4.464,5.973,7
832050,4.464,5.973,7
832100,4.464,5.973,7
832150,4.464,5.973,7
832200,4.464,5.975,7
832250,4.464,5.978,7
832300,4.464,5.98,7
832350,4.464,5.982,7
832400,4.464,5.983,7
832450,4.464,5.984,7
832500,4.464,5.984,7
832550,4.464,5.984,7
832600,4.464,5.984,7
832650,4.459,5.984,7
832700,4.433,5.984,7
832750,4.377,5.984,7
832800,4.323,5.984,7
832850,4.296,5.984,7
832900,4.287,5.984,7
832950,4.281,5.984,7
833000,4.279,5.984,7
833050,4.279,5.984,7
833100,4.279,5.984,7
833150,4.279,5.984,7
833200,4.279,5.984,7
833250,4.279,5.987,7
833300,4.279,5.999,7
833350,4.279,6.018,7
833400,4.279,6.035,7
833450,4.279,6.055,7
833500,4.279,6.068,7
833550,4.279,6.082,7
833600,4.279,6.092,7
833650,4.279,6.099,7
833700,4.279,6.104,7
833750,4.279,6.106,7
833800,4.279,6.108,7
833850,4.278,6.113,7
833900,4.274,6.119,7
833950,4.265,6.127,7
834000,4.256,6.132,7
834050,4.249,6.134,7
834100,4.249,6.137,7
834150,4.249,6.137,7
834200,4.249,6.137,7
834250,4.249,6.137,7
834300,4.248,6.137,7
834350,4.246,6.138,7
834400,4.244,6.14,7
834450,4.241,6.143,7
834500,4.24,6.143,7
834550,4.237,6.143,7
834600,4.237,6.143,7
834650,4.236,6.143,7
834700,4.234,6.143,7
834750,4.234,6.143,7
834800,4.234,6.143,7
834850,4.234,6.143,7
834900,4.234,6.143,7
834950,4.234,6.143,7
835000,4.234,6.143,7
835050,4.234,6.143,7
835100,4.234,6.143,7
835150,4.234,6.143,7
835200,4.234,6.143,7
835250,4.234,6.143,7
835300,4.234,6.143,7
835350,4.234,6.143,7
835400,4.234,6.143,7
835450,4.234,6.143,7
835500,4.234,6.143,7
835550,4.234,6.143,7
835600,4.234,6.143,7
835650,4.233,6.143,7
835700,4.233,6.143,7
835750,4.232,6.143,7
835800,4.232,6.143,7
835850,4.231,6.143,7
835900,4.231,6.143,7
835950,4.231,6.143,7
836000,4.231,6.143,7
836050,4.231,6.143,7
836100,4.231,6.143,7
836150,4.231,6.143,7
836200,4.231,6.143,7
836250,4.231,6.143,7
836300,4.231,6.143,7
836350,4.231,6.143,7
836400,4.231,6.143,7
836450,4.231,6.143,7
836500,4.229,6.143,7
836550,4.225,6.143,7
836600,4.216,6.143,7
836650,4.202,6.143,7
836700,4.173,6.143,7
836750,4.108,6.143,7
836800,4.03,6.143,7
836850,3.975,6.143,7
836900,3.962,6.143,7
836950,3.962,6.143,7
837000,3.962,6.143,7
837050,3.962,6.143,7
837100,3.962,6.143,7
837150,3.962,6.143,7
837200,3.962,6.144,7
837250,3.962,6.144,7
837300,3.961,6.146,7
837350,3.954,6.152,7
837400,3.942,6.157,7
837450,3.926,6.161,7
837500,3.908,6.163,7
837550,3.895,6.163,7
837600,3.886,6.163,7
837650,3.877,6.163,7
837700,3.866,6.165,7
837750,3.855,6.167,7
837800,3.834,6.168,7
837850,3.824,6.171,7
837900,3.823,6.176,7
837950,3.821,6.176,7
838000,3.821,6.177,7
838050,3.82,6.179,7
838100,3.819,6.18,7
838150,3.818,6.18,7
838200,3.815,6.18,7
838250,3.815,6.183,7
838300,3.815,6.186,7
838350,3.815,6.186,7
838400,3.815,6.186,7
838450,3.815,6.187,7
838500,3.815,6.187,7
838550,3.815,6.187,7
838600,3.815,6.187,7
838650,3.815,6.187,7
838700,3.815,6.188,7
838750,3.815,6.189,7
838800,3.815,6.189,7
838850,3.815,6.189,7
838900,3.815,6.189,7
838950,3.815,6.189,7
839000,3.815,6.189,7
839050,3.815,6.189,7
839100,3.815,6.189,7
839150,3.815,6.189,7
839200,3.815,6.189,7
839250,3.815,6.189,7
839300,3.815,6.189,7
839350,3.815,6.189,7
839400,3.815,6.189,7
839450,3.815,6.189,7
839500,3.815,6.189,7
839550,3.815,6.189,7
839600,3.815,6.189,7
839650,3.815,6.189,7
839700,3.815,6.189,7
839750,3.815,6.189,7
839800,3.815,6.189,7
839850,3.815,6.189,7
839900,3.815,6.189,7
839950,3.815,6.189,7
840000,3.815,6.189,7
840050,3.815,6.189,7
840100,3.815,6.186,7
840150,3.815,6.171,7
840200,3.815,6.152,7
840250,3.815,6.135,7
840300,3.815,6.115,7
840350,3.815,6.103,7
840400,3.815,6.091,7
840450,3.815,6.08,7
840500,3.815,6.075,7
840550,3.815,6.07,7
840600,3.815,6.066,7
840650,3.815,6.064,7
840700,3.815,6.059,7
840750,3.815,6.056,7
840800,3.815,6.055,7
840850,3.815,6.054,7
840900,3.815,6.053,7
840950,3.815,6.052,7
841000,3.815,6.052,7
841050,3.815,6.051,7
841100,3.816,6.048,7
841150,3.816,6.046,7
841200,3.816,6.046,7
841250,3.816,6.046,7
841300,3.816,6.045,7
841350,3.816,6.043,7
841400,3.817,6.043,7
841450,3.817,6.043,7
841500,3.817,6.043,7
841550,3.817,6.043,7
841600,3.817,6.043,7
841650,3.817,6.043,7
841700,3.817,6.043,7
841750,3.817,6.043,7
841800,3.817,6.043,7
841850,3.817,6.043,7
841900,3.817,6.043,7
841950,3.817,6.043,7
842000,3.817,6.043,7
842050,3.817,6.043,7
842100,3.817,6.043,7
842150,3.817,6.043,7
842200,3.817,6.043,7
842250,3.817,6.043,7
842300,3.817,6.043,7
842350,3.817,6.043,7
842400,3.817,6.043,7
842450,3.817,6.043,7
842500,3.817,6.043,7
842550,3.817,6.043,7
842600,3.817,6.043,7
842650,3.817,6.043,7
842700,3.817,6.043,7
842750,3.817,6.043,7
842800,3.817,6.043,7
842850,3.817,6.043,7
842900,3.817,6.043,7
842950,3.817,6.043,7
843000,3.817,6.043,7
843050,3.817,6.043,7
843100,3.817,6.043,7
843150,3.817,6.043,7
843200,3.817,6.043,7
843250,3.817,6.043,7
843300,3.817,6.043,7
843350,3.817,6.043,7
843400,3.817,6.043,7
843450,3.817,6.043,7
843500,3.817,6.043,7
843550,3.817,6.043,7
843600,3.817,6.043,7
843650,3.817,6.043,7
843700,3.817,6.043,7
843750,3.817,6.043,7
843800,3.817,6.043,7
843850,3.817,6.043,7
843900,3.817,6.043,7
843950,3.817,6.043,7
844000,3.819,6.041,7
844050,3.821,6.033,7
844100,3.822,6.02,7
844150,3.826,6.009,7
844200,3.833,6.003,7
844250,3.838,5.998,7
844300,3.84,5.994,7
844350,3.842,5.989,7
844400,3.843,5.985,7
844450,3.847,5.981,7
844500,3.851,5.977,7
844550,3.852,5.977,7
844600,3.852,5.977,7
844650,3.852,5.977,7
844700,3.852,5.977,7
844750,3.853,5.977,7
844800,3.853,5.975,7
844850,3.853,5.972,7
844900,3.853,5.972,7
844950,3.853,5.972,7
845000,3.853,5.971,7
845050,3.853,5.97,7
845100,3.853,5.969,7
845150,3.853,5.966,7
845200,3.854,5.961,7
845250,3.856,5.955,7
845300,3.858,5.951,7
845350,3.859,5.951,7
845400,3.862,5.951,7
845450,3.863,5.951,7
845500,3.865,5.95,7
845550,3.867,5.947,7
845600,3.868,5.944,7
845650,3.87,5.944,7
845700,3.876,5.943,7
845750,3.879,5.941,7
845800,3.879,5.938,7
845850,3.88,5.935,7
845900,3.881,5.933,7
845950,3.882,5.932,7
846000,3.884,5.928,7
846050,3.888,5.923,7
846100,3.893,5.922,7
846150,3.894,5.92,7
846200,3.898,5.916,7
846250,3.903,5.913,7
846300,3.903,5.912,7
846350,3.904,5.911,7
846400,3.906,5.91,7
846450,3.908,5.908,7
846500,3.909,5.905,7
846550,3.909,5.903,7
846600,3.91,5.898,7
846650,3.911,5.892,7
846700,3.911,5.888,7
846750,3.911,5.888,7
846800,3.912,5.888,7
846850,3.914,5.888,7
846900,3.914,5.888,7
846950,3.914,5.888,7
847000,3.914,5.888,7
847050,3.914,5.888,7
847100,3.914,5.888,7
847150,3.914,5.887,7
847200,3.914,5.886,7
847250,3.914,5.883,7
847300,3.915,5.882,7
847350,3.916,5.88,7
847400,3.916,5.877,7
847450,3.916,5.873,7
847500,3.918,5.867,7
847550,3.919,5.86,7
847600,3.922,5.86,7
847650,3.924,5.86,7
847700,3.927,5.857,7
847750,3.929,5.852,7
847800,3.93,5.852,7
847850,3.932,5.85,7
847900,3.933,5.848,7
847950,3.933,5.846,7
848000,3.933,5.846,7
848050,3.933,5.846,7
848100,3.933,5.846,7
848150,3.933,5.846,7
848200,3.933,5.846,7
848250,3.933,5.846,7
848300,3.933,5.846,7
848350,3.933,5.846,7
848400,3.933,5.846,7
848450,3.933,5.846,7
848500,3.933,5.846,7
848550,3.933,5.846,7
848600,3.933,5.846,7
848650,3.933,5.846,7
848700,3.933,5.846,7
848750,3.933,5.846,7
848800,3.933,5.846,7
848850,3.933,5.846,7
848900,3.933,5.846,7
848950,3.933,5.846,7
849000,3.933,5.846,7
849050,3.933,5.846,7
849100,3.933,5.846,7
849150,3.933,5.846,7
849200,3.933,5.846,7
849250,3.933,5.846,7
849300,3.933,5.846,7
849350,3.933,5.846,7
849400,3.933,5.846,7
849450,3.933,5.846,7
849500,3.933,5.846,7
849550,3.933,5.846,7
849600,3.933,5.846,7
849650,3.933,5.846,7
849700,3.933,5.846,7
849750,3.933,5.846,7
849800,3.933,5.846,7
849850,3.933,5.846,7
849900,3.933,5.846,7
849950,3.933,5.846,7
850000,3.933,5.846,7
850050,3.933,5.846,7
850100,3.933,5.846,7
850150,3.933,5.846,7
850200,3.933,5.846,7
850250,3.933,5.846,7
850300,3.933,5.846,7
850350,3.933,5.846,7
850400,3.933,5.846,7
850450,3.933,5.846,7
850500,3.933,5.846,7
850550,3.933,5.846,7
850600,3.933,5.846,7
850650,3.933,5.846,7
850700,3.933,5.846,7
850750,3.933,5.846,7
850800,3.933,5.846,7
850850,3.933,5.846,7
850900,3.933,5.846,7
850950,3.933,5.846,7
851000,3.933,5.846,7
851050,3.933,5.846,7
851100,3.933,5.846,7
851150,3.933,5.846,7
851200,3.933,5.846,7
851250,3.933,5.846,7
851300,3.933,5.846,7
851350,3.933,5.846,7
851400,3.933,5.846,7
851450,3.933,5.846,7
851500,3.933,5.846,7
851550,3.933,5.846,7
851600,3.933,5.846,7
851650,3.933,5.846,7
851700,3.933,5.846,7
851750,3.933,5.846,7
851800,3.933,5.846,7
851850,3.933,5.846,7
851900,3.933,5.846,7
851950,3.933,5.846,7
852000,3.933,5.846,7
852050,3.933,5.846,7
852100,3.933,5.846,7
852150,3.933,5.846,7
852200,3.933,5.846,7
852250,3.933,5.846,7
852300,3.933,5.846,7
852350,3.933,5.846,7
852400,3.933,5.846,7
852450,3.933,5.846,7
852500,3.933,5.846,7
852550,3.933,5.846,7
852600,3.933,5.846,7
852650,3.933,5.846,7
852700,3.933,5.846,7
852750,3.933,5.846,7
852800,3.933,5.846,7
852850,3.933,5.846,7
852900,3.933,5.846,7
852950,3.933,5.846,7
853000,3.933,5.846,7
853050,3.933,5.846,7
853100,3.933,5.846,7
853150,3.933,5.846,7
853200,3.933,5.846,7
853250,3.933,5.846,7
853300,3.933,5.846,7
853350,3.933,5.846,7
853400,3.935,5.841,7
853450,3.94,5.823,7
853500,3.952,5.801,7
853550,3.985,5.792,7
853600,4.009,5.784,7
853650,4.014,5.778,7
853700,4.017,5.769,7
853750,4.021,5.76,7
853800,4.027,5.747,7
853850,4.045,5.726,7
853900,4.082,5.698,7
853950,4.126,5.675,7
854000,4.148,5.665,7
854050,4.16,5.653,7
854100,4.167,5.642,7
854150,4.178,5.63,7
854200,4.188,5.62,7
854250,4.198,5.605,7
854300,4.215,5.591,7
854350,4.242,5.575,7
854400,4.262,5.563,7
854450,4.277,5.55,7
854500,4.292,5.537,7
854550,4.299,5.535,7
854600,4.301,5.534,7
854650,4.303,5.533,7
854700,4.304,5.532,7
854750,4.305,5.529,7
854800,4.305,5.529,7
854850,4.305,5.529,7
854900,4.306,5.529,7
854950,4.306,5.529,7
855000,4.306,5.529,7
855050,4.307,5.529,7
855100,4.307,5.529,7
855150,4.307,5.529,7
855200,4.307,5.529,7
855250,4.308,5.529,7
855300,4.308,5.529,7
855350,4.308,5.529,7
855400,4.309,5.529,7
855450,4.311,5.529,7
855500,4.311,5.529,7
855550,4.311,5.529,7
855600,4.311,5.529,7
855650,4.311,5.529,7
855700,4.311,5.529,7
855750,4.311,5.529,7
855800,4.311,5.529,7
855850,4.311,5.529,7
855900,4.311,5.529,7
855950,4.311,5.529,7
856000,4.311,5.529,7
856050,4.311,5.529,7
856100,4.311,5.529,7
856150,4.311,5.528,7
856200,4.311,5.527,7
856250,4.311,5.527,7
856300,4.311,5.527,7
856350,4.311,5.526,7
856400,4.312,5.524,7
856450,4.315,5.514,7
856500,4.32,5.5,7
856550,4.329,5.491,7
856600,4.334,5.487,7
856650,4.341,5.484,7
856700,4.348,5.483,7
856750,4.351,5.48,7
856800,4.357,5.478,7
856850,4.362,5.475,7
856900,4.365,5.47,7
856950,4.368,5.468,7
857000,4.373,5.464,7
857050,4.38,5.462,7
857100,4.381,5.46,7
857150,4.383,5.454,7
857200,4.389,5.446,7
857250,4.393,5.444,7
857300,4.399,5.439,7
857350,4.406,5.439,7
857400,4.408,5.438,7
857450,4.413,5.437,7
857500,4.413,5.436,7
857550,4.413,5.433,7
857600,4.414,5.428,7
857650,4.415,5.428,7
857700,4.418,5.426,7
857750,4.423,5.421,7
857800,4.425,5.418,7
857850,4.426,5.414,7
857900,4.428,5.41,7
857950,4.428,5.409,7
858000,4.431,5.408,7
858050,4.433,5.406,7
858100,4.433,5.404,7
858150,4.434,5.402,7
858200,4.436,5.402,7
858250,4.437,5.401,7
858300,4.437,5.399,7
858350,4.438,5.397,7
858400,4.441,5.394,7
858450,4.446,5.393,7
858500,4.447,5.39,7
858550,4.448,5.388,7
858600,4.448,5.387,7
858650,4.45,5.387,7
858700,4.452,5.386,7
858750,4.452,5.385,7
858800,4.453,5.385,7
858850,4.455,5.385,7
858900,4.455,5.385,7
858950,4.455,5.384,7
859000,4.456,5.383,7
859050,4.459,5.382,7
859100,4.459,5.381,7
859150,4.459,5.381,7
859200,4.46,5.38,7
859250,4.461,5.38,7
859300,4.461,5.38,7
859350,4.462,5.38,7
859400,4.462,5.38,7
859450,4.463,5.379,7
859500,4.463,5.376,7
859550,4.466,5.372,7
859600,4.47,5.369,7
859650,4.47,5.369,7
859700,4.471,5.367,7
859750,4.473,5.364,7
859800,4.475,5.361,7
859850,4.478,5.358,7
859900,4.484,5.354,7
859950,4.491,5.345,7
860000,4.494,5.342,7
860050,4.5,5.336,7
860100,4.508,5.333,7
860150,4.511,5.333,7
860200,4.516,5.332,7
860250,4.519,5.329,7
860300,4.521,5.326,7
860350,4.524,5.324,7
860400,4.527,5.32,7
860450,4.53,5.318,7
860500,4.532,5.316,7
860550,4.537,5.315,7
860600,4.54,5.312,7
860650,4.542,5.307,7
860700,4.546,5.306,7
860750,4.549,5.305,7
860800,4.554,5.305,7
860850,4.559,5.305,7
860900,4.559,5.305,7
860950,4.561,5.304,7
861000,4.562,5.303,7
861050,4.562,5.303,7
861100,4.563,5.303,7
861150,4.566,5.303,7
861200,4.567,5.303,7
861250,4.568,5.303,7
861300,4.569,5.303,7
861350,4.57,5.303,7
861400,4.57,5.302,7
861450,4.57,5.301,7
861500,4.57,5.301,7
861550,4.571,5.301,7
861600,4.571,5.3,7
861650,4.572,5.298,7
861700,4.572,5.298,7
861750,4.572,5.298,7
861800,4.572,5.298,7
861850,4.572,5.298,7
861900,4.573,5.298,7
861950,4.574,5.298,7
862000,4.574,5.298,7
862050,4.574,5.298,7
862100,4.574,5.298,7
862150,4.574,5.298,7
862200,4.574,5.298,7
862250,4.574,5.298,7
862300,4.574,5.298,7
862350,4.574,5.298,7
862400,4.574,5.298,7
862450,4.574,5.298,7
862500,4.574,5.302,7
862550,4.574,5.312,7
862600,4.574,5.322,7
862650,4.574,5.329,7
862700,4.574,5.335,7
862750,4.574,5.342,7
862800,4.574,5.345,7
862850,4.574,5.348,7
862900,4.574,5.352,7
862950,4.574,5.356,7
863000,4.574,5.359,7
863050,4.574,5.364,7
863100,4.574,5.37,7
863150,4.574,5.377,7
863200,4.574,5.381,7
863250,4.574,5.384,7
863300,4.574,5.386,7
863350,4.574,5.388,7
863400,4.574,5.39,7
863450,4.574,5.392,7
863500,4.574,5.392,7
863550,4.574,5.392,7
863600,4.574,5.392,7
863650,4.574,5.392,7
863700,4.574,5.392,7
863750,4.574,5.392,7
863800,4.574,5.392,7
863850,4.574,5.392,7
863900,4.574,5.392,7
863950,4.574,5.392,7
864000,4.574,5.392,7
864050,4.574,5.392,7
864100,4.574,5.392,7
864150,4.574,5.392,7
864200,4.574,5.392,7
864250,4.574,5.392,7
864300,4.574,5.392,7
864350,4.574,5.393,7
864400,4.574,5.393,7
864450,4.574,5.393,7
864500,4.574,5.394,7
864550,4.574,5.396,7
864600,4.574,5.396,7
864650,4.574,5.397,7
864700,4.574,5.399,7
864750,4.574,5.399,7
864800,4.574,5.4,7
864850,4.574,5.401,7
864900,4.574,5.402,7
864950,4.574,5.403,7
865000,4.574,5.403,7
865050,4.574,5.404,7
865100,4.574,5.404,7
865150,4.574,5.404,7
865200,4.574,5.404,7
865250,4.574,5.404,7
865300,4.574,5.404,7
865350,4.574,5.404,7
865400,4.574,5.404,7
865450,4.574,5.404,7
865500,4.574,5.404,7
865550,4.574,5.404,7
865600,4.574,5.404,7
865650,4.574,5.404,7
865700,4.574,5.405,7
865750,4.574,5.407,7
865800,4.574,5.408,7
865850,4.574,5.408,7
865900,4.574,5.408,7
865950,4.574,5.408,7
866000,4.574,5.408,7
866050,4.574,5.408,7
866100,4.574,5.408,7
866150,4.574,5.408,7
866200,4.574,5.408,7
866250,4.574,5.408,7
866300,4.574,5.408,7
866350,4.574,5.408,7
866400,4.574,5.408,7
866450,4.574,5.408,7
866500,4.574,5.409,7
866550,4.574,5.41,7
866600,4.574,5.411,7
866650,4.574,5.411,7
866700,4.574,5.411,7
866750,4.574,5.412,7
866800,4.574,5.413,7
866850,4.574,5.413,7
866900,4.574,5.413,7
866950,4.574,5.413,7
867000,4.574,5.413,7
867050,4.574,5.413,7
867100,4.574,5.413,7
867150,4.574,5.415,7
867200,4.574,5.415,7
867250,4.574,5.415,7
867300,4.574,5.415,7
867350,4.574,5.415,7
867400,4.574,5.415,7
867450,4.574,5.415,7
867500,4.574,5.415,7
867550,4.574,5.415,7
867600,4.574,5.415,7
867650,4.574,5.416,7
867700,4.574,5.416,7
867750,4.574,5.416,7
867800,4.574,5.416,7
867850,4.574,5.416,7
867900,4.574,5.416,7
867950,4.574,5.416,7
868000,4.574,5.416,7
868050,4.574,5.416,7
868100,4.574,5.416,7
868150,4.574,5.416,7
868200,4.574,5.416,7
868250,4.574,5.416,7
868300,4.574,5.416,7
868350,4.574,5.416,7
868400,4.574,5.416,7
868450,4.574,5.416,7
868500,4.574,5.416,7
868550,4.574,5.416,7
868600,4.574,5.416,7
868650,4.574,5.416,7
868700,4.574,5.416,7
868750,4.574,5.416,7
868800,4.574,5.416,7
868850,4.574,5.416,7
868900,4.574,5.416,7
868950,4.574,5.416,7
869000,4.574,5.416,7
869050,4.574,5.416,7
869100,4.574,5.416,7
869150,4.574,5.416,7
869200,4.574,5.416,7
869250,4.574,5.416,7
869300,4.574,5.416,7
869350,4.574,5.416,7
869400,4.574,5.416,7
869450,4.574,5.416,7
869500,4.574,5.416,7
869550,4.574,5.416,7
869600,4.574,5.416,7
869650,4.574,5.416,7
869700,4.574,5.416,7
869750,4.574,5.416,7
869800,4.574,5.416,7
869850,4.574,5.416,7
869900,4.574,5.416,7
869950,4.574,5.416,7
870000,4.574,5.416,7
870050,4.574,5.416,7
870100,4.574,5.416,7
870150,4.574,5.416,7
870200,4.574,5.416,7
870250,4.574,5.416,7
870300,4.574,5.416,7
870350,4.574,5.416,7
870400,4.574,5.416,7
870450,4.574,5.416,7
870500,4.574,5.416,7
870550,4.574,5.416,7
870600,4.574,5.416,7
870650,4.574,5.416,7
870700,4.574,5.416,7
870750,4.574,5.416,7
870800,4.574,5.416,7
870850,4.574,5.416,7
870900,4.574,5.416,7
870950,4.574,5.416,7
871000,4.574,5.416,7
871050,4.574,5.416,7
871100,4.574,5.416,7
871150,4.574,5.416,7
871200,4.574,5.416,7
871250,4.574,5.416,7
871300,4.574,5.416,7
871350,4.574,5.416,7
871400,4.574,5.416,7
871450,4.574,5.416,7
871500,4.574,5.416,7
871550,4.574,5.416,7
871600,4.574,5.416,7
871650,4.574,5.416,7
871700,4.574,5.416,7
871750,4.574,5.416,7
871800,4.574,5.416,7
871850,4.574,5.416,7
871900,4.574,5.416,7
871950,4.574,5.416,7
872000,4.574,5.415,7
872050,4.574,5.415,7
872100,4.574,5.415,7
872150,4.574,5.415,7
872200,4.574,5.415,7
872250,4.574,5.415,7
872300,4.574,5.415,7
872350,4.574,5.414,7
872400,4.574,5.413,7
872450,4.574,5.413,7
872500,4.574,5.413,7
872550,4.574,5.413,7
872600,4.574,5.413,7
872650,4.574,5.411,7
872700,4.574,5.407,7
872750,4.574,5.405,7
872800,4.574,5.403,7
872850,4.574,5.401,7
872900,4.574,5.395,7
872950,4.574,5.389,7
873000,4.574,5.388,7
873050,4.574,5.383,7
873100,4.574,5.375,7
873150,4.574,5.372,7
873200,4.574,5.369,7
873250,4.574,5.361,7
873300,4.574,5.351,7
873350,4.574,5.343,7
873400,4.574,5.337,7
873450,4.574,5.328,7
873500,4.574,5.321,7
873550,4.574,5.317,7
873600,4.574,5.31,7
873650,4.574,5.303,7
873700,4.574,5.301,7
873750,4.574,5.297,7
873800,4.574,5.286,7
873850,4.574,5.277,7
873900,4.576,5.267,7
873950,4.582,5.26,7
874000,4.59,5.259,7
874050,4.599,5.258,7
874100,4.614,5.256,7
874150,4.624,5.251,7
874200,4.63,5.251,7
874250,4.633,5.251,7
874300,4.637,5.249,7
874350,4.639,5.246,7
874400,4.642,5.246,7
874450,4.643,5.246,7
874500,4.646,5.246,7
874550,4.647,5.242,7
874600,4.649,5.233,7
874650,4.654,5.231,7
874700,4.66,5.224,7
874750,4.666,5.219,7
874800,4.671,5.214,7
874850,4.679,5.213,7
874900,4.684,5.212,7
874950,4.687,5.209,7
875000,4.688,5.206,7
875050,4.691,5.204,7
875100,4.694,5.203,7
875150,4.694,5.2,7
875200,4.694,5.196,7
875250,4.696,5.193,7
875300,4.699,5.187,7
875350,4.699,5.182,7
875400,4.699,5.181,7
875450,4.701,5.179,7
875500,4.704,5.176,7
875550,4.706,5.174,7
875600,4.707,5.17,7
875650,4.708,5.169,7
875700,4.709,5.166,7
875750,4.712,5.164,7
875800,4.713,5.161,7
875850,4.714,5.161,7
875900,4.715,5.159,7
875950,4.718,5.157,7
876000,4.718,5.155,7
876050,4.718,5.154,7
876100,4.719,5.151,7
876150,4.72,5.151,7
876200,4.72,5.15,7
876250,4.721,5.148,7
876300,4.721,5.147,7
876350,4.721,5.145,7
876400,4.723,5.105,7
876450,4.725,5.022,7
876500,4.727,5.02,7
876550,4.73,5.015,7
876600,4.73,5.015,7
876650,4.731,5.013,7
876700,4.736,5.01,7
876750,4.74,5.006,7
876800,4.746,5.0,7
876850,4.756,5.0,7
876900,4.767,5.0,7
876950,4.778,5.0,7
877000,4.789,5.0,7
877050,4.796,5.0,7
877100,4.809,5.0,7
877150,4.82,5.0,7
877200,4.828,5.0,7
877250,4.831,5.0,7
877300,4.838,5.0,7
877350,4.843,5.0,7
877400,4.852,5.0,7
877450,4.857,5.0,7
877500,4.873,5.0,7
877550,4.911,5.0,7
877600,4.926,5.0,7
877650,4.942,5.0,7
877700,4.953,5.0,7
877750,4.957,5.0,7
877800,4.967,5.0,7
877850,4.968,5.0,7
877900,4.973,5.0,7
877950,4.979,5.0,7
878000,4.986,5.0,7
878050,4.993,5.0,7
878100,4.998,5.0,7
878150,5.0,5.0,7
878200,5.0,5.0,7
878250,5.0,5.0,7
878300,5.0,5.0,7
878350,5.0,5.0,7
878400,5.0,5.0,7
878450,5.0,5.0,7
878500,5.0,5.0,7
878550,5.0,5.0,7
878600,5.0,5.0,7
878650,5.0,5.0,7
878700,5.0,5.0,7
878750,5.0,5.0,7
878800,5.0,5.0,7
878850,5.0,5.0,7
878900,5.0,5.0,7
878950,5.0,5.0,7
879000,5.0,5.0,7
879050,5.0,5.0,7
879100,5.0,5.0,7
879150,5.0,5.0,7
879200,5.0,5.0,7
879250,5.0,5.0,7
879300,5.0,5.0,7
879350,5.0,5.0,7
879400,5.0,5.0,7
879450,5.0,5.0,7
879500,5.0,5.0,7
879550,5.0,5.0,7
879600,5.0,5.0,7
879650,5.0,5.0,7
879700,5.0,5.0,7
879750,5.0,5.0,7
879800,5.0,5.0,7
879850,5.0,5.0,7
879900,5.0,5.0,7
879950,5.0,5.0,7
880000,5.0,5.0,7
880050,5.0,5.0,7
880100,5.0,5.0,7
880150,5.0,5.0,7
880200,5.0,5.0,7
880250,5.0,5.0,7
880300,5.0,5.0,7
880350,5.0,5.0,7
880400,5.0,5.0,7
880450,5.0,5.0,7
880500,5.0,5.0,7
880550,5.0,5.0,7
880600,5.0,5.0,7
880650,5.0,5.0,7
880700,4.999,5.023,7
880750,4.985,5.083,7
880800,4.952,5.113,7
880850,4.919,5.141,7
880900,4.85,5.17,7
880950,4.758,5.205,7
881000,4.745,5.22,7
881050,4.742,5.266,7
881100,4.733,5.299,7
881150,4.726,5.31,7
881200,4.688,5.32,7
881250,4.619,5.339,7
881300,4.565,5.375,7
881350,4.451,5.427,7
881400,4.278,5.5,7
881450,4.161,5.567,7
881500,4.112,5.593,7
881550,4.083,5.611,7
881600,4.082,5.633,7
881650,4.082,5.655,7
881700,4.082,5.668,7
881750,4.082,5.671,7
881800,4.082,5.678,7
881850,4.082,5.683,7
881900,4.082,5.689,7
881950,4.082,5.705,7
882000,4.082,5.718,7
882050,4.082,5.733,7
882100,4.077,5.746,7
882150,4.063,5.763,7
882200,4.048,5.78,7
882250,4.029,5.797,7
882300,4.003,5.818,7
882350,3.96,5.842,7
882400,3.924,5.858,7
882450,3.892,5.868,7
882500,3.872,5.879,7
882550,3.856,5.89,7
882600,3.85,5.899,7
882650,3.845,5.908,7
882700,3.838,5.914,7
882750,3.823,5.924,7
882800,3.814,5.926,7
882850,3.801,5.933,7
882900,3.788,5.941,7
882950,3.78,5.951,7
883000,3.774,5.952,7
883050,3.769,5.956,7
883100,3.764,5.963,7
883150,3.762,5.967,7
883200,3.76,5.972,7
883250,3.756,5.98,7
883300,3.751,5.984,7
883350,3.748,5.988,7
883400,3.747,5.99,7
883450,3.744,5.992,7
883500,3.741,5.998,7
883550,3.735,6.01,7
883600,3.732,6.02,7
883650,3.726,6.025,7
883700,3.725,6.025,7
883750,3.723,6.025,7
883800,3.723,6.025,7
883850,3.722,6.025,7
883900,3.721,6.025,7
883950,3.72,6.025,7
884000,3.718,6.025,7
884050,3.717,6.025,7
884100,3.717,6.025,7
884150,3.717,6.025,7
884200,3.717,6.025,7
884250,3.717,6.025,7
884300,3.717,6.025,7
884350,3.717,6.025,7
884400,3.717,6.025,7
884450,3.717,6.025,7
884500,3.717,6.025,7
884550,3.717,6.025,7
884600,3.717,6.025,7
884650,3.717,6.025,7
884700,3.717,6.025,7
884750,3.717,6.025,7
884800,3.717,6.025,7
884850,3.717,6.025,7
884900,3.717,6.025,7
884950,3.717,6.025,7
885000,3.717,6.025,7
885050,3.717,6.025,7
885100,3.717,6.025,7
885150,3.716,6.025,7
885200,3.716,6.025,7
885250,3.716,6.025,7
885300,3.716,6.025,7
885350,3.716,6.025,7
885400,3.716,6.025,7
885450,3.716,6.025,7
885500,3.716,6.025,7
885550,3.716,6.025,7
885600,3.716,6.025,7
885650,3.716,6.025,7
885700,3.716,6.025,7
885750,3.716,6.025,7
885800,3.716,6.025,7
885850,3.716,6.025,7
885900,3.716,6.025,7
885950,3.716,6.025,7
886000,3.716,6.025,7
886050,3.716,6.025,7
886100,3.716,6.025,7
886150,3.716,6.025,7
886200,3.716,6.025,7
886250,3.716,6.025,7
886300,3.716,6.025,7
886350,3.716,6.025,7
886400,3.716,6.025,7
886450,3.716,6.025,7
886500,3.716,6.025,7
886550,3.716,6.025,7
886600,3.716,6.025,7
886650,3.716,6.025,7
886700,3.716,6.025,7
886750,3.716,6.023,7
886800,3.716,6.016,7
886850,3.716,6.011,7
886900,3.716,6.009,7
886950,3.716,6.008,7
887000,3.716,6.008,7
887050,3.716,6.008,7
887100,3.716,6.008,7
887150,3.716,6.008,7
887200,3.716,6.008,7
887250,3.716,6.008,7
887300,3.716,6.008,7
887350,3.716,6.008,7
887400,3.716,6.008,7
887450,3.716,6.008,7
887500,3.716,6.008,7
887550,3.716,6.008,7
887600,3.716,6.008,7
887650,3.716,6.008,7
887700,3.716,6.008,7
887750,3.716,6.008,7
887800,3.716,6.008,7
887850,3.716,6.008,7
887900,3.716,6.008,7
887950,3.716,6.007,7
888000,3.716,6.006,7
888050,3.716,6.004,7
888100,3.716,6.002,7
888150,3.714,5.994,7
888200,3.705,5.981,7
888250,3.694,5.973,7
888300,3.689,5.964,7
888350,3.683,5.957,7
888400,3.681,5.955,7
888450,3.681,5.953,7
888500,3.681,5.95,7
888550,3.681,5.949,7
888600,3.681,5.949,7
888650,3.681,5.949,7
888700,3.681,5.948,7
888750,3.681,5.948,7
888800,3.681,5.948,7
888850,3.681,5.948,7
888900,3.681,5.948,7
888950,3.681,5.948,7
889000,3.681,5.948,7
889050,3.681,5.948,7
889100,3.681,5.948,7
889150,3.681,5.948,7
889200,3.681,5.948,7
889250,3.681,5.948,7
889300,3.681,5.948,7
889350,3.681,5.948,7
889400,3.681,5.948,7
889450,3.681,5.948,7
889500,3.681,5.948,7
889550,3.681,5.948,7
889600,3.681,5.948,7
889650,3.681,5.948,7
889700,3.681,5.95,7
889750,3.681,5.957,7
889800,3.681,5.962,7
889850,3.681,5.965,7
889900,3.681,5.967,7
889950,3.681,5.969,7
890000,3.681,5.973,7
890050,3.681,5.975,7
890100,3.681,5.975,7
890150,3.681,5.975,7
890200,3.681,5.975,7
890250,3.681,5.975,7
890300,3.681,5.975,7
890350,3.681,5.975,7
890400,3.681,5.975,7
890450,3.681,5.975,7
890500,3.681,5.975,7
890550,3.681,5.975,7
890600,3.681,5.975,7
890650,3.681,5.975,7
890700,3.681,5.975,7
890750,3.681,5.975,7
890800,3.681,5.975,7
890850,3.681,5.975,7
890900,3.681,5.975,7
890950,3.681,5.975,7
891000,3.681,5.975,7
891050,3.681,5.975,7
891100,3.681,5.975,7
891150,3.681,5.975,7
891200,3.681,5.975,7
891250,3.681,5.975,7
891300,3.681,5.975,7
891350,3.681,5.975,7
891400,3.681,5.975,7
891450,3.681,5.975,7
891500,3.681,5.975,7
891550,3.681,5.975,7
891600,3.681,5.975,7
891650,3.681,5.975,7
891700,3.681,5.975,7
891750,3.681,5.975,7
891800,3.681,5.975,7
891850,3.681,5.975,7
891900,3.681,5.975,7
891950,3.681,5.975,7
892000,3.681,5.975,7
892050,3.681,5.975,7
892100,3.681,5.975,7
892150,3.681,5.975,7
892200,3.681,5.974,7
892250,3.681,5.973,7
892300,3.681,5.972,7
892350,3.681,5.971,7
892400,3.681,5.971,7
892450,3.681,5.971,7
892500,3.681,5.971,7
892550,3.681,5.971,7
892600,3.681,5.971,7
892650,3.681,5.971,7
892700,3.681,5.971,7
892750,3.681,5.971,7
892800,3.681,5.971,7
892850,3.681,5.971,7
892900,3.681,5.971,7
892950,3.681,5.971,7
893000,3.681,5.971,7
893050,3.681,5.968,7
893100,3.681,5.953,7
893150,3.681,5.934,7
893200,3.677,5.93,7
893250,3.665,5.922,7
893300,3.655,5.922,7
893350,3.65,5.922,7
893400,3.647,5.922,7
893450,3.646,5.922,7
893500,3.646,5.922,7
893550,3.646,5.922,7
893600,3.646,5.922,7
893650,3.646,5.924,7
893700,3.646,5.945,7
893750,3.646,5.99,7
893800,3.646,6.021,7
893850,3.646,6.052,7
893900,3.646,6.079,7
893950,3.646,6.118,7
894000,3.646,6.137,7
894050,3.646,6.16,7
894100,3.646,6.175,7
894150,3.646,6.184,7
894200,3.646,6.187,7
894250,3.646,6.187,7
894300,3.646,6.187,7
894350,3.646,6.187,7
894400,3.646,6.187,7
894450,3.646,6.187,7
894500,3.646,6.187,7
894550,3.646,6.187,7
894600,3.646,6.187,7
894650,3.646,6.187,7
894700,3.646,6.186,7
894750,3.646,6.183,7
894800,3.646,6.18,7
894850,3.646,6.174,7
894900,3.646,6.167,7
894950,3.646,6.159,7
895000,3.646,6.151,7
895050,3.646,6.138,7
895100,3.646,6.121,7
895150,3.646,6.112,7
895200,3.646,6.107,7
895250,3.646,6.092,7
895300,3.642,6.069,7
895350,3.632,6.051,7
895400,3.631,6.045,7
895450,3.63,6.038,7
895500,3.629,6.038,7
895550,3.627,6.038,7
895600,3.627,6.038,7
895650,3.627,6.038,7
895700,3.627,6.038,7
895750,3.627,6.038,7
895800,3.627,6.033,7
895850,3.627,6.017,7
895900,3.627,5.997,7
895950,3.627,5.978,7
896000,3.627,5.972,7
896050,3.627,5.971,7
896100,3.627,5.968,7
896150,3.627,5.961,7
896200,3.627,5.951,7
896250,3.627,5.936,7
896300,3.627,5.916,7
896350,3.627,5.898,7
896400,3.627,5.885,7
896450,3.627,5.878,7
896500,3.627,5.873,7
896550,3.627,5.868,7
896600,3.627,5.867,7
896650,3.627,5.865,7
896700,3.627,5.863,7
896750,3.627,5.863,7
896800,3.627,5.861,7
896850,3.627,5.861,7
896900,3.627,5.858,7
896950,3.627,5.851,7
897000,3.627,5.851,7
897050,3.627,5.851,7
897100,3.627,5.851,7
897150,3.627,5.851,7
897200,3.627,5.851,7
897250,3.627,5.851,7
897300,3.627,5.851,7
897350,3.627,5.851,7
897400,3.627,5.851,7
897450,3.627,5.851,7
897500,3.627,5.851,7
897550,3.627,5.851,7
897600,3.627,5.851,7
897650,3.627,5.851,7
897700,3.627,5.851,7
897750,3.627,5.851,7
897800,3.627,5.851,7
897850,3.627,5.851,7
897900,3.627,5.851,7
897950,3.627,5.851,7
898000,3.627,5.851,7
898050,3.627,5.851,7
898100,3.627,5.851,7
898150,3.627,5.851,7
898200,3.627,5.851,7
898250,3.627,5.851,7
898300,3.627,5.851,7
898350,3.627,5.851,7
898400,3.627,5.851,7
898450,3.627,5.851,7
898500,3.627,5.851,7
898550,3.627,5.851,7
898600,3.627,5.851,7
898650,3.627,5.851,7
898700,3.627,5.851,7
898750,3.627,5.851,7
898800,3.627,5.851,7
898850,3.627,5.851,7
898900,3.627,5.851,7
898950,3.627,5.851,7
899000,3.627,5.851,7
899050,3.627,5.851,7
899100,3.627,5.851,7
899150,3.627,5.851,7
899200,3.627,5.851,7
899250,3.627,5.851,7
899300,3.627,5.851,7
899350,3.627,5.851,7
899400,3.627,5.851,7
899450,3.627,5.851,7
899500,3.627,5.851,7
899550,3.627,5.851,7
899600,3.627,5.851,7
899650,3.627,5.851,7
899700,3.627,5.851,7
899750,3.627,5.851,7
899800,3.627,5.85,7
899850,3.627,5.846,7
899900,3.627,5.839,7
899950,3.627,5.829,7
900000,3.627,5.824,7
900050,3.627,5.82,7
900100,3.627,5.82,7
900150,3.627,5.82,7
900200,3.627,5.82,7
900250,3.627,5.82,7
900300,3.627,5.82,7
900350,3.627,5.82,7
900400,3.627,5.82,7
900450,3.627,5.82,7
900500,3.627,5.82,7
900550,3.627,5.819,7
900600,3.627,5.816,7
900650,3.627,5.811,7
900700,3.627,5.804,7
900750,3.627,5.804,7
900800,3.627,5.802,7
900850,3.627,5.797,7
900900,3.627,5.793,7
900950,3.627,5.79,7
901000,3.627,5.788,7
901050,3.627,5.785,7
901100,3.627,5.781,7
901150,3.627,5.772,7
901200,3.627,5.769,7
901250,3.627,5.765,7
901300,3.627,5.761,7
901350,3.627,5.754,7
901400,3.627,5.748,7
901450,3.627,5.743,7
901500,3.627,5.74,7
901550,3.627,5.737,7
901600,3.627,5.734,7
901650,3.627,5.729,7
901700,3.627,5.728,7
901750,3.627,5.726,7
901800,3.627,5.723,7
901850,3.627,5.716,7
901900,3.627,5.715,7
901950,3.627,5.712,7
902000,3.627,5.711,7
902050,3.627,5.71,7
902100,3.627,5.71,7
902150,3.627,5.71,7
902200,3.627,5.71,7
902250,3.627,5.71,7
902300,3.627,5.71,7
902350,3.627,5.71,7
902400,3.627,5.71,7
902450,3.627,5.71,7
902500,3.627,5.71,7
902550,3.627,5.71,7
902600,3.627,5.71,7
902650,3.627,5.71,7
902700,3.627,5.71,7
902750,3.627,5.71,7
902800,3.627,5.71,7
902850,3.627,5.71,7
902900,3.627,5.71,7
902950,3.627,5.71,7
903000,3.627,5.71,7
903050,3.627,5.71,7
903100,3.627,5.71,7
903150,3.627,5.71,7
903200,3.627,5.71,7
903250,3.627,5.71,7
903300,3.627,5.71,7
903350,3.627,5.71,7
903400,3.627,5.71,7
903450,3.627,5.71,7
903500,3.627,5.71,7
903550,3.627,5.71,7
903600,3.627,5.71,7
903650,3.627,5.71,7
903700,3.627,5.71,7
903750,3.627,5.71,7
903800,3.627,5.71,7
903850,3.627,5.71,7
903900,3.627,5.71,7
903950,3.627,5.71,7
904000,3.627,5.71,7
904050,3.627,5.71,7
904100,3.627,5.71,7
904150,3.627,5.71,7
904200,3.627,5.71,7
904250,3.627,5.71,7
904300,3.627,5.71,7
904350,3.627,5.71,7
904400,3.627,5.71,7
904450,3.627,5.71,7
904500,3.627,5.71,7
904550,3.627,5.71,7
904600,3.627,5.71,7
904650,3.627,5.71,7
904700,3.627,5.71,7
904750,3.627,5.71,7
904800,3.627,5.71,7
904850,3.627,5.71,7
904900,3.627,5.71,7
904950,3.627,5.71,7
905000,3.627,5.71,7
905050,3.627,5.71,7
905100,3.627,5.71,7
905150,3.627,5.71,7
905200,3.627,5.71,7
905250,3.627,5.71,7
905300,3.627,5.71,7
905350,3.627,5.71,7
905400,3.627,5.71,7
905450,3.627,5.71,7
905500,3.627,5.71,7
905550,3.627,5.71,7
905600,3.627,5.71,7
905650,3.627,5.71,7
905700,3.627,5.71,7
905750,3.627,5.71,7
905800,3.627,5.71,7
905850,3.627,5.71,7
905900,3.627,5.71,7
905950,3.627,5.71,7
906000,3.627,5.71,7
906050,3.627,5.71,7
906100,3.627,5.71,7
906150,3.627,5.71,7
906200,3.627,5.71,7
906250,3.627,5.71,7
906300,3.627,5.71,7
906350,3.627,5.71,7
906400,3.627,5.71,7
906450,3.627,5.71,7
906500,3.627,5.71,7
906550,3.627,5.71,7
906600,3.627,5.71,7
906650,3.627,5.71,7
906700,3.627,5.71,7
906750,3.627,5.71,7
906800,3.627,5.71,7
906850,3.627,5.71,7
906900,3.627,5.71,7
906950,3.627,5.71,7
907000,3.627,5.71,7
907050,3.627,5.71,7
907100,3.627,5.71,7
907150,3.627,5.71,7
907200,3.627,5.71,7
907250,3.627,5.71,7
907300,3.627,5.71,7
907350,3.627,5.71,7
907400,3.627,5.71,7
907450,3.627,5.71,7
907500,3.627,5.71,7
907550,3.627,5.71,7
907600,3.627,5.71,7
907650,3.627,5.71,7
907700,3.627,5.71,7
907750,3.627,5.71,7
907800,3.627,5.71,7
907850,3.627,5.71,7
907900,3.627,5.71,7
907950,3.627,5.71,7
908000,3.627,5.71,7
908050,3.627,5.71,7
908100,3.627,5.71,7
908150,3.627,5.71,7
908200,3.627,5.71,7
908250,3.627,5.71,7
908300,3.627,5.71,7
908350,3.627,5.71,7
908400,3.627,5.71,7
908450,3.627,5.71,7
908500,3.627,5.71,7
908550,3.627,5.71,7
908600,3.627,5.71,7
908650,3.627,5.71,7
908700,3.627,5.71,7
908750,3.627,5.71,7
908800,3.627,5.71,7
908850,3.627,5.71,7
908900,3.627,5.71,7
908950,3.627,5.71,7
909000,3.627,5.71,7
909050,3.627,5.71,7
909100,3.627,5.71,7
909150,3.627,5.71,7
909200,3.627,5.71,7
909250,3.627,5.71,7
909300,3.627,5.71,7
909350,3.627,5.71,7
909400,3.627,5.71,7
909450,3.627,5.71,7
909500,3.627,5.71,7
909550,3.627,5.71,7
909600,3.627,5.71,7
909650,3.627,5.71,7
909700,3.627,5.71,7
909750,3.627,5.71,7
909800,3.627,5.71,7
909850,3.627,5.71,7
909900,3.627,5.71,7
909950,3.627,5.71,7
910000,3.627,5.71,7
910050,3.627,5.71,7
910100,3.627,5.71,7
910150,3.627,5.71,7
910200,3.627,5.71,7
910250,3.627,5.71,7
910300,3.627,5.71,7
910350,3.627,5.71,7
910400,3.627,5.71,7
910450,3.627,5.71,7
910500,3.627,5.71,7
910550,3.627,5.71,7
910600,3.627,5.71,7
910650,3.627,5.71,7
910700,3.627,5.71,7
910750,3.627,5.71,7
910800,3.627,5.71,7
910850,3.627,5.71,7
910900,3.627,5.71,7
910950,3.627,5.71,7
911000,3.627,5.71,7
911050,3.627,5.71,7
911100,3.627,5.71,7
911150,3.627,5.71,7
911200,3.627,5.71,7
911250,3.627,5.71,7
911300,3.627,5.71,7
911350,3.627,5.71,7
911400,3.627,5.71,7
911450,3.627,5.71,7
911500,3.627,5.71,7
911550,3.627,5.71,7
911600,3.627,5.71,7
911650,3.627,5.71,7
911700,3.627,5.71,7
911750,3.627,5.71,7
911800,3.627,5.71,7
911850,3.627,5.71,7
911900,3.627,5.71,7
911950,3.627,5.71,7
912000,3.627,5.71,7
912050,3.627,5.71,7
912100,3.627,5.71,7
912150,3.627,5.71,7
912200,3.627,5.71,7
912250,3.627,5.71,7
912300,3.627,5.71,7
912350,3.627,5.71,7
912400,3.627,5.71,7
912450,3.627,5.71,7
912500,3.627,5.71,7
912550,3.627,5.71,7
912600,3.627,5.71,7
912650,3.627,5.71,7
912700,3.627,5.71,7
912750,3.627,5.71,7
912800,3.627,5.71,7
912850,3.627,5.71,7
912900,3.627,5.71,7
912950,3.627,5.71,7
913000,3.627,5.71,7
913050,3.627,5.71,7
913100,3.627,5.71,7
913150,3.627,5.71,7
913200,3.627,5.71,7
913250,3.627,5.71,7
913300,3.629,5.71,7
913350,3.633,5.71,7
913400,3.634,5.71,7
913450,3.636,5.71,7
913500,3.636,5.71,7
913550,3.639,5.703,7
913600,3.655,5.685,7
913650,3.689,5.675,7
913700,3.712,5.675,7
913750,3.732,5.675,7
913800,3.743,5.673,7
913850,3.747,5.662,7
913900,3.755,5.647,7
913950,3.769,5.637,7
914000,3.781,5.626,7
914050,3.803,5.613,7
914100,3.83,5.601,7
914150,3.869,5.589,7
914200,3.892,5.586,7
914250,3.899,5.586,7
914300,3.899,5.586,7
914350,3.9,5.586,7
914400,3.9,5.586,7
914450,3.9,5.586,7
914500,3.9,5.586,7
914550,3.901,5.586,7
914600,3.905,5.586,7
914650,3.905,5.586,7
914700,3.905,5.586,7
914750,3.905,5.586,7
914800,3.905,5.586,7
914850,3.905,5.586,7
914900,3.906,5.583,7
914950,3.906,5.578,7
915000,3.906,5.573,7
915050,3.908,5.564,7
915100,3.913,5.563,7
915150,3.913,5.559,7
915200,3.915,5.556,7
915250,3.924,5.553,7
915300,3.932,5.547,7
915350,3.941,5.546,7
915400,3.945,5.546,7
915450,3.95,5.546,7
915500,3.952,5.546,7
915550,3.956,5.545,7
915600,3.957,5.545,7
915650,3.961,5.545,7
915700,3.961,5.545,7
915750,3.962,5.545,7
915800,3.963,5.545,7
915850,3.963,5.545,7
915900,3.965,5.545,7
915950,3.965,5.545,7
916000,3.965,5.545,7
916050,3.965,5.545,7
916100,3.966,5.545,7
916150,3.966,5.545,7
916200,3.966,5.545,7
916250,3.966,5.545,7
916300,3.966,5.545,7
916350,3.966,5.545,7
916400,3.966,5.545,7
916450,3.966,5.545,7
916500,3.966,5.545,7
916550,3.966,5.545,7
916600,3.966,5.545,7
916650,3.966,5.545,7
916700,3.966,5.545,7
916750,3.966,5.545,7
916800,3.966,5.545,7
916850,3.966,5.545,7
916900,3.966,5.545,7
916950,3.966,5.545,7
917000,3.966,5.545,7
917050,3.966,5.545,7
917100,3.966,5.545,7
917150,3.966,5.545,7
917200,3.966,5.545,7
917250,3.966,5.545,7
917300,3.966,5.545,7
917350,3.966,5.545,7
917400,3.966,5.545,7
917450,3.966,5.545,7
917500,3.966,5.545,7
917550,3.966,5.545,7
917600,3.966,5.545,7
917650,3.967,5.545,7
917700,3.969,5.545,7
917750,3.971,5.545,7
917800,3.973,5.542,7
917850,3.976,5.534,7
917900,3.985,5.522,7
917950,4.007,5.507,7
918000,4.048,5.492,7
918050,4.116,5.47,7
918100,4.186,5.455,7
918150,4.209,5.451,7
918200,4.209,5.445,7
918250,4.21,5.437,7
918300,4.213,5.434,7
918350,4.219,5.428,7
918400,4.224,5.423,7
918450,4.228,5.415,7
918500,4.233,5.408,7
918550,4.239,5.402,7
918600,4.242,5.399,7
918650,4.248,5.394,7
918700,4.253,5.392,7
918750,4.258,5.386,7
918800,4.264,5.383,7
918850,4.268,5.381,7
918900,4.273,5.378,7
918950,4.276,5.372,7
919000,4.28,5.367,7
919050,4.288,5.363,7
919100,4.292,5.359,7
919150,4.298,5.353,7
919200,4.302,5.353,7
919250,4.303,5.352,7
919300,4.304,5.351,7
919350,4.307,5.351,7
919400,4.309,5.351,7
919450,4.309,5.351,7
919500,4.312,5.351,7
919550,4.315,5.351,7
919600,4.315,5.351,7
919650,4.315,5.351,7
919700,4.315,5.351,7
919750,4.315,5.351,7
919800,4.315,5.351,7
919850,4.315,5.351,7
919900,4.315,5.351,7
919950,4.315,5.351,7
920000,4.315,5.351,7
920050,4.315,5.351,7
920100,4.315,5.351,7
920150,4.315,5.351,7
920200,4.315,5.351,7
920250,4.315,5.351,7
920300,4.315,5.351,7
920350,4.315,5.351,7
920400,4.315,5.351,7
920450,4.315,5.351,7
920500,4.315,5.351,7
920550,4.315,5.351,7
920600,4.315,5.351,7
920650,4.315,5.351,7
920700,4.315,5.351,7
920750,4.316,5.351,7
920800,4.318,5.351,7
920850,4.318,5.351,7
920900,4.318,5.351,7
920950,4.318,5.351,7
921000,4.318,5.351,7
921050,4.318,5.351,7
921100,4.318,5.351,7
921150,4.318,5.351,7
921200,4.318,5.351,7
921250,4.318,5.351,7
921300,4.318,5.351,7
921350,4.318,5.351,7
921400,4.318,5.351,7
921450,4.318,5.351,7
921500,4.318,5.351,7
921550,4.318,5.351,7
921600,4.318,5.351,7
921650,4.318,5.351,7
921700,4.318,5.351,7
921750,4.319,5.351,7
921800,4.319,5.351,7
921850,4.319,5.351,7
921900,4.319,5.351,7
921950,4.319,5.351,7
922000,4.319,5.351,7
922050,4.319,5.351,7
922100,4.319,5.351,7
922150,4.319,5.351,7
922200,4.319,5.351,7
922250,4.319,5.351,7
922300,4.32,5.351,7
922350,4.32,5.351,7
922400,4.32,5.351,7
922450,4.32,5.351,7
922500,4.32,5.351,7
922550,4.32,5.351,7
922600,4.32,5.351,7
922650,4.32,5.351,7
922700,4.32,5.351,7
922750,4.32,5.351,7
922800,4.32,5.351,7
922850,4.32,5.351,7
922900,4.32,5.351,7
922950,4.32,5.351,7
923000,4.32,5.351,7
923050,4.32,5.351,7
923100,4.32,5.351,7
923150,4.32,5.351,7
923200,4.32,5.351,7
923250,4.32,5.351,7
923300,4.32,5.351,7
923350,4.32,5.351,7
923400,4.32,5.351,7
923450,4.32,5.351,7
923500,4.32,5.351,7
923550,4.32,5.351,7
923600,4.32,5.351,7
923650,4.32,5.351,7
923700,4.32,5.351,7
923750,4.32,5.351,7
923800,4.32,5.351,7
923850,4.32,5.351,7
923900,4.32,5.351,7
923950,4.32,5.351,7
924000,4.32,5.351,7
924050,4.32,5.351,7
924100,4.32,5.351,7
924150,4.32,5.351,7
924200,4.32,5.351,7
924250,4.32,5.351,7
924300,4.32,5.351,7
924350,4.32,5.351,7
924400,4.32,5.351,7
924450,4.32,5.351,7
924500,4.32,5.351,7
924550,4.32,5.351,7
924600,4.321,5.351,7
924650,4.321,5.351,7
924700,4.322,5.351,7
924750,4.325,5.351,7
924800,4.326,5.351,7
924850,4.326,5.351,7
924900,4.326,5.351,7
924950,4.327,5.351,7
925000,4.327,5.351,7
925050,4.327,5.351,7
925100,4.327,5.351,7
925150,4.327,5.351,7
925200,4.328,5.351,7
925250,4.329,5.351,7
925300,4.329,5.351,7
925350,4.329,5.351,7
925400,4.329,5.351,7
925450,4.329,5.351,7
925500,4.329,5.351,7
925550,4.329,5.351,7
925600,4.329,5.351,7
925650,4.329,5.351,7
925700,4.329,5.351,7
925750,4.329,5.351,7
925800,4.329,5.351,7
925850,4.329,5.351,7
925900,4.329,5.351,7
925950,4.329,5.351,7
926000,4.329,5.351,7
926050,4.329,5.351,7
926100,4.329,5.351,7
926150,4.329,5.351,7
926200,4.329,5.351,7
926250,4.329,5.351,7
926300,4.329,5.351,7
926350,4.329,5.351,7
926400,4.329,5.351,7
926450,4.329,5.351,7
926500,4.329,5.351,7
926550,4.329,5.351,7
926600,4.329,5.351,7
926650,4.329,5.351,7
926700,4.329,5.351,7
926750,4.329,5.351,7
926800,4.329,5.351,7
926850,4.329,5.351,7
926900,4.329,5.351,7
926950,4.329,5.351,7
927000,4.329,5.351,7
927050,4.329,5.351,7
927100,4.329,5.351,7
927150,4.329,5.351,7
927200,4.329,5.351,7
927250,4.329,5.351,7
927300,4.329,5.351,7
927350,4.329,5.351,7
927400,4.329,5.351,7
927450,4.329,5.351,7
927500,4.329,5.351,7
927550,4.329,5.351,7
927600,4.329,5.351,7
927650,4.329,5.351,7
927700,4.329,5.351,7
927750,4.329,5.351,7
927800,4.329,5.351,7
927850,4.329,5.351,7
927900,4.329,5.351,7
927950,4.329,5.351,7
928000,4.329,5.351,7
928050,4.329,5.351,7
928100,4.329,5.351,7
928150,4.329,5.351,7
928200,4.329,5.351,7
928250,4.329,5.351,7
928300,4.329,5.351,7
928350,4.329,5.351,7
928400,4.33,5.351,7
928450,4.332,5.351,7
928500,4.334,5.351,7
928550,4.334,5.351,7
928600,4.334,5.351,7
928650,4.334,5.351,7
928700,4.334,5.351,7
928750,4.334,5.351,7
928800,4.334,5.351,7
928850,4.334,5.351,7
928900,4.334,5.351,7
928950,4.334,5.351,7
929000,4.336,5.351,7
929050,4.34,5.351,7
929100,4.344,5.351,7
929150,4.344,5.351,7
929200,4.344,5.351,7
929250,4.344,5.351,7
929300,4.344,5.351,7
929350,4.344,5.351,7
929400,4.344,5.351,7
929450,4.344,5.351,7
929500,4.344,5.351,7
929550,4.346,5.351,7
929600,4.346,5.351,7
929650,4.346,5.351,7
929700,4.346,5.351,7
929750,4.346,5.351,7
929800,4.346,5.351,7
929850,4.346,5.351,7
929900,4.346,5.351,7
929950,4.346,5.351,7
930000,4.346,5.351,7
930050,4.346,5.351,7
930100,4.346,5.351,7
930150,4.346,5.351,7
930200,4.346,5.351,7
930250,4.346,5.351,7
930300,4.346,5.351,7
930350,4.346,5.351,7
930400,4.346,5.351,7
930450,4.346,5.351,7
930500,4.346,5.351,7
930550,4.346,5.351,7
930600,4.346,5.351,7
930650,4.346,5.351,7
930700,4.346,5.351,7
930750,4.346,5.351,7
930800,4.346,5.351,7
930850,4.346,5.351,7
930900,4.346,5.351,7
930950,4.346,5.351,7
931000,4.346,5.351,7
931050,4.346,5.351,7
931100,4.346,5.351,7
931150,4.346,5.351,7
931200,4.346,5.351,7
931250,4.346,5.351,7
931300,4.346,5.351,7
931350,4.346,5.351,7
931400,4.346,5.351,7
931450,4.346,5.351,7
931500,4.346,5.351,7
931550,4.346,5.351,7
931600,4.346,5.351,7
931650,4.346,5.351,7
931700,4.346,5.351,7
931750,4.346,5.351,7
931800,4.346,5.351,7
931850,4.346,5.351,7
931900,4.346,5.351,7
931950,4.346,5.351,7
932000,4.346,5.351,7
932050,4.346,5.351,7
932100,4.346,5.351,7
932150,4.346,5.351,7
932200,4.346,5.351,7
932250,4.346,5.351,7
932300,4.346,5.351,7
932350,4.346,5.351,7
932400,4.346,5.351,7
932450,4.346,5.351,7
932500,4.346,5.351,7
932550,4.346,5.351,7
932600,4.346,5.351,7
932650,4.346,5.351,7
932700,4.346,5.351,7
932750,4.346,5.351,7
932800,4.346,5.351,7
932850,4.346,5.351,7
932900,4.346,5.351,7
932950,4.346,5.351,7
933000,4.346,5.351,7
933050,4.346,5.351,7
933100,4.346,5.351,7
933150,4.346,5.351,7
933200,4.346,5.351,7
933250,4.346,5.351,7
933300,4.346,5.351,7
933350,4.346,5.351,7
933400,4.346,5.351,7
933450,4.346,5.351,7
933500,4.346,5.351,7
933550,4.346,5.351,7
933600,4.346,5.351,7
933650,4.346,5.351,7
933700,4.346,5.351,7
933750,4.346,5.351,7
933800,4.346,5.351,7
933850,4.346,5.351,7
933900,4.346,5.351,7
933950,4.346,5.351,7
934000,4.346,5.351,7
934050,4.346,5.351,7
934100,4.346,5.351,7
934150,4.346,5.351,7
934200,4.346,5.351,7
934250,4.346,5.351,7
934300,4.346,5.351,7
934350,4.346,5.351,7
934400,4.346,5.351,7
934450,4.346,5.351,7
934500,4.346,5.351,7
934550,4.346,5.351,7
934600,4.346,5.351,7
934650,4.346,5.351,7
934700,4.346,5.351,7
934750,4.346,5.351,7
934800,4.346,5.351,7
934850,4.346,5.351,7
934900,4.346,5.351,7
934950,4.346,5.351,7
935000,4.346,5.351,7
935050,4.346,5.351,7
935100,4.346,5.351,7
935150,4.346,5.351,7
935200,4.346,5.351,7
935250,4.346,5.351,7
935300,4.346,5.351,7
935350,4.346,5.351,7
935400,4.346,5.351,7
935450,4.346,5.351,7
935500,4.346,5.351,7
935550,4.346,5.351,7
935600,4.346,5.351,7
935650,4.346,5.351,7
935700,4.346,5.351,7
935750,4.346,5.351,7
935800,4.346,5.351,7
935850,4.346,5.351,7
935900,4.346,5.351,7
935950,4.346,5.351,7
936000,4.346,5.351,7
936050,4.346,5.351,7
936100,4.346,5.351,7
936150,4.346,5.351,7
936200,4.346,5.351,7
936250,4.346,5.351,7
936300,4.346,5.351,7
936350,4.346,5.351,7
936400,4.346,5.351,7
936450,4.346,5.351,7
936500,4.346,5.351,7
936550,4.346,5.351,7
936600,4.346,5.351,7
936650,4.346,5.351,7
936700,4.346,5.351,7
936750,4.346,5.351,7
936800,4.346,5.351,7
936850,4.346,5.351,7
936900,4.346,5.351,7
936950,4.346,5.351,7
937000,4.346,5.351,7
937050,4.346,5.351,7
937100,4.346,5.351,7
937150,4.346,5.351,7
937200,4.346,5.351,7
937250,4.346,5.351,7
937300,4.346,5.351,7
937350,4.346,5.351,7
937400,4.346,5.351,7
937450,4.346,5.351,7
937500,4.346,5.351,7
937550,4.346,5.351,7
937600,4.346,5.351,7
937650,4.346,5.351,7
937700,4.346,5.351,7
937750,4.346,5.351,7
937800,4.346,5.351,7
937850,4.346,5.351,7
937900,4.346,5.351,7
937950,4.347,5.351,7
938000,4.347,5.351,7
938050,4.347,5.351,7
938100,4.347,5.351,7
938150,4.347,5.351,7
938200,4.347,5.351,7
938250,4.347,5.351,7
938300,4.348,5.351,7
938350,4.348,5.351,7
938400,4.348,5.351,7
938450,4.348,5.351,7
938500,4.348,5.351,7
938550,4.348,5.351,7
938600,4.348,5.351,7
938650,4.348,5.351,7
938700,4.348,5.351,7
938750,4.348,5.351,7
938800,4.348,5.351,7
938850,4.348,5.351,7
938900,4.348,5.351,7
938950,4.348,5.349,7
939000,4.348,5.344,7
939050,4.348,5.342,7
939100,4.348,5.342,7
939150,4.348,5.342,7
939200,4.348,5.342,7
939250,4.348,5.342,7
939300,4.348,5.342,7
939350,4.348,5.342,7
939400,4.348,5.342,7
939450,4.348,5.342,7
939500,4.348,5.342,7
939550,4.349,5.342,7
939600,4.35,5.342,7
939650,4.351,5.342,7
939700,4.352,5.342,7
939750,4.353,5.342,7
939800,4.355,5.342,7
939850,4.357,5.342,7
939900,4.358,5.342,7
939950,4.36,5.342,7
940000,4.36,5.342,7
940050,4.36,5.342,7
940100,4.36,5.342,7
940150,4.36,5.342,7
940200,4.361,5.342,7
940250,4.361,5.342,7
940300,4.362,5.342,7
940350,4.363,5.342,7
940400,4.364,5.342,7
940450,4.365,5.342,7
940500,4.367,5.342,7
940550,4.368,5.342,7
940600,4.368,5.342,7
940650,4.369,5.342,7
940700,4.369,5.342,7
940750,4.369,5.342,7
940800,4.372,5.342,7
940850,4.372,5.342,7
940900,4.372,5.342,7
940950,4.372,5.342,7
941000,4.372,5.342,7
941050,4.372,5.342,7
941100,4.373,5.342,7
941150,4.373,5.342,7
941200,4.375,5.342,7
941250,4.376,5.342,7
941300,4.377,5.342,7
941350,4.378,5.342,7
941400,4.381,5.342,7
941450,4.383,5.342,7
941500,4.386,5.342,7
941550,4.386,5.342,7
941600,4.386,5.342,7
941650,4.386,5.342,7
941700,4.387,5.342,7
941750,4.388,5.342,7
941800,4.388,5.342,7
941850,4.389,5.342,7
941900,4.391,5.342,7
941950,4.395,5.342,7
942000,4.395,5.342,7
942050,4.395,5.342,7
942100,4.395,5.342,7
942150,4.395,5.342,7
942200,4.395,5.342,7
942250,4.395,5.342,7
942300,4.395,5.342,7
942350,4.397,5.342,7
942400,4.399,5.342,7
942450,4.399,5.342,7
942500,4.399,5.342,7
942550,4.399,5.342,7
942600,4.399,5.342,7
942650,4.399,5.342,7
942700,4.399,5.342,7
942750,4.399,5.342,7
942800,4.4,5.342,7
942850,4.4,5.342,7
942900,4.4,5.342,7
942950,4.4,5.342,7
943000,4.4,5.342,7
943050,4.4,5.342,7
943100,4.4,5.342,7
943150,4.4,5.342,7
943200,4.4,5.342,7
943250,4.4,5.342,7
943300,4.4,5.342,7
943350,4.4,5.342,7
943400,4.4,5.342,7
943450,4.4,5.342,7
943500,4.4,5.342,7
943550,4.4,5.342,7
943600,4.4,5.342,7
943650,4.4,5.342,7
943700,4.4,5.342,7
943750,4.4,5.342,7
943800,4.4,5.342,7
943850,4.4,5.342,7
943900,4.4,5.342,7
943950,4.4,5.342,7
944000,4.4,5.342,7
944050,4.4,5.342,7
944100,4.4,5.342,7
944150,4.4,5.342,7
944200,4.4,5.342,7
944250,4.4,5.342,7
944300,4.4,5.342,7
944350,4.4,5.342,7
944400,4.4,5.342,7
944450,4.4,5.342,7
944500,4.4,5.342,7
944550,4.4,5.342,7
944600,4.4,5.342,7
944650,4.4,5.342,7
944700,4.4,5.342,7
944750,4.4,5.342,7
944800,4.4,5.342,7
944850,4.4,5.342,7
944900,4.4,5.342,7
944950,4.4,5.342,7
945000,4.4,5.342,7
945050,4.4,5.342,7
945100,4.4,5.342,7
945150,4.4,5.342,7
945200,4.4,5.342,7
945250,4.4,5.342,7
945300,4.4,5.342,7
945350,4.4,5.342,7
945400,4.4,5.342,7
945450,4.4,5.342,7
945500,4.4,5.342,7
945550,4.4,5.342,7
945600,4.4,5.342,7
945650,4.4,5.342,7
945700,4.4,5.342,7
945750,4.4,5.342,7
945800,4.4,5.342,7
945850,4.4,5.342,7
945900,4.4,5.342,7
945950,4.401,5.342,7
946000,4.401,5.342,7
946050,4.401,5.342,7
946100,4.401,5.342,7
946150,4.402,5.342,7
946200,4.402,5.342,7
946250,4.402,5.342,7
946300,4.402,5.342,7
946350,4.402,5.342,7
946400,4.402,5.342,7
946450,4.402,5.342,7
946500,4.402,5.342,7
946550,4.402,5.342,7
946600,4.402,5.342,7
946650,4.402,5.342,7
946700,4.402,5.342,7
946750,4.402,5.342,7
946800,4.402,5.342,7
946850,4.402,5.342,7
946900,4.402,5.342,7
946950,4.402,5.342,7
947000,4.402,5.342,7
947050,4.402,5.342,7
947100,4.402,5.342,7
947150,4.402,5.342,7
947200,4.402,5.342,7
947250,4.402,5.342,7
947300,4.402,5.342,7
947350,4.402,5.342,7
947400,4.402,5.342,7
947450,4.402,5.342,7
947500,4.402,5.342,7
947550,4.402,5.342,7
947600,4.402,5.342,7
947650,4.402,5.342,7
947700,4.402,5.342,7
947750,4.402,5.342,7
947800,4.402,5.342,7
947850,4.402,5.342,7
947900,4.402,5.342,7
947950,4.402,5.342,7
948000,4.402,5.342,7
948050,4.402,5.342,7
948100,4.402,5.342,7
948150,4.402,5.342,7
948200,4.402,5.342,7
948250,4.402,5.342,7
948300,4.402,5.342,7
948350,4.402,5.342,7
948400,4.402,5.342,7
948450,4.402,5.342,7
948500,4.402,5.342,7
948550,4.402,5.342,7
948600,4.402,5.342,7
948650,4.402,5.342,7
948700,4.402,5.342,7
948750,4.402,5.342,7
948800,4.402,5.336,7
948850,4.402,5.318,7
948900,4.402,5.294,7
948950,4.406,5.268,7
949000,4.427,5.266,7
949050,4.466,5.262,7
949100,4.503,5.254,7
949150,4.538,5.251,7
949200,4.571,5.244,7
949250,4.592,5.24,7
949300,4.594,5.231,7
949350,4.599,5.225,7
949400,4.605,5.221,7
949450,4.607,5.22,7
949500,4.607,5.22,7
949550,4.607,5.22,7
949600,4.607,5.216,7
949650,4.608,5.198,7
949700,4.611,5.182,7
949750,4.619,5.17,7
949800,4.629,5.16,7
949850,4.633,5.157,7
949900,4.637,5.149,7
949950,4.644,5.14,7
950000,4.649,5.134,7
950050,4.657,5.129,7
950100,4.66,5.125,7
950150,4.668,5.118,7
950200,4.678,5.117,7
950250,4.684,5.113,7
950300,4.688,5.11,7
950350,4.695,5.107,7
950400,4.699,5.106,7
950450,4.705,5.103,7
950500,4.705,5.102,7
950550,4.706,5.102,7
950600,4.707,5.102,7
950650,4.711,5.102,7
950700,4.712,5.102,7
950750,4.712,5.102,7
950800,4.713,5.102,7
950850,4.713,5.102,7
950900,4.714,5.102,7
950950,4.715,5.102,7
951000,4.716,5.102,7
951050,4.718,5.102,7
951100,4.718,5.102,7
951150,4.718,5.102,7
951200,4.718,5.102,7
951250,4.718,5.102,7
951300,4.718,5.102,7
951350,4.718,5.102,7
951400,4.718,5.102,7
951450,4.719,5.102,7
951500,4.719,5.102,7
951550,4.719,5.102,7
951600,4.719,5.102,7
951650,4.719,5.102,7
951700,4.719,5.102,7
951750,4.719,5.102,7
951800,4.719,5.102,7
951850,4.719,5.102,7
951900,4.719,5.102,7
951950,4.719,5.102,7
952000,4.719,5.102,7
952050,4.719,5.102,7
952100,4.719,5.102,7
952150,4.719,5.102,7
952200,4.719,5.102,7
952250,4.721,5.102,7
952300,4.721,5.102,7
952350,4.721,5.102,7
952400,4.722,5.102,7
952450,4.723,5.102,7
952500,4.723,5.102,7
952550,4.723,5.102,7
952600,4.723,5.102,7
952650,4.723,5.102,7
952700,4.723,5.102,7
952750,4.723,5.102,7
952800,4.723,5.105,7
952850,4.723,5.121,7
952900,4.718,5.159,7
952950,4.696,5.204,7
953000,4.664,5.237,7
953050,4.611,5.266,7
953100,4.579,5.282,7
953150,4.513,5.304,7
953200,4.474,5.323,7
953250,4.441,5.348,7
953300,4.419,5.362,7
953350,4.398,5.386,7
953400,4.377,5.396,7
953450,4.337,5.406,7
953500,4.31,5.433,7
953550,4.278,5.463,7
953600,4.246,5.499,7
953650,4.203,5.521,7
953700,4.159,5.537,7
953750,4.106,5.553,7
953800,4.091,5.555,7
953850,4.086,5.556,7
953900,4.086,5.559,7
953950,4.086,5.561,7
954000,4.086,5.561,7
954050,4.086,5.561,7
954100,4.086,5.561,7
954150,4.083,5.561,7
954200,4.073,5.561,7
954250,4.069,5.555,7
954300,4.063,5.548,7
954350,4.06,5.545,7
954400,4.06,5.541,7
954450,4.059,5.539,7
954500,4.058,5.531,7
954550,4.058,5.525,7
954600,4.058,5.517,7
954650,4.056,5.5,7
954700,4.05,5.492,7
954750,4.041,5.484,7
954800,4.034,5.484,7
954850,4.032,5.483,7
954900,4.031,5.483,7
954950,4.03,5.483,7
955000,4.025,5.483,7
955050,4.008,5.483,7
955100,3.978,5.483,7
955150,3.925,5.483,7
955200,3.881,5.483,7
955250,3.849,5.483,7
955300,3.834,5.483,7
955350,3.832,5.483,7
955400,3.832,5.482,7
955450,3.832,5.476,7
955500,3.832,5.473,7
955550,3.832,5.461,7
955600,3.832,5.454,7
955650,3.832,5.449,7
955700,3.832,5.442,7
955750,3.832,5.431,7
955800,3.832,5.429,7
955850,3.832,5.426,7
955900,3.832,5.419,7
955950,3.832,5.416,7
956000,3.832,5.414,7
956050,3.832,5.41,7
956100,3.832,5.403,7
956150,3.832,5.4,7
956200,3.832,5.395,7
956250,3.832,5.388,7
956300,3.832,5.382,7
956350,3.832,5.382,7
956400,3.832,5.382,7
956450,3.832,5.382,7
956500,3.832,5.382,7
956550,3.832,5.38,7
956600,3.832,5.377,7
956650,3.832,5.377,7
956700,3.832,5.377,7
956750,3.832,5.377,7
956800,3.832,5.377,7
956850,3.832,5.377,7
956900,3.832,5.377,7
956950,3.832,5.377,7
957000,3.832,5.377,7
957050,3.832,5.376,7
957100,3.832,5.376,7
957150,3.832,5.376,7
957200,3.832,5.376,7
957250,3.832,5.376,7
957300,3.832,5.376,7
957350,3.832,5.376,7
957400,3.832,5.376,7
957450,3.832,5.376,7
957500,3.832,5.376,7
957550,3.832,5.376,7
957600,3.832,5.376,7
957650,3.832,5.376,7
957700,3.832,5.376,7
957750,3.832,5.376,7
957800,3.832,5.376,7
957850,3.832,5.376,7
957900,3.832,5.374,7
957950,3.832,5.374,7
958000,3.832,5.374,7
958050,3.832,5.374,7
958100,3.832,5.374,7
958150,3.832,5.374,7
958200,3.832,5.374,7
958250,3.832,5.374,7
958300,3.832,5.374,7
958350,3.832,5.374,7
958400,3.832,5.374,7
958450,3.832,5.374,7
958500,3.832,5.374,7
958550,3.832,5.374,7
958600,3.832,5.374,7
958650,3.832,5.374,7
958700,3.832,5.374,7
958750,3.832,5.374,7
958800,3.832,5.374,7
958850,3.832,5.374,7
958900,3.832,5.374,7
958950,3.832,5.374,7
959000,3.832,5.374,7
959050,3.832,5.374,7
959100,3.832,5.374,7
959150,3.832,5.374,7
959200,3.832,5.374,7
959250,3.832,5.374,7
959300,3.832,5.374,7
959350,3.832,5.374,7
959400,3.832,5.374,7
959450,3.832,5.374,7
959500,3.832,5.374,7
959550,3.832,5.374,7
959600,3.832,5.374,7
959650,3.832,5.374,7
959700,3.832,5.374,7
959750,3.832,5.374,7
959800,3.832,5.374,7
959850,3.832,5.374,7
959900,3.832,5.374,7
959950,3.832,5.374,7
960000,3.832,5.374,7
960050,3.832,5.374,7
960100,3.832,5.374,7
960150,3.832,5.374,7
960200,3.832,5.374,7
960250,3.832,5.374,7
960300,3.832,5.374,7
960350,3.832,5.374,7
960400,3.832,5.374,7
960450,3.832,5.374,7
960500,3.832,5.374,7
960550,3.832,5.372,7
960600,3.832,5.363,7
960650,3.832,5.348,7
960700,3.832,5.327,7
960750,3.832,5.304,7
960800,3.831,5.277,7
960850,3.83,5.25,7
960900,3.83,5.236,7
960950,3.826,5.225,7
961000,3.821,5.205,7
961050,3.82,5.18,7
961100,3.816,5.165,7
961150,3.814,5.158,7
961200,3.811,5.154,7
961250,3.808,5.145,7
961300,3.803,5.143,7
961350,3.797,5.141,7
961400,3.79,5.141,7
961450,3.788,5.141,7
961500,3.785,5.141,7
961550,3.784,5.141,7
961600,3.781,5.141,7
961650,3.78,5.141,7
961700,3.78,5.141,7
961750,3.78,5.141,7
961800,3.78,5.141,7
961850,3.78,5.141,7
961900,3.78,5.141,7
961950,3.78,5.141,7
962000,3.78,5.141,7
962050,3.78,5.141,7
962100,3.78,5.141,7
962150,3.78,5.141,7
962200,3.78,5.141,7
962250,3.78,5.141,7
962300,3.78,5.141,7
962350,3.78,5.141,7
962400,3.78,5.141,7
962450,3.78,5.142,7
962500,3.78,5.145,7
962550,3.78,5.146,7
962600,3.78,5.147,7
962650,3.78,5.148,7
962700,3.78,5.148,7
962750,3.78,5.15,7
962800,3.78,5.154,11
962850,3.78,5.161,11
962900,3.781,5.165,11
962950,3.786,5.166,11
963000,3.796,5.17,11
963050,3.811,5.174,11
963100,3.832,5.174,11
963150,3.895,5.174,11
963200,4.026,5.174,11
963250,4.227,5.174,11
963300,4.349,5.173,11
963350,4.403,5.172,11
963400,4.403,5.168,11
963450,4.403,5.168,11
963500,4.403,5.168,11
963550,4.403,5.165,11
963600,4.403,5.163,11
963650,4.403,5.163,11
963700,4.403,5.163,11
963750,4.403,5.162,11
963800,4.403,5.16,11
963850,4.403,5.16,11
963900,4.404,5.157,11
963950,4.409,5.151,11
964000,4.414,5.15,11
964050,4.422,5.148,11
964100,4.428,5.147,11
964150,4.449,5.147,11
964200,4.488,5.147,11
964250,4.529,5.147,11
964300,4.557,5.147,11
964350,4.569,5.147,11
964400,4.576,5.147,11
964450,4.585,5.147,11
964500,4.598,5.147,11
964550,4.633,5.147,11
964600,4.676,5.147,11
964650,4.707,5.146,11
964700,4.712,5.143,11
964750,4.72,5.112,11
964800,4.734,5.019,11
964850,4.751,5.014,11
964900,4.773,5.002,11
964950,4.794,5.0,11
965000,4.818,5.0,11
965050,4.832,5.0,11
965100,4.835,5.0,11
965150,4.838,5.0,11
965200,4.861,5.0,11
965250,4.918,5.0,11
965300,4.949,5.0,11
965350,4.979,5.0,11
965400,5.0,5.0,11
965450,5.0,5.0,11
965500,5.0,5.0,11
965550,5.0,5.0,11
965600,5.0,5.0,11
965650,5.0,5.0,11
965700,5.0,5.0,11
965750,5.0,5.0,11
965800,5.0,5.0,11
965850,5.0,5.0,11
965900,5.0,5.0,11
965950,5.0,5.0,11
966000,5.0,5.0,11
966050,5.0,5.0,11
966100,5.0,5.0,11
966150,5.0,5.0,11
966200,5.0,5.0,11
966250,5.0,5.0,11
966300,5.0,5.0,11
966350,5.0,5.0,11
966400,5.0,5.0,11
966450,5.0,5.0,11
966500,5.0,5.0,11
966550,5.0,5.0,11
966600,5.0,5.0,11
966650,5.0,5.0,11
966700,5.0,5.0,11
966750,5.0,5.0,11
966800,5.0,5.0,11
966850,5.0,5.0,11
966900,5.0,5.0,11
966950,5.0,5.0,11
967000,5.0,5.0,11
967050,5.0,5.0,11
967100,5.0,5.0,11
967150,5.0,5.0,11
967200,5.0,5.0,11
967250,5.0,5.0,11
967300,5.0,5.0,11
967350,5.0,5.0,11
967400,5.0,5.0,11
967450,5.0,5.0,11
967500,5.0,5.0,11
967550,5.0,5.0,11
967600,5.0,5.0,11
967650,5.0,5.0,11
967700,5.0,5.0,11
967750,5.0,5.0,11
967800,5.0,5.0,11
967850,5.0,5.0,11
967900,5.0,5.0,11
967950,5.0,5.0,11
968000,5.0,5.0,11
968050,5.0,5.0,11
968100,5.0,5.0,11
968150,5.0,5.0,11
968200,5.0,5.0,11
968250,5.0,5.0,11
968300,5.0,5.0,11
968350,5.0,5.0,11
968400,5.0,5.0,11
968450,5.0,5.0,11
968500,5.0,5.0,11
968550,5.0,5.0,11
968600,5.0,5.0,11
968650,5.0,5.0,11
968700,5.0,5.0,11
968750,5.0,5.0,11
968800,5.0,5.0,11
968850,5.0,5.0,11
968900,5.0,5.0,11
968950,5.0,5.0,11
969000,5.0,5.0,11
969050,5.0,5.0,11
969100,5.0,5.0,11
969150,5.0,5.0,11
969200,5.0,5.0,11
969250,5.0,5.0,11
969300,5.0,5.0,11
969350,5.0,5.0,11
969400,5.0,5.0,11
969450,5.0,5.0,11
969500,5.0,5.0,11
969550,5.0,5.0,11
969600,5.0,5.0,11
969650,5.0,5.0,11
969700,5.0,5.0,11
969750,5.0,5.0,11
969800,5.0,5.0,11
969850,5.0,5.0,11
969900,5.0,5.0,11
969950,5.0,5.0,11
970000,5.0,5.0,11
970050,5.0,5.0,11
970100,5.0,5.0,11
970150,5.0,5.0,11
970200,5.0,5.0,11
970250,5.0,5.0,11
970300,5.0,5.0,11
970350,5.0,5.0,11
970400,5.0,5.0,11
970450,5.0,5.0,11
970500,5.0,5.0,11
970550,5.0,5.0,11
970600,5.0,5.0,11
970650,5.0,5.0,11
970700,5.0,5.0,11
970750,5.0,5.0,11
970800,5.0,5.0,11
970850,5.0,5.0,11
970900,5.0,5.0,11
970950,5.0,5.0,11
971000,5.0,5.0,11
971050,5.0,5.0,11
971100,5.0,5.0,11
971150,5.0,5.0,11
971200,5.0,5.0,11
971250,5.0,5.0,11
971300,5.0,5.0,11
971350,5.0,5.0,11
971400,5.0,5.0,11
971450,5.0,5.0,11
971500,5.0,5.0,11
971550,5.0,5.0,11
971600,5.0,5.0,11
971650,5.0,5.0,11
971700,5.0,5.0,11
971750,5.0,5.0,11
971800,5.0,5.0,11
971850,5.0,5.0,11
971900,5.0,5.0,11
971950,5.0,5.0,11
972000,5.0,5.0,11
972050,5.0,5.0,11
972100,5.0,5.0,11
972150,5.0,5.0,11
972200,5.0,5.0,11
972250,5.0,5.0,11
972300,5.0,5.0,11
972350,5.0,5.0,11
972400,5.0,5.0,11
972450,5.0,5.0,11
972500,5.0,5.0,11
972550,5.0,5.0,11
972600,5.0,5.0,11
972650,5.0,5.0,11
972700,5.0,5.0,11
972750,5.0,5.0,11
972800,5.0,5.0,11
972850,5.0,5.0,11
972900,5.0,5.0,11
972950,5.0,5.0,11
973000,5.0,5.0,11
973050,5.0,5.0,11
973100,5.0,5.0,11
973150,5.0,5.0,11
973200,5.0,5.0,11
973250,5.0,5.0,11
973300,5.0,5.0,11
973350,5.0,5.0,11
973400,5.0,5.0,11
973450,5.0,5.0,11
973500,5.0,5.0,11
973550,5.0,5.0,11
973600,5.0,5.0,11
973650,5.0,5.0,11
973700,5.0,5.0,11
973750,5.0,5.0,11
973800,5.0,5.0,11
973850,5.0,5.0,11
973900,5.0,5.0,11
973950,5.0,5.0,11
974000,5.0,5.0,11
974050,5.0,5.0,11
974100,5.0,5.0,11
974150,5.0,5.0,11
974200,5.0,5.0,11
974250,5.0,5.0,11
974300,5.0,5.0,11
974350,5.0,5.0,11
974400,5.0,5.0,11
974450,5.0,5.0,11
974500,5.0,5.0,11
974550,5.0,5.0,11
974600,5.0,5.0,11
974650,5.0,5.0,11
974700,5.0,5.0,11
974750,5.0,5.0,11
974800,5.0,5.0,11
974850,5.0,5.0,11
974900,5.0,5.0,11
974950,5.0,5.0,11
975000,5.0,5.0,11
975050,5.0,5.0,11
975100,5.0,5.0,11
975150,5.0,5.0,11
975200,5.0,5.0,11
975250,5.0,5.0,11
975300,5.0,5.0,11
975350,5.0,5.0,11
975400,5.0,5.0,11
975450,5.0,5.0,11
975500,5.0,5.0,11
975550,5.0,5.0,11
975600,5.0,5.0,11
975650,5.0,5.0,11
975700,5.0,5.0,11
975750,5.0,5.0,11
975800,5.0,5.0,11
975850,5.0,5.0,11
975900,5.0,5.0,11
975950,5.0,5.0,11
976000,5.0,5.0,11
976050,5.0,5.0,11
976100,5.0,5.0,11
976150,5.0,5.0,11
976200,5.0,5.0,11
976250,5.0,5.0,11
976300,5.0,5.0,11
976350,5.0,5.0,11
976400,5.0,5.0,11
976450,5.0,5.0,11
976500,5.0,5.0,11
976550,5.0,5.0,11
976600,5.0,5.0,11
976650,5.0,5.0,11
976700,5.0,5.0,11
976750,5.0,5.0,11
976800,5.0,5.0,11
976850,5.0,5.0,11
976900,5.0,5.0,11
976950,5.0,5.0,11
977000,5.0,5.0,11
977050,5.0,5.0,11
977100,5.0,5.0,11
977150,5.0,5.0,11
977200,5.0,5.0,11
977250,5.0,5.0,11
977300,5.0,5.0,11
977350,5.0,5.0,11
977400,5.0,5.0,11
977450,5.0,5.0,11
977500,5.0,5.0,11
977550,5.0,5.0,11
977600,5.0,5.0,11
977650,5.0,5.0,11
977700,5.0,5.0,11
977750,5.0,5.0,11
977800,5.0,5.0,11
977850,5.0,5.0,11
977900,5.0,5.0,11
977950,5.0,5.0,11
978000,5.0,5.0,11
978050,5.0,5.0,11
978100,5.0,5.0,11
978150,5.0,5.0,11
978200,5.0,5.0,11
978250,5.0,5.0,11
978300,5.0,5.0,11
978350,5.0,5.0,11
978400,5.0,5.0,11
978450,5.0,5.0,11
978500,5.0,5.0,11
978550,5.0,5.0,11
978600,5.0,5.0,11
978650,5.0,5.0,11
978700,5.0,5.0,11
978750,5.0,5.0,11
978800,5.0,5.0,11
978850,5.0,5.0,11
978900,5.0,5.0,11
978950,5.0,5.0,11
979000,5.0,5.0,11
979050,5.0,5.0,11
979100,5.0,5.0,11
979150,5.0,5.0,11
979200,5.0,5.0,11
979250,5.0,5.0,11
979300,5.0,5.0,11
979350,5.0,5.0,11
979400,5.0,5.0,11
979450,5.0,5.0,11
979500,5.0,5.0,11
979550,5.0,5.0,11
979600,5.0,5.0,11
979650,5.0,5.0,11
979700,5.0,5.0,11
979750,5.0,5.0,11
979800,5.0,5.0,11
979850,5.0,5.0,11
979900,5.0,5.0,11
979950,5.0,5.0,11
980000,5.0,5.0,11
980050,5.0,5.0,11
980100,5.0,5.0,11
980150,5.0,5.0,11
980200,5.0,5.0,11
980250,5.0,5.0,11
980300,5.0,5.0,11
980350,5.0,5.0,11
980400,5.0,5.0,11
980450,5.0,5.0,11
980500,5.0,5.0,11
980550,5.0,5.0,11
980600,5.0,5.0,11
980650,5.0,5.0,11
980700,5.0,5.0,11
980750,5.0,5.0,11
980800,5.0,5.0,11
980850,5.0,5.0,11
980900,5.0,5.0,11
980950,5.0,5.0,11
981000,5.0,5.0,11
981050,5.0,5.0,11
981100,5.0,5.0,11
981150,5.0,5.0,11
981200,5.0,5.0,11
981250,5.0,5.0,11
981300,5.0,5.0,11
981350,5.0,5.0,11
981400,5.0,5.0,11
981450,5.0,5.0,11
981500,5.0,5.0,11
981550,5.0,5.0,11
981600,5.0,5.0,11
981650,5.0,5.0,11
981700,5.0,5.0,11
981750,5.0,5.0,11
981800,5.0,5.0,11
981850,5.0,5.0,11
981900,5.0,5.0,11
981950,5.0,5.0,11
982000,5.0,5.0,11
982050,5.0,5.0,11
982100,5.0,5.0,11
982150,5.0,5.0,11
982200,5.0,5.0,11
982250,5.0,5.0,11
982300,5.0,5.0,11
982350,5.0,5.0,11
982400,5.0,5.0,11
982450,5.0,5.0,11
982500,5.0,5.0,11
982550,5.0,5.0,11
982600,5.0,5.0,11
982650,5.0,5.0,11
982700,5.0,5.0,11
982750,5.0,5.0,11
982800,5.0,5.0,11
982850,5.0,5.0,11
982900,5.0,5.0,11
982950,5.0,5.0,11
983000,5.0,5.0,11
983050,5.0,5.0,11
983100,5.0,5.0,11
983150,5.0,5.0,11
983200,5.0,5.0,11
983250,5.0,5.0,11
983300,5.0,5.0,11
983350,5.0,5.0,11
983400,5.0,5.0,11
983450,5.0,5.0,11
983500,5.0,5.0,11
983550,5.0,5.0,11
983600,5.0,5.0,11
983650,5.0,5.0,11
983700,5.0,5.0,11
983750,5.0,5.0,11
983800,5.0,5.0,11
983850,5.0,5.0,11
983900,5.0,5.0,11
983950,5.0,5.0,11
984000,5.0,5.0,11
984050,5.0,5.0,11
984100,5.0,5.0,11
984150,5.0,5.0,11
984200,5.0,5.0,11
984250,5.0,5.0,11
984300,5.0,5.0,11
984350,5.0,5.0,11
984400,5.0,5.0,11
984450,5.0,5.0,11
984500,5.0,5.0,11
984550,5.0,5.0,11
984600,5.0,5.0,11
984650,5.0,5.0,11
984700,5.0,5.0,11
984750,5.0,5.0,11
984800,5.0,5.0,11
984850,5.0,5.0,11
984900,5.0,5.0,11
984950,5.0,5.0,11
985000,5.0,5.0,11
985050,5.0,5.0,11
985100,5.0,5.0,11
985150,5.0,5.0,11
985200,5.0,5.0,11
985250,5.0,5.0,11
985300,5.0,5.0,11
985350,5.0,5.0,11
985400,5.0,5.0,11
985450,5.0,5.0,11
985500,5.0,5.0,11
985550,5.0,5.0,11
985600,5.0,5.0,11
985650,5.0,5.0,11
985700,5.0,5.0,11
985750,5.0,5.0,11
985800,5.0,5.0,11
985850,5.0,5.0,11
985900,5.0,5.0,11
985950,5.0,5.0,11
986000,5.0,5.0,11
986050,5.0,5.0,11
986100,5.0,5.0,11
986150,5.0,5.0,11
986200,5.0,5.0,11
986250,5.0,5.0,11
986300,5.0,5.0,11
986350,5.0,5.0,11
986400,5.0,5.0,11
986450,5.0,5.0,11
986500,5.0,5.0,11
986550,5.0,5.0,11
986600,5.0,5.0,11
986650,5.0,5.0,11
986700,5.0,5.0,11
986750,5.0,5.0,11
986800,5.0,5.0,11
986850,5.0,5.0,11
986900,5.0,5.0,11
986950,5.0,5.0,11
987000,5.0,5.0,11
987050,5.0,5.0,11
987100,5.0,5.0,11
987150,5.0,5.0,11
987200,5.0,5.0,11
987250,5.0,5.0,11
987300,5.0,5.0,11
987350,5.0,5.0,11
987400,5.0,5.0,11
987450,5.0,5.0,11
987500,5.0,5.0,11
987550,5.0,5.0,11
987600,5.0,5.0,11
987650,5.0,5.0,11
987700,5.0,5.0,11
987750,5.0,5.0,11
987800,5.0,5.0,11
987850,5.0,5.0,11
987900,5.0,5.0,11
987950,5.0,5.0,11
988000,5.0,5.0,11
988050,5.0,5.0,11
988100,5.0,5.0,11
988150,5.0,5.0,11
988200,5.0,5.0,11
988250,5.0,5.0,11
988300,5.0,5.0,11
988350,5.0,5.0,11
988400,5.0,5.0,11
988450,5.0,5.0,11
988500,5.0,5.0,11
988550,5.0,5.0,11
988600,5.0,5.0,11
988650,5.0,5.0,11
988700,5.0,5.0,11
988750,5.0,5.0,11
988800,5.0,5.0,11
988850,5.0,5.0,11
988900,5.0,5.0,11
988950,5.0,5.0,11
989000,5.0,5.0,11
989050,5.0,5.0,11
989100,5.0,5.0,11
989150,5.0,5.0,11
989200,5.0,5.0,11
989250,5.0,5.0,11
989300,5.0,5.0,11
989350,5.0,5.0,11
989400,5.0,5.0,11
989450,5.0,5.0,11
989500,5.0,5.0,11
989550,5.0,5.0,11
989600,5.0,5.0,11
989650,5.0,5.0,11
989700,5.0,5.0,11
989750,5.0,5.0,11
989800,5.0,5.0,11
989850,5.0,5.0,11
989900,5.0,5.0,11
989950,5.0,5.0,11
990000,5.0,5.0,11
990050,5.0,5.0,11
990100,5.0,5.0,11
990150,5.0,5.0,11
990200,5.0,5.0,11
990250,5.0,5.0,11
990300,5.0,5.0,11
990350,5.0,5.0,11
990400,5.0,5.0,11
990450,5.0,5.0,11
990500,5.0,5.0,11
990550,5.0,5.0,11
990600,5.0,5.0,11
990650,5.0,5.0,11
990700,5.0,5.0,11
990750,5.0,5.0,11
990800,5.0,5.0,11
990850,5.0,5.0,11
990900,5.0,5.0,11
990950,5.0,5.0,11
991000,5.0,5.0,11
991050,5.0,5.0,11
991100,5.0,5.0,11
991150,5.0,5.0,11
991200,5.0,5.0,11
991250,5.0,5.0,11
991300,5.0,5.0,11
991350,5.0,5.0,11
991400,5.0,5.0,11
991450,5.0,5.0,11
991500,5.0,5.0,11
991550,5.0,5.0,11
991600,5.0,5.0,11
991650,5.0,5.0,11
991700,5.0,5.0,11
991750,5.0,5.0,11
991800,5.0,5.0,11
991850,5.0,5.0,11
991900,5.0,5.0,11
991950,5.0,5.0,11
992000,5.0,5.0,11
992050,5.0,5.0,11
992100,5.0,5.0,11
992150,5.0,5.0,11
992200,5.0,5.0,11
992250,5.0,5.0,11
992300,5.0,5.0,11
992350,5.0,5.0,11
992400,5.0,5.0,11
992450,5.0,5.0,11
992500,5.0,5.0,11
992550,5.0,5.0,11
992600,5.0,5.0,11
992650,5.0,5.0,11
992700,5.0,5.0,11
992750,5.0,5.0,11
992800,5.0,5.0,11
992850,5.0,5.0,11
992900,5.0,5.0,11
992950,5.0,5.0,11
993000,5.0,5.0,11
993050,5.0,5.0,11
993100,5.0,5.0,11
993150,5.0,5.0,11
993200,5.0,5.0,11
993250,5.0,5.0,11
993300,5.0,5.0,11
993350,5.0,5.0,11
993400,5.0,5.0,11
993450,5.0,5.0,11
993500,5.0,5.0,11
993550,5.0,5.0,11
993600,5.0,5.0,11
993650,5.0,5.0,11
993700,5.0,5.0,11
993750,5.0,5.0,11
993800,5.0,5.0,11
993850,5.0,5.0,11
993900,5.0,5.0,11
993950,5.0,5.0,11
994000,5.0,5.0,11
994050,5.0,5.0,11
994100,5.0,5.0,11
994150,5.0,5.0,11
994200,5.0,5.0,11
994250,5.0,5.0,11
994300,5.0,5.0,11
994350,5.0,5.0,11
994400,5.0,5.0,11
994450,5.0,5.0,11
994500,5.0,5.0,11
994550,5.0,5.0,11
994600,5.0,5.0,11
994650,5.0,5.0,11
994700,5.0,5.0,11
994750,5.0,5.0,11
994800,5.0,5.0,11
994850,5.0,5.0,11
994900,5.0,5.0,11
994950,5.0,5.0,11
995000,5.0,5.0,11
995050,5.0,5.0,11
995100,5.0,5.0,11
995150,5.0,5.0,11
995200,5.0,5.0,11
995250,5.0,5.0,11
995300,5.0,5.0,11
995350,5.0,5.0,11
995400,5.0,5.0,11
995450,5.0,5.0,11
995500,5.0,5.0,11
995550,5.0,5.0,11
995600,5.0,5.0,11
995650,5.0,5.0,11
995700,5.0,5.0,11
995750,5.0,5.0,11
995800,5.0,5.0,11
995850,5.0,5.0,11
995900,5.0,5.0,11
995950,5.0,5.0,11
996000,5.0,5.0,11
996050,5.0,5.0,11
996100,5.0,5.0,11
996150,5.0,5.0,11
996200,5.0,5.0,11
996250,5.0,5.0,11
996300,5.0,5.0,11
996350,5.0,5.0,11
996400,5.0,5.0,11
996450,5.0,5.0,11
996500,5.0,5.0,11
996550,5.0,5.0,11
996600,5.0,5.0,11
996650,5.0,5.0,11
996700,5.0,5.0,11
996750,5.0,5.0,11
996800,5.0,5.0,11
996850,5.0,5.0,11
996900,5.0,5.0,11
996950,5.0,5.0,11
997000,5.0,5.0,11
997050,5.0,5.0,11
997100,5.0,5.0,11
997150,5.0,5.0,11
997200,5.0,5.0,11
997250,5.0,5.0,11
997300,5.0,5.0,11
997350,5.0,5.0,11
997400,5.0,5.0,11
997450,5.0,5.0,11
997500,5.0,5.0,11
997550,5.0,5.0,11
997600,5.0,5.0,11
997650,5.0,5.0,11
997700,5.0,5.0,11
997750,5.0,5.0,11
997800,5.0,5.0,11
997850,5.0,5.0,11
997900,5.0,5.0,11
997950,5.0,5.0,11
998000,5.0,5.0,11
998050,5.0,5.0,11
998100,5.0,5.0,11
998150,5.0,5.0,11
998200,5.0,5.0,11
998250,5.0,5.0,11
998300,5.0,5.0,11
998350,5.0,5.0,11
998400,5.0,5.0,11
998450,5.0,5.0,11
998500,5.0,5.0,11
998550,5.0,5.0,11
998600,5.0,5.0,11
998650,5.0,5.0,11
998700,5.0,5.0,11
998750,5.0,5.0,11
998800,5.0,5.0,11
998850,5.0,5.0,11
998900,5.0,5.0,11
998950,5.0,5.0,11
999000,5.0,5.0,11
999050,5.0,5.0,11
999100,5.0,5.0,11
999150,5.0,5.0,11
999200,5.0,5.0,11
999250,5.0,5.0,11
999300,5.0,5.0,11
999350,5.0,5.0,11
999400,5.0,5.0,11
999450,5.0,5.0,11
999500,5.0,5.0,11
999550,5.0,5.0,11
999600,5.0,5.0,11
999650,5.0,5.0,11
999700,5.0,5.0,11
999750,5.0,5.0,11
999800,5.0,5.0,11
999850,5.0,5.0,11
999900,5.0,5.0,11
999950,5.0,5.0,11
1000000,5.0,5.0,11
1000050,5.0,5.0,11
1000100,5.0,5.0,11
1000150,5.0,5.0,11
1000200,5.0,5.0,11
1000250,5.0,5.0,11
1000300,5.0,5.0,11
1000350,5.0,5.0,11
1000400,5.0,5.0,11
1000450,5.0,5.0,11
1000500,5.0,5.0,11
1000550,5.0,5.0,11
1000600,5.0,5.0,11
1000650,5.0,5.0,11
1000700,5.0,5.0,11
1000750,5.0,5.0,11
1000800,5.0,5.0,11
1000850,5.0,5.0,11
1000900,5.0,5.0,11
1000950,5.0,5.0,11
1001000,5.0,5.0,11
1001050,5.0,5.0,11
1001100,5.0,5.0,11
1001150,5.0,5.0,11
1001200,5.0,5.0,11
1001250,5.0,5.0,11
1001300,5.0,5.0,11
1001350,5.0,5.0,11
1001400,5.0,5.0,11
1001450,5.0,5.0,11
1001500,5.0,5.0,11
1001550,5.0,5.0,11
1001600,5.0,5.0,11
1001650,5.0,5.0,11
1001700,5.0,5.0,11
1001750,5.0,5.0,11
1001800,5.0,5.0,11
1001850,5.0,5.0,11
1001900,5.0,5.0,11
1001950,5.0,5.0,11
1002000,5.0,5.0,11
1002050,5.0,5.0,11
1002100,5.0,5.0,11
1002150,5.0,5.0,11
1002200,5.0,5.0,11
1002250,5.0,5.0,11
1002300,5.0,5.0,11
1002350,5.0,5.0,11
1002400,5.0,5.0,11
1002450,5.0,5.0,11
1002500,5.0,5.0,11
1002550,5.0,5.0,11
1002600,5.0,5.0,11
1002650,5.0,5.0,11
1002700,5.0,5.0,11
1002750,5.0,5.0,11
1002800,5.0,5.0,11
1002850,5.0,5.0,11
1002900,5.0,5.0,11
1002950,5.0,5.0,11
1003000,5.0,5.0,11
1003050,5.0,5.0,11
1003100,5.0,5.0,11
1003150,5.0,5.0,11
1003200,5.0,5.0,11
1003250,5.0,5.0,11
1003300,5.0,5.0,11
1003350,5.0,5.0,11
1003400,5.0,5.0,11
1003450,5.0,5.0,11
1003500,5.0,5.0,11
1003550,5.0,5.0,11
1003600,5.0,5.0,11
1003650,5.0,5.0,11
1003700,5.0,5.0,11
1003750,5.0,5.0,11
1003800,5.0,5.0,11
1003850,5.0,5.0,11
1003900,5.0,5.0,11
1003950,5.0,5.0,11
1004000,5.0,5.0,11
1004050,5.0,5.0,11
1004100,5.0,5.0,11
1004150,5.0,5.0,11
1004200,5.0,5.0,11
1004250,5.0,5.0,11
1004300,5.0,5.0,11
1004350,5.0,5.0,11
1004400,5.0,5.0,11
1004450,5.0,5.0,11
1004500,5.0,5.0,11
1004550,5.0,5.0,11
1004600,5.0,5.0,11
1004650,5.0,5.0,11
1004700,5.0,5.0,11
1004750,5.0,5.0,11
1004800,5.0,5.0,11
1004850,5.0,5.0,11
1004900,5.0,5.0,11
1004950,5.0,5.0,11
1005000,5.0,5.0,11
1005050,5.0,5.0,11
1005100,5.0,5.0,11
1005150,5.0,5.0,11
1005200,5.0,5.0,11
1005250,5.0,5.0,11
1005300,5.0,5.0,11
1005350,5.0,5.0,11
1005400,5.0,5.0,11
1005450,5.0,5.0,11
1005500,5.0,5.0,11
1005550,5.0,5.0,11
1005600,5.0,5.0,11
1005650,5.0,5.0,11
1005700,5.0,5.0,11
1005750,5.0,5.0,11
1005800,5.0,5.0,11
1005850,5.0,5.0,11
1005900,5.0,5.0,11
1005950,5.0,5.0,11
1006000,5.0,5.0,11
1006050,5.0,5.0,11
1006100,5.0,5.0,11
1006150,5.0,5.0,11
1006200,5.0,5.0,11
1006250,5.0,5.0,11
1006300,5.0,5.0,11
1006350,5.0,5.0,11
1006400,5.0,5.0,11
1006450,5.0,5.0,11
1006500,5.0,5.0,11
1006550,5.0,5.0,11
1006600,5.0,5.0,11
1006650,5.0,5.0,11
1006700,5.0,5.0,11
1006750,5.0,5.0,11
1006800,5.0,5.0,11
1006850,5.0,5.0,11
1006900,5.0,5.0,11
1006950,5.0,5.0,11
1007000,5.0,5.0,11
1007050,5.0,5.0,11
1007100,5.0,5.0,11
1007150,5.0,5.0,11
1007200,5.0,5.0,11
1007250,5.0,5.0,11
1007300,5.0,5.0,11
1007350,5.0,5.0,11
1007400,5.0,5.0,11
1007450,5.0,5.0,11
1007500,5.0,5.0,11
1007550,5.0,5.0,11
1007600,5.0,5.0,11
1007650,5.0,5.0,11
1007700,5.0,5.0,11
1007750,5.0,5.0,11
1007800,5.0,5.0,11
1007850,5.0,5.0,11
1007900,5.0,5.0,11
1007950,5.0,5.0,11
1008000,5.0,5.0,11
1008050,5.0,5.0,11
1008100,5.0,5.0,11
1008150,5.0,5.0,11
1008200,5.0,5.0,11
1008250,5.0,5.0,11
1008300,5.0,5.0,11
1008350,5.0,5.0,11
1008400,5.0,5.0,11
1008450,5.0,5.0,11
1008500,5.0,5.0,11
1008550,5.0,5.0,11
1008600,5.0,5.0,11
1008650,5.0,5.0,11
1008700,5.0,5.0,11
1008750,5.0,5.0,11
1008800,5.0,5.0,11
1008850,5.0,5.0,11
1008900,5.0,5.0,11
1008950,5.0,5.0,11
1009000,5.0,5.0,11
1009050,5.0,5.0,11
1009100,5.0,5.0,11
1009150,5.0,5.0,11
1009200,5.0,5.0,11
1009250,5.0,5.0,11
1009300,5.0,5.0,11
1009350,5.0,5.0,11
1009400,5.0,5.0,11
1009450,5.0,5.0,11
1009500,5.0,5.0,11
1009550,5.0,5.0,11
1009600,5.0,5.0,11
1009650,5.0,5.0,11
1009700,5.0,5.0,11
1009750,5.0,5.0,11
1009800,5.0,5.0,11
1009850,5.0,5.0,11
1009900,5.0,5.0,11
1009950,5.0,5.0,11
1010000,5.0,5.0,11
1010050,5.0,5.0,11
1010100,5.0,5.0,11
1010150,5.0,5.0,11
1010200,5.0,5.0,11
1010250,5.0,5.0,11
1010300,5.0,5.0,11
1010350,5.0,5.0,11
1010400,5.0,5.0,11
1010450,5.0,5.0,11
1010500,5.0,5.0,11
1010550,5.0,5.0,11
1010600,5.0,5.0,11
1010650,5.0,5.0,11
1010700,5.0,5.0,11
1010750,5.0,5.0,11
1010800,5.0,5.0,11
1010850,5.0,5.0,11
1010900,5.0,5.0,11
1010950,5.0,5.0,11
1011000,5.0,5.0,11
1011050,5.0,5.0,11
1011100,5.0,5.0,11
1011150,5.0,5.0,11
1011200,5.0,5.0,11
1011250,5.0,5.0,11
1011300,5.0,5.0,11
1011350,5.0,5.0,11
1011400,5.0,5.0,11
1011450,5.0,5.0,11
1011500,5.0,5.0,11
1011550,5.0,5.0,11
1011600,5.0,5.0,11
1011650,5.0,5.0,11
1011700,5.0,5.0,11
1011750,5.0,5.0,11
1011800,5.0,5.0,11
1011850,5.0,5.0,11
1011900,5.0,5.0,11
1011950,5.0,5.0,11
1012000,5.0,5.0,11
1012050,5.0,5.0,11
1012100,5.0,5.0,11
1012150,5.0,5.0,11
1012200,5.0,5.0,11
1012250,5.0,5.0,11
1012300,5.0,5.0,11
1012350,5.0,5.0,11
1012400,5.0,5.0,11
1012450,5.0,5.0,11
1012500,5.0,5.0,11
1012550,5.0,5.0,11
1012600,5.0,5.0,11
1012650,5.0,5.0,11
1012700,5.0,5.0,11
1012750,5.0,5.0,11
1012800,5.0,5.0,11
1012850,5.0,5.0,11
1012900,5.0,5.0,11
1012950,5.0,5.0,11
1013000,5.0,5.0,11
1013050,5.0,5.0,11
1013100,5.0,5.0,11
1013150,5.0,5.0,11
1013200,5.0,5.0,11
1013250,5.0,5.0,11
1013300,5.0,5.0,11
1013350,5.0,5.0,11
1013400,5.0,5.0,11
1013450,5.0,5.0,11
1013500,5.0,5.0,11
1013550,5.0,5.0,11
1013600,5.0,5.0,11
1013650,5.0,5.0,11
1013700,5.0,5.0,11
1013750,5.0,5.0,11
1013800,5.0,5.0,11
1013850,5.0,5.0,11
1013900,5.0,5.0,11
1013950,5.0,5.0,11
1014000,5.0,5.0,11
1014050,5.0,5.0,11
1014100,5.0,5.0,11
1014150,5.0,5.0,11
1014200,5.0,5.0,11
1014250,5.0,5.0,11
1014300,5.0,5.0,11
1014350,5.0,5.0,11
1014400,5.0,5.0,11
1014450,5.0,5.0,11
1014500,5.0,5.0,11
1014550,5.0,5.0,11
1014600,5.0,5.0,11
1014650,5.0,5.0,11
1014700,5.0,5.0,11
1014750,5.0,5.0,11
1014800,5.0,5.0,11
1014850,5.0,5.0,11
1014900,5.0,5.0,11
1014950,5.0,5.0,11
1015000,5.0,5.0,11
1015050,5.0,5.0,11
1015100,5.0,5.0,11
1015150,5.0,5.0,11
1015200,5.0,5.0,11
1015250,5.0,5.0,11
1015300,5.0,5.0,11
1015350,5.0,5.0,11
1015400,5.0,5.0,11
1015450,5.0,5.0,11
1015500,5.0,5.0,11
1015550,5.0,5.0,11
1015600,5.0,5.0,11
1015650,5.0,5.0,11
1015700,5.0,5.0,11
1015750,5.0,5.0,11
1015800,5.0,5.0,11
1015850,5.0,5.0,11
1015900,5.0,5.0,11
1015950,5.0,5.0,11
1016000,5.0,5.0,11
1016050,5.0,5.0,11
1016100,5.0,5.0,11
1016150,5.0,5.0,11
1016200,5.0,5.0,11
1016250,5.0,5.0,11
1016300,5.0,5.0,11
1016350,5.0,5.0,11
1016400,5.0,5.0,11
1016450,5.0,5.0,11
1016500,5.0,5.0,11
1016550,5.0,5.0,11
1016600,5.0,5.0,11
1016650,5.0,5.0,11
1016700,5.0,5.0,11
1016750,5.0,5.0,11
1016800,5.0,5.0,11
1016850,5.0,5.0,11
1016900,5.0,5.0,11
1016950,5.0,5.0,11
1017000,5.0,5.0,11
1017050,5.0,5.0,11
1017100,5.0,5.0,11
1017150,5.0,5.0,11
1017200,5.0,5.0,11
1017250,5.0,5.0,11
1017300,5.0,5.0,11
1017350,5.0,5.0,11
1017400,5.0,5.0,11
1017450,5.0,5.0,11
1017500,5.0,5.0,11
1017550,5.0,5.0,11
1017600,5.0,5.0,11
1017650,5.0,5.0,11
1017700,5.0,5.0,11
1017750,5.0,5.0,11
1017800,5.0,5.0,11
1017850,5.0,5.0,11
1017900,5.0,5.0,11
1017950,5.0,5.0,11
1018000,5.0,5.0,11
1018050,5.0,5.0,11
1018100,5.0,5.0,11
1018150,5.0,5.0,11
1018200,5.0,5.0,11
1018250,5.0,5.0,11
1018300,5.0,5.0,11
1018350,5.0,5.0,11
1018400,5.0,5.0,11
1018450,5.0,5.0,11
1018500,5.0,5.0,11
1018550,5.0,5.0,11
1018600,5.0,5.0,11
1018650,5.0,5.0,11
1018700,5.0,5.0,11
1018750,5.0,5.0,11
1018800,5.0,5.0,11
1018850,5.0,5.0,11
1018900,5.0,5.0,11
1018950,5.0,5.0,11
1019000,5.0,5.0,11
1019050,5.0,5.0,11
1019100,5.0,5.0,11
1019150,5.0,5.0,11
1019200,5.0,5.0,11
1019250,5.0,5.0,11
1019300,5.0,5.0,11
1019350,5.0,5.0,11
1019400,5.0,5.0,11
1019450,5.0,5.0,11
1019500,5.0,5.0,11
1019550,5.0,5.0,11
1019600,5.0,5.0,11
1019650,5.0,5.0,11
1019700,5.0,5.0,11
1019750,5.0,5.0,11
1019800,5.0,5.0,11
1019850,5.0,5.0,11
1019900,5.0,5.0,11
1019950,5.0,5.0,11
1020000,5.0,5.0,11
1020050,5.0,5.0,11
1020100,5.0,5.0,11
1020150,5.0,5.0,11
1020200,5.0,5.0,11
1020250,5.0,5.0,11
1020300,5.0,5.0,11
1020350,5.0,5.0,11
1020400,5.0,5.0,11
1020450,5.0,5.0,11
1020500,5.0,5.0,11
1020550,5.0,5.0,11
1020600,5.0,5.0,11
1020650,5.0,5.0,11
1020700,5.0,5.0,11
1020750,5.0,5.0,11
1020800,5.0,5.0,11
1020850,5.0,5.0,11
1020900,5.0,5.0,11
1020950,5.0,5.0,11
1021000,5.0,5.0,11
1021050,5.0,5.0,11
1021100,5.0,5.0,11
1021150,5.0,5.0,11
1021200,5.0,5.0,11
1021250,5.0,5.0,11
1021300,5.0,5.0,11
1021350,5.0,5.0,11
1021400,5.0,5.0,11
1021450,5.0,5.0,11
1021500,5.0,5.0,11
1021550,5.0,5.0,11
1021600,5.0,5.0,11
1021650,5.0,5.0,11
1021700,5.0,5.0,11
1021750,5.0,5.0,11
1021800,5.0,5.0,11
1021850,5.0,5.0,11
1021900,5.0,5.0,11
1021950,5.0,5.0,11
1022000,5.0,5.0,11
1022050,5.0,5.0,11
1022100,5.0,5.0,11
1022150,5.0,5.0,11
1022200,5.0,5.0,11
1022250,5.0,5.0,11
1022300,5.0,5.0,11
1022350,5.0,5.0,11
1022400,5.0,5.0,11
1022450,5.0,5.0,11
1022500,5.0,5.0,11
1022550,5.0,5.0,11
1022600,5.0,5.0,11
1022650,5.0,5.0,11
1022700,5.0,5.0,11
1022750,5.0,5.0,11
1022800,5.0,5.0,11
1022850,5.0,5.0,11
1022900,5.0,5.0,11
1022950,5.0,5.0,11
1023000,5.0,5.0,11
1023050,5.0,5.0,11
1023100,5.0,5.0,11
1023150,5.0,5.0,11
1023200,5.0,5.0,11
1023250,5.0,5.0,11
1023300,5.0,5.0,11
1023350,5.0,5.0,11
1023400,5.0,5.0,11
1023450,5.0,5.0,11
1023500,5.0,5.0,11
1023550,5.0,5.0,11
1023600,5.0,5.0,11
1023650,5.0,5.0,11
1023700,5.0,5.0,11
1023750,5.0,5.0,11
1023800,5.0,5.0,11
1023850,5.0,5.0,11
1023900,5.0,5.0,11
1023950,5.0,5.0,11
1024000,5.0,5.0,11
1024050,5.0,5.0,11
1024100,5.0,5.0,11
1024150,5.0,5.0,11
1024200,5.0,5.0,11
1024250,5.0,5.0,11
1024300,5.0,5.0,11
1024350,5.0,5.0,11
1024400,5.0,5.0,11
1024450,5.0,5.0,11
1024500,5.0,5.0,11
1024550,5.0,5.0,11
1024600,5.0,5.0,11
1024650,5.0,5.0,11
1024700,5.0,5.0,11
1024750,5.0,5.0,11
1024800,5.0,5.0,11
1024850,5.0,5.0,11
1024900,5.0,5.0,11
1024950,5.0,5.0,11
1025000,5.0,5.0,11
1025050,5.0,5.0,11
1025100,5.0,5.0,11
1025150,5.0,5.0,11
1025200,5.0,5.0,11
1025250,5.0,5.0,11
1025300,5.0,5.0,11
1025350,5.0,5.0,11
1025400,5.0,5.0,11
1025450,5.0,5.0,11
1025500,5.0,5.0,11
1025550,5.0,5.0,11
1025600,5.0,5.0,11
1025650,5.0,5.0,11
1025700,5.0,5.0,11
1025750,5.0,5.0,11
1025800,5.0,5.0,11
1025850,5.0,5.0,11
1025900,5.0,5.0,11
1025950,5.0,5.0,11
1026000,5.0,5.0,11
1026050,5.0,5.0,11
1026100,5.0,5.0,11
1026150,5.0,5.0,11
1026200,5.0,5.0,11
1026250,5.0,5.0,11
1026300,5.0,5.0,11
1026350,5.0,5.0,11
1026400,5.0,5.0,11
1026450,5.0,5.0,11
1026500,5.0,5.0,11
1026550,5.0,5.0,11
1026600,5.0,5.0,11
1026650,5.0,5.0,11
1026700,5.0,5.0,11
1026750,5.0,5.0,11
1026800,5.0,5.0,11
1026850,5.0,5.0,11
1026900,5.0,5.0,11
1026950,5.0,5.0,11
1027000,5.0,5.0,11
1027050,5.0,5.0,11
1027100,5.0,5.0,11
1027150,5.0,5.0,11
1027200,5.0,5.0,11
1027250,5.0,5.0,11
1027300,5.0,5.0,11
1027350,5.0,5.0,11
1027400,5.0,5.0,11
1027450,5.0,5.0,11
1027500,5.0,5.0,11
1027550,5.0,5.0,11
1027600,5.0,5.0,11
1027650,5.0,5.0,11
1027700,5.0,5.0,11
1027750,5.0,5.0,11
1027800,5.0,5.0,11
1027850,5.0,5.0,11
1027900,5.0,5.0,11
1027950,5.0,5.0,11
1028000,5.0,5.0,11
1028050,5.0,5.0,11
1028100,5.0,5.0,11
1028150,5.0,5.0,11
1028200,5.0,5.0,11
1028250,5.0,5.0,11
1028300,5.0,5.0,11
1028350,5.0,5.0,11
1028400,5.0,5.0,11
1028450,5.0,5.0,11
1028500,5.0,5.0,11
1028550,5.0,5.0,11
1028600,5.0,5.0,11
1028650,5.0,5.0,11
1028700,5.0,5.0,11
1028750,5.0,5.0,11
1028800,5.0,5.0,11
1028850,5.0,5.0,11
1028900,5.0,5.0,11
1028950,5.0,5.0,11
1029000,5.0,5.0,11
1029050,5.0,5.0,11
1029100,5.0,5.0,11
1029150,5.0,5.0,11
1029200,5.0,5.0,11
1029250,5.0,5.0,11
1029300,5.0,5.0,11
1029350,5.0,5.0,11
1029400,5.0,5.0,11
1029450,5.0,5.0,11
1029500,5.0,5.0,11
1029550,5.0,5.0,11
1029600,5.0,5.0,11
1029650,5.0,5.0,11
1029700,5.0,5.0,11
1029750,5.0,5.0,11
1029800,5.0,5.0,11
1029850,5.0,5.0,11
1029900,5.0,5.0,11
1029950,5.0,5.0,11
1030000,5.0,5.0,11
1030050,5.0,5.0,11
1030100,5.0,5.0,11
1030150,5.0,5.0,11
1030200,5.0,5.0,11
1030250,5.0,5.0,11
1030300,5.0,5.0,11
1030350,5.0,5.0,11
1030400,5.0,5.0,11
1030450,5.0,5.0,11
1030500,5.0,5.0,11
1030550,5.0,5.0,11
1030600,5.0,5.0,11
1030650,5.0,5.0,11
1030700,5.0,5.0,11
1030750,5.0,5.0,11
1030800,5.0,5.0,11
1030850,5.0,5.0,11
1030900,5.0,5.0,11
1030950,5.0,5.0,11
1031000,5.0,5.0,11
1031050,5.0,5.0,11
1031100,5.0,5.0,11
1031150,5.0,5.0,11
1031200,5.0,5.0,11
1031250,5.0,5.0,11
1031300,5.0,5.0,11
1031350,5.0,5.0,11
1031400,5.0,5.0,11
1031450,5.0,5.0,11
1031500,5.0,5.0,11
1031550,5.0,5.0,11
1031600,5.0,5.0,11
1031650,5.0,5.0,11
1031700,5.0,5.0,11
1031750,5.0,5.0,11
1031800,5.0,5.0,11
1031850,5.0,5.0,11
1031900,5.0,5.0,11
1031950,5.0,5.0,11
1032000,5.0,5.0,11
1032050,5.0,5.0,11
1032100,5.0,5.0,11
1032150,5.0,5.0,11
1032200,5.0,5.0,11
1032250,5.0,5.0,11
1032300,5.0,5.0,11
1032350,5.0,5.0,11
1032400,5.0,5.0,11
1032450,5.0,5.0,11
1032500,5.0,5.0,11
1032550,5.0,5.0,11
1032600,5.0,5.0,11
1032650,5.0,5.0,11
1032700,5.0,5.0,11
1032750,5.0,5.0,11
1032800,5.0,5.0,11
1032850,5.0,5.0,11
1032900,5.0,5.0,11
1032950,5.0,5.0,11
1033000,5.0,5.0,11
1033050,5.0,5.0,11
1033100,5.0,5.0,11
1033150,5.0,5.0,11
1033200,5.0,5.0,11
1033250,5.0,5.0,11
1033300,5.0,5.0,11
1033350,5.0,5.0,11
1033400,5.0,5.0,11
1033450,5.0,5.0,11
1033500,5.0,5.0,11
1033550,5.0,5.0,11
1033600,5.0,5.0,11
1033650,5.0,5.0,11
1033700,5.0,5.0,11
1033750,5.0,5.0,11
1033800,5.0,5.0,11
1033850,5.0,5.0,11
1033900,5.0,5.0,11
1033950,5.0,5.0,11
1034000,5.0,5.0,11
1034050,5.0,5.0,11
1034100,5.0,5.0,11
1034150,5.0,5.0,11
1034200,5.0,5.0,11
1034250,5.0,5.0,11
1034300,5.0,5.0,11
1034350,5.0,5.0,11
1034400,5.0,5.0,11
1034450,5.0,5.0,11
1034500,5.0,5.0,11
1034550,5.0,5.0,11
1034600,5.0,5.0,11
1034650,5.0,5.0,11
1034700,5.0,5.0,11
1034750,5.0,5.0,11
1034800,5.0,5.0,11
1034850,5.0,5.0,11
1034900,5.0,5.0,11
1034950,5.0,5.0,11
1035000,5.0,5.0,11
1035050,5.0,5.0,11
1035100,5.0,5.0,11
1035150,5.0,5.0,11
1035200,5.0,5.0,11
1035250,5.0,5.0,11
1035300,5.0,5.0,11
1035350,5.0,5.0,11
1035400,5.0,5.0,11
1035450,5.0,5.0,11
1035500,5.0,5.0,11
1035550,5.0,5.0,11
1035600,5.0,5.0,11
1035650,5.0,5.0,11
1035700,5.0,5.0,11
1035750,5.0,5.0,11
1035800,5.0,5.0,11
1035850,5.0,5.0,11
1035900,5.0,5.0,11
1035950,5.0,5.0,11
1036000,5.0,5.0,11
1036050,5.0,5.0,11
1036100,5.0,5.0,11
1036150,5.0,5.0,11
1036200,5.0,5.0,11
1036250,5.0,5.0,11
1036300,5.0,5.0,11
1036350,5.0,5.0,11
1036400,5.0,5.0,11
1036450,5.0,5.0,11
1036500,5.0,5.0,11
1036550,5.0,5.0,11
1036600,5.0,5.0,11
1036650,5.0,5.0,11
1036700,5.0,5.0,11
1036750,5.0,5.0,11
1036800,5.0,5.0,11
1036850,5.0,5.0,11
1036900,5.0,5.0,11
1036950,5.0,5.0,11
1037000,5.0,5.0,11
1037050,5.0,5.0,11
1037100,5.0,5.0,11
1037150,5.0,5.0,11
1037200,5.0,5.0,11
1037250,5.0,5.0,11
1037300,5.0,5.0,11
1037350,5.0,5.0,11
1037400,5.0,5.0,11
1037450,5.0,5.0,11
1037500,5.0,5.0,11
1037550,5.0,5.0,11
1037600,5.0,5.0,11
1037650,5.0,5.0,11
1037700,5.0,5.0,11
1037750,5.0,5.0,11
1037800,5.0,5.0,11
1037850,5.0,5.0,11
1037900,5.0,5.0,11
1037950,5.0,5.0,11
1038000,5.0,5.0,11
1038050,5.0,5.0,11
1038100,5.0,5.0,11
1038150,5.0,5.0,11
1038200,5.0,5.0,11
1038250,5.0,5.0,11
1038300,5.0,5.0,11
1038350,5.0,5.0,11
1038400,5.0,5.0,11
1038450,5.0,5.0,11
1038500,5.0,5.0,11
1038550,5.0,5.0,11
1038600,5.0,5.0,11
1038650,5.0,5.0,11
1038700,5.0,5.0,11
1038750,5.0,5.0,11
1038800,5.0,5.0,11
1038850,5.0,5.0,11
1038900,5.0,5.0,11
1038950,5.0,5.0,11
1039000,5.0,5.0,11
1039050,5.0,5.0,11
1039100,5.0,5.0,11
1039150,5.0,5.0,11
1039200,5.0,5.0,11
1039250,5.0,5.0,11
1039300,5.0,5.0,11
1039350,5.0,5.0,11
1039400,5.0,5.0,11
1039450,5.0,5.0,11
1039500,5.0,5.0,11
1039550,5.0,5.0,11
1039600,5.0,5.0,11
1039650,5.0,5.0,11
1039700,5.0,5.0,11
1039750,5.0,5.0,11
1039800,5.0,5.0,11
1039850,5.0,5.0,11
1039900,5.0,5.0,11
1039950,5.0,5.0,11
1040000,5.0,5.0,11
1040050,5.0,5.0,11
1040100,5.0,5.0,11
1040150,5.0,5.0,11
1040200,5.0,5.0,11
1040250,5.0,5.0,11
1040300,5.0,5.0,11
1040350,5.0,5.0,11
1040400,5.0,5.0,11
1040450,5.0,5.0,11
1040500,5.0,5.0,11
1040550,5.0,5.0,11
1040600,5.0,5.0,11
1040650,5.0,5.0,11
1040700,5.0,5.0,11
1040750,5.0,5.0,11
1040800,5.0,5.0,11
1040850,5.0,5.0,11
1040900,5.0,5.0,11
1040950,5.0,5.0,11
1041000,5.0,5.0,11
1041050,5.0,5.0,11
1041100,5.0,5.0,11
1041150,5.0,5.0,11
1041200,5.0,5.0,11
1041250,5.0,5.0,11
1041300,5.0,5.0,11
1041350,5.0,5.0,11
1041400,5.0,5.0,11
1041450,5.0,5.0,11
1041500,5.0,5.0,11
1041550,5.0,5.0,11
1041600,5.0,5.0,11
1041650,5.0,5.0,11
1041700,5.0,5.0,11
1041750,5.0,5.0,11
1041800,5.0,5.0,11
1041850,5.0,5.0,11
1041900,5.0,5.0,11
1041950,5.0,5.0,11
1042000,5.0,5.0,11
1042050,5.0,5.0,11
1042100,5.0,5.0,11
1042150,5.0,5.0,11
1042200,5.0,5.0,11
1042250,5.0,5.0,11
1042300,5.0,5.0,11
1042350,5.0,5.0,11
1042400,5.0,5.0,11
1042450,5.0,5.0,11
1042500,5.0,5.0,11
1042550,5.0,5.0,11
1042600,5.0,5.0,11
1042650,5.0,5.0,11
1042700,5.0,5.0,11
1042750,5.0,5.0,11
1042800,5.0,5.0,11
1042850,5.0,5.0,11
1042900,5.0,5.0,11
1042950,5.0,5.0,11
1043000,5.0,5.0,11
1043050,5.0,5.0,11
1043100,5.0,5.0,11
1043150,5.0,5.0,11
1043200,5.0,5.0,11
1043250,5.0,5.0,11
1043300,5.0,5.0,11
1043350,5.0,5.0,11
1043400,5.0,5.0,11
1043450,5.0,5.0,11
1043500,5.0,5.0,11
1043550,5.0,5.0,11
1043600,5.0,5.0,11
1043650,5.0,5.0,11
1043700,5.0,5.0,11
1043750,5.0,5.0,11
1043800,5.0,5.0,11
1043850,5.0,5.0,11
1043900,5.0,5.0,11
1043950,5.0,5.0,11
1044000,5.0,5.0,11
1044050,5.0,5.0,11
1044100,5.0,5.0,11
1044150,5.0,5.0,11
1044200,5.0,5.0,11
1044250,5.0,5.0,11
1044300,5.0,5.0,11
1044350,5.0,5.0,11
1044400,5.0,5.0,11
1044450,5.0,5.0,11
1044500,5.0,5.0,11
1044550,5.0,5.0,11
1044600,5.0,5.0,11
1044650,5.0,5.0,11
1044700,5.0,5.0,11
1044750,5.0,5.0,11
1044800,5.0,5.0,11
1044850,5.0,5.0,11
1044900,5.0,5.0,11
1044950,5.0,5.0,11
1045000,5.0,5.0,11
1045050,5.0,5.0,11
1045100,5.0,5.0,11
1045150,5.0,5.0,11
1045200,5.0,5.0,11
1045250,5.0,5.0,11
1045300,5.0,5.0,11
1045350,5.0,5.0,11
1045400,5.0,5.0,11
1045450,5.0,5.0,11
1045500,5.0,5.0,11
1045550,5.0,5.0,11
1045600,5.0,5.0,11
1045650,5.0,5.0,11
1045700,5.0,5.0,11
1045750,5.0,5.0,11
1045800,5.0,5.0,11
1045850,5.0,5.0,11
1045900,5.0,5.0,11
1045950,5.0,5.0,11
1046000,5.0,5.0,11
1046050,5.0,5.0,11
1046100,5.0,5.0,11
1046150,5.0,5.0,11
1046200,5.0,5.0,11
1046250,5.0,5.0,11
1046300,5.0,5.0,11
1046350,5.0,5.0,11
1046400,5.0,5.0,11
1046450,5.0,5.0,11
1046500,5.0,5.0,11
1046550,5.0,5.0,11
1046600,5.0,5.0,11
1046650,5.0,5.0,11
1046700,5.0,5.0,11
1046750,5.0,5.0,11
1046800,5.0,5.0,11
1046850,5.0,5.0,11
1046900,5.0,5.0,11
1046950,5.0,5.0,11
1047000,5.0,5.0,11
1047050,5.0,5.0,11
1047100,5.0,5.0,11
1047150,5.0,5.0,11
1047200,5.0,5.0,11
1047250,5.0,5.0,11
1047300,5.0,5.0,11
1047350,5.0,5.0,11
1047400,5.0,5.0,11
1047450,5.0,5.0,11
1047500,5.0,5.0,11
1047550,5.0,5.0,11
1047600,5.0,5.0,11
1047650,5.0,5.0,11
1047700,5.0,5.0,11
1047750,5.0,5.0,11
1047800,5.0,5.0,11
1047850,5.0,5.0,11
1047900,5.0,5.0,11
1047950,5.0,5.0,11
1048000,5.0,5.0,11
1048050,5.0,5.0,11
1048100,5.0,5.0,11
1048150,5.0,5.0,11
1048200,5.0,5.0,11
1048250,5.0,5.0,11
1048300,5.0,5.0,11
1048350,5.0,5.0,11
1048400,5.0,5.0,11
1048450,5.0,5.0,11
1048500,5.0,5.0,11
1048550,5.0,5.0,11
1048600,5.0,5.0,11
1048650,5.0,5.0,11
1048700,5.0,5.0,11
1048750,5.0,5.0,11
1048800,5.0,5.0,11
1048850,5.0,5.0,11
1048900,5.0,5.0,11
1048950,5.0,5.0,11
1049000,5.0,5.0,11
1049050,5.0,5.0,11
1049100,5.0,5.0,11
1049150,5.0,5.0,11
1049200,5.0,5.0,11
1049250,5.0,5.0,11
1049300,5.0,5.0,11
1049350,5.0,5.0,11
1049400,5.0,5.0,11
1049450,5.0,5.0,11
1049500,5.0,5.0,11
1049550,5.0,5.0,11
1049600,5.0,5.0,11
1049650,5.0,5.0,11
1049700,5.0,5.0,11
1049750,5.0,5.0,11
1049800,5.0,5.0,11
1049850,5.0,5.0,11
1049900,5.0,5.0,11
1049950,5.0,5.0,11
1050000,5.0,5.0,11
1050050,5.0,5.0,11
1050100,5.0,5.0,11
1050150,5.0,5.0,11
1050200,5.0,5.0,11
1050250,5.0,5.0,11
1050300,5.0,5.0,11
1050350,5.0,5.0,11
1050400,5.0,5.0,11
1050450,5.0,5.0,11
1050500,5.0,5.0,11
1050550,5.0,5.0,11
1050600,5.0,5.0,11
1050650,5.0,5.0,11
1050700,5.0,5.0,11
1050750,5.0,5.0,11
1050800,5.0,5.0,11
1050850,5.0,5.0,11
1050900,5.0,5.0,11
1050950,5.0,5.0,11
1051000,5.0,5.0,11
1051050,5.0,5.0,11
1051100,5.0,5.0,11
1051150,5.0,5.0,11
1051200,5.0,5.0,11
1051250,5.0,5.0,11
1051300,5.0,5.0,11
1051350,5.0,5.0,11
1051400,5.0,5.0,11
1051450,5.0,5.0,11
1051500,5.0,5.0,11
1051550,5.0,5.0,11
1051600,5.0,5.0,11
1051650,5.0,5.0,11
1051700,5.0,5.0,11
1051750,5.0,5.0,11
1051800,5.0,5.0,11
1051850,5.0,5.0,11
1051900,5.0,5.0,11
1051950,5.0,5.0,11
1052000,5.0,5.0,11
1052050,5.0,5.0,11
1052100,5.0,5.0,11
1052150,5.0,5.0,11
1052200,5.0,5.0,11
1052250,5.0,5.0,11
1052300,5.0,5.0,11
1052350,5.0,5.0,11
1052400,5.0,5.0,11
1052450,5.0,5.0,11
1052500,5.0,5.0,11
1052550,5.0,5.0,11
1052600,5.0,5.0,11
1052650,5.0,5.0,11
1052700,5.0,5.0,11
1052750,5.0,5.0,11
1052800,5.0,5.0,11
1052850,5.0,5.0,11
1052900,5.0,5.0,11
1052950,5.0,5.0,11
1053000,5.0,5.0,11
1053050,5.0,5.0,11
1053100,5.0,5.0,11
1053150,5.0,5.0,11
1053200,5.0,5.0,11
1053250,5.0,5.0,11
1053300,5.0,5.0,11
1053350,5.0,5.0,11
1053400,5.0,5.0,11
1053450,5.0,5.0,11
1053500,5.0,5.0,11
1053550,5.0,5.0,11
1053600,5.0,5.0,11
1053650,5.0,5.0,11
1053700,5.0,5.0,11
1053750,5.0,5.0,11
1053800,5.0,5.0,11
1053850,5.0,5.0,11
1053900,5.0,5.0,11
1053950,5.0,5.0,11
1054000,5.0,5.0,11
1054050,5.0,5.0,11
1054100,5.0,5.0,11
1054150,5.0,5.0,11
1054200,5.0,5.0,11
1054250,5.0,5.0,11
1054300,5.0,5.0,11
1054350,5.0,5.0,11
1054400,5.0,5.0,11
1054450,5.0,5.0,11
1054500,5.0,5.0,11
1054550,5.0,5.0,11
1054600,5.0,5.0,11
1054650,5.0,5.0,11
1054700,5.0,5.0,11
1054750,5.0,5.0,11
1054800,5.0,5.0,11
1054850,5.0,5.0,11
1054900,5.0,5.0,11
1054950,5.0,5.0,11
1055000,5.0,5.0,11
1055050,5.0,5.0,11
1055100,5.0,5.0,11
1055150,5.0,5.0,11
1055200,5.0,5.0,11
1055250,5.0,5.0,11
1055300,5.0,5.0,11
1055350,5.0,5.0,11
1055400,5.0,5.0,11
1055450,5.0,5.0,11
1055500,5.0,5.0,11
1055550,5.0,5.0,11
1055600,5.0,5.0,11
1055650,5.0,5.0,11
1055700,5.0,5.0,11
1055750,5.0,5.0,11
1055800,5.0,5.0,11
1055850,5.0,5.0,11
1055900,5.0,5.0,11
1055950,5.0,5.0,11
1056000,5.0,5.0,11
1056050,5.0,5.0,11
1056100,5.0,5.0,11
1056150,5.0,5.0,11
1056200,5.0,5.0,11
1056250,5.0,5.0,11
1056300,5.0,5.0,11
1056350,5.0,5.0,11
1056400,5.0,5.0,11
1056450,5.0,5.0,11
1056500,5.0,5.0,11
1056550,5.0,5.0,11
1056600,5.0,5.0,11
1056650,5.0,5.0,11
1056700,5.0,5.0,11
1056750,5.0,5.0,11
1056800,5.0,5.0,11
1056850,5.0,5.0,11
1056900,5.0,5.0,11
1056950,5.0,5.0,11
1057000,5.0,5.0,11
1057050,5.0,5.0,11
1057100,5.0,5.0,11
1057150,5.0,5.0,11
1057200,5.0,5.0,11
1057250,5.0,5.0,11
1057300,5.0,5.0,11
1057350,5.0,5.0,11
1057400,5.0,5.0,11
1057450,5.0,5.0,11
1057500,5.0,5.0,11
1057550,5.0,5.0,11
1057600,5.0,5.0,11
1057650,5.0,5.0,11
1057700,5.0,5.0,11
1057750,5.0,5.0,11
1057800,5.0,5.0,11
1057850,5.0,5.0,11
1057900,5.0,5.0,11
1057950,5.0,5.0,11
1058000,5.0,5.0,11
1058050,5.0,5.0,11
1058100,5.0,5.0,11
1058150,5.0,5.0,11
1058200,5.0,5.0,11
1058250,5.0,5.0,11
1058300,5.0,5.0,11
1058350,5.0,5.0,11
1058400,5.0,5.0,11
1058450,5.0,5.0,11
1058500,5.0,5.0,11
1058550,5.0,5.0,11
1058600,5.0,5.0,11
1058650,5.0,5.0,11
1058700,5.0,5.0,11
1058750,5.0,5.0,11
1058800,5.0,5.0,11
1058850,5.0,5.0,11
1058900,5.0,5.0,11
1058950,5.0,5.0,11
1059000,5.0,5.0,11
1059050,5.0,5.0,11
1059100,5.0,5.0,11
1059150,5.0,5.0,11
1059200,5.0,5.0,11
1059250,5.0,5.0,11
1059300,5.0,5.0,11
1059350,5.0,5.0,11
1059400,5.0,5.0,11
1059450,5.0,5.0,11
1059500,5.0,5.0,11
1059550,5.0,5.0,11
1059600,5.0,5.0,11
1059650,5.0,5.0,11
1059700,5.0,5.0,11
1059750,5.0,5.0,11
1059800,5.0,5.0,11
1059850,5.0,5.0,11
1059900,5.0,5.0,11
1059950,5.0,5.0,11
1060000,5.0,5.0,11
1060050,5.0,5.0,11
1060100,5.0,5.0,11
1060150,5.0,5.0,11
1060200,5.0,5.0,11
1060250,5.0,5.0,11
1060300,5.0,5.0,11
1060350,5.0,5.0,11
1060400,5.0,5.0,11
1060450,5.0,5.0,11
1060500,5.0,5.0,11
1060550,5.0,5.0,11
1060600,5.0,5.0,11
1060650,5.0,5.0,11
1060700,5.0,5.0,11
1060750,5.0,5.0,11
1060800,5.0,5.0,11
1060850,5.0,5.0,11
1060900,5.0,5.0,11
1060950,5.0,5.0,11
1061000,5.0,5.0,11
1061050,5.0,5.0,11
1061100,5.0,5.0,11
1061150,5.0,5.0,11
1061200,5.0,5.0,11
1061250,5.0,5.0,11
1061300,5.0,5.0,11
1061350,5.0,5.0,11
1061400,5.0,5.0,11
1061450,5.0,5.0,11
1061500,5.0,5.0,11
1061550,5.0,5.0,11
1061600,5.0,5.0,11
1061650,5.0,5.0,11
1061700,5.0,5.0,11
1061750,5.0,5.0,11
1061800,5.0,5.0,11
1061850,5.0,5.0,11
1061900,5.0,5.0,11
1061950,5.0,5.0,11
1062000,5.0,5.0,11
1062050,5.0,5.0,11
1062100,5.0,5.0,11
1062150,5.0,5.0,11
1062200,5.0,5.0,11
1062250,5.0,5.0,11
1062300,5.0,5.0,11
1062350,5.0,5.0,11
1062400,5.0,5.0,11
1062450,5.0,5.0,11
1062500,5.0,5.0,11
1062550,5.0,5.0,11
1062600,5.0,5.0,11
1062650,5.0,5.0,11
1062700,5.0,5.0,11
1062750,5.0,5.0,11
1062800,5.0,5.0,11
1062850,5.0,5.0,11
1062900,5.0,5.0,11
1062950,5.0,5.0,11
1063000,5.0,5.0,11
1063050,5.0,5.0,11
1063100,5.0,5.0,11
1063150,5.0,5.0,11
1063200,5.0,5.0,11
1063250,5.0,5.0,11
1063300,5.0,5.0,11
1063350,5.0,5.0,11
1063400,5.0,5.0,11
1063450,5.0,5.0,11
1063500,5.0,5.0,11
1063550,5.0,5.0,11
1063600,5.0,5.0,11
1063650,5.0,5.0,11
1063700,5.0,5.0,11
1063750,5.0,5.0,11
1063800,5.0,5.0,11
1063850,5.0,5.0,11
1063900,5.0,5.0,11
1063950,5.0,5.0,11
1064000,5.0,5.0,11
1064050,5.0,5.0,11
1064100,5.0,5.0,11
1064150,5.0,5.0,11
1064200,5.0,5.0,11
1064250,5.0,5.0,11
1064300,5.0,5.0,11
1064350,5.0,5.0,11
1064400,5.0,5.0,11
1064450,5.0,5.0,11
1064500,5.0,5.0,11
1064550,5.0,5.0,11
1064600,5.0,5.0,11
1064650,5.0,5.0,11
1064700,5.0,5.0,11
1064750,5.0,5.0,11
1064800,5.0,5.0,11
1064850,5.0,5.0,11
1064900,5.0,5.0,11
1064950,5.0,5.0,11
1065000,5.0,5.0,11
1065050,5.0,5.0,11
1065100,5.0,5.0,11
1065150,5.0,5.0,11
1065200,5.0,5.0,11
1065250,5.0,5.0,11
1065300,5.0,5.0,11
1065350,5.0,5.0,11
1065400,5.0,5.0,11
1065450,5.0,5.0,11
1065500,5.0,5.0,11
1065550,5.0,5.0,11
1065600,5.0,5.0,11
1065650,5.0,5.0,11
1065700,5.0,5.0,11
1065750,5.0,5.0,11
1065800,5.0,5.0,11
1065850,5.0,5.0,11
1065900,5.0,5.0,11
1065950,5.0,5.0,11
1066000,5.0,5.0,11
1066050,5.0,5.0,11
1066100,5.0,5.0,11
1066150,5.0,5.0,11
1066200,5.0,5.0,11
1066250,5.0,5.0,11
1066300,5.0,5.0,11
1066350,5.0,5.0,11
1066400,5.0,5.0,11
1066450,5.0,5.0,11
1066500,5.0,5.0,11
1066550,5.0,5.0,11
1066600,5.0,5.0,11
1066650,5.0,5.0,11
1066700,5.0,5.0,11
1066750,5.0,5.0,11
1066800,5.0,5.0,11
1066850,5.0,5.0,11
1066900,5.0,4.999,11
1066950,5.0,4.994,11
1067000,5.0,4.983,11
1067050,5.0,4.979,11
1067100,5.0,4.979,11
1067150,5.0,4.979,11
1067200,5.0,4.975,11
1067250,5.0,4.972,11
1067300,5.0,4.969,11
1067350,5.0,4.969,11
1067400,5.0,4.969,11
1067450,5.0,4.969,11
1067500,5.0,4.969,11
1067550,5.0,4.969,11
1067600,5.0,4.969,11
1067650,5.0,4.967,11
1067700,5.0,4.953,11
1067750,5.0,4.931,11
1067800,5.0,4.927,11
1067850,5.0,4.922,11
1067900,5.0,4.909,11
1067950,5.0,4.896,11
1068000,5.0,4.886,11
1068050,5.0,4.885,11
1068100,5.0,4.879,11
1068150,5.0,4.874,11
1068200,5.0,4.874,11
1068250,5.0,4.874,11
1068300,5.0,4.874,11
1068350,5.0,4.874,11
1068400,5.0,4.874,11
1068450,5.0,4.874,11
1068500,5.0,4.874,11
1068550,5.0,4.874,11
1068600,5.0,4.874,11
1068650,5.0,4.874,11
1068700,5.0,4.874,11
1068750,5.0,4.874,11
1068800,5.0,4.874,11
1068850,5.0,4.874,11
1068900,5.0,4.874,11
1068950,5.0,4.874,11
1069000,5.0,4.874,11
1069050,5.0,4.874,11
1069100,5.0,4.874,11
1069150,5.0,4.874,11
1069200,5.0,4.874,11
1069250,5.0,4.877,11
1069300,5.0,4.898,11
1069350,5.0,4.915,11
1069400,5.0,4.925,11
1069450,5.0,4.932,11
1069500,5.0,4.944,11
1069550,5.0,4.956,11
1069600,5.0,4.994,11
1069650,5.0,5.0,11
1069700,5.0,5.0,11
1069750,5.0,5.0,11
1069800,5.0,5.0,11
1069850,5.0,5.0,11
1069900,5.0,5.0,11
1069950,5.0,5.0,11
1070000,5.0,5.0,11
1070050,5.0,5.0,11
1070100,5.0,5.0,11
1070150,5.0,5.0,11
1070200,5.0,5.0,11
1070250,5.0,5.0,11
1070300,5.0,5.0,11
1070350,5.0,5.0,11
1070400,5.0,5.0,11
1070450,5.0,5.0,11
1070500,5.0,5.0,11
1070550,5.0,5.0,11
1070600,5.0,5.0,11
1070650,5.0,5.0,11
1070700,5.0,5.0,11
1070750,5.0,5.0,11
1070800,5.0,5.0,11
1070850,5.0,5.0,11
1070900,5.0,5.0,11
1070950,5.0,5.0,11
1071000,5.0,5.0,11
1071050,5.0,5.0,11
1071100,5.0,5.0,11
1071150,5.0,5.0,11
1071200,5.0,5.0,11
1071250,5.0,5.0,11
1071300,5.0,5.0,11
1071350,5.0,5.0,11
1071400,5.0,5.0,11
1071450,5.0,5.0,11
1071500,5.0,5.0,11
1071550,5.0,5.0,11
1071600,5.0,5.0,11
1071650,5.0,5.0,11
1071700,5.0,5.0,11
1071750,5.0,5.0,11
1071800,5.0,5.0,11
1071850,5.0,5.0,11
1071900,5.0,5.0,11
1071950,5.0,5.0,11
1072000,5.0,5.0,11
1072050,5.0,5.0,11
1072100,5.0,5.0,11
1072150,5.0,5.0,11
1072200,5.0,5.0,11
1072250,5.0,5.0,11
1072300,5.0,5.0,11
1072350,5.0,5.0,11
1072400,5.0,5.0,11
1072450,5.0,5.0,11
1072500,5.0,5.0,11
1072550,5.0,5.0,11
1072600,5.0,5.0,11
1072650,5.0,5.0,11
1072700,5.0,5.0,11
1072750,5.0,5.0,11
1072800,5.0,5.0,11
1072850,5.0,5.0,11
1072900,5.0,5.0,11
1072950,5.0,5.0,11
1073000,5.0,5.0,11
1073050,5.0,5.0,11
1073100,5.0,5.0,11
1073150,5.0,5.0,11
1073200,5.0,5.0,11
1073250,5.0,5.0,11
1073300,5.0,5.0,11
1073350,5.0,5.0,11
1073400,5.0,5.0,11
1073450,5.0,5.0,11
1073500,5.0,5.0,11
1073550,5.0,5.0,11
1073600,5.0,5.0,11
1073650,5.0,5.0,11
1073700,5.0,5.0,11
1073750,5.0,5.0,11
1073800,5.0,5.0,11
1073850,5.0,5.0,11
1073900,5.0,5.0,11
1073950,5.0,5.0,11
1074000,5.0,5.0,11
1074050,5.0,5.0,11
1074100,5.0,5.0,11
1074150,5.0,5.0,11
1074200,5.0,5.0,11
1074250,5.0,5.0,11
1074300,5.0,5.0,11
1074350,5.0,5.0,11
1074400,5.0,5.0,11
1074450,5.0,5.0,11
1074500,5.0,5.0,11
1074550,5.0,5.0,11
1074600,5.0,5.0,11
1074650,5.0,5.0,11
1074700,5.0,5.0,11
1074750,5.0,5.0,11
1074800,5.0,5.0,11
1074850,5.0,5.0,11
1074900,5.0,5.0,11
1074950,5.0,5.0,11
1075000,5.0,5.0,11
1075050,5.0,5.0,11
1075100,5.0,5.0,11
1075150,5.0,5.0,11
1075200,5.0,5.0,11
1075250,5.0,5.0,11
1075300,5.0,5.0,11
1075350,5.0,5.0,11
1075400,5.0,5.0,11
1075450,5.0,5.0,11
1075500,5.0,5.0,11
1075550,5.0,5.0,11
1075600,5.0,5.0,11
1075650,5.0,5.0,11
1075700,5.0,5.0,11
1075750,5.0,5.0,11
1075800,5.0,5.0,11
1075850,5.0,5.0,11
1075900,5.0,5.0,11
1075950,5.0,5.0,11
1076000,5.0,5.0,11
1076050,5.0,5.0,11
1076100,5.0,5.0,11
1076150,5.0,5.0,11
1076200,5.0,5.0,11
1076250,5.0,5.0,11
1076300,5.0,5.0,11
1076350,5.0,5.0,11
1076400,5.0,5.0,11
1076450,5.0,5.0,11
1076500,5.0,5.0,11
1076550,5.0,5.0,11
1076600,5.0,5.0,11
1076650,5.0,5.0,11
1076700,5.0,5.0,11
1076750,5.0,5.0,11
1076800,5.0,5.0,11
1076850,5.0,5.0,11
1076900,5.0,5.0,11
1076950,5.0,5.0,11
1077000,5.0,5.0,11
1077050,5.0,5.0,11
1077100,5.0,5.0,11
1077150,5.0,5.0,11
1077200,5.0,5.0,11
1077250,5.0,5.0,11
1077300,5.0,5.0,11
1077350,5.0,5.0,11
1077400,5.0,5.0,11
1077450,5.0,5.0,11
1077500,5.0,5.0,11
1077550,5.0,5.0,11
1077600,5.0,5.0,11
1077650,5.0,5.0,11
1077700,5.0,5.0,11
1077750,5.0,5.0,11
1077800,5.0,5.0,11
1077850,5.0,5.0,11
1077900,5.0,5.0,11
1077950,5.0,5.0,11
1078000,5.0,5.0,11
1078050,5.0,5.0,11
1078100,5.0,5.0,11
1078150,5.0,5.0,11
1078200,5.0,5.0,11
1078250,5.0,5.0,11
1078300,5.0,5.0,11
1078350,5.0,5.0,11
1078400,5.0,5.0,11
1078450,5.0,5.0,11
1078500,5.0,5.0,11
1078550,5.0,5.0,11
1078600,5.0,5.0,11
1078650,5.0,5.0,11
1078700,5.0,5.0,11
1078750,5.0,5.0,11
1078800,5.0,5.0,11
1078850,5.0,5.0,11
1078900,5.0,5.0,11
1078950,5.0,5.0,11
1079000,5.0,5.0,11
1079050,5.0,5.0,11
1079100,5.0,5.0,11
1079150,5.0,5.0,11
1079200,5.0,5.0,11
1079250,5.0,5.0,11
1079300,5.0,5.0,11
1079350,5.0,5.0,11
1079400,5.0,5.0,11
1079450,5.0,5.0,11
1079500,5.0,5.0,11
1079550,5.0,5.0,11
1079600,5.0,5.0,11
1079650,5.0,5.0,11
1079700,5.0,5.0,11
1079750,5.0,5.0,11
1079800,5.0,5.0,11
1079850,5.0,5.0,11
1079900,5.0,5.0,11
1079950,5.0,5.0,11
1080000,5.0,5.0,11
1080050,5.0,5.0,11
1080100,5.0,5.0,11
1080150,5.0,5.0,11
1080200,5.0,5.0,11
1080250,5.0,5.0,11
1080300,5.0,5.0,11
1080350,5.0,5.0,11
1080400,5.0,5.0,11
1080450,5.0,5.0,11
1080500,5.0,5.0,11
1080550,5.0,5.0,11
1080600,5.0,5.0,11
1080650,5.0,5.0,11
1080700,5.0,5.0,11
1080750,5.0,5.0,11
1080800,5.0,5.0,11
1080850,5.0,5.0,11
1080900,5.0,5.0,11
1080950,5.0,5.0,11
1081000,5.0,5.0,11
1081050,5.0,5.0,11
1081100,5.0,5.0,11
1081150,5.0,5.0,11
1081200,5.0,5.0,11
1081250,5.0,5.0,11
1081300,5.0,5.0,11
1081350,5.0,5.0,11
1081400,5.0,5.0,11
1081450,5.0,5.0,11
1081500,5.0,5.0,11
1081550,5.0,5.0,11
1081600,5.0,5.0,11
1081650,5.0,5.0,11
1081700,5.0,5.0,11
1081750,5.0,5.0,11
1081800,5.0,5.0,11
1081850,5.0,5.0,11
1081900,5.0,5.0,11
1081950,5.0,5.0,11
1082000,5.0,5.0,11
1082050,5.0,5.0,11
1082100,5.0,5.0,11
1082150,5.0,5.0,11
1082200,5.0,5.0,11
1082250,5.0,5.0,11
1082300,5.0,5.0,11
1082350,5.0,5.0,11
1082400,5.0,5.0,11
1082450,5.0,5.0,11
1082500,5.0,5.0,11
1082550,5.0,5.0,11
1082600,5.0,5.0,11
1082650,5.0,5.0,11
1082700,5.0,5.0,11
1082750,5.0,5.0,11
1082800,5.0,5.0,5
1082850,5.0,5.0,5
1082900,5.0,5.0,5
1082950,5.0,5.0,5
1083000,5.0,5.0,5
1083050,5.0,5.0,5
1083100,5.0,5.0,5
1083150,5.0,5.0,5
1083200,5.0,5.0,5
1083250,5.0,5.0,5
1083300,5.0,5.0,5
1083350,5.0,5.0,5
1083400,5.0,5.0,5
1083450,5.0,5.0,5
1083500,5.0,5.0,5
1083550,5.0,5.0,5
1083600,5.0,5.0,5
1083650,5.0,5.0,5
1083700,5.0,5.0,5
1083750,5.0,5.0,5
1083800,5.0,5.0,5
1083850,5.0,5.0,5
1083900,5.0,5.0,5
1083950,5.0,5.0,5
1084000,5.0,5.0,5
1084050,5.0,5.0,5
1084100,5.0,5.0,5
1084150,5.0,5.0,5
1084200,5.0,5.0,5
1084250,5.0,5.0,5
1084300,5.0,5.0,5
1084350,5.0,5.0,5
1084400,5.0,5.0,5
1084450,5.0,5.0,5
1084500,5.0,5.0,5
1084550,5.0,5.0,5
1084600,5.0,5.0,5
1084650,5.0,5.0,5
1084700,5.0,5.0,5
1084750,5.0,5.0,5
1084800,5.0,5.0,5
1084850,5.0,5.0,5
1084900,5.0,5.0,5
1084950,5.0,5.0,5
1085000,5.0,5.0,5
1085050,5.0,5.0,5
1085100,5.0,5.0,5
1085150,5.0,5.0,5
1085200,5.0,5.0,5
1085250,5.0,5.0,5
1085300,5.0,5.0,5
1085350,5.0,5.0,5
1085400,5.0,5.0,5
1085450,5.0,5.0,5
1085500,5.0,5.0,5
1085550,5.0,5.0,5
1085600,5.0,5.0,5
1085650,5.0,5.0,5
1085700,5.0,5.0,5
1085750,5.0,5.0,5
1085800,5.0,5.0,5
1085850,5.0,5.0,5
1085900,5.0,5.0,5
1085950,5.0,5.0,5
1086000,5.0,5.0,5
1086050,5.0,5.0,5
1086100,5.0,5.0,5
1086150,5.0,5.0,5
1086200,5.0,5.0,5
1086250,5.0,5.0,5
1086300,5.0,5.0,5
1086350,5.0,5.0,5
1086400,5.0,5.0,5
1086450,5.0,5.0,5
1086500,5.0,5.0,5
1086550,5.0,5.0,5
1086600,5.0,5.0,5
1086650,5.0,5.0,5
1086700,5.0,5.0,5
1086750,5.0,5.0,5
1086800,5.0,5.0,5
1086850,5.0,5.0,5
1086900,5.0,5.0,5
1086950,5.0,5.0,5
1087000,5.0,5.0,5
1087050,5.0,5.0,5
1087100,5.0,5.0,5
1087150,5.0,5.0,5
1087200,5.0,5.0,5
1087250,5.0,5.0,5
1087300,5.0,5.0,5
1087350,5.0,5.0,5
1087400,5.0,5.0,5
1087450,5.0,5.0,5
1087500,5.0,5.0,5
1087550,5.0,5.0,5
1087600,5.0,5.0,5
1087650,5.0,5.0,5
1087700,5.0,5.0,5
1087750,5.0,5.0,5
1087800,5.0,5.0,5
1087850,5.0,5.0,5
1087900,5.0,5.0,5
1087950,5.0,5.0,5
1088000,5.0,5.0,5
1088050,5.0,5.0,5
1088100,5.0,5.0,5
1088150,5.0,5.0,5
1088200,5.0,5.0,5
1088250,5.0,5.0,5
1088300,5.0,5.0,5
1088350,5.0,5.0,5
1088400,5.0,5.0,5
1088450,5.0,5.0,5
1088500,5.0,5.0,5
1088550,5.0,5.0,5
1088600,5.0,5.0,5
1088650,5.0,5.0,5
1088700,5.0,5.0,5
1088750,5.0,5.0,5
1088800,5.0,5.0,5
1088850,5.0,5.0,5
1088900,5.0,5.0,5
1088950,5.0,5.0,5
1089000,5.0,5.0,5
1089050,5.0,5.0,5
1089100,5.0,5.0,5
1089150,5.0,5.0,5
1089200,5.0,5.0,5
1089250,5.0,5.0,5
1089300,5.0,5.0,5
1089350,5.0,5.0,5
1089400,5.0,5.0,5
1089450,5.0,5.0,5
1089500,5.0,5.0,5
1089550,5.0,5.0,5
1089600,5.0,5.0,5
1089650,5.0,5.0,5
1089700,5.0,5.0,5
1089750,5.0,5.0,5
1089800,5.0,5.0,5
1089850,5.0,5.0,5
1089900,5.0,5.0,5
1089950,5.0,5.0,5
1090000,5.0,5.0,5
1090050,5.0,5.0,5
1090100,5.0,5.0,5
1090150,5.0,5.0,5
1090200,5.0,5.0,5
1090250,5.0,5.0,5
1090300,5.0,5.0,5
1090350,5.0,5.0,5
1090400,5.0,5.0,5
1090450,5.0,5.0,5
1090500,5.0,5.0,5
1090550,5.0,5.0,5
1090600,5.002,5.0,5
1090650,5.015,5.0,5
1090700,5.033,5.0,5
1090750,5.039,5.0,5
1090800,5.042,5.0,5
1090850,5.062,5.0,5
1090900,5.068,5.0,5
1090950,5.077,5.0,5
1091000,5.091,5.0,5
1091050,5.108,5.0,5
1091100,5.133,5.0,5
1091150,5.14,5.0,5
1091200,5.153,5.0,5
1091250,5.159,5.0,5
1091300,5.161,5.0,5
1091350,5.179,5.0,5
1091400,5.183,5.0,5
1091450,5.184,5.0,5
1091500,5.194,5.0,5
1091550,5.194,5.0,5
1091600,5.197,5.0,5
1091650,5.218,5.0,5
1091700,5.248,4.995,5
1091750,5.264,4.959,5
1091800,5.288,4.837,5
1091850,5.298,4.825,5
1091900,5.313,4.814,5
1091950,5.328,4.795,5
1092000,5.333,4.782,5
1092050,5.339,4.773,5
1092100,5.341,4.773,5
1092150,5.341,4.773,5
1092200,5.341,4.773,5
1092250,5.341,4.773,5
1092300,5.341,4.773,5
1092350,5.341,4.773,5
1092400,5.341,4.773,5
1092450,5.342,4.773,5
1092500,5.343,4.773,5
1092550,5.343,4.773,5
1092600,5.344,4.773,5
1092650,5.349,4.773,5
1092700,5.355,4.773,5
1092750,5.356,4.773,5
1092800,5.358,4.773,5
1092850,5.358,4.773,5
1092900,5.359,4.773,5
1092950,5.362,4.773,5
1093000,5.365,4.773,5
1093050,5.365,4.774,5
1093100,5.365,4.774,5
1093150,5.365,4.774,5
1093200,5.367,4.774,5
1093250,5.368,4.774,5
1093300,5.37,4.774,5
1093350,5.372,4.774,5
1093400,5.377,4.774,5
1093450,5.377,4.774,5
1093500,5.377,4.774,5
1093550,5.377,4.774,5
1093600,5.377,4.774,5
1093650,5.377,4.774,5
1093700,5.377,4.774,5
1093750,5.377,4.774,5
1093800,5.377,4.774,5
1093850,5.377,4.774,5
1093900,5.377,4.774,5
1093950,5.377,4.774,5
1094000,5.377,4.774,5
1094050,5.377,4.774,5
1094100,5.377,4.774,5
1094150,5.377,4.774,5
1094200,5.377,4.774,5
1094250,5.377,4.774,5
1094300,5.377,4.774,5
1094350,5.377,4.774,5
1094400,5.377,4.774,5
1094450,5.377,4.774,5
1094500,5.377,4.774,5
1094550,5.377,4.774,5
1094600,5.377,4.774,5
1094650,5.377,4.774,5
1094700,5.377,4.774,5
1094750,5.377,4.774,5
1094800,5.377,4.774,5
1094850,5.377,4.774,5
1094900,5.377,4.774,5
1094950,5.377,4.774,5
1095000,5.377,4.774,5
1095050,5.377,4.774,5
1095100,5.377,4.774,5
1095150,5.377,4.774,5
1095200,5.377,4.774,5
1095250,5.377,4.774,5
1095300,5.377,4.774,5
1095350,5.377,4.774,5
1095400,5.379,4.774,5
1095450,5.387,4.774,5
1095500,5.387,4.774,5
1095550,5.393,4.774,5
1095600,5.394,4.774,5
1095650,5.395,4.774,5
1095700,5.4,4.774,5
1095750,5.4,4.774,5
1095800,5.4,4.774,5
1095850,5.401,4.774,5
1095900,5.401,4.774,5
1095950,5.401,4.774,5
1096000,5.401,4.774,5
1096050,5.401,4.774,5
1096100,5.401,4.774,5
1096150,5.401,4.774,5
1096200,5.401,4.774,5
1096250,5.401,4.774,5
1096300,5.401,4.774,5
1096350,5.401,4.774,5
1096400,5.401,4.774,5
1096450,5.401,4.774,5
1096500,5.401,4.774,5
1096550,5.401,4.774,5
1096600,5.401,4.774,5
1096650,5.401,4.774,5
1096700,5.401,4.774,5
1096750,5.401,4.774,5
1096800,5.401,4.774,5
1096850,5.401,4.774,5
1096900,5.401,4.774,5
1096950,5.401,4.774,5
1097000,5.401,4.774,5
1097050,5.401,4.774,5
1097100,5.401,4.774,5
1097150,5.401,4.774,5
1097200,5.401,4.774,5
1097250,5.401,4.774,5
1097300,5.401,4.774,5
1097350,5.401,4.774,5
1097400,5.401,4.774,5
1097450,5.401,4.774,5
1097500,5.401,4.774,5
1097550,5.401,4.774,5
1097600,5.401,4.774,5
1097650,5.401,4.774,5
1097700,5.401,4.774,5
1097750,5.401,4.774,5
1097800,5.401,4.774,5
1097850,5.401,4.774,5
1097900,5.401,4.774,5
1097950,5.401,4.774,5
1098000,5.401,4.774,5
1098050,5.401,4.774,5
1098100,5.401,4.774,5
1098150,5.401,4.774,5
1098200,5.401,4.774,5
1098250,5.401,4.774,5
1098300,5.401,4.774,5
1098350,5.401,4.774,5
1098400,5.401,4.774,5
1098450,5.401,4.774,5
1098500,5.401,4.774,5
1098550,5.401,4.774,5
1098600,5.401,4.774,5
1098650,5.401,4.774,5
1098700,5.401,4.774,5
1098750,5.401,4.774,5
1098800,5.401,4.774,5
1098850,5.401,4.774,5
1098900,5.401,4.774,5
1098950,5.401,4.774,5
1099000,5.401,4.774,5
1099050,5.401,4.774,5
1099100,5.401,4.774,5
1099150,5.401,4.774,5
1099200,5.401,4.774,5
1099250,5.401,4.774,5
1099300,5.401,4.774,5
1099350,5.401,4.774,5
1099400,5.401,4.774,5
1099450,5.401,4.774,5
1099500,5.401,4.774,5
1099550,5.401,4.774,5
1099600,5.401,4.774,5
1099650,5.401,4.774,5
1099700,5.401,4.774,5
1099750,5.401,4.774,5
1099800,5.401,4.774,5
1099850,5.401,4.774,5
1099900,5.401,4.774,5
1099950,5.401,4.774,5
1100000,5.401,4.774,5
1100050,5.401,4.774,5
1100100,5.401,4.774,5
1100150,5.401,4.774,5
1100200,5.401,4.774,5
1100250,5.401,4.774,5
1100300,5.401,4.774,5
1100350,5.401,4.774,5
1100400,5.401,4.774,5
1100450,5.401,4.774,5
1100500,5.401,4.774,5
1100550,5.401,4.774,5
1100600,5.401,4.774,5
1100650,5.401,4.774,5
1100700,5.401,4.774,5
1100750,5.401,4.774,5
1100800,5.401,4.774,5
1100850,5.401,4.774,5
1100900,5.401,4.774,5
1100950,5.401,4.774,5
1101000,5.401,4.774,5
1101050,5.401,4.774,5
1101100,5.401,4.774,5
1101150,5.401,4.774,5
1101200,5.401,4.774,5
1101250,5.401,4.774,5
1101300,5.401,4.774,5
1101350,5.401,4.774,5
1101400,5.401,4.774,5
1101450,5.401,4.774,5
1101500,5.401,4.774,5
1101550,5.401,4.774,5
1101600,5.401,4.774,5
1101650,5.401,4.774,5
1101700,5.401,4.774,5
1101750,5.401,4.774,5
1101800,5.401,4.774,5
1101850,5.401,4.774,5
1101900,5.401,4.774,5
1101950,5.401,4.774,5
1102000,5.401,4.774,5
1102050,5.401,4.774,5
1102100,5.401,4.774,5
1102150,5.401,4.774,5
1102200,5.401,4.774,5
1102250,5.401,4.774,5
1102300,5.401,4.774,5
1102350,5.401,4.774,5
1102400,5.401,4.774,5
1102450,5.401,4.774,5
1102500,5.401,4.774,5
1102550,5.401,4.774,5
1102600,5.401,4.774,5
1102650,5.401,4.774,5
1102700,5.401,4.774,5
1102750,5.401,4.774,5
1102800,5.401,4.774,5
1102850,5.401,4.774,5
1102900,5.401,4.774,5
1102950,5.401,4.774,5
1103000,5.401,4.774,5
1103050,5.401,4.774,5
1103100,5.401,4.774,5
1103150,5.401,4.774,5
1103200,5.401,4.774,5
1103250,5.401,4.774,5
1103300,5.401,4.774,5
1103350,5.401,4.774,5
1103400,5.401,4.774,5
1103450,5.401,4.774,5
1103500,5.401,4.774,5
1103550,5.401,4.774,5
1103600,5.401,4.774,5
1103650,5.401,4.774,5
1103700,5.401,4.774,5
1103750,5.401,4.774,5
1103800,5.401,4.774,5
1103850,5.401,4.774,5
1103900,5.401,4.774,5
1103950,5.401,4.774,5
1104000,5.401,4.774,5
1104050,5.401,4.774,5
1104100,5.401,4.774,5
1104150,5.401,4.774,5
1104200,5.401,4.774,5
1104250,5.401,4.774,5
1104300,5.401,4.774,5
1104350,5.401,4.774,5
1104400,5.401,4.774,5
1104450,5.401,4.774,5
1104500,5.401,4.774,5
1104550,5.401,4.774,5
1104600,5.401,4.774,5
1104650,5.401,4.774,5
1104700,5.401,4.774,5
1104750,5.401,4.774,5
1104800,5.401,4.774,5
1104850,5.401,4.774,5
1104900,5.401,4.774,5
1104950,5.401,4.774,5
1105000,5.401,4.774,5
1105050,5.401,4.774,5
1105100,5.401,4.774,5
1105150,5.401,4.774,5
1105200,5.401,4.774,5
1105250,5.401,4.774,5
1105300,5.401,4.774,5
1105350,5.401,4.774,5
1105400,5.401,4.774,5
1105450,5.401,4.774,5
1105500,5.401,4.774,5
1105550,5.401,4.774,5
1105600,5.401,4.774,5
1105650,5.401,4.774,5
1105700,5.401,4.774,5
1105750,5.401,4.774,5
1105800,5.401,4.774,5
1105850,5.401,4.774,5
1105900,5.401,4.774,5
1105950,5.401,4.774,5
1106000,5.401,4.774,5
1106050,5.401,4.774,5
1106100,5.401,4.774,5
1106150,5.401,4.774,5
1106200,5.401,4.774,5
1106250,5.401,4.774,5
1106300,5.401,4.774,5
1106350,5.401,4.774,5
1106400,5.401,4.774,5
1106450,5.401,4.774,5
1106500,5.401,4.774,5
1106550,5.401,4.774,5
1106600,5.401,4.774,5
1106650,5.401,4.774,5
1106700,5.401,4.774,5
1106750,5.401,4.774,5
1106800,5.401,4.775,5
1106850,5.401,4.775,5
1106900,5.401,4.775,5
1106950,5.401,4.779,5
1107000,5.401,4.779,5
1107050,5.401,4.779,5
1107100,5.401,4.779,5
1107150,5.401,4.779,5
1107200,5.401,4.779,5
1107250,5.401,4.779,5
1107300,5.401,4.779,5
1107350,5.401,4.779,5
1107400,5.401,4.779,5
1107450,5.401,4.781,5
1107500,5.401,4.781,5
1107550,5.401,4.781,5
1107600,5.401,4.781,5
1107650,5.401,4.781,5
1107700,5.401,4.781,5
1107750,5.401,4.781,5
1107800,5.401,4.781,5
1107850,5.401,4.781,5
1107900,5.401,4.781,5
1107950,5.401,4.781,5
1108000,5.401,4.781,5
1108050,5.401,4.781,5
1108100,5.401,4.781,5
1108150,5.401,4.781,5
1108200,5.401,4.781,5
1108250,5.401,4.781,5
1108300,5.401,4.781,5
1108350,5.401,4.781,5
1108400,5.401,4.781,5
1108450,5.401,4.781,5
1108500,5.401,4.781,5
1108550,5.401,4.782,5
1108600,5.401,4.782,5
1108650,5.401,4.782,5
1108700,5.401,4.782,5
1108750,5.401,4.782,5
1108800,5.401,4.782,5
1108850,5.401,4.782,5
1108900,5.401,4.782,5
1108950,5.401,4.782,5
1109000,5.401,4.782,5
1109050,5.401,4.782,5
1109100,5.401,4.783,5
1109150,5.401,4.783,5
1109200,5.401,4.784,5
1109250,5.401,4.788,5
1109300,5.401,4.788,5
1109350,5.401,4.79,5
1109400,5.401,4.79,5
1109450,5.401,4.79,5
1109500,5.401,4.79,5
1109550,5.401,4.79,5
1109600,5.401,4.791,5
1109650,5.401,4.795,5
1109700,5.401,4.796,5
1109750,5.401,4.796,5
1109800,5.401,4.797,5
1109850,5.401,4.797,5
1109900,5.401,4.797,5
1109950,5.401,4.797,5
1110000,5.401,4.797,5
1110050,5.401,4.797,5
1110100,5.401,4.799,5
1110150,5.401,4.801,5
1110200,5.401,4.801,5
1110250,5.401,4.801,5
1110300,5.401,4.801,5
1110350,5.401,4.801,5
1110400,5.401,4.801,5
1110450,5.401,4.801,5
1110500,5.401,4.801,5
1110550,5.401,4.801,5
1110600,5.401,4.801,5
1110650,5.401,4.801,5
1110700,5.401,4.801,5
1110750,5.401,4.801,5
1110800,5.401,4.801,5
1110850,5.401,4.801,5
1110900,5.401,4.801,5
1110950,5.401,4.801,5
1111000,5.401,4.801,5
1111050,5.401,4.801,5
1111100,5.401,4.801,5
1111150,5.401,4.801,5
1111200,5.401,4.801,5
1111250,5.401,4.801,5
1111300,5.401,4.801,5
1111350,5.401,4.801,5
1111400,5.401,4.801,5
1111450,5.401,4.801,5
1111500,5.401,4.801,5
1111550,5.401,4.801,5
1111600,5.401,4.801,5
1111650,5.401,4.801,5
1111700,5.401,4.801,5
1111750,5.401,4.801,5
1111800,5.401,4.801,5
1111850,5.401,4.801,5
1111900,5.401,4.801,5
1111950,5.401,4.801,5
1112000,5.401,4.801,5
1112050,5.401,4.801,5
1112100,5.401,4.801,5
1112150,5.401,4.801,5
1112200,5.401,4.801,5
1112250,5.401,4.801,5
1112300,5.401,4.802,5
1112350,5.401,4.806,5
1112400,5.401,4.806,5
1112450,5.401,4.806,5
1112500,5.401,4.806,5
1112550,5.401,4.807,5
1112600,5.401,4.807,5
1112650,5.401,4.809,5
1112700,5.401,4.809,5
1112750,5.401,4.809,5
1112800,5.401,4.809,5
1112850,5.401,4.809,5
1112900,5.401,4.809,5
1112950,5.401,4.809,5
1113000,5.401,4.809,5
1113050,5.401,4.81,5
1113100,5.401,4.81,5
1113150,5.401,4.81,5
1113200,5.401,4.81,5
1113250,5.401,4.81,5
1113300,5.401,4.81,5
1113350,5.401,4.81,5
1113400,5.401,4.81,5
1113450,5.401,4.81,5
1113500,5.401,4.81,5
1113550,5.401,4.81,5
1113600,5.401,4.81,5
1113650,5.401,4.81,5
1113700,5.401,4.81,5
1113750,5.401,4.81,5
1113800,5.401,4.81,5
1113850,5.401,4.81,5
1113900,5.401,4.81,5
1113950,5.401,4.811,5
1114000,5.401,4.812,5
1114050,5.401,4.812,5
1114100,5.401,4.812,5
1114150,5.401,4.812,5
1114200,5.401,4.812,5
1114250,5.401,4.812,5
1114300,5.401,4.812,5
1114350,5.401,4.812,5
1114400,5.401,4.812,5
1114450,5.401,4.812,5
1114500,5.401,4.812,5
1114550,5.401,4.812,5
1114600,5.401,4.812,5
1114650,5.401,4.812,5
1114700,5.401,4.812,5
1114750,5.401,4.812,5
1114800,5.401,4.812,5
1114850,5.401,4.812,5
1114900,5.401,4.812,5
1114950,5.401,4.812,5
1115000,5.401,4.812,5
1115050,5.401,4.812,5
1115100,5.401,4.812,5
1115150,5.401,4.812,5
1115200,5.401,4.812,5
1115250,5.401,4.813,5
1115300,5.401,4.814,5
1115350,5.401,4.814,5
1115400,5.401,4.814,5
1115450,5.401,4.814,5
1115500,5.401,4.814,5
1115550,5.401,4.814,5
1115600,5.401,4.814,5
1115650,5.401,4.814,5
1115700,5.401,4.816,5
1115750,5.401,4.816,5
1115800,5.401,4.816,5
1115850,5.401,4.816,5
1115900,5.401,4.816,5
1115950,5.401,4.816,5
1116000,5.401,4.816,5
1116050,5.401,4.816,5
1116100,5.401,4.816,5
1116150,5.401,4.816,5
1116200,5.401,4.816,5
1116250,5.401,4.816,5
1116300,5.401,4.816,5
1116350,5.401,4.816,5
1116400,5.401,4.821,5
1116450,5.404,4.845,5
1116500,5.405,4.86,5
1116550,5.412,4.871,5
1116600,5.414,4.886,5
1116650,5.42,4.899,5
1116700,5.422,4.911,5
1116750,5.423,4.926,5
1116800,5.427,4.937,5
1116850,5.43,4.94,5
1116900,5.43,4.94,5
1116950,5.435,4.94,5
1117000,5.435,4.94,5
1117050,5.439,4.94,5
1117100,5.443,4.94,5
1117150,5.446,4.94,5
1117200,5.453,4.94,5
1117250,5.459,4.94,5
1117300,5.46,4.94,5
1117350,5.465,4.94,5
1117400,5.471,4.94,5
1117450,5.485,4.94,5
1117500,5.491,4.94,5
1117550,5.509,4.94,5
1117600,5.519,4.94,5
1117650,5.543,4.94,5
1117700,5.559,4.94,5
1117750,5.563,4.94,5
1117800,5.566,4.94,5
1117850,5.566,4.94,5
1117900,5.566,4.94,5
1117950,5.566,4.94,5
1118000,5.566,4.94,5
1118050,5.566,4.942,5
1118100,5.566,4.95,5
1118150,5.566,4.957,5
1118200,5.566,4.961,5
1118250,5.566,4.965,5
1118300,5.566,4.973,5
1118350,5.566,4.979,5
1118400,5.566,4.979,5
1118450,5.566,4.982,5
1118500,5.566,4.983,5
1118550,5.566,4.99,5
1118600,5.566,4.99,5
1118650,5.567,4.99,5
1118700,5.569,4.99,5
1118750,5.569,4.99,5
1118800,5.569,4.99,5
1118850,5.569,4.99,5
1118900,5.569,4.99,5
1118950,5.569,4.99,5
1119000,5.569,4.99,5
1119050,5.569,4.99,5
1119100,5.569,4.99,5
1119150,5.569,4.99,5
1119200,5.569,4.99,5
1119250,5.569,4.99,5
1119300,5.569,4.99,5
1119350,5.569,4.991,5
1119400,5.569,4.994,5
1119450,5.569,4.996,5
1119500,5.569,4.996,5
1119550,5.569,4.996,5
1119600,5.569,4.996,5
1119650,5.569,4.996,5
1119700,5.569,4.997,5
1119750,5.569,4.999,5
1119800,5.569,4.999,5
1119850,5.569,4.999,5
1119900,5.569,4.999,5
1119950,5.569,4.999,5
1120000,5.569,4.999,5
1120050,5.569,4.999,5
1120100,5.569,4.999,5
1120150,5.569,4.999,5
1120200,5.569,4.999,5
1120250,5.569,4.999,5
1120300,5.569,4.999,5
1120350,5.569,4.999,5
1120400,5.569,4.999,5
1120450,5.569,4.999,5
1120500,5.569,4.999,5
1120550,5.569,4.999,5
1120600,5.569,5.002,5
1120650,5.569,5.002,5
1120700,5.569,5.002,5
1120750,5.569,5.002,5
1120800,5.569,5.004,5
1120850,5.569,5.005,5
1120900,5.569,5.009,5
1120950,5.569,5.015,5
1121000,5.569,5.023,5
1121050,5.569,5.026,5
1121100,5.569,5.036,5
1121150,5.569,5.047,5
1121200,5.569,5.054,5
1121250,5.569,5.061,5
1121300,5.569,5.064,5
1121350,5.569,5.069,5
1121400,5.569,5.073,5
1121450,5.569,5.077,5
1121500,5.569,5.081,5
1121550,5.569,5.088,5
1121600,5.569,5.092,5
1121650,5.569,5.093,5
1121700,5.569,5.097,5
1121750,5.569,5.101,5
1121800,5.569,5.102,5
1121850,5.569,5.103,5
1121900,5.569,5.103,5
1121950,5.569,5.103,5
1122000,5.569,5.103,5
1122050,5.569,5.103,5
1122100,5.569,5.103,5
1122150,5.569,5.103,5
1122200,5.569,5.103,5
1122250,5.569,5.103,5
1122300,5.569,5.103,5
1122350,5.569,5.103,5
1122400,5.569,5.103,5
1122450,5.569,5.103,5
1122500,5.569,5.103,5
1122550,5.569,5.103,5
1122600,5.569,5.103,5
1122650,5.569,5.103,5
1122700,5.569,5.104,5
1122750,5.569,5.118,5
1122800,5.569,5.139,5
1122850,5.564,5.164,5
1122900,5.562,5.19,5
1122950,5.562,5.217,5
1123000,5.562,5.248,5
1123050,5.562,5.267,5
1123100,5.562,5.279,5
1123150,5.562,5.295,5
1123200,5.562,5.301,5
1123250,5.562,5.306,5
1123300,5.568,5.314,5
1123350,5.615,5.325,5
1123400,5.656,5.337,5
1123450,5.766,5.36,5
1123500,5.818,5.38,5
1123550,5.841,5.391,5
1123600,5.841,5.394,5
1123650,5.841,5.402,5
1123700,5.841,5.403,5
1123750,5.841,5.406,5
1123800,5.841,5.406,5
1123850,5.841,5.406,5
1123900,5.841,5.406,5
1123950,5.841,5.406,5
1124000,5.842,5.406,5
1124050,5.855,5.406,5
1124100,5.861,5.406,5
1124150,5.861,5.406,5
1124200,5.861,5.406,5
1124250,5.861,5.406,5
1124300,5.861,5.406,5
1124350,5.861,5.406,5
1124400,5.861,5.406,5
1124450,5.861,5.406,5
1124500,5.861,5.406,5
1124550,5.861,5.406,5
1124600,5.861,5.406,5
1124650,5.861,5.406,5
1124700,5.861,5.406,5
1124750,5.861,5.406,5
1124800,5.861,5.406,5
1124850,5.861,5.406,5
1124900,5.861,5.406,5
1124950,5.861,5.406,5
1125000,5.861,5.406,5
1125050,5.861,5.406,5
1125100,5.861,5.406,5
1125150,5.861,5.406,5
1125200,5.861,5.406,5
1125250,5.861,5.406,5
1125300,5.861,5.406,5
1125350,5.861,5.406,5
1125400,5.861,5.406,5
1125450,5.861,5.406,5
1125500,5.861,5.406,5
1125550,5.861,5.406,5
1125600,5.861,5.406,5
1125650,5.861,5.406,5
1125700,5.861,5.406,5
1125750,5.861,5.406,5
1125800,5.861,5.406,5
1125850,5.861,5.406,5
1125900,5.861,5.406,5
1125950,5.861,5.406,5
1126000,5.861,5.406,5
1126050,5.861,5.406,5
1126100,5.861,5.405,5
1126150,5.861,5.398,5
1126200,5.861,5.398,5
1126250,5.861,5.398,5
1126300,5.861,5.395,5
1126350,5.861,5.391,5
1126400,5.861,5.388,5
1126450,5.861,5.378,5
1126500,5.861,5.375,5
1126550,5.861,5.369,5
1126600,5.861,5.364,5
1126650,5.861,5.363,5
1126700,5.861,5.357,5
1126750,5.861,5.346,5
1126800,5.86,5.344,5
1126850,5.849,5.335,5
1126900,5.844,5.33,5
1126950,5.837,5.322,5
1127000,5.83,5.32,5
1127050,5.822,5.316,5
1127100,5.82,5.311,5
1127150,5.815,5.308,5
1127200,5.807,5.3,5
1127250,5.803,5.3,5
1127300,5.794,5.296,5
1127350,5.789,5.291,5
1127400,5.782,5.285,5
1127450,5.781,5.278,5
1127500,5.781,5.276,5
1127550,5.781,5.266,5
1127600,5.781,5.249,5
1127650,5.781,5.219,5
1127700,5.781,5.19,5
1127750,5.781,5.171,5
1127800,5.783,5.157,5
1127850,5.796,5.148,5
1127900,5.804,5.144,5
1127950,5.817,5.134,5
1128000,5.826,5.128,5
1128050,5.834,5.128,5
1128100,5.843,5.128,5
1128150,5.847,5.127,5
1128200,5.851,5.126,5
1128250,5.859,5.126,5
1128300,5.867,5.125,5
1128350,5.876,5.122,5
1128400,5.88,5.122,5
1128450,5.887,5.121,5
1128500,5.899,5.118,5
1128550,5.911,5.112,5
1128600,5.917,5.109,5
1128650,5.933,5.102,5
1128700,5.947,5.094,5
1128750,5.95,5.091,5
1128800,5.954,5.087,5
1128850,5.957,5.082,5
1128900,5.957,5.082,5
1128950,5.961,5.082,5
1129000,5.963,5.078,5
1129050,5.965,5.078,5
1129100,5.965,5.078,5
1129150,5.966,5.078,5
1129200,5.966,5.078,5
1129250,5.966,5.078,5
1129300,5.966,5.078,5
1129350,5.966,5.078,5
1129400,5.967,5.078,5
1129450,5.967,5.078,5
1129500,5.97,5.078,5
1129550,5.973,5.078,5
1129600,5.973,5.078,5
1129650,5.974,5.078,5
1129700,5.978,5.078,5
1129750,5.978,5.078,5
1129800,5.979,5.078,5
1129850,5.981,5.078,5
1129900,5.981,5.078,5
1129950,5.982,5.078,5
1130000,5.982,5.078,5
1130050,5.983,5.078,5
1130100,5.983,5.078,5
1130150,5.983,5.078,5
1130200,5.983,5.078,5
1130250,5.983,5.078,5
1130300,5.983,5.078,5
1130350,5.983,5.078,5
1130400,5.983,5.078,5
1130450,5.983,5.078,5
1130500,5.983,5.078,5
1130550,5.983,5.078,5
1130600,5.983,5.078,5
1130650,5.983,5.078,5
1130700,5.983,5.078,5
1130750,5.983,5.078,5
1130800,5.983,5.078,5
1130850,5.983,5.078,5
1130900,5.983,5.078,5
1130950,5.983,5.078,5
1131000,5.983,5.078,5
1131050,5.983,5.078,5
1131100,5.983,5.078,5
1131150,5.983,5.078,5
1131200,5.983,5.078,5
1131250,5.983,5.078,5
1131300,5.983,5.078,5
1131350,5.983,5.078,5
1131400,5.983,5.078,5
1131450,5.983,5.078,5
1131500,5.983,5.078,5
1131550,5.983,5.078,5
1131600,5.983,5.078,5
1131650,5.983,5.078,5
1131700,5.983,5.078,5
1131750,5.983,5.078,5
1131800,5.983,5.078,5
1131850,5.983,5.078,5
1131900,5.983,5.078,5
1131950,5.983,5.078,5
1132000,5.983,5.078,5
1132050,5.983,5.078,5
1132100,5.983,5.078,5
1132150,5.983,5.078,5
1132200,5.983,5.078,5
1132250,5.983,5.078,5
1132300,5.983,5.078,5
1132350,5.983,5.078,5
1132400,5.983,5.078,5
1132450,5.983,5.078,5
1132500,5.983,5.078,5
1132550,5.983,5.078,5
1132600,5.983,5.078,5
1132650,5.983,5.078,5
1132700,5.983,5.078,5
1132750,5.983,5.078,5
1132800,5.983,5.078,5
1132850,5.983,5.078,5
1132900,5.983,5.078,5
1132950,5.982,5.078,5
1133000,5.98,5.078,5
1133050,5.975,5.078,5
1133100,5.974,5.078,5
1133150,5.974,5.078,5
1133200,5.972,5.078,5
1133250,5.962,5.078,5
1133300,5.954,5.078,5
1133350,5.941,5.078,5
1133400,5.935,5.078,5
1133450,5.923,5.078,5
1133500,5.917,5.078,5
1133550,5.912,5.078,5
1133600,5.912,5.078,5
1133650,5.912,5.078,5
1133700,5.907,5.078,5
1133750,5.907,5.078,5
1133800,5.907,5.078,5
1133850,5.907,5.078,5
1133900,5.904,5.078,5
1133950,5.904,5.078,5
1134000,5.904,5.078,5
1134050,5.899,5.078,5
1134100,5.899,5.078,5
1134150,5.896,5.078,5
1134200,5.889,5.078,5
1134250,5.879,5.078,5
1134300,5.873,5.078,5
1134350,5.864,5.078,5
1134400,5.855,5.078,5
1134450,5.838,5.078,5
1134500,5.835,5.078,5
1134550,5.815,5.078,5
1134600,5.793,5.078,5
1134650,5.763,5.078,5
1134700,5.724,5.078,5
1134750,5.702,5.078,5
1134800,5.698,5.078,5
1134850,5.698,5.078,5
1134900,5.697,5.078,5
1134950,5.696,5.078,5
1135000,5.695,5.078,5
1135050,5.692,5.078,5
1135100,5.689,5.078,5
1135150,5.689,5.078,5
1135200,5.689,5.078,5
1135250,5.689,5.078,5
1135300,5.689,5.078,5
1135350,5.689,5.078,5
1135400,5.689,5.078,5
1135450,5.689,5.078,5
1135500,5.689,5.078,5
1135550,5.689,5.078,5
1135600,5.688,5.078,5
1135650,5.687,5.078,5
1135700,5.686,5.078,5
1135750,5.685,5.078,5
1135800,5.678,5.078,5
1135850,5.677,5.078,5
1135900,5.675,5.078,5
1135950,5.672,5.078,5
1136000,5.672,5.078,5
1136050,5.672,5.078,5
1136100,5.67,5.078,5
1136150,5.669,5.078,5
1136200,5.669,5.078,5
1136250,5.668,5.078,5
1136300,5.662,5.078,5
1136350,5.662,5.078,5
1136400,5.661,5.078,5
1136450,5.655,5.078,5
1136500,5.655,5.078,5
1136550,5.651,5.078,5
1136600,5.648,5.078,5
1136650,5.645,5.078,5
1136700,5.643,5.078,5
1136750,5.642,5.078,5
1136800,5.639,5.078,5
1136850,5.639,5.078,5
1136900,5.638,5.078,5
1136950,5.637,5.078,5
1137000,5.636,5.078,5
1137050,5.636,5.078,5
1137100,5.636,5.078,5
1137150,5.636,5.078,5
1137200,5.636,5.078,5
1137250,5.635,5.078,5
1137300,5.631,5.078,5
1137350,5.631,5.078,5
1137400,5.628,5.078,5
1137450,5.628,5.078,5
1137500,5.628,5.078,5
1137550,5.628,5.078,5
1137600,5.628,5.078,5
1137650,5.628,5.078,5
1137700,5.628,5.078,5
1137750,5.628,5.078,5
1137800,5.628,5.078,5
1137850,5.628,5.078,5
1137900,5.628,5.078,5
1137950,5.628,5.078,5
1138000,5.628,5.078,5
1138050,5.628,5.078,5
1138100,5.628,5.078,5
1138150,5.628,5.078,5
1138200,5.628,5.078,5
1138250,5.628,5.078,5
1138300,5.628,5.078,5
1138350,5.628,5.078,5
1138400,5.628,5.078,5
1138450,5.628,5.078,5
1138500,5.628,5.078,5
1138550,5.628,5.078,5
1138600,5.628,5.078,5
1138650,5.628,5.078,5
1138700,5.628,5.078,5
1138750,5.628,5.078,5
1138800,5.628,5.078,5
1138850,5.628,5.078,5
1138900,5.628,5.078,5
1138950,5.628,5.078,5
1139000,5.628,5.078,5
1139050,5.628,5.078,5
1139100,5.628,5.078,5
1139150,5.628,5.078,5
1139200,5.628,5.078,5
1139250,5.628,5.078,5
1139300,5.628,5.078,5
1139350,5.628,5.078,5
1139400,5.628,5.078,5
1139450,5.628,5.078,5
1139500,5.628,5.078,5
1139550,5.628,5.078,5
1139600,5.628,5.078,5
1139650,5.628,5.078,5
1139700,5.628,5.078,5
1139750,5.628,5.078,5
1139800,5.628,5.078,5
1139850,5.628,5.078,5
1139900,5.628,5.078,5
1139950,5.628,5.078,5
1140000,5.628,5.078,5
1140050,5.628,5.078,5
1140100,5.628,5.078,5
1140150,5.628,5.078,5
1140200,5.628,5.078,5
1140250,5.628,5.078,5
1140300,5.628,5.078,5
1140350,5.628,5.078,5
1140400,5.628,5.078,5
1140450,5.628,5.078,5
1140500,5.628,5.078,5
1140550,5.628,5.078,5
1140600,5.628,5.078,5
1140650,5.628,5.078,5
1140700,5.628,5.078,5
1140750,5.628,5.078,5
1140800,5.628,5.078,5
1140850,5.628,5.078,5
1140900,5.628,5.078,5
1140950,5.628,5.078,5
1141000,5.628,5.078,5
1141050,5.628,5.078,5
1141100,5.628,5.078,5
1141150,5.628,5.078,5
1141200,5.628,5.078,5
1141250,5.628,5.078,5
1141300,5.628,5.078,5
1141350,5.628,5.078,5
1141400,5.628,5.078,5
1141450,5.628,5.078,5
1141500,5.628,5.078,5
1141550,5.628,5.078,5
1141600,5.628,5.078,5
1141650,5.628,5.078,5
1141700,5.628,5.078,5
1141750,5.628,5.078,5
1141800,5.628,5.078,5
1141850,5.628,5.078,5
1141900,5.628,5.078,5
1141950,5.628,5.078,5
1142000,5.628,5.078,5
1142050,5.628,5.078,5
1142100,5.628,5.078,5
1142150,5.628,5.078,5
1142200,5.628,5.078,5
1142250,5.628,5.078,5
1142300,5.628,5.078,5
1142350,5.628,5.078,5
1142400,5.628,5.078,5
1142450,5.628,5.078,5
1142500,5.628,5.078,5
1142550,5.628,5.078,5
1142600,5.628,5.078,5
1142650,5.628,5.078,5
1142700,5.627,5.078,5
1142750,5.621,5.077,5
1142800,5.621,5.075,5
1142850,5.621,5.075,5
1142900,5.621,5.074,5
1142950,5.621,5.07,5
1143000,5.62,5.065,5
1143050,5.62,5.065,5
1143100,5.62,5.065,5
1143150,5.617,5.058,5
1143200,5.617,5.058,5
1143250,5.617,5.058,5
1143300,5.617,5.058,5
1143350,5.614,5.058,5
1143400,5.614,5.058,5
1143450,5.611,5.058,5
1143500,5.608,5.058,5
1143550,5.608,5.058,5
1143600,5.608,5.058,5
1143650,5.608,5.058,5
1143700,5.607,5.058,5
1143750,5.605,5.058,5
1143800,5.604,5.058,5
1143850,5.598,5.058,5
1143900,5.598,5.058,5
1143950,5.596,5.058,5
1144000,5.591,5.058,5
1144050,5.583,5.058,5
1144100,5.575,5.058,5
1144150,5.565,5.058,5
1144200,5.555,5.058,5
1144250,5.55,5.058,5
1144300,5.547,5.058,5
1144350,5.541,5.058,5
1144400,5.538,5.058,5
1144450,5.536,5.058,5
1144500,5.534,5.058,5
1144550,5.531,5.058,5
1144600,5.529,5.058,5
1144650,5.524,5.058,5
1144700,5.52,5.058,5
1144750,5.518,5.058,5
1144800,5.515,5.058,5
1144850,5.512,5.058,5
1144900,5.512,5.058,5
1144950,5.51,5.058,5
1145000,5.51,5.058,5
1145050,5.507,5.058,5
1145100,5.507,5.058,5
1145150,5.506,5.058,5
1145200,5.506,5.058,5
1145250,5.506,5.058,5
1145300,5.501,5.058,5
1145350,5.501,5.056,5
1145400,5.5,5.056,5
1145450,5.5,5.056,5
1145500,5.5,5.056,5
1145550,5.499,5.055,5
1145600,5.495,5.054,5
1145650,5.495,5.053,5
1145700,5.495,5.053,5
1145750,5.495,5.053,5
1145800,5.495,5.053,5
1145850,5.495,5.051,5
1145900,5.495,5.051,5
1145950,5.495,5.051,5
1146000,5.495,5.051,5
1146050,5.49,5.051,5
1146100,5.489,5.051,5
1146150,5.489,5.051,5
1146200,5.489,5.051,5
1146250,5.489,5.051,5
1146300,5.486,5.051,5
1146350,5.486,5.051,5
1146400,5.484,5.051,5
1146450,5.48,5.051,5
1146500,5.479,5.049,5
1146550,5.478,5.049,5
1146600,5.474,5.049,5
1146650,5.47,5.049,5
1146700,5.469,5.048,5
1146750,5.469,5.042,5
1146800,5.469,5.042,5
1146850,5.469,5.042,5
1146900,5.469,5.042,5
1146950,5.469,5.042,5
1147000,5.469,5.042,5
1147050,5.469,5.042,5
1147100,5.469,5.042,5
1147150,5.465,5.042,5
1147200,5.463,5.042,5
1147250,5.463,5.042,5
1147300,5.463,5.042,5
1147350,5.463,5.042,5
1147400,5.463,5.042,5
1147450,5.463,5.042,5
1147500,5.463,5.042,5
1147550,5.459,5.042,5
1147600,5.459,5.042,5
1147650,5.459,5.042,5
1147700,5.454,5.041,5
1147750,5.449,5.036,5
1147800,5.448,5.035,5
1147850,5.441,5.035,5
1147900,5.437,5.033,5
1147950,5.43,5.029,5
1148000,5.428,5.029,5
1148050,5.418,5.029,5
1148100,5.413,5.027,5
1148150,5.403,5.027,5
1148200,5.393,5.025,5
1148250,5.377,5.021,5
1148300,5.374,5.021,5
1148350,5.363,5.021,5
1148400,5.363,5.021,5
1148450,5.362,5.02,5
1148500,5.36,5.018,5
1148550,5.36,5.018,5
1148600,5.36,5.018,5
1148650,5.36,5.018,5
1148700,5.359,5.017,5
1148750,5.356,5.017,5
1148800,5.356,5.017,5
1148850,5.352,5.017,5
1148900,5.351,5.017,5
1148950,5.351,5.017,5
1149000,5.35,5.016,5
1149050,5.349,5.016,5
1149100,5.343,5.015,5
1149150,5.338,5.012,5
1149200,5.334,5.012,5
1149250,5.332,5.012,5
1149300,5.33,5.012,5
1149350,5.33,5.01,5
1149400,5.325,5.009,5
1149450,5.323,5.009,5
1149500,5.321,5.009,5
1149550,5.319,5.009,5
1149600,5.313,5.009,5
1149650,5.313,5.009,5
1149700,5.309,5.009,5
1149750,5.305,5.009,5
1149800,5.303,5.009,5
1149850,5.299,5.009,5
1149900,5.299,5.009,5
1149950,5.299,5.009,5
1150000,5.297,5.009,5
1150050,5.296,5.009,5
1150100,5.295,5.009,5
1150150,5.294,5.009,5
1150200,5.293,5.009,5
1150250,5.292,5.009,5
1150300,5.29,5.009,5
1150350,5.289,5.009,5
1150400,5.286,5.008,5
1150450,5.28,5.0,5
1150500,5.268,5.0,5
1150550,5.256,5.0,5
1150600,5.252,5.0,5
1150650,5.242,5.0,5
1150700,5.229,5.0,5
1150750,5.222,5.0,5
1150800,5.219,5.0,5
1150850,5.212,5.0,5
1150900,5.202,5.0,5
1150950,5.202,5.0,5
1151000,5.201,5.0,5
1151050,5.193,5.0,5
1151100,5.192,5.0,5
1151150,5.183,5.0,5
1151200,5.172,5.0,5
1151250,5.156,5.0,5
1151300,5.14,5.0,5
1151350,5.133,5.0,5
1151400,5.133,5.0,5
1151450,5.133,5.0,5
1151500,5.132,5.0,5
1151550,5.122,5.0,5
1151600,5.106,5.0,5
1151650,5.091,5.0,5
1151700,5.073,5.0,5
1151750,5.054,5.0,5
1151800,5.023,5.0,5
1151850,5.02,5.0,5
1151900,5.014,5.0,5
1151950,5.0,5.0,5
1152000,5.0,5.0,5
1152050,5.0,5.0,5
1152100,5.0,5.0,5
1152150,5.0,5.0,5
1152200,5.0,5.0,5
1152250,5.0,5.0,5
1152300,5.0,5.0,5
1152350,5.0,5.0,5
1152400,5.0,5.0,5
1152450,5.0,5.0,5
1152500,5.0,5.0,5
1152550,5.0,5.0,5
1152600,5.0,5.0,5
1152650,5.0,5.0,5
1152700,5.0,5.0,5
1152750,5.002,5.0,5
1152800,5.024,5.0,5
1152850,5.048,5.0,5
1152900,5.056,5.0,5
1152950,5.056,5.0,5
1153000,5.062,5.0,5
1153050,5.074,5.0,5
1153100,5.079,5.0,5
1153150,5.116,5.0,5
1153200,5.136,5.0,5
1153250,5.146,5.0,5
1153300,5.156,5.0,5
1153350,5.161,5.0,5
1153400,5.167,5.0,5
1153450,5.183,5.0,5
1153500,5.201,5.0,5
1153550,5.201,5.0,5
1153600,5.202,5.0,5
1153650,5.22,5.0,5
1153700,5.227,5.0,5
1153750,5.262,5.0,5
1153800,5.265,4.994,5
1153850,5.288,4.937,5
1153900,5.293,4.937,5
1153950,5.302,4.937,5
1154000,5.304,4.937,5
1154050,5.305,4.937,5
1154100,5.309,4.937,5
1154150,5.312,4.937,5
1154200,5.312,4.937,5
1154250,5.312,4.937,5
1154300,5.312,4.937,5
1154350,5.312,4.937,5
1154400,5.312,4.937,5
1154450,5.312,4.937,5
1154500,5.312,4.937,5
1154550,5.312,4.937,5
1154600,5.312,4.937,5
1154650,5.312,4.937,5
1154700,5.312,4.937,5
1154750,5.312,4.937,5
1154800,5.312,4.937,5
1154850,5.312,4.936,5
1154900,5.312,4.936,5
1154950,5.312,4.936,5
1155000,5.312,4.936,5
1155050,5.312,4.936,5
1155100,5.312,4.936,5
1155150,5.312,4.936,5
1155200,5.312,4.934,5
1155250,5.312,4.934,5
1155300,5.312,4.934,5
1155350,5.312,4.934,5
1155400,5.312,4.934,5
1155450,5.312,4.934,5
1155500,5.312,4.934,5
1155550,5.312,4.934,5
1155600,5.312,4.934,5
1155650,5.312,4.934,5
1155700,5.312,4.934,5
1155750,5.312,4.934,5
1155800,5.312,4.934,5
1155850,5.312,4.934,5
1155900,5.312,4.934,5
1155950,5.312,4.934,5
1156000,5.312,4.933,5
1156050,5.312,4.933,5
1156100,5.312,4.933,5
1156150,5.312,4.933,5
1156200,5.312,4.933,5
1156250,5.312,4.933,5
1156300,5.312,4.933,5
1156350,5.312,4.933,5
1156400,5.312,4.933,5
1156450,5.312,4.933,5
1156500,5.312,4.933,5
1156550,5.312,4.933,5
1156600,5.312,4.933,5
1156650,5.312,4.933,5
1156700,5.312,4.933,5
1156750,5.312,4.933,5
1156800,5.312,4.933,5
1156850,5.312,4.933,5
1156900,5.312,4.933,5
1156950,5.312,4.933,5
1157000,5.312,4.933,5
1157050,5.312,4.933,5
1157100,5.312,4.933,5
1157150,5.312,4.933,5
1157200,5.312,4.933,5
1157250,5.312,4.933,5
1157300,5.312,4.933,5
1157350,5.312,4.933,5
1157400,5.312,4.933,5
1157450,5.312,4.933,5
1157500,5.312,4.933,5
1157550,5.312,4.933,5
1157600,5.312,4.933,5
1157650,5.312,4.933,5
1157700,5.312,4.933,5
1157750,5.312,4.933,5
1157800,5.312,4.933,5
1157850,5.312,4.933,5
1157900,5.312,4.933,5
1157950,5.312,4.933,5
1158000,5.312,4.933,5
1158050,5.312,4.933,5
1158100,5.312,4.933,5
1158150,5.312,4.933,5
1158200,5.312,4.933,5
1158250,5.312,4.933,5
1158300,5.312,4.933,5
1158350,5.312,4.933,5
1158400,5.312,4.933,5
1158450,5.312,4.933,5
1158500,5.312,4.933,5
1158550,5.312,4.933,5
1158600,5.312,4.933,5
1158650,5.312,4.933,5
1158700,5.312,4.933,5
1158750,5.312,4.933,5
1158800,5.312,4.933,5
1158850,5.312,4.933,5
1158900,5.312,4.932,5
1158950,5.312,4.932,5
1159000,5.312,4.932,5
1159050,5.312,4.931,5
1159100,5.312,4.931,5
1159150,5.312,4.931,5
1159200,5.312,4.931,5
1159250,5.312,4.931,5
1159300,5.312,4.931,5
1159350,5.312,4.931,5
1159400,5.312,4.931,5
1159450,5.312,4.931,5
1159500,5.312,4.931,5
1159550,5.312,4.931,5
1159600,5.312,4.931,5
1159650,5.312,4.931,5
1159700,5.312,4.931,5
1159750,5.312,4.931,5
1159800,5.312,4.931,5
1159850,5.312,4.931,5
1159900,5.312,4.931,5
1159950,5.312,4.931,5
1160000,5.312,4.931,5
1160050,5.312,4.931,5
1160100,5.312,4.931,5
1160150,5.312,4.931,5
1160200,5.312,4.931,5
1160250,5.312,4.931,5
1160300,5.312,4.931,5
1160350,5.312,4.931,5
1160400,5.312,4.931,5
1160450,5.312,4.931,5
1160500,5.312,4.931,5
1160550,5.312,4.931,5
1160600,5.312,4.931,5
1160650,5.312,4.931,5
1160700,5.312,4.931,5
1160750,5.312,4.931,5
1160800,5.312,4.931,5
1160850,5.312,4.931,5
1160900,5.312,4.931,5
1160950,5.312,4.931,5
1161000,5.312,4.931,5
1161050,5.312,4.931,5
1161100,5.312,4.931,5
1161150,5.312,4.931,5
1161200,5.312,4.931,5
1161250,5.312,4.931,5
1161300,5.312,4.931,5
1161350,5.312,4.931,5
1161400,5.312,4.931,5
1161450,5.312,4.931,5
1161500,5.312,4.931,5
1161550,5.312,4.931,5
1161600,5.312,4.93,5
1161650,5.312,4.928,5
1161700,5.312,4.928,5
1161750,5.312,4.928,5
1161800,5.312,4.927,5
1161850,5.312,4.927,5
1161900,5.312,4.927,5
1161950,5.312,4.927,5
1162000,5.312,4.927,5
1162050,5.312,4.927,5
1162100,5.312,4.927,5
1162150,5.312,4.924,5
1162200,5.312,4.924,5
1162250,5.312,4.924,5
1162300,5.312,4.924,5
1162350,5.312,4.924,5
1162400,5.312,4.924,5
1162450,5.312,4.924,5
1162500,5.312,4.924,5
1162550,5.312,4.924,5
1162600,5.312,4.924,5
1162650,5.312,4.924,5
1162700,5.312,4.924,5
1162750,5.312,4.924,5
1162800,5.312,4.924,5
1162850,5.312,4.924,5
1162900,5.312,4.924,5
1162950,5.312,4.924,5
1163000,5.312,4.924,5
1163050,5.312,4.924,5
1163100,5.312,4.924,5
1163150,5.312,4.924,5
1163200,5.312,4.924,5
1163250,5.312,4.924,5
1163300,5.312,4.924,5
1163350,5.312,4.924,5
1163400,5.312,4.924,5
1163450,5.312,4.924,5
1163500,5.312,4.924,5
1163550,5.312,4.924,5
1163600,5.312,4.924,5
1163650,5.312,4.924,5
1163700,5.312,4.924,5
1163750,5.312,4.924,5
1163800,5.312,4.924,5
1163850,5.312,4.924,5
1163900,5.312,4.924,5
1163950,5.312,4.924,5
1164000,5.312,4.924,5
1164050,5.312,4.924,5
1164100,5.312,4.924,5
1164150,5.312,4.924,5
1164200,5.312,4.924,5
1164250,5.312,4.924,5
1164300,5.312,4.924,5
1164350,5.312,4.924,5
1164400,5.312,4.924,5
1164450,5.312,4.924,5
1164500,5.312,4.924,5
1164550,5.312,4.924,5
1164600,5.312,4.924,5
1164650,5.312,4.924,5
1164700,5.312,4.924,5
1164750,5.312,4.924,5
1164800,5.312,4.924,5
1164850,5.312,4.924,5
1164900,5.312,4.924,5
1164950,5.312,4.924,5
1165000,5.312,4.924,5
1165050,5.312,4.924,5
1165100,5.312,4.924,5
1165150,5.312,4.924,5
1165200,5.312,4.924,5
1165250,5.312,4.924,5
1165300,5.312,4.924,5
1165350,5.312,4.924,5
1165400,5.312,4.924,5
1165450,5.312,4.924,5
1165500,5.312,4.924,5
1165550,5.312,4.924,5
1165600,5.312,4.924,5
1165650,5.312,4.924,5
1165700,5.312,4.924,5
1165750,5.312,4.924,5
1165800,5.312,4.924,5
1165850,5.312,4.924,5
1165900,5.312,4.924,5
1165950,5.312,4.924,5
1166000,5.312,4.924,5
1166050,5.312,4.924,5
1166100,5.312,4.924,5
1166150,5.312,4.924,5
1166200,5.312,4.924,5
1166250,5.312,4.924,5
1166300,5.312,4.924,5
1166350,5.312,4.924,5
1166400,5.312,4.924,5
1166450,5.312,4.924,5
1166500,5.312,4.924,5
1166550,5.312,4.924,5
1166600,5.312,4.924,5
1166650,5.312,4.924,5
1166700,5.312,4.924,5
1166750,5.312,4.924,5
1166800,5.312,4.924,5
1166850,5.312,4.924,5
1166900,5.312,4.924,5
1166950,5.312,4.924,5
1167000,5.312,4.924,5
1167050,5.312,4.924,5
1167100,5.312,4.924,5
1167150,5.312,4.924,5
1167200,5.312,4.924,5
1167250,5.312,4.924,5
1167300,5.312,4.924,5
1167350,5.312,4.924,5
1167400,5.312,4.924,5
1167450,5.312,4.924,5
1167500,5.312,4.924,5
1167550,5.312,4.924,5
1167600,5.312,4.924,5
1167650,5.312,4.924,5
1167700,5.312,4.924,5
1167750,5.312,4.924,5
1167800,5.312,4.924,5
1167850,5.312,4.924,5
1167900,5.312,4.924,5
1167950,5.312,4.924,5
1168000,5.312,4.924,5
1168050,5.312,4.924,5
1168100,5.312,4.924,5
1168150,5.312,4.924,5
1168200,5.312,4.924,5
1168250,5.312,4.924,5
1168300,5.312,4.925,5
1168350,5.312,4.939,5
1168400,5.312,4.947,5
1168450,5.312,4.951,5
1168500,5.312,4.951,5
1168550,5.312,4.951,5
1168600,5.312,4.951,5
1168650,5.312,4.951,5
1168700,5.312,4.951,5
1168750,5.312,4.951,5
1168800,5.312,4.951,5
1168850,5.312,4.951,5
1168900,5.312,4.951,5
1168950,5.312,4.951,5
1169000,5.312,4.951,5
1169050,5.312,4.951,5
1169100,5.312,4.951,5
1169150,5.312,4.951,5
1169200,5.312,4.951,5
1169250,5.312,4.951,5
1169300,5.312,4.951,5
1169350,5.312,4.951,5
1169400,5.312,4.951,5
1169450,5.312,4.951,5
1169500,5.312,4.951,5
1169550,5.312,4.951,5
1169600,5.312,4.951,5
1169650,5.312,4.951,5
1169700,5.312,4.951,5
1169750,5.312,4.951,5
1169800,5.312,4.951,5
1169850,5.312,4.951,5
1169900,5.312,4.951,5
1169950,5.312,4.951,5
1170000,5.312,4.951,5
1170050,5.312,4.951,5
1170100,5.312,4.951,5
1170150,5.312,4.951,5
1170200,5.312,4.951,5
1170250,5.312,4.951,5
1170300,5.312,4.951,5
1170350,5.312,4.951,5
1170400,5.312,4.951,5
1170450,5.312,4.951,5
1170500,5.312,4.951,5
1170550,5.312,4.951,5
1170600,5.312,4.951,5
1170650,5.312,4.951,5
1170700,5.312,4.951,5
1170750,5.312,4.951,5
1170800,5.312,4.951,5
1170850,5.312,4.951,5
1170900,5.312,4.951,5
1170950,5.312,4.951,5
1171000,5.312,4.951,5
1171050,5.312,4.951,5
1171100,5.312,4.951,5
1171150,5.312,4.951,5
1171200,5.312,4.951,5
1171250,5.312,4.951,5
1171300,5.312,4.951,5
1171350,5.312,4.951,5
1171400,5.312,4.951,5
1171450,5.312,4.951,5
1171500,5.312,4.951,5
1171550,5.312,4.951,5
1171600,5.312,4.951,5
1171650,5.312,4.951,5
1171700,5.312,4.951,5
1171750,5.312,4.951,5
1171800,5.312,4.951,5
1171850,5.312,4.951,5
1171900,5.312,4.951,5
1171950,5.312,4.951,5
1172000,5.312,4.951,5
1172050,5.312,4.951,5
1172100,5.312,4.951,5
1172150,5.312,4.951,5
1172200,5.312,4.951,5
1172250,5.312,4.951,5
1172300,5.312,4.951,5
1172350,5.312,4.951,5
1172400,5.312,4.951,5
1172450,5.312,4.951,5
1172500,5.312,4.951,5
1172550,5.312,4.951,5
1172600,5.312,4.951,5
1172650,5.312,4.951,5
1172700,5.312,4.951,5
1172750,5.312,4.951,5
1172800,5.312,4.951,5
1172850,5.312,4.951,5
1172900,5.312,4.951,5
1172950,5.312,4.951,5
1173000,5.312,4.951,5
1173050,5.312,4.951,5
1173100,5.312,4.951,5
1173150,5.312,4.951,5
1173200,5.312,4.951,5
1173250,5.312,4.951,5
1173300,5.312,4.951,5
1173350,5.312,4.951,5
1173400,5.312,4.951,5
1173450,5.312,4.951,5
1173500,5.312,4.951,5
1173550,5.312,4.951,5
1173600,5.312,4.951,5
1173650,5.312,4.951,5
1173700,5.312,4.951,5
1173750,5.312,4.951,5
1173800,5.312,4.951,5
1173850,5.312,4.951,5
1173900,5.312,4.951,5
1173950,5.312,4.951,5
1174000,5.312,4.951,5
1174050,5.312,4.951,5
1174100,5.312,4.951,5
1174150,5.312,4.951,5
1174200,5.312,4.951,5
1174250,5.312,4.951,5
1174300,5.312,4.951,5
1174350,5.312,4.951,5
1174400,5.312,4.951,5
1174450,5.312,4.951,5
1174500,5.312,4.951,5
1174550,5.312,4.951,5
1174600,5.312,4.951,5
1174650,5.312,4.951,5
1174700,5.312,4.951,5
1174750,5.312,4.951,5
1174800,5.312,4.951,5
1174850,5.312,4.951,5
1174900,5.312,4.951,5
1174950,5.312,4.951,5
1175000,5.312,4.951,5
1175050,5.312,4.951,5
1175100,5.312,4.951,5
1175150,5.312,4.951,5
1175200,5.312,4.951,5
1175250,5.312,4.951,5
1175300,5.312,4.951,5
1175350,5.312,4.951,5
1175400,5.312,4.951,5
1175450,5.312,4.951,5
1175500,5.312,4.951,5
1175550,5.312,4.951,5
1175600,5.312,4.951,5
1175650,5.312,4.951,5
1175700,5.312,4.951,5
1175750,5.31,4.951,5
1175800,5.31,4.951,5
1175850,5.31,4.951,5
1175900,5.308,4.951,5
1175950,5.308,4.951,5
1176000,5.308,4.951,5
1176050,5.308,4.951,5
1176100,5.308,4.951,5
1176150,5.308,4.951,5
1176200,5.308,4.951,5
1176250,5.308,4.951,5
1176300,5.308,4.951,5
1176350,5.308,4.951,5
1176400,5.308,4.951,5
1176450,5.308,4.951,5
1176500,5.308,4.951,5
1176550,5.308,4.951,5
1176600,5.308,4.951,5
1176650,5.308,4.951,5
1176700,5.308,4.951,5
1176750,5.308,4.951,5
1176800,5.308,4.951,5
1176850,5.308,4.951,5
1176900,5.308,4.951,5
1176950,5.308,4.951,5
1177000,5.308,4.951,5
1177050,5.308,4.951,5
1177100,5.308,4.951,5
1177150,5.308,4.951,5
1177200,5.308,4.951,5
1177250,5.308,4.951,5
1177300,5.308,4.951,5
1177350,5.308,4.951,5
1177400,5.308,4.951,5
1177450,5.308,4.951,5
1177500,5.308,4.951,5
1177550,5.308,4.951,5
1177600,5.308,4.951,5
1177650,5.308,4.951,5
1177700,5.308,4.951,5
1177750,5.308,4.951,5
1177800,5.308,4.951,5
1177850,5.308,4.951,5
1177900,5.308,4.951,5
1177950,5.308,4.951,5
1178000,5.308,4.951,5
1178050,5.308,4.951,5
1178100,5.308,4.951,5
1178150,5.308,4.951,5
1178200,5.308,4.951,5
1178250,5.308,4.953,5
1178300,5.308,4.954,5
1178350,5.308,4.954,5
1178400,5.308,4.954,5
1178450,5.308,4.957,5
1178500,5.308,4.957,5
1178550,5.308,4.957,5
1178600,5.307,4.957,5
1178650,5.305,4.957,5
1178700,5.305,4.957,5
1178750,5.304,4.958,5
1178800,5.304,4.958,5
1178850,5.304,4.958,5
1178900,5.304,4.958,5
1178950,5.304,4.958,5
1179000,5.304,4.958,5
1179050,5.304,4.958,5
1179100,5.304,4.958,5
1179150,5.304,4.958,5
1179200,5.304,4.958,5
1179250,5.304,4.958,5
1179300,5.304,4.958,5
1179350,5.304,4.958,5
1179400,5.304,4.958,5
1179450,5.304,4.958,5
1179500,5.304,4.958,5
1179550,5.304,4.958,5
1179600,5.304,4.958,5
1179650,5.304,4.958,5
1179700,5.304,4.958,5
1179750,5.304,4.958,5
1179800,5.304,4.958,5
1179850,5.304,4.958,5
1179900,5.304,4.958,5
1179950,5.304,4.958,5
1180000,5.304,4.958,5
1180050,5.304,4.958,5
1180100,5.303,4.963,5
1180150,5.301,4.963,5
1180200,5.301,4.963,5
1180250,5.301,4.963,5
1180300,5.301,4.963,5
1180350,5.3,4.963,5
1180400,5.3,4.963,5
1180450,5.3,4.963,5
1180500,5.3,4.963,5
1180550,5.3,4.963,5
1180600,5.3,4.963,5
1180650,5.3,4.963,5
1180700,5.3,4.963,5
1180750,5.3,4.963,5
1180800,5.3,4.963,5
1180850,5.3,4.963,5
1180900,5.3,4.963,5
1180950,5.3,4.963,5
1181000,5.3,4.963,5
1181050,5.298,4.963,5
1181100,5.298,4.963,5
1181150,5.298,4.963,5
1181200,5.298,4.963,5
1181250,5.298,4.963,5
1181300,5.298,4.963,5
1181350,5.298,4.963,5
1181400,5.298,4.963,5
1181450,5.298,4.963,5
1181500,5.298,4.963,5
1181550,5.298,4.963,5
1181600,5.298,4.963,5
1181650,5.298,4.963,5
1181700,5.298,4.963,5
1181750,5.298,4.963,5
1181800,5.298,4.963,5
1181850,5.298,4.963,5
1181900,5.297,4.963,5
1181950,5.297,4.963,5
1182000,5.297,4.963,5
1182050,5.296,4.963,5
1182100,5.296,4.963,5
1182150,5.296,4.963,5
1182200,5.296,4.963,5
1182250,5.296,4.963,5
1182300,5.296,4.963,5
1182350,5.292,4.963,5
1182400,5.292,4.963,5
1182450,5.29,4.963,5
1182500,5.29,4.963,5
1182550,5.29,4.963,5
1182600,5.29,4.963,5
1182650,5.29,4.963,5
1182700,5.29,4.963,5
1182750,5.29,4.963,5
1182800,5.29,4.963,5
1182850,5.29,4.963,5
1182900,5.29,4.963,5
1182950,5.29,4.963,5
1183000,5.29,4.963,5
1183050,5.29,4.963,5
1183100,5.29,4.963,5
1183150,5.29,4.963,5
1183200,5.29,4.963,5
1183250,5.29,4.963,5
1183300,5.29,4.963,5
1183350,5.29,4.963,5
1183400,5.29,4.963,5
1183450,5.289,4.963,5
1183500,5.289,4.963,5
1183550,5.289,4.963,5
1183600,5.289,4.963,5
1183650,5.288,4.963,5
1183700,5.288,4.963,5
1183750,5.288,4.963,5
1183800,5.288,4.963,5
1183850,5.288,4.963,5
1183900,5.288,4.963,5
1183950,5.288,4.963,5
1184000,5.288,4.963,5
1184050,5.288,4.963,5
1184100,5.288,4.963,5
1184150,5.288,4.963,5
1184200,5.288,4.963,5
1184250,5.288,4.963,5
1184300,5.288,4.963,5
1184350,5.288,4.963,5
1184400,5.287,4.963,5
1184450,5.286,4.964,5
1184500,5.286,4.966,5
1184550,5.286,4.966,5
1184600,5.286,4.966,5
1184650,5.286,4.966,5
1184700,5.286,4.966,5
1184750,5.286,4.968,5
1184800,5.284,5.0,5
1184850,5.284,5.0,5
1184900,5.284,5.0,5
1184950,5.284,5.0,5
1185000,5.284,5.0,5
1185050,5.284,5.0,5
1185100,5.283,5.0,5
1185150,5.281,5.0,5
1185200,5.281,5.0,5
1185250,5.281,5.0,5
1185300,5.281,5.0,5
1185350,5.281,5.0,5
1185400,5.281,5.0,5
1185450,5.281,5.0,5
1185500,5.281,5.0,5
1185550,5.281,5.0,5
1185600,5.281,5.0,5
1185650,5.281,5.0,5
1185700,5.281,5.0,5
1185750,5.281,5.0,5
1185800,5.281,5.0,5
1185850,5.281,5.0,5
1185900,5.281,5.0,5
1185950,5.281,5.0,5
1186000,5.281,5.0,5
1186050,5.281,5.0,5
1186100,5.281,5.0,5
1186150,5.281,5.0,5
1186200,5.281,5.0,5
1186250,5.281,5.0,5
1186300,5.281,5.0,5
1186350,5.281,5.0,5
1186400,5.281,5.0,5
1186450,5.281,5.0,5
1186500,5.281,5.0,5
1186550,5.281,5.0,5
1186600,5.281,5.0,5
1186650,5.281,5.0,5
1186700,5.281,5.0,5
1186750,5.281,5.0,5
1186800,5.281,5.0,5
1186850,5.281,5.0,5
1186900,5.281,5.0,5
1186950,5.281,5.0,5
1187000,5.281,5.0,5
1187050,5.278,5.0,5
1187100,5.278,5.0,5
1187150,5.278,5.0,5
1187200,5.278,5.0,5
1187250,5.278,5.0,5
1187300,5.275,5.0,5
1187350,5.275,5.0,5
1187400,5.272,5.0,5
1187450,5.272,5.0,5
1187500,5.266,5.0,5
1187550,5.266,5.0,5
1187600,5.262,5.0,5
1187650,5.251,5.0,5
1187700,5.248,5.0,5
1187750,5.236,5.0,5
1187800,5.236,5.0,5
1187850,5.236,5.0,5
1187900,5.236,5.0,5
1187950,5.236,5.0,5
1188000,5.236,5.0,5
1188050,5.236,5.0,5
1188100,5.236,5.0,5
1188150,5.236,5.0,5
1188200,5.236,5.0,5
1188250,5.236,5.0,5
1188300,5.236,5.0,5
1188350,5.236,5.0,5
1188400,5.236,5.0,5
1188450,5.236,5.0,5
1188500,5.236,5.0,5
1188550,5.236,5.0,5
1188600,5.236,5.0,5
1188650,5.236,5.0,5
1188700,5.236,5.0,5
1188750,5.234,5.0,5
1188800,5.22,5.0,5
1188850,5.22,5.0,5
1188900,5.214,5.0,5
1188950,5.206,5.0,5
1189000,5.205,5.0,5
1189050,5.194,5.0,5
1189100,5.193,5.0,5
1189150,5.173,5.0,5
1189200,5.158,5.0,5
1189250,5.146,5.0,5
1189300,5.12,5.0,5
1189350,5.091,5.0,5
1189400,5.054,5.0,5
1189450,5.031,5.0,5
1189500,5.013,5.0,5
1189550,5.0,5.0,5
1189600,5.0,5.0,5
1189650,5.0,5.0,5
1189700,5.0,5.0,5
1189750,5.0,5.0,5
1189800,5.0,5.0,5
1189850,5.0,5.0,5
1189900,5.0,5.0,5
1189950,5.0,5.0,5
1190000,5.0,5.0,5
1190050,5.0,5.0,5
1190100,5.0,5.0,5
1190150,5.0,5.0,5
1190200,5.0,5.0,5
1190250,5.0,5.0,5
1190300,5.0,5.0,5
1190350,5.0,5.0,5
1190400,5.0,5.0,5
1190450,5.0,5.0,5
1190500,5.0,5.0,5
1190550,5.0,5.0,5
1190600,5.0,5.0,5
1190650,5.0,5.0,5
1190700,5.0,5.0,5
1190750,5.0,5.0,5
1190800,5.0,5.0,5
1190850,5.0,5.0,5
1190900,5.0,5.0,5
1190950,5.0,5.0,5
1191000,5.0,5.0,5
1191050,5.0,5.0,5
1191100,5.0,5.0,5
1191150,5.0,5.0,5
1191200,5.0,5.0,5
1191250,5.0,5.0,5
1191300,5.0,5.0,5
1191350,5.0,5.0,5
1191400,5.0,5.0,5
1191450,5.0,5.0,5
1191500,5.0,5.0,5
1191550,5.0,5.0,5
1191600,5.0,5.0,5
1191650,5.0,5.0,5
1191700,5.0,5.0,5
1191750,5.0,5.0,5
1191800,5.0,5.0,5
1191850,5.0,5.0,5
1191900,5.0,5.0,5
1191950,5.0,5.0,5
1192000,5.0,5.0,5
1192050,5.0,5.0,5
1192100,5.0,5.0,5
1192150,5.0,5.0,5
1192200,5.0,5.0,5
1192250,5.0,5.0,5
1192300,5.0,5.0,5
1192350,5.0,5.0,5
1192400,5.0,5.0,5
1192450,5.0,5.0,5
1192500,5.0,5.0,5
1192550,5.0,5.0,5
1192600,5.0,5.0,5
1192650,5.0,5.0,5
1192700,5.0,5.0,5
1192750,5.0,5.0,5
1192800,5.0,5.0,5
1192850,5.0,5.0,5
1192900,5.0,5.0,5
1192950,5.0,5.0,5
1193000,5.0,5.0,5
1193050,5.0,5.0,5
1193100,5.0,5.0,5
1193150,5.0,5.0,5
1193200,5.0,5.0,5
1193250,5.0,5.0,5
1193300,5.0,5.0,5
1193350,5.0,5.0,5
1193400,5.0,5.0,5
1193450,5.0,5.0,5
1193500,5.0,5.0,5
1193550,5.0,5.0,5
1193600,5.0,5.0,5
1193650,5.0,5.0,5
1193700,5.0,5.0,5
1193750,5.0,5.0,5
1193800,5.0,5.0,5
1193850,5.0,5.0,5
1193900,5.0,5.0,5
1193950,5.0,5.0,5
1194000,5.0,5.0,5
1194050,5.0,5.0,5
1194100,5.0,5.0,5
1194150,5.0,5.0,5
1194200,5.0,5.0,5
1194250,5.0,5.0,5
1194300,5.0,5.0,5
1194350,5.0,5.0,5
1194400,5.0,5.0,5
1194450,5.0,5.0,5
1194500,5.0,5.0,5
1194550,5.0,5.0,5
1194600,5.0,5.0,5
1194650,5.0,5.0,5
1194700,5.0,5.0,5
1194750,5.0,5.0,5
1194800,5.0,5.0,5
1194850,5.0,5.0,5
1194900,5.0,5.0,5
1194950,5.0,5.0,5
1195000,5.0,5.0,5
1195050,5.0,5.0,5
1195100,5.0,5.0,5
1195150,5.0,5.0,5
1195200,5.0,5.0,5
1195250,5.0,5.0,5
1195300,5.0,5.0,5
1195350,5.0,5.0,5
1195400,5.0,5.0,5
1195450,5.0,5.0,5
1195500,5.0,5.0,5
1195550,5.0,5.0,5
1195600,5.0,5.0,5
1195650,5.0,5.0,5
1195700,5.0,5.0,5
1195750,5.0,5.0,5
1195800,5.0,5.0,5
1195850,5.0,5.0,5
1195900,5.0,5.0,5
1195950,5.0,5.0,5
1196000,5.0,5.0,5
1196050,5.0,5.0,5
1196100,5.0,5.0,5
1196150,5.0,5.0,5
1196200,5.0,5.0,5
1196250,5.0,5.0,5
1196300,5.0,5.0,5
1196350,5.0,5.0,5
1196400,5.0,5.0,5
1196450,5.0,5.0,5
1196500,5.0,5.0,5
1196550,5.0,5.0,5
1196600,5.0,5.0,5
1196650,5.0,5.0,5
1196700,5.0,5.0,5
1196750,5.0,5.0,5
1196800,5.0,5.0,5
1196850,5.0,5.0,5
1196900,5.0,5.0,5
1196950,5.0,5.0,5
1197000,5.0,5.0,5
1197050,5.0,5.0,5
1197100,5.0,5.0,5
1197150,5.0,5.0,5
1197200,5.0,5.0,5
1197250,5.0,5.0,5
1197300,5.0,5.0,5
1197350,5.0,5.0,5
1197400,5.0,5.0,5
1197450,5.0,5.0,5
1197500,5.0,5.0,5
1197550,5.0,5.0,5
1197600,5.0,5.0,5
1197650,5.0,5.0,5
1197700,5.0,5.0,5
1197750,5.0,5.0,5
1197800,5.0,5.0,5
1197850,5.0,5.0,5
1197900,5.0,5.0,5
1197950,5.0,5.0,5
1198000,5.0,5.0,5
1198050,5.0,5.0,5
1198100,5.0,5.0,5
1198150,5.0,5.0,5
1198200,5.0,5.0,5
1198250,5.0,5.0,5
1198300,5.0,5.0,5
1198350,5.0,5.0,5
1198400,5.0,5.0,5
1198450,5.0,5.0,5
1198500,5.0,5.0,5
1198550,5.0,5.0,5
1198600,5.0,5.0,5
1198650,5.0,5.0,5
1198700,5.0,5.0,5
1198750,5.0,5.0,5
1198800,5.0,5.0,5
1198850,5.0,5.0,5
1198900,5.0,5.0,5
1198950,5.0,5.0,5
1199000,5.0,5.0,5
1199050,5.0,5.0,5
1199100,5.0,5.0,5
1199150,5.0,5.0,5
1199200,5.0,5.0,5
1199250,5.0,5.0,5
1199300,5.0,5.0,5
1199350,5.0,5.0,5
1199400,5.0,5.0,5
1199450,5.0,5.0,5
1199500,5.0,5.0,5
1199550,5.0,5.0,5
1199600,5.0,5.0,5
1199650,5.0,5.0,5
1199700,5.0,5.0,5
1199750,5.0,5.0,5
1199800,5.0,5.0,5
1199850,5.0,5.0,5
1199900,5.0,5.0,5
1199950,5.0,5.0,5
1200000,5.0,5.0,5
1200050,5.0,5.0,5
1200100,5.0,5.0,5
1200150,5.0,5.0,5
1200200,5.0,5.0,5
1200250,5.0,5.0,5
1200300,5.0,5.0,5
1200350,5.0,5.0,5
1200400,5.0,5.0,5
1200450,5.0,5.0,5
1200500,5.0,5.0,5
1200550,5.0,5.0,5
1200600,5.0,5.0,5
1200650,5.0,5.0,5
1200700,5.0,5.0,5
1200750,5.0,5.0,5
1200800,5.0,5.0,5
1200850,5.0,5.0,5
1200900,5.0,5.0,5
1200950,5.0,5.0,5
1201000,5.0,5.0,5
1201050,5.0,5.0,5
1201100,5.0,5.0,5
1201150,5.0,5.0,5
1201200,5.0,5.0,5
1201250,5.0,5.0,5
1201300,5.0,5.0,5
1201350,5.0,5.0,5
1201400,5.0,5.0,5
1201450,5.0,5.0,5
1201500,5.0,5.0,5
1201550,5.0,5.0,5
1201600,5.0,5.0,5
1201650,5.0,5.0,5
1201700,5.0,5.0,5
1201750,5.0,5.0,5
1201800,5.0,5.0,5
1201850,5.0,5.0,5
1201900,5.0,5.0,5
1201950,5.0,5.0,5
1202000,5.0,5.0,5
1202050,5.0,5.0,5
1202100,5.0,5.0,5
1202150,5.0,5.0,5
1202200,5.0,5.0,5
1202250,5.0,5.0,5
1202300,5.0,5.0,5
1202350,5.0,5.0,5
1202400,5.0,5.0,5
1202450,5.0,5.0,5
1202500,5.0,5.0,5
1202550,5.0,5.0,5
1202600,5.0,5.0,5
1202650,5.0,5.0,5
1202700,5.0,5.0,5
1202750,5.0,5.0,5
1202800,5.0,5.0,5
1202850,5.0,5.0,5
1202900,5.0,5.0,5
1202950,5.0,5.0,5
1203000,5.0,5.0,5
1203050,5.0,5.0,5
1203100,5.0,5.0,5
1203150,5.0,5.0,5
1203200,5.0,5.0,5
1203250,5.0,5.0,5
1203300,5.0,5.0,5
1203350,5.0,5.0,5
1203400,5.0,5.0,5
1203450,5.0,5.0,5
1203500,5.0,5.0,5
1203550,5.0,5.0,5
1203600,5.0,5.0,5
1203650,5.0,5.0,5
1203700,5.0,5.0,5
1203750,5.0,5.0,5
1203800,5.0,5.0,5
1203850,5.0,5.0,5
1203900,5.0,5.0,5
1203950,5.0,5.0,5
1204000,5.0,5.0,5
1204050,5.0,5.0,5
1204100,5.0,5.0,5
1204150,5.0,5.0,5
1204200,5.0,5.0,5
1204250,5.0,5.0,5
1204300,5.0,5.0,5
1204350,5.0,5.0,5
1204400,5.004,5.0,5
1204450,5.074,5.0,5
1204500,5.154,5.0,5
1204550,5.212,5.0,5
1204600,5.239,4.998,5
1204650,5.285,4.956,5
1204700,5.303,4.954,5
1204750,5.339,4.937,5
1204800,5.354,4.936,5
1204850,5.367,4.926,5
1204900,5.37,4.925,5
1204950,5.379,4.923,5
1205000,5.382,4.918,5
1205050,5.391,4.909,5
1205100,5.397,4.909,5
1205150,5.403,4.909,5
1205200,5.403,4.909,5
1205250,5.407,4.909,5
1205300,5.409,4.909,5
1205350,5.412,4.909,5
1205400,5.42,4.909,5
1205450,5.42,4.909,5
1205500,5.422,4.909,5
1205550,5.425,4.909,5
1205600,5.425,4.909,5
1205650,5.427,4.909,5
1205700,5.429,4.909,5
1205750,5.431,4.909,5
1205800,5.431,4.909,5
1205850,5.432,4.909,5
1205900,5.432,4.917,5
1205950,5.432,4.926,5
1206000,5.432,4.931,5
1206050,5.434,4.937,5
1206100,5.435,4.937,5
1206150,5.443,4.937,5
1206200,5.452,4.937,5
1206250,5.462,4.937,5
1206300,5.469,4.937,5
1206350,5.483,4.937,5
1206400,5.501,4.937,5
1206450,5.53,4.937,5
1206500,5.555,4.937,5
1206550,5.585,4.937,5
1206600,5.596,4.953,5
1206650,5.603,4.958,5
1206700,5.603,4.969,5
1206750,5.603,4.989,5
1206800,5.603,4.99,5
1206850,5.603,5.005,5
1206900,5.603,5.022,5
1206950,5.603,5.042,5
1207000,5.603,5.055,5
1207050,5.603,5.06,5
1207100,5.603,5.06,5
1207150,5.603,5.06,5
1207200,5.603,5.06,5
1207250,5.603,5.06,5
1207300,5.603,5.06,5
1207350,5.603,5.06,5
1207400,5.603,5.06,5
1207450,5.603,5.06,5
1207500,5.603,5.06,5
1207550,5.603,5.06,5
1207600,5.603,5.06,5
1207650,5.603,5.06,5
1207700,5.603,5.06,5
1207750,5.603,5.06,5
1207800,5.603,5.06,5
1207850,5.603,5.06,5
1207900,5.603,5.06,5
1207950,5.603,5.06,5
1208000,5.603,5.06,5
1208050,5.603,5.06,5
1208100,5.603,5.06,5
1208150,5.603,5.06,5
1208200,5.603,5.06,5
1208250,5.603,5.06,5
1208300,5.603,5.06,5
1208350,5.603,5.06,5
1208400,5.603,5.06,5
1208450,5.603,5.06,5
1208500,5.603,5.06,5
1208550,5.603,5.06,5
1208600,5.603,5.06,5
1208650,5.603,5.06,5
1208700,5.603,5.06,5
1208750,5.603,5.06,5
1208800,5.603,5.06,5
1208850,5.603,5.06,5
1208900,5.603,5.06,5
1208950,5.603,5.06,5
1209000,5.603,5.06,5
1209050,5.603,5.06,5
1209100,5.603,5.06,5
1209150,5.603,5.06,5
1209200,5.603,5.06,5
1209250,5.603,5.06,5
1209300,5.603,5.06,5
1209350,5.603,5.06,5
1209400,5.603,5.06,5
1209450,5.603,5.06,5
1209500,5.603,5.06,5
1209550,5.603,5.06,5
1209600,5.603,5.06,5
1209650,5.603,5.06,5
1209700,5.603,5.06,5
1209750,5.603,5.06,5
1209800,5.603,5.06,5
1209850,5.603,5.061,5
1209900,5.603,5.063,5
1209950,5.603,5.065,5
1210000,5.603,5.069,5
1210050,5.603,5.069,5
1210100,5.603,5.069,5
1210150,5.603,5.071,5
1210200,5.603,5.074,5
1210250,5.603,5.077,5
1210300,5.603,5.077,5
1210350,5.603,5.077,5
1210400,5.603,5.078,5
1210450,5.603,5.081,5
1210500,5.603,5.081,5
1210550,5.603,5.083,5
1210600,5.603,5.084,5
1210650,5.603,5.086,5
1210700,5.603,5.086,5
1210750,5.603,5.09,5
1210800,5.603,5.09,5
1210850,5.603,5.091,5
1210900,5.603,5.092,5
1210950,5.603,5.095,5
1211000,5.603,5.096,5
1211050,5.603,5.097,5
1211100,5.603,5.098,5
1211150,5.603,5.099,5
1211200,5.603,5.099,5
1211250,5.603,5.099,5
1211300,5.603,5.099,5
1211350,5.603,5.102,5
1211400,5.603,5.102,5
1211450,5.603,5.102,5
1211500,5.603,5.102,5
1211550,5.603,5.102,5
1211600,5.603,5.102,5
1211650,5.603,5.102,5
1211700,5.603,5.104,5
1211750,5.603,5.106,5
1211800,5.603,5.106,5
1211850,5.603,5.106,5
1211900,5.603,5.107,5
1211950,5.603,5.107,5
1212000,5.603,5.107,5
1212050,5.603,5.108,5
1212100,5.603,5.108,5
1212150,5.603,5.108,5
1212200,5.603,5.108,5
1212250,5.603,5.108,5
1212300,5.603,5.108,5
1212350,5.603,5.108,5
1212400,5.603,5.11,5
1212450,5.603,5.11,5
1212500,5.603,5.11,5
1212550,5.603,5.11,5
1212600,5.603,5.11,5
1212650,5.603,5.11,5
1212700,5.603,5.11,5
1212750,5.603,5.11,5
1212800,5.603,5.11,5
1212850,5.603,5.11,5
1212900,5.603,5.11,5
1212950,5.603,5.11,5
1213000,5.603,5.11,5
1213050,5.603,5.11,5
1213100,5.603,5.11,5
1213150,5.603,5.11,5
1213200,5.603,5.11,5
1213250,5.603,5.11,5
1213300,5.603,5.11,5
1213350,5.603,5.11,5
1213400,5.603,5.11,5
1213450,5.603,5.11,5
1213500,5.603,5.112,5
1213550,5.603,5.113,5
1213600,5.603,5.113,5
1213650,5.603,5.113,5
1213700,5.603,5.113,5
1213750,5.603,5.115,5
1213800,5.603,5.117,5
1213850,5.603,5.117,5
1213900,5.603,5.117,5
1213950,5.603,5.117,5
1214000,5.603,5.117,5
1214050,5.603,5.117,5
1214100,5.603,5.118,5
1214150,5.603,5.123,5
1214200,5.603,5.123,5
1214250,5.603,5.123,5
1214300,5.603,5.124,5
1214350,5.603,5.124,5
1214400,5.603,5.124,5
1214450,5.603,5.124,5
1214500,5.603,5.124,5
1214550,5.603,5.124,5
1214600,5.603,5.124,5
1214650,5.603,5.124,5
1214700,5.603,5.124,5
1214750,5.603,5.124,5
1214800,5.603,5.124,5
1214850,5.603,5.124,5
1214900,5.603,5.124,5
1214950,5.603,5.124,5
1215000,5.603,5.124,5
1215050,5.603,5.124,5
1215100,5.603,5.124,5
1215150,5.603,5.124,5
1215200,5.603,5.124,5
1215250,5.603,5.124,5
1215300,5.603,5.124,5
1215350,5.603,5.124,5
1215400,5.603,5.124,5
1215450,5.603,5.124,5
1215500,5.603,5.124,5
1215550,5.596,5.124,5
1215600,5.596,5.124,5
1215650,5.593,5.124,5
1215700,5.593,5.124,5
1215750,5.592,5.124,5
1215800,5.59,5.124,5
1215850,5.59,5.124,5
1215900,5.59,5.124,5
1215950,5.59,5.124,5
1216000,5.59,5.124,5
1216050,5.59,5.124,5
1216100,5.59,5.124,5
1216150,5.59,5.124,5
1216200,5.59,5.124,5
1216250,5.59,5.126,5
1216300,5.59,5.126,5
1216350,5.59,5.128,5
1216400,5.59,5.129,5
1216450,5.59,5.129,5
1216500,5.59,5.129,5
1216550,5.59,5.129,5
1216600,5.59,5.129,5
1216650,5.59,5.129,5
1216700,5.59,5.129,5
1216750,5.59,5.129,5
1216800,5.59,5.129,5
1216850,5.59,5.13,5
1216900,5.59,5.13,5
1216950,5.59,5.132,5
1217000,5.59,5.133,5
1217050,5.59,5.136,5
1217100,5.59,5.136,5
1217150,5.59,5.136,5
1217200,5.59,5.136,5
1217250,5.59,5.138,5
1217300,5.59,5.138,5
1217350,5.59,5.14,5
1217400,5.59,5.14,5
1217450,5.59,5.142,5
1217500,5.59,5.143,5
1217550,5.59,5.143,5
1217600,5.59,5.143,5
1217650,5.59,5.143,5
1217700,5.59,5.143,5
1217750,5.59,5.143,5
1217800,5.59,5.143,5
1217850,5.59,5.143,5
1217900,5.59,5.147,5
1217950,5.59,5.147,5
1218000,5.59,5.147,5
1218050,5.59,5.147,5
1218100,5.59,5.147,5
1218150,5.59,5.147,5
1218200,5.59,5.147,5
1218250,5.59,5.147,5
1218300,5.59,5.147,5
1218350,5.59,5.147,5
1218400,5.59,5.147,5
1218450,5.59,5.147,5
1218500,5.59,5.147,5
1218550,5.59,5.147,5
1218600,5.59,5.147,5
1218650,5.59,5.147,5
1218700,5.59,5.147,5
1218750,5.59,5.147,5
1218800,5.59,5.147,5
1218850,5.59,5.147,5
1218900,5.59,5.147,5
1218950,5.59,5.147,5
1219000,5.59,5.147,5
1219050,5.59,5.147,5
1219100,5.59,5.147,5
1219150,5.59,5.147,5
1219200,5.59,5.147,5
1219250,5.59,5.147,5
1219300,5.59,5.147,5
1219350,5.59,5.147,5
1219400,5.59,5.152,5
1219450,5.59,5.152,5
1219500,5.59,5.153,5
1219550,5.59,5.153,5
1219600,5.59,5.153,5
1219650,5.59,5.154,5
1219700,5.59,5.154,5
1219750,5.59,5.154,5
1219800,5.59,5.154,5
1219850,5.59,5.154,5
1219900,5.59,5.154,5
1219950,5.59,5.154,5
1220000,5.59,5.154,5
1220050,5.59,5.154,5
1220100,5.59,5.154,5
1220150,5.59,5.154,5
1220200,5.59,5.154,5
1220250,5.586,5.154,5
1220300,5.586,5.154,5
1220350,5.586,5.154,5
1220400,5.586,5.154,5
1220450,5.586,5.154,5
1220500,5.586,5.154,5
1220550,5.586,5.154,5
1220600,5.586,5.154,5
1220650,5.586,5.154,5
1220700,5.586,5.154,5
1220750,5.586,5.154,5
1220800,5.586,5.154,5
1220850,5.586,5.154,5
1220900,5.586,5.154,5
1220950,5.586,5.154,5
1221000,5.586,5.155,5
1221050,5.586,5.157,5
1221100,5.586,5.157,5
1221150,5.584,5.157,5
1221200,5.584,5.157,5
1221250,5.583,5.157,5
1221300,5.583,5.157,5
1221350,5.583,5.157,5
1221400,5.583,5.159,5
1221450,5.583,5.159,5
1221500,5.579,5.159,5
1221550,5.579,5.159,5
1221600,5.579,5.159,5
1221650,5.579,5.161,5
1221700,5.579,5.162,5
1221750,5.579,5.163,5
1221800,5.579,5.163,5
1221850,5.579,5.168,5
1221900,5.579,5.169,5
1221950,5.579,5.172,5
1222000,5.577,5.172,5
1222050,5.575,5.172,5
1222100,5.575,5.172,5
1222150,5.574,5.172,5
1222200,5.574,5.172,5
1222250,5.574,5.172,5
1222300,5.574,5.172,5
1222350,5.568,5.172,5
1222400,5.568,5.172,5
1222450,5.568,5.172,5
1222500,5.568,5.173,5
1222550,5.568,5.173,5
1222600,5.568,5.174,5
1222650,5.568,5.174,5
1222700,5.568,5.174,5
1222750,5.568,5.174,5
1222800,5.568,5.174,5
1222850,5.568,5.174,5
1222900,5.568,5.174,5
1222950,5.568,5.174,5
1223000,5.568,5.174,5
1223050,5.568,5.174,5
1223100,5.568,5.175,5
1223150,5.568,5.181,5
1223200,5.568,5.184,5
1223250,5.568,5.187,5
1223300,5.568,5.189,5
1223350,5.568,5.189,5
1223400,5.568,5.189,5
1223450,5.568,5.189,5
1223500,5.568,5.189,5
1223550,5.568,5.189,5
1223600,5.566,5.189,5
1223650,5.566,5.189,5
1223700,5.566,5.189,5
1223750,5.566,5.19,5
1223800,5.566,5.19,5
1223850,5.566,5.19,5
1223900,5.566,5.19,5
1223950,5.566,5.19,5
1224000,5.566,5.19,5
1224050,5.566,5.19,5
1224100,5.566,5.19,5
1224150,5.566,5.19,5
1224200,5.566,5.19,5
1224250,5.566,5.19,5
1224300,5.566,5.19,5
1224350,5.566,5.19,5
1224400,5.566,5.19,5
1224450,5.566,5.19,5
1224500,5.566,5.19,5
1224550,5.566,5.19,5
1224600,5.566,5.192,5
1224650,5.565,5.192,5
1224700,5.565,5.192,5
1224750,5.564,5.192,5
1224800,5.564,5.192,5
1224850,5.564,5.192,5
1224900,5.564,5.192,5
1224950,5.564,5.192,5
1225000,5.564,5.193,5
1225050,5.564,5.193,5
1225100,5.562,5.196,5
1225150,5.562,5.196,5
1225200,5.562,5.196,5
1225250,5.562,5.196,5
1225300,5.562,5.196,5
1225350,5.562,5.196,5
1225400,5.562,5.196,5
1225450,5.562,5.196,5
1225500,5.562,5.196,5
1225550,5.562,5.196,5
1225600,5.562,5.196,5
1225650,5.562,5.196,5
1225700,5.562,5.196,5
1225750,5.562,5.196,5
1225800,5.562,5.196,5
1225850,5.562,5.196,5
1225900,5.562,5.196,5
1225950,5.562,5.196,5
1226000,5.562,5.196,5
1226050,5.562,5.196,5
1226100,5.562,5.196,5
1226150,5.562,5.196,5
1226200,5.562,5.196,5
1226250,5.562,5.196,5
1226300,5.562,5.196,5
1226350,5.562,5.196,5
1226400,5.562,5.196,5
1226450,5.562,5.196,5
1226500,5.562,5.196,5
1226550,5.562,5.196,5
1226600,5.559,5.196,5
1226650,5.558,5.196,5
1226700,5.556,5.196,5
1226750,5.553,5.196,5
1226800,5.553,5.196,5
1226850,5.547,5.196,5
1226900,5.546,5.196,5
1226950,5.539,5.196,5
1227000,5.539,5.196,5
1227050,5.538,5.196,5
1227100,5.534,5.196,5
1227150,5.534,5.196,5
1227200,5.534,5.196,5
1227250,5.534,5.196,5
1227300,5.534,5.196,5
1227350,5.534,5.196,5
1227400,5.534,5.196,5
1227450,5.533,5.196,5
1227500,5.533,5.196,5
1227550,5.533,5.196,5
1227600,5.533,5.196,5
1227650,5.533,5.196,5
1227700,5.533,5.196,5
1227750,5.533,5.196,5
1227800,5.533,5.196,5
1227850,5.533,5.196,5
1227900,5.533,5.196,11
1227950,5.533,5.196,11
1228000,5.533,5.196,11
1228050,5.533,5.196,11
1228100,5.533,5.196,11
1228150,5.533,5.196,11
1228200,5.532,5.196,11
1228250,5.532,5.196,11
1228300,5.532,5.196,11
1228350,5.532,5.196,11
1228400,5.532,5.196,11
1228450,5.532,5.196,11
1228500,5.53,5.196,11
1228550,5.53,5.196,11
1228600,5.53,5.196,11
1228650,5.529,5.196,11
1228700,5.529,5.196,11
1228750,5.529,5.196,11
1228800,5.529,5.196,11
1228850,5.529,5.196,11
1228900,5.529,5.196,11
1228950,5.529,5.196,11
1229000,5.529,5.196,11
1229050,5.529,5.196,11
1229100,5.529,5.196,11
1229150,5.529,5.196,11
1229200,5.529,5.196,11
1229250,5.529,5.196,11
1229300,5.529,5.196,11
1229350,5.527,5.196,11
1229400,5.527,5.196,11
1229450,5.527,5.196,11
1229500,5.527,5.196,11
1229550,5.527,5.196,11
1229600,5.527,5.196,11
1229650,5.527,5.196,11
1229700,5.527,5.196,11
1229750,5.525,5.196,11
1229800,5.525,5.196,11
1229850,5.52,5.193,11
1229900,5.517,5.184,11
1229950,5.506,5.172,11
1230000,5.49,5.16,11
1230050,5.413,5.143,11
1230100,5.24,5.0,11
1230150,5.075,5.0,11
1230200,5.075,5.0,11
1230250,5.075,5.0,11
1230300,5.063,5.0,11
1230350,5.0,5.0,11
1230400,5.0,5.0,11
1230450,5.0,5.0,11
1230500,5.0,5.0,11
1230550,5.0,5.0,11
1230600,5.0,5.0,11
1230650,5.0,5.0,11
1230700,5.0,5.0,11
1230750,5.0,5.0,11
1230800,5.0,5.0,11
1230850,5.0,5.0,11
1230900,5.0,5.0,11
1230950,5.0,5.0,11
1231000,5.0,5.0,11
1231050,5.0,5.0,11
1231100,5.0,5.0,11
1231150,5.0,5.0,11
1231200,5.0,5.0,11
1231250,5.0,5.0,11
1231300,5.0,5.0,11
1231350,5.0,5.0,11
1231400,5.0,5.0,11
1231450,5.0,5.0,11
1231500,5.0,5.0,11
1231550,5.0,5.0,11
1231600,5.0,5.0,11
1231650,5.0,5.0,11
1231700,5.0,5.0,11
1231750,5.0,5.0,11
1231800,5.0,5.0,11
1231850,5.0,5.0,11
1231900,5.0,5.0,11
1231950,5.0,5.0,11
1232000,5.0,5.0,11
1232050,5.0,5.0,11
1232100,5.0,5.0,11
1232150,5.0,5.0,11
1232200,5.0,5.0,11
1232250,5.0,5.0,11
1232300,5.0,5.0,11
1232350,5.0,5.0,11
1232400,5.0,5.0,11
1232450,5.0,5.0,11
1232500,5.0,5.0,11
1232550,5.0,5.0,11
1232600,5.0,5.0,11
1232650,5.0,5.0,11
1232700,5.0,5.0,11
1232750,5.0,5.0,11
1232800,5.0,5.0,11
1232850,5.0,5.0,11
1232900,5.0,5.0,11
1232950,5.0,5.0,11
1233000,5.0,5.0,11
1233050,5.0,5.0,11
1233100,5.0,5.0,11
1233150,5.0,5.0,11
1233200,5.0,5.0,11
1233250,5.0,5.0,11
1233300,5.0,5.0,11
1233350,5.0,5.0,11
1233400,5.0,5.0,11
1233450,5.0,5.0,11
1233500,5.0,5.0,11
1233550,5.0,5.0,11
1233600,5.0,5.0,11
1233650,5.0,5.0,11
1233700,5.0,5.0,11
1233750,5.0,5.0,11
1233800,5.0,5.0,11
1233850,5.0,5.0,11
1233900,5.0,5.0,11
1233950,5.0,5.0,11
1234000,5.0,5.0,11
1234050,5.0,5.0,11
1234100,5.0,5.0,11
1234150,5.0,5.0,11
1234200,5.0,5.0,11
1234250,5.0,5.0,11
1234300,5.0,5.0,11
1234350,5.0,5.0,11
1234400,5.0,5.0,11
1234450,5.0,5.0,11
1234500,5.0,5.0,11
1234550,5.0,5.0,11
1234600,5.0,5.0,11
1234650,5.0,5.0,11
1234700,5.0,5.0,11
1234750,5.0,5.0,11
1234800,5.0,5.0,11
1234850,5.0,5.0,11
1234900,5.0,5.0,11
1234950,5.0,5.0,11
1235000,5.0,5.0,11
1235050,5.0,5.0,11
1235100,5.0,5.0,11
1235150,5.0,5.0,11
1235200,5.0,5.0,11
1235250,5.0,5.0,11
1235300,5.0,5.0,11
1235350,5.0,5.0,11
1235400,5.0,5.0,11
1235450,5.0,5.0,11
1235500,5.0,5.0,11
1235550,5.0,5.0,11
1235600,5.0,5.0,11
1235650,5.0,5.0,11
1235700,5.0,5.0,11
1235750,5.0,5.0,11
1235800,5.0,5.0,11
1235850,5.0,5.0,11
1235900,5.0,5.0,11
1235950,5.0,5.0,11
1236000,5.0,5.0,11
1236050,5.0,5.0,11
1236100,5.0,5.0,11
1236150,5.0,5.0,11
1236200,5.0,5.0,11
1236250,5.0,5.0,11
1236300,5.0,5.0,11
1236350,5.0,5.0,11
1236400,5.0,5.0,11
1236450,5.0,5.0,11
1236500,5.0,5.0,11
1236550,5.0,5.0,11
1236600,5.0,5.0,11
1236650,5.0,5.0,11
1236700,5.0,5.0,11
1236750,5.0,5.0,11
1236800,5.0,5.0,11
1236850,5.0,5.0,11
1236900,5.0,5.0,11
1236950,5.0,5.0,11
1237000,5.0,5.0,11
1237050,5.0,5.0,11
1237100,5.0,5.0,11
1237150,5.0,5.0,11
1237200,5.0,5.0,11
1237250,5.0,5.0,11
1237300,5.0,5.0,11
1237350,5.0,5.0,11
1237400,5.0,5.0,11
1237450,5.0,5.0,11
1237500,5.0,5.0,11
1237550,5.0,5.0,11
1237600,5.0,5.0,11
1237650,5.0,5.0,11
1237700,5.0,5.0,11
1237750,5.0,5.0,11
1237800,5.0,5.0,11
1237850,5.0,5.0,11
1237900,5.0,5.0,11
1237950,5.0,5.0,11
1238000,5.0,5.0,11
1238050,5.0,5.0,11
1238100,5.0,5.0,11
1238150,5.0,5.0,11
1238200,5.0,5.0,11
1238250,5.0,5.0,11
1238300,5.0,5.0,11
1238350,5.0,5.0,11
1238400,5.0,5.0,11
1238450,5.0,5.0,11
1238500,5.0,5.0,11
1238550,5.0,5.0,11
1238600,5.0,5.0,11
1238650,5.0,5.0,11
1238700,5.0,5.0,11
1238750,5.0,5.0,11
1238800,5.0,5.0,11
1238850,5.0,5.0,11
1238900,5.0,5.0,11
1238950,5.0,5.0,11
1239000,5.0,5.0,11
1239050,5.0,5.0,11
1239100,5.0,5.0,11
1239150,5.0,5.0,11
1239200,5.0,5.0,11
1239250,5.0,5.0,11
1239300,5.0,5.0,11
1239350,5.0,5.0,11
1239400,5.0,5.0,11
1239450,5.0,5.0,11
1239500,5.0,5.0,11
1239550,5.0,5.0,11
1239600,5.0,5.0,11
1239650,5.0,5.0,11
1239700,5.0,5.0,11
1239750,5.0,5.0,11
1239800,5.0,5.0,11
1239850,5.0,5.0,11
1239900,5.0,5.0,11
1239950,5.0,5.0,11
1240000,5.0,5.0,11
1240050,5.0,5.0,11
1240100,5.0,5.0,11
1240150,5.0,5.0,11
1240200,5.0,5.0,11
1240250,5.0,5.0,11
1240300,5.0,5.0,11
1240350,5.0,5.0,11
1240400,5.0,5.0,11
1240450,5.0,5.0,11
1240500,5.0,5.0,11
1240550,5.0,5.0,11
1240600,5.0,5.0,11
1240650,5.0,5.0,11
1240700,5.0,5.0,11
1240750,5.0,5.0,11
1240800,5.0,5.0,11
1240850,5.0,5.0,11
1240900,5.0,5.0,11
1240950,5.0,5.0,11
1241000,5.0,5.0,11
1241050,5.0,5.0,11
1241100,5.0,5.0,11
1241150,5.0,5.0,11
1241200,5.0,5.0,11
1241250,5.0,5.0,11
1241300,5.0,5.0,11
1241350,5.0,5.0,11
1241400,5.0,5.0,11
1241450,5.0,5.0,11
1241500,5.0,5.0,11
1241550,5.0,5.0,11
1241600,5.0,5.0,11
1241650,5.0,5.0,11
1241700,5.0,5.0,11
1241750,5.0,5.0,11
1241800,5.0,5.0,11
1241850,5.0,5.0,11
1241900,5.0,5.0,11
1241950,5.0,5.0,11
1242000,5.0,5.0,11
1242050,5.0,5.0,11
1242100,5.0,5.0,11
1242150,5.0,5.0,11
1242200,5.0,5.0,11
1242250,5.0,5.0,11
1242300,5.0,5.0,11
1242350,5.0,5.0,11
1242400,5.0,5.0,11
1242450,5.0,5.0,11
1242500,5.0,5.0,11
1242550,5.0,5.0,11
1242600,5.0,5.0,11
1242650,5.0,5.0,11
1242700,5.0,5.0,11
1242750,5.0,5.0,11
1242800,5.0,5.0,11
1242850,5.0,5.0,11
1242900,5.0,5.0,11
1242950,5.0,5.0,11
1243000,5.0,5.0,11
1243050,5.0,5.0,11
1243100,5.0,5.0,11
1243150,5.0,5.0,11
1243200,5.0,5.0,11
1243250,5.0,5.0,11
1243300,5.0,5.0,11
1243350,5.0,5.0,11
1243400,5.0,5.0,11
1243450,5.0,5.0,11
1243500,5.0,5.0,11
1243550,5.0,5.0,11
1243600,5.0,5.0,11
1243650,5.0,5.0,11
1243700,5.0,5.0,11
1243750,5.0,5.0,11
1243800,5.0,5.0,11
1243850,5.0,5.0,11
1243900,5.0,5.0,11
1243950,5.0,5.0,11
1244000,5.0,5.0,11
1244050,5.0,5.0,11
1244100,5.0,5.0,11
1244150,5.0,5.0,11
1244200,5.0,5.0,11
1244250,5.0,5.0,11
1244300,5.0,5.0,11
1244350,5.0,5.0,11
1244400,5.0,5.0,11
1244450,5.0,5.0,11
1244500,5.0,5.0,11
1244550,5.0,5.0,11
1244600,5.0,5.0,11
1244650,5.0,5.0,11
1244700,5.0,5.0,11
1244750,5.0,5.0,11
1244800,5.0,5.0,11
1244850,5.0,5.0,11
1244900,5.0,5.0,11
1244950,5.0,5.0,11
1245000,5.0,5.0,11
1245050,5.0,5.0,11
1245100,5.0,5.0,11
1245150,5.0,5.0,11
1245200,5.0,5.0,11
1245250,5.0,5.0,11
1245300,5.0,5.0,11
1245350,5.0,5.0,11
1245400,5.0,5.0,11
1245450,5.0,5.0,11
1245500,5.0,5.0,11
1245550,5.0,5.0,11
1245600,5.0,5.0,11
1245650,5.0,5.0,11
1245700,5.0,5.0,11
1245750,5.0,5.0,11
1245800,5.0,5.0,11
1245850,5.0,5.0,11
1245900,5.0,5.0,11
1245950,5.0,5.0,11
1246000,5.0,5.0,11
1246050,5.0,5.0,11
1246100,5.0,5.0,11
1246150,5.0,5.0,11
1246200,5.0,5.0,11
1246250,5.0,5.0,11
1246300,5.0,5.0,11
1246350,5.0,5.0,11
1246400,5.0,5.0,11
1246450,5.0,5.0,11
1246500,5.0,5.0,11
1246550,5.0,5.0,11
1246600,5.0,5.0,11
1246650,5.0,5.0,11
1246700,5.0,5.0,11
1246750,5.0,5.0,11
1246800,5.0,5.0,11
1246850,5.0,5.0,11
1246900,5.0,5.0,11
1246950,5.0,5.0,11
1247000,5.0,5.0,11
1247050,5.0,5.0,11
1247100,5.0,5.0,11
1247150,5.0,5.0,11
1247200,5.0,5.0,11
1247250,5.0,5.0,11
1247300,5.0,5.0,11
1247350,5.0,5.0,11
1247400,5.0,5.0,11
1247450,5.0,5.0,11
1247500,5.0,5.0,11
1247550,5.0,5.0,11
1247600,5.0,5.0,11
1247650,5.0,5.0,11
1247700,5.0,5.0,11
1247750,5.0,5.0,11
1247800,5.0,5.0,11
1247850,5.0,5.0,11
1247900,5.0,5.0,11
1247950,5.0,5.0,11
1248000,5.0,5.0,11
1248050,5.0,5.0,11
1248100,5.0,5.0,11
1248150,5.0,5.0,11
1248200,5.0,5.0,11
1248250,5.0,5.0,11
1248300,5.0,5.0,11
1248350,5.0,5.0,11
1248400,5.0,5.0,11
1248450,5.0,5.0,11
1248500,5.0,5.0,11
1248550,5.0,5.0,11
1248600,5.0,5.0,11
1248650,5.0,5.0,11
1248700,5.0,5.0,11
1248750,5.0,5.0,11
1248800,5.0,5.0,11
1248850,5.0,5.0,11
1248900,5.0,5.0,11
1248950,5.0,5.0,11
1249000,5.0,5.0,11
1249050,5.0,5.0,11
1249100,5.0,5.0,11
1249150,5.0,5.0,11
1249200,5.0,5.0,11
1249250,5.0,5.0,11
1249300,5.0,5.0,11
1249350,5.0,5.0,11
1249400,5.0,5.0,11
1249450,5.0,5.0,11
1249500,5.0,5.0,11
1249550,5.0,5.0,11
1249600,5.0,5.0,11
1249650,5.0,5.0,11
1249700,5.0,5.0,11
1249750,5.0,5.0,11
1249800,5.0,5.0,11
1249850,5.0,5.0,11
1249900,5.0,5.0,11
1249950,5.0,5.0,11
1250000,5.0,5.0,11
1250050,5.0,5.0,11
1250100,5.0,5.0,11
1250150,5.0,5.0,11
1250200,5.0,5.0,11
1250250,5.0,5.0,11
1250300,5.0,5.0,11
1250350,5.0,5.0,11
1250400,5.0,5.0,11
1250450,5.0,5.0,11
1250500,5.0,5.0,11
1250550,5.0,5.0,11
1250600,5.0,5.0,11
1250650,5.0,5.0,11
1250700,5.0,5.0,11
1250750,5.0,5.0,11
1250800,5.0,5.0,11
1250850,5.0,5.0,11
1250900,5.0,5.0,11
1250950,5.0,5.0,11
1251000,5.0,5.0,11
1251050,5.0,5.0,11
1251100,5.0,5.0,11
1251150,5.0,5.0,11
1251200,5.0,5.0,11
1251250,5.0,5.0,11
1251300,5.0,5.0,11
1251350,5.0,5.0,11
1251400,5.0,5.0,11
1251450,5.0,5.0,11
1251500,5.0,5.0,11
1251550,5.0,5.0,11
1251600,5.0,5.0,11
1251650,5.0,5.0,11
1251700,5.0,5.0,11
1251750,5.0,5.0,11
1251800,5.0,5.0,11
1251850,5.0,5.0,11
1251900,5.0,5.0,11
1251950,5.0,5.0,11
1252000,5.0,5.0,11
1252050,5.0,5.0,11
1252100,5.0,5.0,11
1252150,5.0,5.0,11
1252200,5.0,5.0,11
1252250,5.0,5.0,11
1252300,5.0,5.0,11
1252350,5.0,5.0,11
1252400,5.0,5.0,11
1252450,5.0,5.0,11
1252500,5.0,5.0,11
1252550,5.0,5.0,11
1252600,5.0,5.0,11
1252650,5.0,5.0,11
1252700,5.0,5.0,11
1252750,5.0,5.0,11
1252800,5.0,5.0,11
1252850,5.0,5.0,11
1252900,5.0,5.0,11
1252950,5.0,5.0,11
1253000,5.0,5.0,11
1253050,5.0,5.0,11
1253100,5.0,5.0,11
1253150,5.0,5.0,11
1253200,5.0,5.0,11
1253250,5.0,5.0,11
1253300,5.0,5.0,11
1253350,5.0,5.0,11
1253400,5.0,5.0,11
1253450,5.0,5.0,11
1253500,5.0,5.0,11
1253550,5.0,5.0,11
1253600,5.0,5.0,11
1253650,5.0,5.0,11
1253700,5.0,5.0,11
1253750,5.0,5.0,11
1253800,5.0,5.0,11
1253850,5.0,5.0,11
1253900,5.0,5.0,11
1253950,5.0,5.0,11
1254000,5.0,5.0,11
1254050,5.0,5.0,11
1254100,5.0,5.0,11
1254150,5.0,5.0,11
1254200,5.0,5.0,11
1254250,5.0,5.0,11
1254300,5.0,5.0,11
1254350,5.0,5.0,11
1254400,5.0,5.0,11
1254450,5.0,5.0,11
1254500,5.0,5.0,11
1254550,5.0,5.0,11
1254600,5.0,5.0,11
1254650,5.0,5.0,11
1254700,5.0,5.0,11
1254750,5.0,5.0,11
1254800,5.0,5.0,11
1254850,5.0,5.0,11
1254900,5.0,5.0,11
1254950,5.0,5.0,11
1255000,5.0,5.0,11
1255050,5.0,5.0,11
1255100,5.0,5.0,11
1255150,5.0,5.0,11
1255200,5.0,5.0,11
1255250,5.0,5.0,11
1255300,5.0,5.0,11
1255350,5.0,5.0,11
1255400,5.0,5.0,11
1255450,5.0,5.0,11
1255500,5.0,5.0,11
1255550,5.0,5.0,11
1255600,5.0,5.0,11
1255650,5.0,5.0,11
1255700,5.0,5.0,11
1255750,5.0,5.0,11
1255800,5.0,5.0,11
1255850,5.0,5.0,11
1255900,5.0,5.0,11
1255950,5.0,5.0,11
1256000,5.0,5.0,11
1256050,5.0,5.0,11
1256100,5.0,5.0,11
1256150,5.0,5.0,11
1256200,5.0,5.0,11
1256250,5.0,5.0,11
1256300,5.0,5.0,11
1256350,5.0,5.0,11
1256400,5.0,5.0,11
1256450,5.0,5.0,11
1256500,5.0,5.0,11
1256550,5.0,5.0,11
1256600,5.0,5.0,11
1256650,5.0,5.0,11
1256700,5.0,5.0,11
1256750,5.0,5.0,11
1256800,5.0,5.0,11
1256850,5.0,5.0,11
1256900,5.0,5.0,11
1256950,5.0,5.0,11
1257000,5.0,5.0,11
1257050,5.0,5.0,11
1257100,5.0,5.0,11
1257150,5.0,5.0,11
1257200,5.0,5.0,11
1257250,5.0,5.0,11
1257300,5.0,5.0,11
1257350,5.0,5.0,11
1257400,5.0,5.0,11
1257450,5.0,5.0,11
1257500,5.0,5.0,11
1257550,5.0,5.0,11
1257600,5.0,5.0,11
1257650,5.0,5.0,11
1257700,5.0,5.0,11
1257750,5.0,5.0,11
1257800,5.0,5.0,11
1257850,5.0,5.0,11
1257900,5.0,5.0,11
1257950,5.0,5.0,11
1258000,5.0,5.0,11
1258050,5.0,5.0,11
1258100,5.0,5.0,11
1258150,5.0,5.0,11
1258200,5.0,5.0,11
1258250,5.0,5.0,11
1258300,5.0,5.0,11
1258350,5.0,5.0,11
1258400,5.0,5.0,11
1258450,5.0,5.0,11
1258500,5.0,5.0,11
1258550,5.0,5.0,11
1258600,5.0,5.0,11
1258650,5.0,5.0,11
1258700,5.0,5.0,11
1258750,5.0,5.0,11
1258800,5.0,5.0,11
1258850,5.0,5.0,11
1258900,5.0,5.0,11
1258950,5.0,5.0,11
1259000,5.0,5.0,11
1259050,5.0,5.0,11
1259100,5.0,5.0,11
1259150,5.0,5.0,11
1259200,5.0,5.0,11
1259250,5.0,5.0,11
1259300,5.0,5.0,11
1259350,5.0,5.0,11
1259400,5.0,5.0,11
1259450,5.0,5.0,11
1259500,5.0,5.0,11
1259550,5.0,5.0,11
1259600,5.0,5.0,11
1259650,5.0,5.0,11
1259700,5.0,5.0,11
1259750,5.0,5.0,11
1259800,5.0,5.0,11
1259850,5.0,5.0,11
1259900,5.0,5.0,11
1259950,5.0,5.0,11
1260000,5.0,5.0,11
1260050,5.0,5.0,11
1260100,5.0,5.0,11
1260150,5.0,5.0,11
1260200,5.0,5.0,11
1260250,5.0,5.0,11
1260300,5.0,5.0,11
1260350,5.0,5.0,11
1260400,5.0,5.0,11
1260450,5.0,5.0,11
1260500,5.0,5.0,11
1260550,5.0,5.0,11
1260600,5.0,5.0,11
1260650,5.0,5.0,11
1260700,5.0,5.0,11
1260750,5.0,5.0,11
1260800,5.0,5.0,11
1260850,5.0,5.0,11
1260900,5.0,5.0,11
1260950,5.0,5.0,11
1261000,5.0,5.0,11
1261050,5.0,5.0,11
1261100,5.0,5.0,11
1261150,5.0,5.0,11
1261200,5.0,5.0,11
1261250,5.0,5.0,11
1261300,5.0,5.0,11
1261350,5.0,5.0,11
1261400,5.0,5.0,11
1261450,5.0,5.0,11
1261500,5.0,5.0,11
1261550,5.0,5.0,11
1261600,5.0,5.0,11
1261650,5.0,5.0,11
1261700,5.0,5.0,11
1261750,5.0,5.0,11
1261800,5.0,5.0,11
1261850,5.0,5.0,11
1261900,5.0,5.0,11
1261950,5.0,5.0,11
1262000,5.0,5.0,11
1262050,5.0,5.0,11
1262100,5.0,5.0,11
1262150,5.0,5.0,11
1262200,5.0,5.0,11
1262250,5.0,5.0,11
1262300,5.0,5.0,11
1262350,5.0,5.0,11
1262400,5.0,5.0,11
1262450,5.0,5.0,11
1262500,5.0,5.0,11
1262550,5.0,5.0,11
1262600,5.0,5.0,11
1262650,5.0,5.0,11
1262700,5.0,5.0,11
1262750,5.0,5.0,11
1262800,5.0,5.0,11
1262850,5.0,5.0,11
1262900,5.0,5.0,11
1262950,5.0,5.0,11
1263000,5.0,5.0,11
1263050,5.0,5.0,11
1263100,5.0,5.0,11
1263150,5.0,5.0,11
1263200,5.0,5.0,11
1263250,5.0,5.0,11
1263300,5.0,5.0,11
1263350,5.0,5.0,11
1263400,5.0,5.0,11
1263450,5.0,5.0,11
1263500,5.0,5.0,11
1263550,5.0,5.0,11
1263600,5.0,5.0,11
1263650,5.0,5.0,11
1263700,5.0,5.0,11
1263750,5.0,5.0,11
1263800,5.0,5.0,11
1263850,5.0,5.0,11
1263900,5.0,5.0,11
1263950,5.0,5.0,11
1264000,5.0,5.0,11
1264050,5.0,5.0,11
1264100,5.0,5.0,11
1264150,5.0,5.0,11
1264200,5.0,5.0,11
1264250,5.0,5.0,11
1264300,5.0,5.0,11
1264350,5.0,5.0,11
1264400,5.0,5.0,11
1264450,5.0,5.0,11
1264500,5.0,5.0,11
1264550,5.0,5.0,11
1264600,5.0,5.0,11
1264650,5.0,5.0,11
1264700,5.0,5.0,11
1264750,5.0,5.0,11
1264800,5.0,5.0,11
1264850,5.0,5.0,11
1264900,5.0,5.0,11
1264950,5.0,5.0,11
1265000,5.0,5.0,11
1265050,5.0,5.0,11
1265100,5.0,5.0,11
1265150,5.0,5.0,11
1265200,5.0,5.0,11
1265250,5.0,5.0,11
1265300,5.0,5.0,11
1265350,5.0,5.0,11
1265400,5.0,5.0,11
1265450,5.0,5.0,11
1265500,5.0,5.0,11
1265550,5.0,5.0,11
1265600,5.0,5.0,11
1265650,5.0,5.0,11
1265700,5.0,5.0,11
1265750,5.0,5.0,11
1265800,5.0,5.0,11
1265850,5.0,5.0,11
1265900,5.0,5.0,11
1265950,5.0,5.0,11
1266000,5.0,5.0,11
1266050,5.0,5.0,11
1266100,5.0,5.0,11
1266150,5.0,5.0,11
1266200,5.0,5.0,11
1266250,5.0,5.0,11
1266300,5.0,5.0,11
1266350,5.0,5.0,11
1266400,5.0,5.0,11
1266450,5.0,5.0,11
1266500,5.0,5.0,11
1266550,5.0,5.0,11
1266600,5.0,5.0,11
1266650,5.0,5.0,11
1266700,5.0,5.0,11
1266750,5.0,5.0,11
1266800,5.0,5.0,11
1266850,5.0,5.0,11
1266900,5.0,5.0,11
1266950,5.0,5.0,11
1267000,5.0,5.0,11
1267050,5.0,5.0,11
1267100,5.0,5.0,11
1267150,5.0,5.0,11
1267200,5.0,5.0,11
1267250,5.0,5.0,11
1267300,5.0,5.0,11
1267350,5.0,5.0,11
1267400,5.0,5.0,11
1267450,5.0,5.0,11
1267500,5.0,5.0,11
1267550,5.0,5.0,11
1267600,5.0,5.0,11
1267650,5.0,5.0,11
1267700,5.0,5.0,11
1267750,5.0,5.0,11
1267800,5.0,5.0,11
1267850,5.0,5.0,11
1267900,5.0,5.0,11
1267950,5.0,5.0,11
1268000,5.0,5.0,11
1268050,5.0,5.0,11
1268100,5.0,5.0,11
1268150,5.0,5.0,11
1268200,5.0,5.0,11
1268250,5.0,5.0,11
1268300,5.0,5.0,11
1268350,5.0,5.0,11
1268400,5.0,5.0,11
1268450,5.0,5.0,11
1268500,5.0,5.0,11
1268550,5.0,5.0,11
1268600,5.0,5.0,11
1268650,5.0,5.0,11
1268700,5.0,5.0,11
1268750,5.0,5.0,11
1268800,5.0,5.0,11
1268850,5.0,5.0,11
1268900,5.0,5.0,11
1268950,5.0,5.0,11
1269000,5.0,5.0,11
1269050,5.0,5.0,11
1269100,5.0,5.0,11
1269150,5.0,5.0,11
1269200,5.0,5.0,11
1269250,5.0,5.0,11
1269300,5.0,5.0,11
1269350,5.0,5.0,11
1269400,5.0,5.0,11
1269450,5.0,5.0,11
1269500,5.0,5.0,11
1269550,5.0,5.0,11
1269600,5.0,5.0,11
1269650,5.0,5.0,11
1269700,5.0,5.0,11
1269750,5.0,5.0,11
1269800,5.0,5.0,11
1269850,5.0,5.0,11
1269900,5.0,5.0,11
1269950,5.0,5.0,11
1270000,5.0,5.0,11
1270050,5.0,5.0,11
1270100,5.0,5.0,11
1270150,5.0,5.0,11
1270200,5.0,5.0,11
1270250,5.0,5.0,11
1270300,5.0,5.0,11
1270350,5.0,5.0,11
1270400,5.0,5.0,11
1270450,5.0,5.0,11
1270500,5.0,5.0,11
1270550,5.0,5.0,11
1270600,5.0,5.0,11
1270650,5.0,5.0,11
1270700,5.0,5.0,11
1270750,5.0,5.0,11
1270800,5.0,5.0,11
1270850,5.0,5.0,11
1270900,5.0,5.0,11
1270950,5.0,5.0,11
1271000,5.0,5.0,11
1271050,5.0,5.0,11
1271100,5.0,5.0,11
1271150,5.0,5.0,11
1271200,5.0,5.0,11
1271250,5.0,5.0,11
1271300,5.0,5.0,11
1271350,5.0,5.0,11
1271400,5.0,5.0,11
1271450,5.0,5.0,11
1271500,5.0,5.0,11
1271550,5.0,5.0,11
1271600,5.0,5.0,11
1271650,5.0,5.0,11
1271700,5.0,5.0,11
1271750,5.0,5.0,11
1271800,5.0,5.0,11
1271850,5.0,5.0,11
1271900,5.0,5.0,11
1271950,5.0,5.0,11
1272000,5.0,5.0,11
1272050,5.0,5.0,11
1272100,5.0,5.0,11
1272150,5.0,5.0,11
1272200,5.0,5.0,11
1272250,5.0,5.0,11
1272300,5.0,5.0,11
1272350,5.0,5.0,11
1272400,5.0,5.0,11
1272450,5.0,5.0,11
1272500,5.0,5.0,11
1272550,5.0,5.0,11
1272600,5.0,5.0,11
1272650,5.0,5.0,11
1272700,5.0,5.0,11
1272750,5.0,5.0,11
1272800,5.0,5.0,11
1272850,5.0,5.0,11
1272900,5.0,5.0,11
1272950,5.0,5.0,11
1273000,5.0,5.0,11
1273050,5.0,5.0,11
1273100,5.0,5.0,11
1273150,5.0,5.0,11
1273200,5.0,5.0,11
1273250,5.0,5.0,11
1273300,5.0,5.0,11
1273350,5.0,5.0,11
1273400,5.0,5.0,11
1273450,5.0,5.0,11
1273500,5.0,5.0,11
1273550,5.0,5.0,11
1273600,5.0,5.0,11
1273650,5.0,5.0,11
1273700,5.0,5.0,11
1273750,5.0,5.0,11
1273800,5.0,5.0,11
1273850,5.0,5.0,11
1273900,5.0,5.0,11
1273950,5.0,5.0,11
1274000,5.0,5.0,11
1274050,5.0,5.0,11
1274100,5.0,5.0,11
1274150,5.0,5.0,11
1274200,5.0,5.0,11
1274250,5.0,5.0,11
1274300,5.0,5.0,11
1274350,5.0,5.0,11
1274400,5.0,5.0,11
1274450,5.0,5.0,11
1274500,5.0,5.0,11
1274550,5.0,5.0,11
1274600,5.0,5.0,11
1274650,5.0,5.0,11
1274700,5.0,5.0,11
1274750,5.0,5.0,11
1274800,5.0,5.0,11
1274850,5.0,5.0,11
1274900,5.0,5.0,11
1274950,5.0,5.0,11
1275000,5.0,5.0,11
1275050,5.0,5.0,11
1275100,5.0,5.0,11
1275150,5.0,5.0,11
1275200,5.0,5.0,11
1275250,5.0,5.0,11
1275300,5.0,5.0,11
1275350,5.0,5.0,11
1275400,5.0,5.0,11
1275450,5.0,5.0,11
1275500,5.0,5.0,11
1275550,5.0,5.0,11
1275600,5.0,5.0,11
1275650,5.0,5.0,11
1275700,5.0,5.0,11
1275750,5.0,5.0,11
1275800,5.0,5.0,11
1275850,5.0,5.0,11
1275900,5.0,5.0,11
1275950,5.0,5.0,11
1276000,5.0,5.0,11
1276050,5.0,5.0,11
1276100,5.0,5.0,11
1276150,5.0,5.0,11
1276200,5.0,5.0,11
1276250,5.0,5.0,11
1276300,5.0,5.0,11
1276350,5.0,5.0,11
1276400,5.0,5.0,11
1276450,5.0,5.0,11
1276500,5.0,5.0,11
1276550,5.0,5.0,11
1276600,5.0,5.0,11
1276650,5.0,5.0,11
1276700,5.0,5.0,11
1276750,5.0,5.0,11
1276800,5.0,5.0,11
1276850,5.0,5.0,11
1276900,5.0,5.0,11
1276950,5.0,5.0,11
1277000,5.0,5.0,11
1277050,5.0,5.0,11
1277100,5.0,5.0,11
1277150,5.0,5.0,11
1277200,5.0,5.0,11
1277250,5.0,5.0,11
1277300,5.0,5.0,11
1277350,5.0,5.0,11
1277400,5.0,5.0,11
1277450,5.0,5.0,11
1277500,5.0,5.0,11
1277550,5.0,5.0,11
1277600,5.0,5.0,11
1277650,5.0,5.0,11
1277700,5.0,5.0,11
1277750,5.0,5.0,11
1277800,5.0,5.0,11
1277850,5.0,5.0,11
1277900,5.0,5.0,11
1277950,5.0,5.0,11
1278000,5.0,5.0,11
1278050,5.0,5.0,11
1278100,5.0,5.0,11
1278150,5.0,5.0,11
1278200,5.0,5.0,11
1278250,5.0,5.0,11
1278300,5.0,5.0,11
1278350,5.0,5.0,11
1278400,5.0,5.0,11
1278450,5.0,5.0,11
1278500,5.0,5.0,11
1278550,5.0,5.0,11
1278600,5.0,5.0,11
1278650,5.0,5.0,11
1278700,5.0,5.0,11
1278750,5.0,5.0,11
1278800,5.0,5.0,11
1278850,5.0,5.0,11
1278900,5.0,5.0,11
1278950,5.0,5.0,11
1279000,5.0,5.0,11
1279050,5.0,5.0,11
1279100,5.0,5.0,11
1279150,5.0,5.0,11
1279200,5.0,5.0,11
1279250,5.0,5.0,11
1279300,5.0,5.0,11
1279350,5.0,5.0,11
1279400,5.0,5.0,11
1279450,5.0,5.0,11
1279500,5.0,5.0,11
1279550,5.0,5.0,11
1279600,5.0,5.0,11
1279650,5.0,5.0,11
1279700,5.0,5.0,11
1279750,5.0,5.0,11
1279800,5.0,5.0,11
1279850,5.0,5.0,11
1279900,5.0,5.0,11
1279950,5.0,5.0,11
1280000,5.0,5.0,11
1280050,5.0,5.0,11
1280100,5.0,5.0,11
1280150,5.0,5.0,11
1280200,5.0,5.0,11
1280250,5.0,5.0,11
1280300,5.0,5.0,11
1280350,5.0,5.0,11
1280400,5.0,5.0,11
1280450,5.0,5.0,11
1280500,5.0,5.0,11
1280550,5.0,5.0,11
1280600,5.0,5.0,11
1280650,5.0,5.0,11
1280700,5.0,5.0,11
1280750,5.0,5.0,11
1280800,5.0,5.0,11
1280850,5.0,5.0,11
1280900,5.0,5.0,11
1280950,5.0,5.0,11
1281000,5.0,5.0,11
1281050,5.0,5.0,11
1281100,5.0,5.0,11
1281150,5.0,5.0,11
1281200,5.0,5.0,11
1281250,5.0,5.0,11
1281300,5.0,5.0,11
1281350,5.0,5.0,11
1281400,5.0,5.0,11
1281450,5.0,5.0,11
1281500,5.0,5.0,11
1281550,5.0,5.0,11
1281600,5.0,5.0,11
1281650,5.0,5.0,11
1281700,5.0,5.0,11
1281750,5.0,5.0,11
1281800,5.0,5.0,11
1281850,5.0,5.0,11
1281900,5.0,5.0,11
1281950,5.0,5.0,11
1282000,5.0,5.0,11
1282050,5.0,5.0,11
1282100,5.0,5.0,11
1282150,5.0,5.0,11
1282200,5.0,5.0,11
1282250,5.0,5.0,11
1282300,5.0,5.0,11
1282350,5.0,5.0,11
1282400,5.0,5.0,11
1282450,5.0,5.0,11
1282500,5.0,5.0,11
1282550,5.0,5.0,11
1282600,5.0,5.0,11
1282650,5.0,5.0,11
1282700,5.0,5.0,11
1282750,5.0,5.0,11
1282800,5.0,5.0,11
1282850,5.0,5.0,11
1282900,5.0,5.0,11
1282950,5.0,5.0,11
1283000,5.0,5.0,11
1283050,5.0,5.0,11
1283100,5.0,5.0,11
1283150,5.0,5.0,11
1283200,5.0,5.0,11
1283250,5.0,5.0,11
1283300,5.0,5.0,11
1283350,5.0,5.0,11
1283400,5.0,5.0,11
1283450,5.0,5.0,11
1283500,5.0,5.0,11
1283550,5.0,5.0,11
1283600,5.0,5.0,11
1283650,5.0,5.0,11
1283700,5.0,5.0,11
1283750,5.0,5.0,11
1283800,5.0,5.0,11
1283850,5.0,5.0,11
1283900,5.0,5.0,11
1283950,5.0,5.0,11
1284000,5.0,5.0,11
1284050,5.0,5.0,11
1284100,5.0,5.0,11
1284150,5.0,5.0,11
1284200,5.0,5.0,11
1284250,5.0,5.0,11
1284300,5.0,5.0,11
1284350,5.0,5.0,11
1284400,5.0,5.0,11
1284450,5.0,5.0,11
1284500,5.0,5.0,11
1284550,5.0,5.0,11
1284600,5.0,5.0,11
1284650,5.0,5.0,11
1284700,5.0,5.0,11
1284750,5.0,5.0,11
1284800,5.0,5.0,11
1284850,5.0,5.0,11
1284900,5.0,5.0,11
1284950,5.0,5.0,11
1285000,5.0,5.0,11
1285050,5.0,5.0,11
1285100,5.0,5.0,11
1285150,5.0,5.0,11
1285200,5.0,5.0,11
1285250,5.0,5.0,11
1285300,5.0,5.0,11
1285350,5.0,5.0,11
1285400,5.0,5.0,11
1285450,5.0,5.0,11
1285500,5.0,5.0,11
1285550,5.0,5.0,11
1285600,5.0,5.0,11
1285650,5.0,5.0,11
1285700,5.0,5.0,11
1285750,5.0,5.0,11
1285800,5.0,5.0,11
1285850,5.0,5.0,11
1285900,5.0,5.0,11
1285950,5.0,5.0,11
1286000,5.0,5.0,11
1286050,5.0,5.0,11
1286100,5.0,5.0,11
1286150,5.0,5.0,11
1286200,5.0,5.0,11
1286250,5.0,5.0,11
1286300,5.0,5.0,11
1286350,5.0,5.0,11
1286400,5.0,5.0,11
1286450,5.0,5.0,11
1286500,5.0,5.0,11
1286550,5.0,5.0,11
1286600,5.0,5.0,11
1286650,5.0,5.0,11
1286700,5.0,5.0,11
1286750,5.0,5.0,11
1286800,5.0,5.0,11
1286850,5.0,5.0,11
1286900,5.0,5.0,11
1286950,5.0,5.0,11
1287000,5.0,5.0,11
1287050,5.0,5.0,11
1287100,5.0,5.0,11
1287150,5.0,5.0,11
1287200,5.0,5.0,11
1287250,5.0,5.0,11
1287300,5.0,5.0,11
1287350,5.0,5.0,11
1287400,5.0,5.0,11
1287450,5.0,5.0,11
1287500,5.0,5.0,11
1287550,5.0,5.0,11
1287600,5.0,5.0,11
1287650,5.0,5.0,11
1287700,5.0,5.0,11
1287750,5.0,5.0,11
1287800,5.0,5.0,11
1287850,5.0,5.0,11
1287900,5.0,5.0,11
1287950,5.0,5.0,11
1288000,5.0,5.0,11
1288050,5.0,5.0,11
1288100,5.0,5.0,11
1288150,5.0,5.0,11
1288200,5.0,5.0,11
1288250,5.0,5.0,11
1288300,5.0,5.0,11
1288350,5.0,5.0,11
1288400,5.0,5.0,11
1288450,5.0,5.0,11
1288500,5.0,5.0,11
1288550,5.0,5.0,11
1288600,5.0,5.0,11
1288650,5.0,5.0,11
1288700,5.0,5.0,11
1288750,5.0,5.0,11
1288800,5.0,5.0,11
1288850,5.0,5.0,11
1288900,5.0,5.0,11
1288950,5.0,5.0,11
1289000,5.0,5.0,11
1289050,5.0,5.0,11
1289100,5.0,5.0,11
1289150,5.0,5.0,11
1289200,5.0,5.0,11
1289250,5.0,5.0,11
1289300,5.0,5.0,11
1289350,5.0,5.0,11
1289400,5.0,5.0,11
1289450,5.0,5.0,11
1289500,5.0,5.0,11
1289550,5.0,5.0,11
1289600,5.0,5.0,11
1289650,5.0,5.0,11
1289700,5.0,5.0,11
1289750,5.0,5.0,11
1289800,5.0,5.0,11
1289850,5.0,5.0,11
1289900,5.0,5.0,11
1289950,5.0,5.0,11
1290000,5.0,5.0,11
1290050,5.0,5.0,11
1290100,5.0,5.0,11
1290150,5.0,5.0,11
1290200,5.0,5.0,11
1290250,5.0,5.0,11
1290300,5.0,5.0,11
1290350,5.0,5.0,11
1290400,5.0,5.0,11
1290450,5.0,5.0,11
1290500,5.0,5.0,11
1290550,5.0,5.0,11
1290600,5.0,5.0,11
1290650,5.0,5.0,11
1290700,5.0,5.0,11
1290750,5.0,5.0,11
1290800,5.0,5.0,11
1290850,5.0,5.0,11
1290900,5.0,5.0,11
1290950,5.0,5.0,11
1291000,5.0,5.0,11
1291050,5.0,5.0,11
1291100,5.0,5.0,11
1291150,5.0,5.0,11
1291200,5.0,5.0,11
1291250,5.0,5.0,11
1291300,5.0,5.0,11
1291350,5.0,5.0,11
1291400,5.0,5.0,11
1291450,5.0,5.0,11
1291500,5.0,5.0,11
1291550,5.0,5.0,11
1291600,5.0,5.0,11
1291650,5.0,5.0,11
1291700,5.0,5.0,11
1291750,5.0,5.0,11
1291800,5.0,5.0,11
1291850,5.0,5.0,11
1291900,5.0,5.0,11
1291950,5.0,5.0,11
1292000,5.0,5.0,11
1292050,5.0,5.0,11
1292100,5.0,5.0,11
1292150,5.0,5.0,11
1292200,5.0,5.0,11
1292250,5.0,5.0,11
1292300,5.0,5.0,11
1292350,5.0,5.0,11
1292400,5.0,5.0,11
1292450,5.0,5.0,11
1292500,5.0,5.0,11
1292550,5.0,5.0,11
1292600,5.0,5.0,11
1292650,5.0,5.0,11
1292700,5.0,5.0,11
1292750,5.0,5.0,11
1292800,5.0,5.0,11
1292850,5.0,5.0,11
1292900,5.0,5.0,11
1292950,5.0,5.0,11
1293000,5.0,5.0,11
1293050,5.0,5.0,11
1293100,5.0,5.0,11
1293150,5.0,5.0,11
1293200,5.0,5.0,11
1293250,5.0,5.0,11
1293300,5.0,5.0,11
1293350,5.0,5.0,11
1293400,5.0,5.0,11
1293450,5.0,5.0,11
1293500,5.0,5.0,11
1293550,5.0,5.0,11
1293600,5.0,5.0,11
1293650,5.0,5.0,11
1293700,5.0,5.0,11
1293750,5.0,5.0,11
1293800,5.0,5.0,11
1293850,5.0,5.0,11
1293900,5.0,5.0,11
1293950,5.0,5.0,11
1294000,5.0,5.0,11
1294050,5.0,5.0,11
1294100,5.0,5.0,11
1294150,5.0,5.0,11
1294200,5.0,5.0,11
1294250,5.0,5.0,11
1294300,5.0,5.0,11
1294350,5.0,5.0,11
1294400,5.0,5.0,11
1294450,5.0,5.0,11
1294500,5.0,5.0,11
1294550,5.0,5.0,11
1294600,5.0,5.0,11
1294650,5.0,5.0,11
1294700,5.0,5.0,11
1294750,5.0,5.0,11
1294800,5.0,5.0,11
1294850,5.0,5.0,11
1294900,5.0,5.0,11
1294950,5.0,5.0,11
1295000,5.0,5.0,11
1295050,5.0,5.0,11
1295100,5.0,5.0,11
1295150,5.0,5.0,11
1295200,5.0,5.0,11
1295250,5.0,5.0,11
1295300,5.0,5.0,11
1295350,5.0,5.0,11
1295400,5.0,5.0,11
1295450,5.0,5.0,11
1295500,5.0,5.0,11
1295550,5.0,5.0,11
1295600,5.0,5.0,11
1295650,5.0,5.0,11
1295700,5.0,5.0,11
1295750,5.0,5.0,11
1295800,5.0,5.0,11
1295850,5.0,5.0,11
1295900,5.0,5.0,11
1295950,5.0,5.0,11
1296000,5.0,5.0,11
1296050,5.0,5.0,11
1296100,5.0,5.0,11
1296150,5.0,5.0,11
1296200,5.0,5.0,11
1296250,5.0,5.0,11
1296300,5.0,5.0,11
1296350,5.0,5.0,11
1296400,5.0,5.0,11
1296450,5.0,5.0,11
1296500,5.0,5.0,11
1296550,5.0,5.0,11
1296600,5.0,5.0,11
1296650,5.0,5.0,11
1296700,5.0,5.0,11
1296750,5.0,5.0,11
1296800,5.0,5.0,11
1296850,5.0,5.0,11
1296900,5.0,5.0,11
1296950,5.0,5.0,11
1297000,5.0,5.0,11
1297050,5.0,5.0,11
1297100,5.0,5.0,11
1297150,5.0,5.0,11
1297200,5.0,5.0,11
1297250,5.0,5.0,11
1297300,5.0,5.0,11
1297350,5.0,5.0,11
1297400,5.0,5.0,11
1297450,5.0,5.0,11
1297500,5.0,5.0,11
1297550,5.0,5.0,11
1297600,5.0,5.0,11
1297650,5.0,5.0,11
1297700,5.0,5.0,11
1297750,5.0,5.0,11
1297800,5.0,5.0,11
1297850,5.0,5.0,11
1297900,5.0,5.0,11
1297950,5.0,5.0,11
1298000,5.0,5.0,11
1298050,5.0,5.0,11
1298100,5.0,5.0,11
1298150,5.0,5.0,11
1298200,5.0,5.0,11
1298250,5.0,5.0,11
1298300,5.0,5.0,11
1298350,5.0,5.0,11
1298400,5.0,5.0,11
1298450,5.0,5.0,11
1298500,5.0,5.0,11
1298550,5.0,5.0,11
1298600,5.0,5.0,11
1298650,5.0,5.0,11
1298700,5.0,5.0,11
1298750,5.0,5.0,11
1298800,5.0,5.0,11
1298850,5.0,5.0,11
1298900,5.0,5.0,11
1298950,5.0,5.0,11
1299000,5.0,5.0,11
1299050,5.0,5.0,11
1299100,5.0,5.0,11
1299150,5.0,5.0,11
1299200,5.0,5.0,11
1299250,5.0,5.0,11
1299300,5.0,5.0,11
1299350,5.0,5.0,11
1299400,5.0,5.0,11
1299450,5.0,5.0,11
1299500,5.0,5.0,11
1299550,5.0,5.0,11
1299600,5.0,5.0,11
1299650,5.0,5.0,11
1299700,5.0,5.0,11
1299750,5.0,5.0,11
1299800,5.0,5.0,11
1299850,5.0,5.0,11
1299900,5.0,5.0,11
1299950,5.0,5.0,11
1300000,5.0,5.0,11
1300050,5.0,5.0,11
1300100,5.0,5.0,11
1300150,5.0,5.0,11
1300200,5.0,5.0,11
1300250,5.0,5.0,11
1300300,5.0,5.0,11
1300350,5.0,5.0,11
1300400,5.0,5.0,11
1300450,5.0,5.0,11
1300500,5.0,5.0,11
1300550,5.0,5.0,11
1300600,5.0,5.0,11
1300650,5.0,5.0,11
1300700,5.0,5.0,11
1300750,5.0,5.0,11
1300800,5.0,5.0,11
1300850,5.0,5.0,11
1300900,5.0,5.0,11
1300950,5.0,5.0,11
1301000,5.0,5.0,11
1301050,5.0,5.0,11
1301100,5.0,5.0,11
1301150,5.0,5.0,11
1301200,5.0,5.0,11
1301250,5.0,5.0,11
1301300,5.0,5.0,11
1301350,5.0,5.0,11
1301400,5.0,5.0,11
1301450,5.0,5.0,11
1301500,5.0,5.0,11
1301550,5.0,5.0,11
1301600,5.0,5.0,11
1301650,5.0,5.0,11
1301700,5.0,5.0,11
1301750,5.0,5.0,11
1301800,5.0,5.0,11
1301850,5.0,5.0,11
1301900,5.0,5.0,11
1301950,5.0,5.0,11
1302000,5.0,5.0,11
1302050,5.0,5.0,11
1302100,5.0,5.0,11
1302150,5.0,5.0,11
1302200,5.0,5.0,11
1302250,5.0,5.0,11
1302300,5.0,5.0,11
1302350,5.0,5.0,11
1302400,5.0,5.0,11
1302450,5.0,5.0,11
1302500,5.0,5.0,11
1302550,5.0,5.0,11
1302600,5.0,5.0,11
1302650,5.0,5.0,11
1302700,5.0,5.0,11
1302750,5.0,5.0,11
1302800,5.0,5.0,11
1302850,5.0,5.0,11
1302900,5.0,5.0,11
1302950,5.0,5.0,11
1303000,5.0,5.0,11
1303050,5.0,5.0,11
1303100,5.0,5.0,11
1303150,5.0,5.0,11
1303200,5.0,5.0,11
1303250,5.0,5.0,11
1303300,5.0,5.0,11
1303350,5.0,5.0,11
1303400,5.0,5.0,11
1303450,5.0,5.0,11
1303500,5.0,5.0,11
1303550,5.0,5.0,11
1303600,5.0,5.0,11
1303650,5.0,5.0,11
1303700,5.0,5.0,11
1303750,5.0,5.0,11
1303800,5.0,5.0,11
1303850,5.0,5.0,11
1303900,5.0,5.0,11
1303950,5.0,5.0,11
1304000,5.0,5.0,11
1304050,5.0,5.0,11
1304100,5.0,5.0,11
1304150,5.0,5.0,11
1304200,5.0,5.0,11
1304250,5.0,5.0,11
1304300,5.0,5.0,11
1304350,5.0,5.0,11
1304400,5.0,5.0,11
1304450,5.0,5.0,11
1304500,5.0,5.0,11
1304550,5.0,5.0,11
1304600,5.0,5.0,11
1304650,5.0,5.0,11
1304700,5.0,5.0,11
1304750,5.0,5.0,11
1304800,5.0,5.0,11
1304850,5.0,5.0,11
1304900,5.0,5.0,11
1304950,5.0,5.0,11
1305000,5.0,5.0,11
1305050,5.0,5.0,11
1305100,5.0,5.0,11
1305150,5.0,5.0,11
1305200,5.0,5.0,11
1305250,5.0,5.0,11
1305300,5.0,5.0,11
1305350,5.0,5.0,11
1305400,5.0,5.0,11
1305450,5.0,5.0,11
1305500,5.0,5.0,11
1305550,5.0,5.0,11
1305600,5.0,5.0,11
1305650,5.0,5.0,11
1305700,5.0,5.0,11
1305750,5.0,5.0,11
1305800,5.0,5.0,11
1305850,5.0,5.0,11
1305900,5.0,5.0,11
1305950,5.0,5.0,11
1306000,5.0,5.0,11
1306050,5.0,5.0,11
1306100,5.0,5.0,11
1306150,5.0,5.0,11
1306200,5.0,5.0,11
1306250,5.0,5.0,11
1306300,5.0,5.0,11
1306350,5.0,5.0,11
1306400,5.0,5.0,11
1306450,5.0,5.0,11
1306500,5.0,5.0,11
1306550,5.0,5.0,11
1306600,5.0,5.0,11
1306650,5.0,5.0,11
1306700,5.0,5.0,11
1306750,5.0,5.0,11
1306800,5.0,5.0,11
1306850,5.0,5.0,11
1306900,5.0,5.0,11
1306950,5.0,5.0,11
1307000,5.0,5.0,11
1307050,5.0,5.0,11
1307100,5.0,5.0,11
1307150,5.0,5.0,11
1307200,5.0,5.0,11
1307250,5.0,5.0,11
1307300,5.0,5.0,11
1307350,5.0,5.0,11
1307400,5.0,5.0,11
1307450,5.0,5.0,11
1307500,5.0,5.0,11
1307550,5.0,5.0,11
1307600,5.0,5.0,11
1307650,5.0,5.0,11
1307700,5.0,5.0,11
1307750,5.0,5.0,11
1307800,5.0,5.0,11
1307850,5.0,5.0,11
1307900,5.0,5.0,11
1307950,5.0,5.0,11
1308000,5.0,5.0,11
1308050,5.0,5.0,11
1308100,5.0,5.0,11
1308150,5.0,5.0,11
1308200,5.0,5.0,11
1308250,5.0,5.0,11
1308300,5.0,5.0,11
1308350,5.0,5.0,11
1308400,5.0,5.0,11
1308450,5.0,5.0,11
1308500,5.0,5.0,11
1308550,5.0,5.0,11
1308600,5.0,5.0,11
1308650,5.0,5.0,11
1308700,5.0,5.0,11
1308750,5.0,5.0,11
1308800,5.0,5.0,11
1308850,5.0,5.0,11
1308900,5.0,5.0,11
1308950,5.0,5.0,11
1309000,5.0,5.0,11
1309050,5.0,5.0,11
1309100,5.0,5.0,11
1309150,5.0,5.0,11
1309200,5.0,5.0,11
1309250,5.0,5.0,11
1309300,5.0,5.0,11
1309350,5.0,5.0,11
1309400,5.0,5.0,11
1309450,5.0,5.0,11
1309500,5.0,5.0,11
1309550,5.0,5.0,11
1309600,5.0,5.0,11
1309650,5.0,5.0,11
1309700,5.0,5.0,11
1309750,5.0,5.0,11
1309800,5.0,5.0,11
1309850,5.0,5.0,11
1309900,5.0,5.0,11
1309950,5.0,5.0,11
1310000,5.0,5.0,11
1310050,5.0,5.0,11
1310100,5.0,5.0,11
1310150,5.0,5.0,11
1310200,5.0,5.0,11
1310250,5.0,5.0,11
1310300,5.0,5.0,11
1310350,5.0,5.0,11
1310400,5.0,5.0,11
1310450,5.0,5.0,11
1310500,5.0,5.0,11
1310550,5.0,5.0,11
1310600,5.0,5.0,11
1310650,5.0,5.0,11
1310700,5.0,5.0,11
1310750,5.0,5.0,11
1310800,5.0,5.0,11
1310850,5.0,5.0,11
1310900,5.0,5.0,11
1310950,5.0,5.0,11
1311000,5.0,5.0,11
1311050,5.0,5.0,11
1311100,5.0,5.0,11
1311150,5.0,5.0,11
1311200,5.0,5.0,11
1311250,5.0,5.0,11
1311300,5.0,5.0,11
1311350,5.0,5.0,11
1311400,5.0,5.0,11
1311450,5.0,5.0,11
1311500,5.0,5.0,11
1311550,5.0,5.0,11
1311600,5.0,5.0,11
1311650,5.0,5.0,11
1311700,5.0,5.0,11
1311750,5.0,5.0,11
1311800,5.0,5.0,11
1311850,5.0,5.0,11
1311900,5.0,5.0,11
1311950,5.0,5.0,11
1312000,5.0,5.0,11
1312050,5.0,5.0,11
1312100,5.0,5.0,11
1312150,5.0,5.0,11
1312200,5.0,5.0,11
1312250,5.0,5.0,11
1312300,5.0,5.0,11
1312350,5.0,5.0,11
1312400,5.0,5.0,11
1312450,5.0,5.0,11
1312500,5.0,5.0,11
1312550,5.0,5.0,11
1312600,5.0,5.0,11
1312650,5.0,5.0,11
1312700,5.0,5.0,11
1312750,5.0,5.0,11
1312800,5.0,5.0,11
1312850,5.0,5.0,11
1312900,5.0,5.0,11
1312950,5.0,5.0,11
1313000,5.0,5.0,11
1313050,5.0,5.0,11
1313100,5.0,5.0,11
1313150,5.0,5.0,11
1313200,5.0,5.0,11
1313250,5.0,5.0,11
1313300,5.0,5.0,11
1313350,5.0,5.0,11
1313400,5.0,5.0,11
1313450,5.0,5.0,11
1313500,5.0,5.0,11
1313550,5.0,5.0,11
1313600,5.0,5.0,11
1313650,5.0,5.0,11
1313700,5.0,5.0,11
1313750,5.0,5.0,11
1313800,5.0,5.0,11
1313850,5.0,5.0,11
1313900,5.0,5.0,11
1313950,5.0,5.0,11
1314000,5.0,5.0,11
1314050,5.0,5.0,11
1314100,5.0,5.0,11
1314150,5.0,5.0,11
1314200,5.0,5.0,11
1314250,5.0,5.0,11
1314300,5.0,5.0,11
1314350,5.0,5.0,11
1314400,5.0,5.0,11
1314450,5.0,5.0,11
1314500,5.0,5.0,11
1314550,5.0,5.0,11
1314600,5.0,5.0,11
1314650,5.0,5.0,11
1314700,5.0,5.0,11
1314750,5.0,5.0,11
1314800,5.0,5.0,11
1314850,5.0,5.0,11
1314900,5.0,5.0,11
1314950,5.0,5.0,11
1315000,5.0,5.0,11
1315050,5.0,5.0,11
1315100,5.0,5.0,11
1315150,5.0,5.0,11
1315200,5.0,5.0,11
1315250,5.0,5.0,11
1315300,5.0,5.0,11
1315350,5.0,5.0,11
1315400,5.0,5.0,11
1315450,5.0,5.0,11
1315500,5.0,5.0,11
1315550,5.0,5.0,11
1315600,5.0,5.0,11
1315650,5.0,5.0,11
1315700,5.0,5.0,11
1315750,5.0,5.0,11
1315800,5.0,5.0,11
1315850,5.0,5.0,11
1315900,5.0,5.0,11
1315950,5.0,5.0,11
1316000,5.0,5.0,11
1316050,5.0,5.0,11
1316100,5.0,5.0,11
1316150,5.0,5.0,11
1316200,5.0,5.0,11
1316250,5.0,5.0,11
1316300,5.0,5.0,11
1316350,5.0,5.0,11
1316400,5.0,5.0,11
1316450,5.0,5.0,11
1316500,5.0,5.0,11
1316550,5.0,5.0,11
1316600,5.0,5.0,11
1316650,5.0,5.0,11
1316700,5.0,5.0,11
1316750,5.0,5.0,11
1316800,5.0,5.0,11
1316850,5.0,5.0,11
1316900,5.0,5.0,11
1316950,5.0,5.0,11
1317000,5.0,5.0,11
1317050,5.0,5.0,11
1317100,5.0,5.0,11
1317150,5.0,5.0,11
1317200,5.0,5.0,11
1317250,5.0,5.0,11
1317300,5.0,5.0,11
1317350,5.0,5.0,11
1317400,5.0,5.0,11
1317450,5.0,5.0,11
1317500,5.0,5.0,11
1317550,5.0,5.0,11
1317600,5.0,5.0,11
1317650,5.0,5.0,11
1317700,5.0,5.0,11
1317750,5.0,5.0,11
1317800,5.0,5.0,11
1317850,5.0,5.0,11
1317900,5.0,5.0,11
1317950,5.0,5.0,11
1318000,5.0,5.0,11
1318050,5.0,5.0,11
1318100,5.0,5.0,11
1318150,5.0,5.0,11
1318200,5.0,5.0,11
1318250,5.0,5.0,11
1318300,5.0,5.0,11
1318350,5.0,5.0,11
1318400,5.0,5.0,11
1318450,5.0,5.0,11
1318500,5.0,5.0,11
1318550,5.0,5.0,11
1318600,5.0,5.0,11
1318650,5.0,5.0,11
1318700,5.0,5.0,11
1318750,5.0,5.0,11
1318800,5.0,5.0,11
1318850,5.0,5.0,11
1318900,5.0,5.0,11
1318950,5.0,5.0,11
1319000,5.0,5.0,11
1319050,5.0,5.0,11
1319100,5.0,5.0,11
1319150,5.0,5.0,11
1319200,5.0,5.0,11
1319250,5.0,5.0,11
1319300,5.0,5.0,11
1319350,5.0,5.0,11
1319400,5.0,5.0,11
1319450,5.0,5.0,11
1319500,5.0,5.0,11
1319550,5.0,5.0,11
1319600,5.0,5.0,11
1319650,5.0,5.0,11
1319700,5.0,5.0,11
1319750,5.0,5.0,11
1319800,5.0,5.0,11
1319850,5.0,5.0,11
1319900,5.0,5.0,11
1319950,5.0,5.0,11
1320000,5.0,5.0,11
1320050,5.0,5.0,11
1320100,5.0,5.0,11
1320150,5.0,5.0,11
1320200,5.0,5.0,11
1320250,5.0,5.0,11
1320300,5.0,5.0,11
1320350,5.0,5.0,11
1320400,5.0,5.0,11
1320450,5.0,5.0,11
1320500,5.0,5.0,11
1320550,5.0,5.0,11
1320600,5.0,5.0,11
1320650,5.0,5.0,11
1320700,5.0,5.0,11
1320750,5.0,5.0,11
1320800,5.0,5.0,11
1320850,5.0,5.0,11
1320900,5.0,5.0,11
1320950,5.0,5.0,11
1321000,5.0,5.0,11
1321050,5.0,5.0,11
1321100,5.0,5.0,11
1321150,5.0,5.0,11
1321200,5.0,5.0,11
1321250,5.0,5.0,11
1321300,5.0,5.0,11
1321350,5.0,5.0,11
1321400,5.0,5.0,11
1321450,5.0,5.0,11
1321500,5.0,5.0,11
1321550,5.0,5.0,11
1321600,5.0,5.0,11
1321650,5.0,5.0,11
1321700,5.0,5.0,11
1321750,5.0,5.0,11
1321800,5.0,5.0,11
1321850,5.0,5.0,11
1321900,5.0,5.0,11
1321950,5.0,5.0,11
1322000,5.0,5.0,11
1322050,5.0,5.0,11
1322100,5.0,5.0,11
1322150,5.0,5.0,11
1322200,5.0,5.0,11
1322250,5.0,5.0,11
1322300,5.0,5.0,11
1322350,5.0,5.0,11
1322400,5.0,5.0,11
1322450,5.0,5.0,11
1322500,5.0,5.0,11
1322550,5.0,5.0,11
1322600,5.0,5.0,11
1322650,5.0,5.0,11
1322700,5.0,5.0,11
1322750,5.0,5.0,11
1322800,5.0,5.0,11
1322850,5.0,5.0,11
1322900,5.0,5.0,11
1322950,5.0,5.0,11
1323000,5.0,5.0,11
1323050,5.0,5.0,11
1323100,5.0,5.0,11
1323150,5.0,5.0,11
1323200,5.0,5.0,11
1323250,5.0,5.0,11
1323300,5.0,5.0,11
1323350,5.0,5.0,11
1323400,5.0,5.0,11
1323450,5.0,5.0,11
1323500,5.0,5.0,11
1323550,5.0,5.0,11
1323600,5.0,5.0,11
1323650,5.0,5.0,11
1323700,5.0,5.0,11
1323750,5.0,5.0,11
1323800,5.0,5.0,11
1323850,5.0,5.0,11
1323900,5.0,5.0,11
1323950,5.0,5.0,11
1324000,5.0,5.0,11
1324050,5.0,5.0,11
1324100,5.0,5.0,11
1324150,5.0,5.0,11
1324200,5.0,5.0,11
1324250,5.0,5.0,11
1324300,5.0,5.0,11
1324350,5.0,5.0,11
1324400,5.0,5.0,11
1324450,5.0,5.0,11
1324500,5.0,5.0,11
1324550,5.0,5.0,11
1324600,5.0,5.0,11
1324650,5.0,5.0,11
1324700,5.0,5.0,11
1324750,5.0,5.0,11
1324800,5.0,5.0,11
1324850,5.0,5.0,11
1324900,5.0,5.0,11
1324950,5.0,5.0,11
1325000,5.0,5.0,11
1325050,5.0,5.0,11
1325100,5.0,5.0,11
1325150,5.0,5.0,11
1325200,5.0,5.0,11
1325250,5.0,5.0,11
1325300,5.0,5.0,11
1325350,5.0,5.0,11
1325400,5.0,5.0,11
1325450,5.0,5.0,11
1325500,5.0,5.0,11
1325550,5.0,5.0,11
1325600,5.0,5.0,11
1325650,5.0,5.0,11
1325700,5.0,5.0,11
1325750,5.0,5.0,11
1325800,5.0,5.0,11
1325850,5.0,5.0,11
1325900,5.0,5.0,11
1325950,5.0,5.0,11
1326000,5.0,5.0,11
1326050,5.0,5.0,11
1326100,5.0,5.0,11
1326150,5.0,5.0,11
1326200,5.0,5.0,11
1326250,5.0,5.0,11
1326300,5.0,5.0,11
1326350,5.0,5.0,11
1326400,5.0,5.0,11
1326450,5.0,5.0,11
1326500,5.0,5.0,11
1326550,5.0,5.0,11
1326600,5.0,5.0,11
1326650,5.0,5.0,11
1326700,5.0,5.0,11
1326750,5.0,5.0,11
1326800,5.0,5.0,11
1326850,5.0,5.0,11
1326900,5.0,5.0,11
1326950,5.0,5.0,11
1327000,5.0,5.0,11
1327050,5.0,5.0,11
1327100,5.0,5.0,11
1327150,5.0,5.0,11
1327200,5.0,5.0,11
1327250,5.0,5.0,11
1327300,5.0,5.0,11
1327350,5.0,5.0,11
1327400,5.0,5.0,11
1327450,5.0,5.0,11
1327500,5.0,5.0,11
1327550,5.0,5.0,11
1327600,5.0,5.0,11
1327650,5.0,5.0,11
1327700,5.0,5.0,11
1327750,5.0,5.0,11
1327800,5.0,5.0,11
1327850,5.0,5.0,11
1327900,5.0,5.0,11
1327950,5.0,5.0,11
1328000,5.0,5.0,11
1328050,5.0,5.0,11
1328100,5.0,5.0,11
1328150,5.0,5.0,11
1328200,5.0,5.0,11
1328250,5.0,5.0,11
1328300,5.0,5.0,11
1328350,5.0,5.0,11
1328400,5.0,5.0,11
1328450,5.0,5.0,11
1328500,5.0,5.0,11
1328550,5.0,5.0,11
1328600,5.0,5.0,11
1328650,5.0,5.0,11
1328700,5.0,5.0,11
1328750,5.0,5.0,11
1328800,5.0,5.0,11
1328850,5.0,5.0,11
1328900,5.0,5.0,11
1328950,5.0,5.0,11
1329000,5.0,5.0,11
1329050,5.0,5.0,11
1329100,5.0,5.0,11
1329150,5.0,5.0,11
1329200,5.0,5.0,11
1329250,5.0,5.0,11
1329300,5.0,5.0,11
1329350,5.0,5.0,11
1329400,5.0,5.0,11
1329450,5.0,5.0,11
1329500,5.0,5.0,11
1329550,5.0,5.0,11
1329600,5.0,5.0,11
1329650,5.0,5.0,11
1329700,5.0,5.0,11
1329750,5.0,5.0,11
1329800,5.0,5.0,11
1329850,5.0,5.0,11
1329900,5.0,5.0,11
1329950,5.0,5.0,11
1330000,5.0,5.0,11
1330050,5.0,5.0,11
1330100,5.0,5.0,11
1330150,5.0,5.0,11
1330200,5.0,5.0,11
1330250,5.0,5.0,11
1330300,5.0,5.0,11
1330350,5.0,5.0,11
1330400,5.0,5.0,11
1330450,5.0,5.0,11
1330500,5.0,5.0,11
1330550,5.0,5.0,11
1330600,5.0,5.0,11
1330650,5.0,5.0,11
1330700,5.0,5.0,11
1330750,5.0,5.0,11
1330800,5.0,5.0,11
1330850,5.0,5.0,11
1330900,5.0,5.0,11
1330950,5.0,5.0,11
1331000,5.0,5.0,11
1331050,5.0,5.0,11
1331100,5.0,5.0,11
1331150,5.0,5.0,11
1331200,5.0,5.0,11
1331250,5.0,5.0,11
1331300,5.0,5.0,11
1331350,5.0,5.0,11
1331400,5.0,5.0,11
1331450,5.0,5.0,11
1331500,5.0,5.0,11
1331550,5.0,5.0,11
1331600,5.0,5.0,11
1331650,5.0,5.0,11
1331700,5.0,5.0,11
1331750,5.0,5.0,11
1331800,5.0,5.0,11
1331850,5.0,5.0,11
1331900,5.0,5.0,11
1331950,5.0,5.0,11
1332000,5.0,5.0,11
1332050,5.0,5.0,11
1332100,5.0,5.0,11
1332150,5.0,5.0,11
1332200,5.0,5.0,11
1332250,5.0,5.0,11
1332300,5.0,5.0,11
1332350,5.0,5.0,11
1332400,5.0,5.0,11
1332450,5.0,5.0,11
1332500,5.0,5.0,11
1332550,5.0,5.0,11
1332600,5.0,5.0,11
1332650,5.0,5.0,11
1332700,5.0,5.0,11
1332750,5.0,5.0,11
1332800,5.0,5.0,11
1332850,5.0,5.0,11
1332900,5.0,5.0,11
1332950,5.0,5.0,11
1333000,5.0,5.0,11
1333050,5.0,5.0,11
1333100,5.0,5.0,11
1333150,5.0,5.0,11
1333200,5.0,5.0,11
1333250,5.0,5.0,11
1333300,5.0,5.0,11
1333350,5.0,5.0,11
1333400,5.0,5.0,11
1333450,5.0,5.0,11
1333500,5.0,5.0,11
1333550,5.0,5.0,11
1333600,5.0,5.0,11
1333650,5.0,5.0,11
1333700,5.0,5.0,11
1333750,5.0,5.0,11
1333800,5.0,5.0,11
1333850,5.0,5.0,11
1333900,5.0,5.0,11
1333950,5.0,5.0,11
1334000,5.0,5.0,11
1334050,5.0,5.0,11
1334100,5.0,5.0,11
1334150,5.0,5.0,11
1334200,5.0,5.0,11
1334250,5.0,5.0,11
1334300,5.0,5.0,11
1334350,5.0,5.0,11
1334400,5.0,5.0,11
1334450,5.0,5.0,11
1334500,5.0,5.0,11
1334550,5.0,5.0,11
1334600,5.0,5.0,11
1334650,5.0,5.0,11
1334700,5.0,5.0,11
1334750,5.0,5.0,11
1334800,5.0,5.0,11
1334850,5.0,5.0,11
1334900,5.0,5.0,11
1334950,5.0,5.004,11
1335000,5.0,5.004,11
1335050,5.0,5.007,11
1335100,5.0,5.007,11
1335150,5.0,5.016,11
1335200,5.0,5.016,11
1335250,5.0,5.022,11
1335300,5.0,5.039,11
1335350,5.0,5.042,11
1335400,5.0,5.05,11
1335450,5.0,5.07,11
1335500,5.0,5.073,11
1335550,5.0,5.083,11
1335600,5.0,5.084,11
1335650,5.0,5.084,11
1335700,5.0,5.084,11
1335750,5.0,5.084,11
1335800,5.0,5.084,11
1335850,5.0,5.084,11
1335900,5.0,5.084,11
1335950,5.0,5.084,11
1336000,5.0,5.084,11
1336050,5.0,5.084,11
1336100,5.0,5.084,11
1336150,5.0,5.084,11
1336200,5.0,5.084,11
1336250,5.0,5.084,11
1336300,5.0,5.084,11
1336350,5.0,5.084,11
1336400,5.0,5.084,11
1336450,5.0,5.084,11
1336500,5.0,5.084,11
1336550,5.0,5.084,11
1336600,5.0,5.084,11
1336650,5.0,5.084,11
1336700,5.0,5.084,11
1336750,5.0,5.084,11
1336800,5.0,5.084,11
1336850,5.0,5.084,11
1336900,5.0,5.084,11
1336950,5.0,5.084,11
1337000,5.0,5.084,11
1337050,5.0,5.084,11
1337100,5.0,5.084,11
1337150,5.0,5.084,11
1337200,5.0,5.084,11
1337250,5.0,5.084,11
1337300,5.0,5.084,11
1337350,5.0,5.084,11
1337400,5.0,5.084,11
1337450,5.0,5.084,11
1337500,5.0,5.084,11
1337550,5.0,5.084,11
1337600,5.0,5.084,11
1337650,5.0,5.084,11
1337700,5.0,5.084,11
1337750,5.0,5.084,11
1337800,5.0,5.084,11
1337850,5.0,5.084,11
1337900,5.0,5.084,11
1337950,5.0,5.084,11
1338000,5.0,5.084,11
1338050,5.0,5.084,11
1338100,5.0,5.084,11
1338150,5.0,5.084,11
1338200,5.0,5.084,11
1338250,5.0,5.084,11
1338300,5.0,5.084,11
1338350,5.0,5.084,11
1338400,5.0,5.084,11
1338450,5.0,5.084,11
1338500,5.0,5.084,11
1338550,5.0,5.084,11
1338600,5.0,5.084,11
1338650,5.0,5.084,11
1338700,5.0,5.084,11
1338750,5.0,5.051,11
1338800,5.0,5.004,11
1338850,5.0,5.0,11
1338900,5.0,5.0,11
1338950,5.0,5.0,11
1339000,5.0,5.0,11
1339050,5.0,5.0,11
1339100,5.0,5.0,11
1339150,5.0,5.0,11
1339200,5.0,5.0,11
1339250,5.0,5.0,11
1339300,5.0,5.0,11
1339350,5.0,5.0,11
1339400,5.0,5.0,11
1339450,5.0,5.0,11
1339500,5.0,5.0,11
1339550,5.0,5.0,11
1339600,5.0,5.0,11
1339650,5.0,5.0,11
1339700,5.0,5.0,11
1339750,5.0,5.0,11
1339800,5.0,5.0,11
1339850,5.0,5.0,11
1339900,5.0,5.0,11
1339950,5.0,5.0,11
1340000,5.0,5.0,11
1340050,5.0,5.0,11
1340100,5.0,5.0,11
1340150,5.0,5.0,11
1340200,5.0,5.0,11
1340250,5.0,5.0,11
1340300,5.0,5.0,11
1340350,5.0,5.0,11
1340400,5.0,5.0,11
1340450,5.0,5.0,11
1340500,5.0,5.0,11
1340550,5.0,5.0,11
1340600,5.0,5.0,11
1340650,5.0,5.0,11
1340700,5.0,5.0,11
1340750,5.0,5.0,11
1340800,5.0,5.0,11
1340850,5.0,5.0,11
1340900,5.0,5.0,11
1340950,5.0,5.0,11
1341000,5.0,5.0,11
1341050,5.0,5.0,11
1341100,5.0,5.0,11
1341150,5.0,5.0,11
1341200,5.0,5.0,11
1341250,5.0,5.0,11
1341300,5.0,5.0,11
1341350,5.0,5.0,11
1341400,5.0,5.0,11
1341450,5.0,5.0,11
1341500,5.0,5.0,11
1341550,5.0,5.0,11
1341600,5.0,5.0,11
1341650,5.0,5.0,11
1341700,5.0,5.0,11
1341750,5.0,5.0,11
1341800,5.0,5.0,11
1341850,5.0,5.0,11
1341900,5.0,5.0,11
1341950,5.0,5.0,11
1342000,5.0,5.0,11
1342050,5.0,5.0,11
1342100,5.0,5.0,11
1342150,5.0,5.0,11
1342200,5.0,5.0,11
1342250,5.0,5.0,11
1342300,5.0,5.0,11
1342350,5.0,5.0,11
1342400,5.0,5.0,11
1342450,5.0,5.0,11
1342500,5.0,5.0,11
1342550,5.0,5.0,11
1342600,5.0,5.0,11
1342650,5.0,5.0,11
1342700,5.0,5.0,11
1342750,5.0,5.0,11
1342800,5.0,5.0,11
1342850,5.0,5.0,11
1342900,5.0,5.0,11
1342950,5.0,5.0,11
1343000,5.0,5.0,11
1343050,5.0,5.0,11
1343100,5.0,5.0,11
1343150,5.0,5.0,11
1343200,5.0,5.0,11
1343250,5.0,5.0,11
1343300,5.0,5.0,11
1343350,5.0,5.0,11
1343400,5.0,5.0,11
1343450,5.0,5.0,11
1343500,5.0,5.0,11
1343550,5.0,5.0,11
1343600,5.0,5.0,11
1343650,5.0,5.0,11
1343700,5.0,5.0,11
1343750,5.0,5.0,11
1343800,5.0,5.0,11
1343850,5.0,5.0,11
1343900,5.0,5.0,11
1343950,5.0,5.0,11
1344000,5.0,5.0,11
1344050,5.0,5.0,11
1344100,5.0,5.0,11
1344150,5.0,5.0,11
1344200,5.0,5.0,11
1344250,5.0,5.0,11
1344300,5.0,5.0,11
1344350,5.0,5.0,11
1344400,5.0,5.0,11
1344450,5.0,5.0,11
1344500,5.0,5.0,11
1344550,5.0,5.0,11
1344600,5.0,5.0,11
1344650,5.0,5.0,11
1344700,5.0,5.0,11
1344750,5.0,5.0,11
1344800,5.0,5.0,11
1344850,5.0,5.0,11
1344900,5.0,5.0,11
1344950,5.0,5.0,11
1345000,5.0,5.0,11
1345050,5.0,5.0,11
1345100,5.0,5.0,11
1345150,5.0,5.0,11
1345200,5.0,5.0,11
1345250,5.0,5.0,11
1345300,5.0,5.0,11
1345350,5.0,5.0,11
1345400,5.0,5.0,11
1345450,5.0,5.0,11
1345500,5.0,5.0,11
1345550,5.0,5.0,11
1345600,5.0,5.0,11
1345650,5.0,5.0,11
1345700,5.0,5.0,11
1345750,5.0,5.0,11
1345800,5.0,5.0,11
1345850,5.0,5.0,11
1345900,5.0,5.0,11
1345950,5.0,5.0,11
1346000,5.0,5.0,11
1346050,5.0,5.0,11
1346100,5.0,5.0,11
1346150,5.0,5.0,11
1346200,5.0,5.0,11
1346250,5.0,5.0,11
1346300,5.0,5.0,11
1346350,5.0,5.0,11
1346400,5.0,5.0,11
1346450,5.0,5.0,11
1346500,5.0,5.0,11
1346550,5.0,5.0,11
1346600,5.0,5.0,11
1346650,5.0,5.0,11
1346700,5.0,5.0,11
1346750,5.0,5.0,11
1346800,5.0,5.0,11
1346850,5.0,5.0,11
1346900,5.0,5.0,11
1346950,5.0,5.0,11
1347000,5.0,5.0,11
1347050,5.0,5.0,11
1347100,5.0,5.0,11
1347150,5.0,5.0,11
1347200,5.0,5.0,11
1347250,5.0,5.0,11
1347300,5.0,5.0,11
1347350,5.0,5.0,11
1347400,5.0,5.0,11
1347450,5.0,5.0,11
1347500,5.0,5.0,11
1347550,5.0,5.0,11
1347600,5.0,5.0,11
1347650,5.0,5.0,11
1347700,5.0,5.0,11
1347750,5.0,5.0,11
1347800,5.0,5.0,11
1347850,5.0,5.0,11
1347900,5.0,5.0,4
1347950,5.0,5.0,4
1348000,5.0,5.0,4
1348050,5.0,5.0,4
1348100,5.0,5.0,4
1348150,5.0,5.0,4
1348200,5.0,5.0,4
1348250,5.0,5.0,4
1348300,5.0,5.0,4
1348350,5.0,5.0,4
1348400,5.0,5.0,4
1348450,5.0,5.0,4
1348500,5.0,5.0,4
1348550,5.0,5.0,4
1348600,5.0,5.0,4
1348650,5.0,5.0,4
1348700,5.0,5.0,4
1348750,5.0,5.0,4
1348800,5.0,5.0,4
1348850,5.0,5.0,4
1348900,5.0,5.0,4
1348950,5.0,5.0,4
1349000,5.0,5.0,4
1349050,5.0,5.0,4
1349100,5.0,5.0,4
1349150,5.0,5.0,4
1349200,5.0,5.0,4
1349250,5.0,5.0,4
1349300,5.0,5.0,4
1349350,5.0,5.0,4
1349400,5.0,5.0,4
1349450,5.0,5.0,4
1349500,5.0,5.0,4
1349550,5.0,5.0,4
1349600,5.0,5.0,4
1349650,5.0,5.0,4
1349700,5.0,5.0,4
1349750,5.0,5.0,4
1349800,5.0,5.0,4
1349850,5.0,5.0,4
1349900,5.0,5.0,4
1349950,5.0,5.0,4
1350000,5.0,5.0,4
1350050,5.0,5.0,4
1350100,5.0,5.0,4
1350150,5.0,5.0,4
1350200,5.0,5.0,4
1350250,5.0,5.0,4
1350300,5.0,5.0,4
1350350,5.0,5.0,4
1350400,5.0,5.0,4
1350450,5.0,5.0,4
1350500,5.0,5.0,4
1350550,5.0,5.0,4
1350600,5.0,5.0,4
1350650,5.0,5.0,4
1350700,5.0,5.0,4
1350750,5.0,5.0,4
1350800,5.0,5.0,4
1350850,5.0,5.0,4
1350900,5.0,5.0,4
1350950,5.0,5.0,4
1351000,5.0,5.0,4
1351050,5.0,5.0,4
1351100,5.0,5.0,4
1351150,5.0,5.0,4
1351200,5.0,5.0,4
1351250,5.0,5.0,4
1351300,5.0,5.0,4
1351350,5.0,5.0,4
1351400,5.0,5.0,4
1351450,5.0,5.0,4
1351500,5.0,5.0,4
1351550,5.0,5.0,4
1351600,5.0,5.0,4
1351650,5.0,5.0,4
1351700,5.0,5.0,4
1351750,5.0,5.0,4
1351800,5.0,5.0,4
1351850,5.0,5.0,4
1351900,5.0,5.0,4
1351950,5.0,5.0,4
1352000,5.0,5.0,4
1352050,5.0,5.0,4
1352100,5.0,5.0,4
1352150,5.0,5.0,4
1352200,5.0,5.0,4
1352250,5.0,5.0,4
1352300,5.0,5.0,4
1352350,5.0,5.0,4
1352400,5.0,5.0,4
1352450,5.0,5.0,4
1352500,5.0,5.0,4
1352550,5.0,5.0,4
1352600,5.0,5.0,4
1352650,5.0,5.0,4
1352700,5.0,5.0,4
1352750,5.0,5.0,4
1352800,5.0,5.0,4
1352850,5.0,5.0,4
1352900,5.0,5.0,4
1352950,5.0,5.0,4
1353000,5.0,5.0,4
1353050,5.0,5.0,4
1353100,5.0,5.0,4
1353150,5.0,5.0,4
1353200,5.0,5.0,4
1353250,5.0,5.0,4
1353300,5.0,5.0,4
1353350,5.0,5.0,4
1353400,5.0,5.0,4
1353450,5.0,5.0,4
1353500,5.0,5.0,4
1353550,5.0,5.0,4
1353600,5.0,5.0,4
1353650,5.0,5.0,4
1353700,5.0,5.0,4
1353750,5.0,5.0,4
1353800,5.0,5.0,4
1353850,5.0,5.0,4
1353900,5.0,5.0,4
1353950,5.0,5.0,4
1354000,5.0,5.0,4
1354050,5.0,5.0,4
1354100,5.0,5.0,4
1354150,5.0,5.0,4
1354200,5.0,5.0,4
1354250,5.0,5.0,4
1354300,5.0,5.0,4
1354350,5.0,5.0,4
1354400,5.0,5.0,4
1354450,5.0,5.0,4
1354500,5.0,5.0,4
1354550,5.0,5.0,4
1354600,5.0,5.0,4
1354650,5.0,5.0,4
1354700,5.0,5.0,4
1354750,5.0,5.0,4
1354800,5.0,5.0,4
1354850,5.0,5.0,4
1354900,5.0,5.0,4
1354950,5.0,5.0,4
1355000,5.0,5.0,4
1355050,5.0,5.0,4
1355100,5.0,5.0,4
1355150,5.0,5.0,4
1355200,5.0,5.0,4
1355250,5.0,5.0,4
1355300,5.0,5.0,4
1355350,5.0,5.0,4
1355400,5.0,5.0,4
1355450,5.0,5.0,4
1355500,5.0,5.0,4
1355550,5.0,5.0,4
1355600,5.0,5.0,4
1355650,5.0,5.0,4
1355700,5.0,5.0,4
1355750,5.0,5.0,4
1355800,5.0,5.0,4
1355850,5.0,5.0,4
1355900,5.0,5.0,4
1355950,5.0,5.0,4
1356000,5.0,5.0,4
1356050,5.0,5.0,4
1356100,5.0,5.0,4
1356150,5.0,5.0,4
1356200,5.0,5.0,4
1356250,5.0,5.0,4
1356300,5.0,5.0,4
1356350,5.0,5.0,4
1356400,5.0,5.0,4
1356450,5.0,5.0,4
1356500,5.0,5.0,4
1356550,5.0,5.0,4
1356600,5.0,5.0,4
1356650,5.0,5.0,4
1356700,5.0,5.0,4
1356750,5.0,5.0,4
1356800,5.0,5.0,4
1356850,5.0,5.0,4
1356900,5.0,5.0,4
1356950,5.0,5.0,4
1357000,5.0,5.0,4
1357050,5.0,5.0,4
1357100,5.0,5.0,4
1357150,5.0,5.0,4
1357200,5.0,5.0,4
1357250,5.0,5.0,4
1357300,5.0,5.0,4
1357350,5.0,5.0,4
1357400,5.0,5.0,4
1357450,5.0,5.0,4
1357500,5.0,5.0,4
1357550,5.0,5.0,4
1357600,5.0,5.0,4
1357650,5.0,5.0,4
1357700,5.0,5.0,4
1357750,5.0,5.0,4
1357800,5.0,5.0,4
1357850,5.0,5.0,4
1357900,5.0,5.0,4
1357950,5.0,5.0,4
1358000,5.0,5.0,4
1358050,5.0,5.0,4
1358100,5.0,5.0,4
1358150,5.0,5.0,4
1358200,5.0,5.0,4
1358250,5.0,5.0,4
1358300,5.0,5.0,4
1358350,5.0,5.0,4
1358400,5.0,5.0,4
1358450,5.0,5.0,4
1358500,5.0,5.0,4
1358550,5.0,5.0,4
1358600,5.0,5.0,4
1358650,5.0,5.0,4
1358700,5.0,5.0,4
1358750,5.0,5.0,4
1358800,5.0,5.0,4
1358850,5.0,5.0,4
1358900,5.0,5.0,4
1358950,5.0,5.0,4
1359000,5.0,5.0,4
1359050,5.0,5.0,4
1359100,5.0,5.0,4
1359150,5.0,5.0,4
1359200,5.0,5.0,4
1359250,5.0,5.0,4
1359300,5.0,5.0,4
1359350,5.0,5.0,4
1359400,5.0,5.0,4
1359450,5.0,5.0,4
1359500,5.0,5.0,4
1359550,5.0,5.0,4
1359600,5.0,5.0,4
1359650,5.0,5.0,4
1359700,5.0,5.0,4
1359750,5.0,5.0,4
1359800,5.0,5.0,4
1359850,5.0,5.0,4
1359900,5.0,5.0,4
1359950,5.0,5.0,4
1360000,5.0,5.0,4
1360050,5.0,5.0,4
1360100,5.0,5.0,4
1360150,5.0,5.0,4
1360200,5.0,5.0,4
1360250,5.0,5.0,4
1360300,5.0,5.0,4
1360350,5.0,5.0,4
1360400,5.0,5.0,4
1360450,5.0,5.0,4
1360500,5.0,5.0,4
1360550,5.0,5.0,4
1360600,5.0,5.0,4
1360650,5.0,5.0,4
1360700,5.0,5.0,4
1360750,5.0,5.0,4
1360800,5.0,5.0,4
1360850,5.0,5.0,4
1360900,5.0,5.0,4
1360950,5.0,5.0,4
1361000,5.0,5.0,4
1361050,5.0,5.0,4
1361100,5.0,5.0,4
1361150,5.0,5.0,4
1361200,5.0,5.0,4
1361250,5.0,5.0,4
1361300,5.0,5.0,4
1361350,5.0,5.0,4
1361400,5.0,5.0,4
1361450,5.0,5.0,4
1361500,5.0,5.0,4
1361550,5.0,5.0,4
1361600,5.0,5.0,4
1361650,5.0,5.0,4
1361700,5.0,5.0,4
1361750,5.0,5.0,4
1361800,5.0,5.0,4
1361850,5.0,5.0,4
1361900,5.0,5.0,4
1361950,5.0,5.0,4
1362000,5.0,5.0,4
1362050,5.0,5.0,4
1362100,5.0,5.0,4
1362150,5.0,5.0,4
1362200,5.0,5.0,4
1362250,5.0,5.0,4
1362300,5.0,5.0,4
1362350,5.0,5.0,4
1362400,5.0,5.0,4
1362450,5.0,5.0,4
1362500,5.0,5.0,4
1362550,5.0,5.0,4
1362600,5.0,5.0,4
1362650,5.0,5.0,4
1362700,5.0,5.0,4
1362750,5.0,5.0,4
1362800,5.0,5.0,4
1362850,5.0,5.0,4
1362900,5.0,5.0,4
1362950,5.0,5.0,4
1363000,5.0,5.0,4
1363050,5.0,5.0,4
1363100,5.0,5.0,4
1363150,5.0,5.0,4
1363200,5.0,5.0,4
1363250,5.0,5.0,4
1363300,5.0,5.0,4
1363350,5.0,5.0,4
1363400,5.0,5.0,4
1363450,5.0,5.0,4
1363500,5.0,5.0,4
1363550,5.0,5.0,4
1363600,5.0,5.0,4
1363650,5.0,5.0,4
1363700,5.0,5.0,4
1363750,5.0,5.0,4
1363800,5.0,5.0,4
1363850,5.0,5.0,4
1363900,5.0,5.0,4
1363950,5.0,5.0,4
1364000,5.0,5.0,4
1364050,5.0,5.0,4
1364100,5.0,5.0,4
1364150,5.0,5.0,4
1364200,5.0,5.0,4
1364250,5.0,5.0,4
1364300,5.0,5.0,4
1364350,5.0,5.0,4
1364400,5.0,5.0,4
1364450,5.0,5.0,4
1364500,5.0,5.0,4
1364550,5.0,5.0,4
1364600,5.0,5.0,4
1364650,5.0,5.0,4
1364700,5.0,5.0,4
1364750,5.0,5.0,4
1364800,5.0,5.0,4
1364850,5.0,5.0,4
1364900,5.0,5.0,4
1364950,5.0,5.0,4
1365000,5.0,5.0,4
1365050,5.0,5.0,4
1365100,5.0,5.0,4
1365150,5.0,5.0,4
1365200,5.0,5.0,4
1365250,5.0,5.0,4
1365300,5.0,5.0,4
1365350,5.0,5.0,4
1365400,5.0,5.0,4
1365450,5.0,5.0,4
1365500,5.0,5.0,4
1365550,5.0,5.0,4
1365600,5.0,5.0,4
1365650,5.0,5.0,4
1365700,5.0,5.0,4
1365750,5.0,5.0,4
1365800,5.0,5.0,4
1365850,5.0,5.0,4
1365900,5.0,5.0,4
1365950,5.0,5.0,4
1366000,5.0,5.0,4
1366050,5.0,5.0,4
1366100,5.0,5.0,4
1366150,5.0,5.0,4
1366200,5.0,5.0,4
1366250,5.0,5.0,4
1366300,5.0,5.0,4
1366350,5.0,5.0,4
1366400,5.0,5.0,4
1366450,5.0,5.0,4
1366500,5.0,5.0,4
1366550,5.0,5.0,4
1366600,5.0,5.0,4
1366650,5.0,5.0,4
1366700,5.0,5.0,4
1366750,5.0,5.0,4
1366800,5.0,5.0,4
1366850,5.0,5.0,4
1366900,5.0,5.0,4
1366950,5.0,5.0,4
1367000,5.0,5.0,4
1367050,5.0,5.0,4
1367100,5.0,5.0,4
1367150,5.0,5.0,4
1367200,5.0,5.0,4
1367250,5.0,5.0,4
1367300,5.0,5.0,4
1367350,5.0,5.0,4
1367400,5.0,5.0,4
1367450,5.0,5.0,4
1367500,5.0,5.0,4
1367550,5.0,5.0,4
1367600,5.0,5.0,4
1367650,5.0,5.0,4
1367700,5.0,5.0,4
1367750,5.0,5.0,4
1367800,5.0,5.0,4
1367850,5.0,5.0,4
1367900,5.0,5.0,4
1367950,5.0,5.0,4
1368000,5.0,5.0,4
1368050,5.0,5.0,4
1368100,5.0,5.0,4
1368150,5.027,5.0,4
1368200,5.048,5.0,4
1368250,5.076,5.0,4
1368300,5.109,5.0,4
1368350,5.149,5.0,4
1368400,5.164,5.0,4
1368450,5.175,5.0,4
1368500,5.189,4.994,4
1368550,5.214,4.957,4
1368600,5.226,4.915,4
1368650,5.239,4.866,4
1368700,5.246,4.836,4
1368750,5.28,4.788,4
1368800,5.304,4.733,4
1368850,5.322,4.707,4
1368900,5.335,4.682,4
1368950,5.352,4.672,4
1369000,5.366,4.651,4
1369050,5.388,4.635,4
1369100,5.406,4.626,4
1369150,5.416,4.613,4
1369200,5.422,4.598,4
1369250,5.43,4.58,4
1369300,5.435,4.567,4
1369350,5.45,4.548,4
1369400,5.456,4.542,4
1369450,5.459,4.538,4
1369500,5.459,4.537,4
1369550,5.459,4.537,4
1369600,5.459,4.534,4
1369650,5.459,4.534,4
1369700,5.459,4.534,4
1369750,5.459,4.534,4
1369800,5.459,4.534,4
1369850,5.462,4.534,4
1369900,5.468,4.534,4
1369950,5.471,4.534,4
1370000,5.473,4.534,4
1370050,5.479,4.534,4
1370100,5.48,4.534,4
1370150,5.487,4.534,4
1370200,5.489,4.534,4
1370250,5.489,4.534,4
1370300,5.489,4.534,4
1370350,5.49,4.534,4
1370400,5.49,4.534,4
1370450,5.49,4.533,4
1370500,5.506,4.529,4
1370550,5.528,4.525,4
1370600,5.538,4.523,4
1370650,5.539,4.522,4
1370700,5.54,4.522,4
1370750,5.54,4.521,4
1370800,5.54,4.521,4
1370850,5.54,4.521,4
1370900,5.54,4.521,4
1370950,5.54,4.521,4
1371000,5.54,4.521,4
1371050,5.54,4.521,4
1371100,5.54,4.521,4
1371150,5.54,4.521,4
1371200,5.54,4.521,4
1371250,5.54,4.521,4
1371300,5.54,4.521,4
1371350,5.54,4.521,4
1371400,5.54,4.521,4
1371450,5.54,4.521,4
1371500,5.54,4.521,4
1371550,5.542,4.521,4
1371600,5.547,4.521,4
1371650,5.548,4.521,4
1371700,5.552,4.521,4
1371750,5.556,4.52,4
1371800,5.557,4.513,4
1371850,5.557,4.51,4
1371900,5.558,4.503,4
1371950,5.558,4.498,4
1372000,5.558,4.497,4
1372050,5.558,4.497,4
1372100,5.558,4.497,4
1372150,5.558,4.497,4
1372200,5.558,4.497,4
1372250,5.558,4.497,4
1372300,5.558,4.497,4
1372350,5.558,4.497,4
1372400,5.558,4.497,4
1372450,5.558,4.497,4
1372500,5.558,4.497,4
1372550,5.558,4.497,4
1372600,5.558,4.497,4
1372650,5.558,4.497,4
1372700,5.558,4.497,4
1372750,5.558,4.497,4
1372800,5.558,4.497,4
1372850,5.558,4.497,4
1372900,5.558,4.497,4
1372950,5.558,4.497,4
1373000,5.558,4.497,4
1373050,5.558,4.497,4
1373100,5.558,4.497,4
1373150,5.558,4.497,4
1373200,5.558,4.497,4
1373250,5.558,4.497,4
1373300,5.558,4.497,4
1373350,5.558,4.497,4
1373400,5.558,4.497,4
1373450,5.558,4.497,4
1373500,5.558,4.497,4
1373550,5.558,4.497,4
1373600,5.558,4.497,4
1373650,5.558,4.497,4
1373700,5.558,4.497,4
1373750,5.558,4.497,4
1373800,5.558,4.497,4
1373850,5.558,4.497,4
1373900,5.558,4.497,4
1373950,5.558,4.497,4
1374000,5.558,4.497,4
1374050,5.558,4.497,4
1374100,5.558,4.497,4
1374150,5.558,4.497,4
1374200,5.558,4.497,4
1374250,5.558,4.497,4
1374300,5.558,4.497,4
1374350,5.558,4.497,4
1374400,5.558,4.497,4
1374450,5.558,4.497,4
1374500,5.558,4.497,4
1374550,5.558,4.497,4
1374600,5.558,4.497,4
1374650,5.558,4.497,4
1374700,5.558,4.497,4
1374750,5.558,4.497,4
1374800,5.558,4.497,4
1374850,5.558,4.497,4
1374900,5.558,4.497,4
1374950,5.558,4.496,4
1375000,5.558,4.495,4
1375050,5.558,4.494,4
1375100,5.558,4.494,4
1375150,5.558,4.494,4
1375200,5.558,4.494,4
1375250,5.558,4.494,4
1375300,5.558,4.494,4
1375350,5.558,4.494,4
1375400,5.558,4.494,4
1375450,5.558,4.494,4
1375500,5.558,4.494,4
1375550,5.558,4.494,4
1375600,5.558,4.494,4
1375650,5.558,4.494,4
1375700,5.558,4.494,4
1375750,5.558,4.494,4
1375800,5.558,4.494,4
1375850,5.558,4.494,4
1375900,5.558,4.494,4
1375950,5.558,4.494,4
1376000,5.558,4.494,4
1376050,5.558,4.494,4
1376100,5.558,4.494,4
1376150,5.558,4.494,4
1376200,5.558,4.494,4
1376250,5.558,4.494,4
1376300,5.558,4.494,4
1376350,5.558,4.494,4
1376400,5.558,4.494,4
1376450,5.558,4.494,4
1376500,5.558,4.494,4
1376550,5.558,4.494,4
1376600,5.558,4.494,4
1376650,5.558,4.494,4
1376700,5.558,4.494,4
1376750,5.558,4.494,4
1376800,5.558,4.494,4
1376850,5.558,4.494,4
1376900,5.558,4.494,4
1376950,5.558,4.494,4
1377000,5.558,4.494,4
1377050,5.558,4.494,4
1377100,5.558,4.494,4
1377150,5.558,4.494,4
1377200,5.558,4.494,4
1377250,5.558,4.494,4
1377300,5.558,4.494,4
1377350,5.558,4.494,4
1377400,5.558,4.494,4
1377450,5.558,4.494,4
1377500,5.558,4.494,4
1377550,5.558,4.494,4
1377600,5.558,4.494,4
1377650,5.558,4.494,4
1377700,5.558,4.494,4
1377750,5.558,4.494,4
1377800,5.558,4.494,4
1377850,5.558,4.494,4
1377900,5.558,4.494,4
1377950,5.558,4.494,4
1378000,5.558,4.494,4
1378050,5.558,4.494,4
1378100,5.558,4.494,4
1378150,5.558,4.494,4
1378200,5.558,4.494,4
1378250,5.558,4.494,4
1378300,5.558,4.494,4
1378350,5.558,4.494,4
1378400,5.558,4.494,4
1378450,5.558,4.494,4
1378500,5.558,4.494,4
1378550,5.558,4.494,4
1378600,5.558,4.494,4
1378650,5.558,4.494,4
1378700,5.558,4.494,4
1378750,5.558,4.494,4
1378800,5.558,4.494,4
1378850,5.558,4.494,4
1378900,5.558,4.494,4
1378950,5.558,4.494,4
1379000,5.558,4.494,4
1379050,5.558,4.494,4
1379100,5.558,4.494,4
1379150,5.558,4.494,4
1379200,5.558,4.494,4
1379250,5.558,4.494,4
1379300,5.558,4.494,4
1379350,5.558,4.494,4
1379400,5.558,4.494,4
1379450,5.558,4.494,4
1379500,5.558,4.494,4
1379550,5.558,4.494,4
1379600,5.558,4.494,4
1379650,5.558,4.494,4
1379700,5.558,4.494,4
1379750,5.558,4.494,4
1379800,5.558,4.494,4
1379850,5.558,4.494,4
1379900,5.558,4.494,4
1379950,5.558,4.494,4
1380000,5.558,4.494,4
1380050,5.558,4.494,4
1380100,5.558,4.494,4
1380150,5.558,4.494,4
1380200,5.558,4.494,4
1380250,5.557,4.494,4
1380300,5.557,4.494,4
1380350,5.557,4.494,4
1380400,5.557,4.494,4
1380450,5.557,4.494,4
1380500,5.557,4.494,4
1380550,5.552,4.494,4
1380600,5.552,4.494,4
1380650,5.546,4.494,4
1380700,5.545,4.494,4
1380750,5.543,4.494,4
1380800,5.539,4.494,4
1380850,5.532,4.494,4
1380900,5.528,4.495,4
1380950,5.525,4.498,4
1381000,5.525,4.499,4
1381050,5.523,4.506,4
1381100,5.522,4.511,4
1381150,5.514,4.514,4
1381200,5.513,4.519,4
1381250,5.51,4.521,4
1381300,5.507,4.523,4
1381350,5.506,4.53,4
1381400,5.504,4.533,4
1381450,5.499,4.539,4
1381500,5.498,4.54,4
1381550,5.497,4.541,4
1381600,5.49,4.546,4
1381650,5.488,4.55,4
1381700,5.487,4.553,4
1381750,5.482,4.553,4
1381800,5.478,4.553,4
1381850,5.478,4.558,4
1381900,5.478,4.563,4
1381950,5.475,4.565,4
1382000,5.473,4.567,4
1382050,5.471,4.572,4
1382100,5.468,4.573,4
1382150,5.467,4.573,4
1382200,5.464,4.573,4
1382250,5.462,4.573,4
1382300,5.458,4.573,4
1382350,5.457,4.573,4
1382400,5.457,4.573,4
1382450,5.455,4.576,4
1382500,5.455,4.576,4
1382550,5.455,4.577,4
1382600,5.452,4.577,4
1382650,5.452,4.584,4
1382700,5.452,4.587,4
1382750,5.446,4.587,4
1382800,5.443,4.589,4
1382850,5.443,4.596,4
1382900,5.441,4.597,4
1382950,5.438,4.599,4
1383000,5.437,4.6,4
1383050,5.434,4.6,4
1383100,5.43,4.608,4
1383150,5.43,4.609,4
1383200,5.429,4.609,4
1383250,5.426,4.609,4
1383300,5.426,4.612,4
1383350,5.426,4.618,4
1383400,5.426,4.628,4
1383450,5.422,4.629,4
1383500,5.422,4.63,4
1383550,5.421,4.63,4
1383600,5.418,4.63,4
1383650,5.417,4.63,4
1383700,5.417,4.63,4
1383750,5.417,4.63,4
1383800,5.417,4.63,4
1383850,5.417,4.63,4
1383900,5.417,4.636,4
1383950,5.417,4.637,4
1384000,5.417,4.643,4
1384050,5.416,4.646,4
1384100,5.414,4.646,4
1384150,5.412,4.646,4
1384200,5.412,4.649,4
1384250,5.409,4.65,4
1384300,5.409,4.65,4
1384350,5.409,4.65,4
1384400,5.409,4.65,4
1384450,5.409,4.65,4
1384500,5.407,4.65,4
1384550,5.407,4.65,4
1384600,5.404,4.65,4
1384650,5.403,4.65,4
1384700,5.403,4.65,4
1384750,5.403,4.65,4
1384800,5.403,4.65,4
1384850,5.403,4.65,4
1384900,5.403,4.65,4
1384950,5.403,4.65,4
1385000,5.403,4.65,4
1385050,5.403,4.65,4
1385100,5.403,4.65,4
1385150,5.403,4.65,4
1385200,5.403,4.65,4
1385250,5.403,4.65,4
1385300,5.403,4.65,4
1385350,5.403,4.65,4
1385400,5.403,4.65,4
1385450,5.403,4.65,4
1385500,5.403,4.65,4
1385550,5.402,4.65,4
1385600,5.402,4.65,4
1385650,5.398,4.65,4
1385700,5.398,4.65,4
1385750,5.398,4.65,4
1385800,5.398,4.65,4
1385850,5.398,4.65,4
1385900,5.398,4.65,4
1385950,5.397,4.65,4
1386000,5.397,4.65,4
1386050,5.397,4.65,4
1386100,5.397,4.65,4
1386150,5.397,4.65,4
1386200,5.397,4.65,4
1386250,5.397,4.65,4
1386300,5.397,4.65,4
1386350,5.397,4.65,4
1386400,5.397,4.65,4
1386450,5.396,4.65,4
1386500,5.396,4.65,4
1386550,5.394,4.65,4
1386600,5.394,4.65,4
1386650,5.394,4.65,4
1386700,5.392,4.65,4
1386750,5.392,4.65,4
1386800,5.39,4.65,4
1386850,5.39,4.65,4
1386900,5.39,4.65,4
1386950,5.39,4.65,4
1387000,5.39,4.65,4
1387050,5.39,4.65,4
1387100,5.39,4.65,4
1387150,5.39,4.65,4
1387200,5.387,4.65,4
1387250,5.387,4.65,4
1387300,5.387,4.65,4
1387350,5.387,4.65,4
1387400,5.387,4.65,4
1387450,5.387,4.65,4
1387500,5.387,4.65,4
1387550,5.384,4.65,4
1387600,5.384,4.65,4
1387650,5.384,4.65,4
1387700,5.384,4.65,4
1387750,5.384,4.65,4
1387800,5.384,4.65,4
1387850,5.384,4.65,4
1387900,5.384,4.65,4
1387950,5.383,4.65,4
1388000,5.383,4.65,4
1388050,5.383,4.65,4
1388100,5.383,4.65,4
1388150,5.382,4.65,4
1388200,5.381,4.65,4
1388250,5.38,4.65,4
1388300,5.38,4.65,4
1388350,5.38,4.65,4
1388400,5.379,4.65,4
1388450,5.379,4.65,4
1388500,5.374,4.65,4
1388550,5.373,4.65,4
1388600,5.373,4.65,4
1388650,5.372,4.65,4
1388700,5.371,4.65,4
1388750,5.371,4.65,4
1388800,5.371,4.65,4
1388850,5.371,4.65,4
1388900,5.371,4.65,4
1388950,5.371,4.65,4
1389000,5.371,4.65,4
1389050,5.371,4.65,4
1389100,5.371,4.65,4
1389150,5.371,4.65,4
1389200,5.371,4.65,4
1389250,5.371,4.65,4
1389300,5.371,4.65,4
1389350,5.371,4.65,4
1389400,5.371,4.65,4
1389450,5.371,4.65,4
1389500,5.371,4.65,4
1389550,5.371,4.65,4
1389600,5.371,4.65,4
1389650,5.371,4.65,4
1389700,5.371,4.65,4
1389750,5.371,4.65,4
1389800,5.371,4.65,4
1389850,5.371,4.65,4
1389900,5.371,4.65,4
1389950,5.371,4.65,4
1390000,5.371,4.65,4
1390050,5.371,4.65,4
1390100,5.371,4.65,4
1390150,5.371,4.65,4
1390200,5.365,4.65,4
1390250,5.364,4.652,4
1390300,5.362,4.654,4
1390350,5.349,4.655,4
1390400,5.334,4.655,4
1390450,5.332,4.655,4
1390500,5.329,4.655,4
1390550,5.328,4.658,4
1390600,5.328,4.658,4
1390650,5.328,4.658,4
1390700,5.328,4.658,4
1390750,5.328,4.659,4
1390800,5.328,4.662,4
1390850,5.328,4.663,4
1390900,5.328,4.663,4
1390950,5.328,4.667,4
1391000,5.328,4.671,4
1391050,5.328,4.675,4
1391100,5.328,4.683,4
1391150,5.328,4.699,4
1391200,5.328,4.714,4
1391250,5.323,4.722,4
1391300,5.32,4.727,4
1391350,5.318,4.735,4
1391400,5.317,4.74,4
1391450,5.315,4.741,4
1391500,5.315,4.741,4
1391550,5.314,4.741,4
1391600,5.314,4.741,4
1391650,5.314,4.745,4
1391700,5.314,4.748,4
1391750,5.314,4.751,4
1391800,5.314,4.762,4
1391850,5.313,4.764,4
1391900,5.309,4.764,4
1391950,5.308,4.764,4
1392000,5.308,4.764,4
1392050,5.307,4.764,4
1392100,5.307,4.764,4
1392150,5.306,4.764,4
1392200,5.306,4.764,4
1392250,5.306,4.764,4
1392300,5.3,4.764,4
1392350,5.295,4.775,4
1392400,5.293,4.779,4
1392450,5.292,4.78,4
1392500,5.292,4.78,4
1392550,5.289,4.786,4
1392600,5.288,4.786,4
1392650,5.288,4.788,4
1392700,5.281,4.857,4
1392750,5.278,4.882,4
1392800,5.269,4.885,4
1392850,5.258,4.887,4
1392900,5.256,4.893,4
1392950,5.246,4.898,4
1393000,5.234,4.904,4
1393050,5.229,4.912,4
1393100,5.229,4.913,4
1393150,5.229,4.913,4
1393200,5.229,4.913,4
1393250,5.228,4.913,4
1393300,5.227,4.913,4
1393350,5.226,4.913,4
1393400,5.226,4.913,4
1393450,5.226,4.913,4
1393500,5.226,4.913,4
1393550,5.226,4.913,4
1393600,5.226,4.919,4
1393650,5.226,4.92,4
1393700,5.226,4.92,4
1393750,5.224,4.92,4
1393800,5.224,4.92,4
1393850,5.224,4.92,4
1393900,5.224,4.92,4
1393950,5.224,4.92,4
1394000,5.224,4.92,4
1394050,5.224,4.92,4
1394100,5.224,4.92,4
1394150,5.224,4.92,4
1394200,5.224,4.92,4
1394250,5.224,4.92,4
1394300,5.224,4.92,4
1394350,5.224,4.92,4
1394400,5.224,4.92,4
1394450,5.224,4.92,4
1394500,5.224,4.92,4
1394550,5.224,4.92,4
1394600,5.224,4.92,4
1394650,5.224,4.92,4
1394700,5.224,4.92,4
1394750,5.224,4.92,4
1394800,5.224,4.92,4
1394850,5.224,4.92,4
1394900,5.224,4.92,4
1394950,5.224,4.92,4
1395000,5.224,4.92,4
1395050,5.224,4.92,4
1395100,5.224,4.92,4
1395150,5.224,4.92,4
1395200,5.224,4.92,4
1395250,5.224,4.92,4
1395300,5.224,4.918,4
1395350,5.224,4.903,4
1395400,5.224,4.899,4
1395450,5.224,4.884,4
1395500,5.224,4.881,4
1395550,5.224,4.873,4
1395600,5.224,4.865,4
1395650,5.224,4.865,4
1395700,5.224,4.855,4
1395750,5.224,4.851,4
1395800,5.224,4.838,4
1395850,5.224,4.836,4
1395900,5.224,4.836,4
1395950,5.224,4.833,4
1396000,5.224,4.832,4
1396050,5.224,4.832,4
1396100,5.224,4.832,4
1396150,5.224,4.832,4
1396200,5.224,4.832,4
1396250,5.224,4.832,4
1396300,5.224,4.832,4
1396350,5.224,4.832,4
1396400,5.224,4.832,4
1396450,5.224,4.832,4
1396500,5.224,4.832,4
1396550,5.224,4.832,4
1396600,5.224,4.832,4
1396650,5.228,4.832,4
1396700,5.237,4.832,4
1396750,5.244,4.832,4
1396800,5.245,4.832,4
1396850,5.256,4.832,4
1396900,5.264,4.832,4
1396950,5.264,4.832,4
1397000,5.27,4.832,4
1397050,5.273,4.832,4
1397100,5.282,4.832,4
1397150,5.29,4.777,4
1397200,5.292,4.77,4
1397250,5.293,4.77,4
1397300,5.293,4.77,4
1397350,5.297,4.769,4
1397400,5.3,4.769,4
1397450,5.301,4.764,4
1397500,5.301,4.764,4
1397550,5.303,4.764,4
1397600,5.305,4.764,4
1397650,5.306,4.764,4
1397700,5.306,4.764,4
1397750,5.308,4.764,4
1397800,5.313,4.764,4
1397850,5.314,4.764,4
1397900,5.315,4.764,4
1397950,5.321,4.764,4
1398000,5.323,4.764,4
1398050,5.326,4.764,4
1398100,5.327,4.764,4
1398150,5.331,4.764,4
1398200,5.331,4.764,4
1398250,5.333,4.764,4
1398300,5.334,4.764,4
1398350,5.334,4.764,4
1398400,5.334,4.764,4
1398450,5.334,4.764,4
1398500,5.334,4.764,4
1398550,5.334,4.764,4
1398600,5.334,4.764,4
1398650,5.334,4.764,4
1398700,5.334,4.764,4
1398750,5.334,4.764,4
1398800,5.334,4.764,4
1398850,5.334,4.764,4
1398900,5.334,4.764,4
1398950,5.334,4.764,4
1399000,5.334,4.764,4
1399050,5.334,4.764,4
1399100,5.334,4.764,4
1399150,5.334,4.764,4
1399200,5.334,4.764,4
1399250,5.334,4.764,4
1399300,5.334,4.764,4
1399350,5.334,4.772,4
1399400,5.334,4.779,4
1399450,5.334,4.789,4
1399500,5.334,4.796,4
1399550,5.334,4.812,4
1399600,5.334,4.825,4
1399650,5.334,4.827,4
1399700,5.334,4.828,4
1399750,5.334,4.829,4
1399800,5.334,4.832,4
1399850,5.334,4.832,4
1399900,5.334,4.832,4
1399950,5.334,4.832,4
1400000,5.334,4.832,4
1400050,5.334,4.835,4
1400100,5.334,4.835,4
1400150,5.334,4.835,4
1400200,5.334,4.835,4
1400250,5.334,4.835,4
1400300,5.334,4.835,4
1400350,5.334,4.835,4
1400400,5.334,4.835,4
1400450,5.334,4.835,4
1400500,5.334,4.835,4
1400550,5.334,4.835,4
1400600,5.334,4.835,4
1400650,5.334,4.835,4
1400700,5.334,4.835,4
1400750,5.334,4.835,4
1400800,5.334,4.835,4
1400850,5.334,4.835,4
1400900,5.334,4.835,4
1400950,5.334,4.835,4
1401000,5.334,4.835,4
1401050,5.334,4.835,4
1401100,5.334,4.835,4
1401150,5.334,4.835,4
1401200,5.334,4.835,4
1401250,5.334,4.835,4
1401300,5.334,4.835,4
1401350,5.334,4.835,4
1401400,5.334,4.835,4
1401450,5.334,4.835,4
1401500,5.334,4.838,4
1401550,5.334,4.839,4
1401600,5.334,4.839,4
1401650,5.334,4.839,4
1401700,5.334,4.839,4
1401750,5.334,4.839,4
1401800,5.334,4.839,4
1401850,5.334,4.839,4
1401900,5.334,4.839,4
1401950,5.334,4.841,4
1402000,5.334,4.845,4
1402050,5.334,4.846,4
1402100,5.334,4.846,4
1402150,5.334,4.847,4
1402200,5.334,4.847,4
1402250,5.334,4.849,4
1402300,5.334,4.849,4
1402350,5.334,4.854,4
1402400,5.334,4.855,4
1402450,5.334,4.857,4
1402500,5.334,4.858,4
1402550,5.334,4.858,4
1402600,5.334,4.861,4
1402650,5.334,4.861,4
1402700,5.334,4.862,4
1402750,5.334,4.866,4
1402800,5.334,4.867,4
1402850,5.334,4.867,4
1402900,5.334,4.867,4
1402950,5.334,4.873,4
1403000,5.334,4.874,4
1403050,5.334,4.874,4
1403100,5.334,4.874,4
1403150,5.334,4.874,4
1403200,5.334,4.877,4
1403250,5.334,4.877,4
1403300,5.334,4.877,4
1403350,5.334,4.877,4
1403400,5.334,4.877,4
1403450,5.334,4.877,4
1403500,5.334,4.877,4
1403550,5.334,4.877,4
1403600,5.334,4.877,4
1403650,5.334,4.877,4
1403700,5.334,4.877,4
1403750,5.334,4.877,4
1403800,5.334,4.877,4
1403850,5.334,4.877,4
1403900,5.334,4.877,4
1403950,5.334,4.877,4
1404000,5.334,4.877,4
1404050,5.334,4.877,4
1404100,5.334,4.877,4
1404150,5.334,4.877,4
1404200,5.334,4.877,4
1404250,5.334,4.877,4
1404300,5.334,4.877,4
1404350,5.334,4.877,4
1404400,5.334,4.877,4
1404450,5.334,4.877,4
1404500,5.334,4.877,4
1404550,5.334,4.877,4
1404600,5.334,4.877,4
1404650,5.334,4.877,4
1404700,5.334,4.877,4
1404750,5.334,4.877,4
1404800,5.334,4.877,4
1404850,5.334,4.877,4
1404900,5.334,4.877,4
1404950,5.334,4.878,4
1405000,5.334,4.88,4
1405050,5.334,4.88,4
1405100,5.334,4.882,4
1405150,5.334,4.884,4
1405200,5.334,4.885,4
1405250,5.334,4.887,4
1405300,5.334,4.887,4
1405350,5.334,4.892,4
1405400,5.334,4.897,4
1405450,5.334,4.898,4
1405500,5.334,4.899,4
1405550,5.334,4.901,4
1405600,5.334,4.901,4
1405650,5.334,4.904,4
1405700,5.334,4.904,4
1405750,5.334,4.904,4
1405800,5.334,4.908,4
1405850,5.334,4.909,4
1405900,5.334,4.909,4
1405950,5.334,4.909,4
1406000,5.334,4.911,4
1406050,5.334,4.911,4
1406100,5.334,4.911,4
1406150,5.334,4.912,4
1406200,5.334,4.913,4
1406250,5.334,4.913,4
1406300,5.334,4.913,4
1406350,5.333,4.913,4
1406400,5.332,4.913,4
1406450,5.329,4.913,4
1406500,5.328,4.913,4
1406550,5.325,4.913,4
1406600,5.32,4.913,4
1406650,5.319,4.913,4
1406700,5.318,4.913,4
1406750,5.317,4.913,4
1406800,5.317,4.913,4
1406850,5.317,4.913,4
1406900,5.317,4.913,4
1406950,5.317,4.913,4
1407000,5.317,4.913,4
1407050,5.317,4.913,4
1407100,5.317,4.913,4
1407150,5.317,4.913,4
1407200,5.317,4.913,4
1407250,5.317,4.913,4
1407300,5.317,4.913,4
1407350,5.317,4.913,4
1407400,5.317,4.913,4
1407450,5.317,4.913,4
1407500,5.317,4.913,4
1407550,5.317,4.913,4
1407600,5.317,4.913,4
1407650,5.317,4.913,4
1407700,5.317,4.913,4
1407750,5.317,4.913,4
1407800,5.317,4.913,4
1407850,5.317,4.913,4
1407900,5.317,4.913,4
1407950,5.317,4.913,4
1408000,5.317,4.913,4
1408050,5.317,4.914,4
1408100,5.317,4.914,4
1408150,5.317,4.915,4
1408200,5.317,4.915,4
1408250,5.317,4.918,4
1408300,5.317,4.919,4
1408350,5.317,4.919,4
1408400,5.317,4.919,4
1408450,5.317,4.919,4
1408500,5.317,4.919,4
1408550,5.317,4.919,4
1408600,5.317,4.919,4
1408650,5.317,4.919,4
1408700,5.317,4.919,4
1408750,5.317,4.919,4
1408800,5.317,4.919,4
1408850,5.317,4.919,4
1408900,5.317,4.919,4
1408950,5.317,4.919,4
1409000,5.317,4.919,4
1409050,5.317,4.919,4
1409100,5.317,4.919,4
1409150,5.317,4.919,4
1409200,5.317,4.919,4
1409250,5.317,4.919,4
1409300,5.317,4.919,4
1409350,5.317,4.919,4
1409400,5.317,4.919,4
1409450,5.317,4.919,4
1409500,5.317,4.919,4
1409550,5.317,4.919,4
1409600,5.317,4.919,4
1409650,5.317,4.919,4
1409700,5.317,4.919,4
1409750,5.317,4.919,4
1409800,5.317,4.919,4
1409850,5.317,4.919,4
1409900,5.317,4.919,4
1409950,5.317,4.919,4
1410000,5.317,4.919,4
1410050,5.317,4.919,4
1410100,5.317,4.919,4
1410150,5.317,4.92,4
1410200,5.317,4.92,4
1410250,5.317,4.92,4
1410300,5.317,4.92,4
1410350,5.317,4.92,4
1410400,5.317,4.92,4
1410450,5.315,4.92,4
1410500,5.315,4.92,4
1410550,5.315,4.92,4
1410600,5.313,4.92,4
1410650,5.312,4.92,4
1410700,5.312,4.92,4
1410750,5.311,4.92,4
1410800,5.31,4.92,4
1410850,5.31,4.92,4
1410900,5.304,4.92,4
1410950,5.299,4.92,4
1411000,5.299,4.92,4
1411050,5.299,4.92,4
1411100,5.298,4.92,4
1411150,5.296,4.92,4
1411200,5.296,4.92,4
1411250,5.295,4.92,4
1411300,5.295,4.921,4
1411350,5.295,4.922,4
1411400,5.292,4.924,4
1411450,5.291,4.924,4
1411500,5.291,4.937,4
1411550,5.282,4.992,4
1411600,5.266,5.0,4
1411650,5.255,5.0,4
1411700,5.248,5.0,4
1411750,5.241,5.0,4
1411800,5.24,5.0,4
1411850,5.24,5.0,4
1411900,5.238,5.0,4
1411950,5.238,5.0,4
1412000,5.23,5.0,4
1412050,5.226,5.0,4
1412100,5.226,5.0,4
1412150,5.222,5.0,4
1412200,5.219,5.0,4
1412250,5.213,5.0,4
1412300,5.212,5.0,4
1412350,5.212,5.0,4
1412400,5.212,5.0,4
1412450,5.212,5.0,4
1412500,5.212,5.0,4
1412550,5.212,5.0,4
1412600,5.212,5.0,4
1412650,5.212,5.0,4
1412700,5.212,5.0,4
1412750,5.212,5.0,4
1412800,5.212,5.0,4
1412850,5.212,5.0,4
1412900,5.212,5.0,4
1412950,5.212,5.0,4
1413000,5.212,5.0,4
1413050,5.212,5.0,4
1413100,5.212,5.0,4
1413150,5.212,5.0,4
1413200,5.212,5.0,4
1413250,5.212,5.0,4
1413300,5.212,5.0,4
1413350,5.212,5.0,4
1413400,5.212,5.0,4
1413450,5.207,5.0,4
1413500,5.206,5.0,4
1413550,5.206,5.0,4
1413600,5.206,5.0,4
1413650,5.205,5.0,4
1413700,5.205,5.0,4
1413750,5.205,5.0,4
1413800,5.205,5.0,4
1413850,5.204,5.0,4
1413900,5.203,5.0,4
1413950,5.203,5.0,4
1414000,5.203,5.0,4
1414050,5.203,5.0,4
1414100,5.203,5.0,4
1414150,5.203,5.0,4
1414200,5.203,5.0,4
1414250,5.203,5.0,4
1414300,5.203,5.0,4
1414350,5.203,5.0,4
1414400,5.203,5.0,4
1414450,5.203,5.0,4
1414500,5.203,5.0,4
1414550,5.203,5.0,4
1414600,5.203,5.0,4
1414650,5.203,5.0,4
1414700,5.203,5.0,4
1414750,5.203,5.0,4
1414800,5.203,5.0,4
1414850,5.203,5.0,4
1414900,5.203,5.0,4
1414950,5.203,5.0,4
1415000,5.203,5.0,4
1415050,5.203,5.0,4
1415100,5.203,5.0,4
1415150,5.203,5.0,4
1415200,5.203,5.0,4
1415250,5.203,5.0,4
1415300,5.203,5.0,4
1415350,5.203,5.0,4
1415400,5.203,5.0,4
1415450,5.203,5.0,4
1415500,5.203,5.0,4
1415550,5.2,5.0,4
1415600,5.199,5.0,4
1415650,5.199,5.0,4
1415700,5.199,5.0,4
1415750,5.199,5.0,4
1415800,5.19,5.0,4
1415850,5.188,5.0,4
1415900,5.188,5.0,4
1415950,5.188,5.0,4
1416000,5.188,5.0,4
1416050,5.188,5.0,4
1416100,5.188,5.0,4
1416150,5.186,5.0,4
1416200,5.185,5.0,4
1416250,5.185,5.0,4
1416300,5.185,5.0,4
1416350,5.185,5.0,4
1416400,5.185,5.0,4
1416450,5.185,5.0,4
1416500,5.185,5.0,4
1416550,5.185,5.0,4
1416600,5.185,5.0,4
1416650,5.185,5.0,4
1416700,5.185,5.0,4
1416750,5.185,5.0,4
1416800,5.185,5.0,4
1416850,5.185,5.0,4
1416900,5.185,5.0,4
1416950,5.185,5.0,4
1417000,5.185,5.0,4
1417050,5.185,5.0,4
1417100,5.185,5.0,4
1417150,5.183,5.0,4
1417200,5.183,5.0,4
1417250,5.183,5.0,4
1417300,5.183,5.0,4
1417350,5.18,5.0,4
1417400,5.179,5.0,4
1417450,5.179,5.0,4
1417500,5.177,5.0,4
1417550,5.175,5.0,4
1417600,5.175,5.0,4
1417650,5.167,5.0,4
1417700,5.166,5.0,4
1417750,5.166,5.0,4
1417800,5.165,5.0,4
1417850,5.163,5.0,4
1417900,5.158,5.0,4
1417950,5.154,5.0,4
1418000,5.153,5.0,4
1418050,5.151,5.0,4
1418100,5.15,5.0,4
1418150,5.149,5.0,4
1418200,5.145,5.0,4
1418250,5.137,5.0,4
1418300,5.136,5.0,4
1418350,5.136,5.0,4
1418400,5.131,5.0,4
1418450,5.125,5.0,4
1418500,5.123,5.0,4
1418550,5.118,5.0,4
1418600,5.117,5.0,4
1418650,5.11,5.0,4
1418700,5.109,5.0,4
1418750,5.107,5.0,4
1418800,5.105,5.0,4
1418850,5.101,5.0,4
1418900,5.094,5.0,4
1418950,5.09,5.0,4
1419000,5.09,5.0,4
1419050,5.088,5.0,4
1419100,5.08,5.0,4
1419150,5.075,5.0,4
1419200,5.071,5.0,4
1419250,5.071,5.0,4
1419300,5.071,5.0,4
1419350,5.068,5.0,4
1419400,5.067,5.0,4
1419450,5.067,5.0,4
1419500,5.067,5.0,4
1419550,5.067,5.0,4
1419600,5.067,5.0,4
1419650,5.067,5.0,4
1419700,5.067,5.0,4
1419750,5.067,5.0,4
1419800,5.067,5.0,4
1419850,5.067,5.0,4
1419900,5.067,5.0,4
1419950,5.067,5.0,4
1420000,5.067,5.0,4
1420050,5.067,5.0,4
1420100,5.063,5.0,4
1420150,5.062,5.0,4
1420200,5.062,5.0,4
1420250,5.062,5.0,4
1420300,5.062,5.0,4
1420350,5.062,5.0,4
1420400,5.062,5.0,4
1420450,5.062,5.0,4
1420500,5.062,5.0,4
1420550,5.062,5.0,4
1420600,5.062,5.0,4
1420650,5.062,5.0,4
1420700,5.062,5.0,4
1420750,5.062,5.0,4
1420800,5.061,5.0,4
1420850,5.054,5.0,4
1420900,5.048,5.0,4
1420950,5.03,5.0,4
1421000,5.028,5.0,4
1421050,5.028,5.0,4
1421100,5.021,5.0,4
1421150,5.018,5.0,4
1421200,5.017,5.0,4
1421250,5.017,5.0,4
1421300,5.017,5.0,4
1421350,5.017,5.0,4
1421400,5.017,5.0,4
1421450,5.017,5.0,4
1421500,5.017,5.0,4
1421550,5.017,5.0,4
1421600,5.017,5.0,4
1421650,5.017,5.0,4
1421700,5.017,5.0,4
1421750,5.017,5.0,4
1421800,5.012,5.0,4
1421850,5.004,5.0,4
1421900,5.002,5.0,4
1421950,5.002,5.0,4
1422000,5.0,5.0,4
1422050,5.0,5.0,4
1422100,5.0,5.0,4
1422150,5.0,5.0,4
1422200,5.0,5.0,4
1422250,5.0,5.0,4
1422300,5.0,5.0,4
1422350,5.0,5.0,4
1422400,5.0,5.0,4
1422450,5.0,5.0,4
1422500,5.0,5.0,4
1422550,5.0,5.0,4
1422600,5.0,5.0,4
1422650,5.0,5.0,4
1422700,5.0,5.0,4
1422750,5.0,5.0,4
1422800,5.0,5.0,4
1422850,5.0,5.0,4
1422900,5.0,5.0,4
1422950,5.0,5.0,4
1423000,5.0,5.0,4
1423050,5.0,5.0,4
1423100,5.0,5.0,4
1423150,5.0,5.0,4
1423200,5.0,5.0,4
1423250,5.0,5.0,4
1423300,5.0,5.0,4
1423350,5.0,5.0,4
1423400,5.0,5.0,4
1423450,5.0,5.0,4
1423500,5.0,5.0,4
1423550,5.0,5.0,4
1423600,5.0,5.0,4
1423650,5.0,5.0,4
1423700,5.0,5.0,4
1423750,5.0,5.0,4
1423800,5.0,5.0,4
1423850,5.0,5.0,4
1423900,5.0,5.0,4
1423950,5.0,5.0,4
1424000,5.0,5.0,4
1424050,5.0,5.0,4
1424100,5.0,5.0,4
1424150,5.0,5.0,4
1424200,5.0,5.0,4
1424250,5.0,5.0,4
1424300,5.0,5.0,4
1424350,5.0,5.0,4
1424400,5.0,5.0,4
1424450,5.0,5.0,4
1424500,5.0,5.0,4
1424550,5.0,5.0,4
1424600,5.0,5.0,4
1424650,5.0,5.0,4
1424700,5.0,5.0,4
1424750,5.0,5.0,4
1424800,5.0,5.0,4
1424850,5.0,5.0,4
1424900,5.0,5.0,4
1424950,5.0,5.0,4
1425000,5.0,5.0,4
1425050,5.0,5.0,4
1425100,5.0,5.0,4
1425150,5.0,5.0,4
1425200,5.0,5.0,4
1425250,5.0,5.0,4
1425300,5.0,5.0,4
1425350,5.0,5.0,4
1425400,5.0,5.0,4
1425450,5.0,5.0,4
1425500,5.0,5.0,4
1425550,5.0,5.0,4
1425600,5.0,5.0,4
1425650,5.0,5.0,4
1425700,5.0,5.0,4
1425750,5.0,5.0,4
1425800,5.0,5.0,4
1425850,5.0,5.0,4
1425900,5.0,5.0,4
1425950,5.0,5.0,4
1426000,5.0,5.0,4
1426050,5.0,5.0,4
1426100,5.0,5.0,4
1426150,5.0,5.0,4
1426200,5.0,5.0,4
1426250,5.0,5.0,4
1426300,5.0,5.0,4
1426350,5.0,5.0,4
1426400,5.0,5.0,4
1426450,5.0,5.0,4
1426500,5.0,5.0,4
1426550,5.0,5.0,4
1426600,5.0,5.0,4
1426650,5.0,5.0,4
1426700,5.0,5.0,4
1426750,5.0,5.0,4
1426800,5.0,5.0,4
1426850,5.0,5.0,4
1426900,5.0,5.0,4
1426950,5.0,5.0,4
1427000,5.0,5.0,4
1427050,5.0,5.0,4
1427100,5.0,5.0,4
1427150,5.0,5.0,4
1427200,5.0,5.0,4
1427250,5.0,5.0,4
1427300,5.0,5.0,4
1427350,5.0,5.0,4
1427400,5.0,5.0,4
1427450,5.0,5.0,4
1427500,5.0,5.0,4
1427550,5.0,5.0,4
1427600,5.0,5.0,4
1427650,5.0,5.0,4
1427700,5.0,5.0,4
1427750,5.0,5.0,4
1427800,5.0,5.0,4
1427850,5.0,5.0,4
1427900,5.0,5.0,4
1427950,5.0,5.0,4
1428000,5.0,5.0,4
1428050,5.0,5.0,4
1428100,5.0,5.0,4
1428150,5.0,5.0,4
1428200,5.0,5.0,4
1428250,5.0,5.0,4
1428300,5.0,5.0,4
1428350,5.0,5.0,4
1428400,5.0,5.0,4
1428450,5.0,5.0,4
1428500,5.0,5.0,4
1428550,5.0,5.0,4
1428600,5.0,5.0,4
1428650,5.0,5.0,4
1428700,5.0,5.0,4
1428750,5.0,5.0,4
1428800,5.0,5.0,4
1428850,5.0,5.0,4
1428900,5.0,5.0,4
1428950,5.0,5.0,4
1429000,5.0,5.0,4
1429050,5.0,5.0,4
1429100,5.0,5.0,4
1429150,5.0,5.0,4
1429200,5.0,5.0,4
1429250,5.0,5.0,4
1429300,5.0,5.0,4
1429350,5.0,5.0,4
1429400,5.0,5.0,4
1429450,5.0,5.0,4
1429500,5.0,5.0,4
1429550,5.0,5.0,4
1429600,5.0,5.0,4
1429650,5.0,5.0,4
1429700,5.0,5.0,4
1429750,5.0,5.0,4
1429800,5.0,5.0,4
1429850,5.0,5.0,4
1429900,5.0,5.0,4
1429950,5.0,5.0,4
1430000,5.0,5.0,4
1430050,5.0,5.0,4
1430100,5.0,5.0,4
1430150,5.0,5.0,4
1430200,5.0,5.0,4
1430250,5.0,5.0,4
1430300,5.0,5.0,4
1430350,5.0,5.0,4
1430400,5.0,5.0,4
1430450,5.0,5.0,4
1430500,5.0,5.0,4
1430550,5.0,5.0,4
1430600,5.0,5.0,4
1430650,5.0,5.0,4
1430700,5.0,5.0,4
1430750,5.0,5.0,4
1430800,5.0,5.0,4
1430850,5.0,5.0,4
1430900,5.0,5.0,4
1430950,5.0,5.0,4
1431000,5.0,5.0,4
1431050,5.0,5.0,4
1431100,5.0,5.0,4
1431150,5.0,5.0,4
1431200,5.0,5.0,4
1431250,5.0,5.0,4
1431300,5.0,5.0,4
1431350,5.0,5.0,4
1431400,5.0,5.0,4
1431450,5.0,5.0,4
1431500,5.0,5.0,4
1431550,5.0,5.0,4
1431600,5.0,5.0,4
1431650,5.0,5.0,4
1431700,5.0,5.0,4
1431750,5.0,5.0,4
1431800,5.0,5.0,4
1431850,5.0,5.0,4
1431900,5.0,5.0,4
1431950,5.0,5.0,4
1432000,5.0,5.0,4
1432050,5.0,5.0,4
1432100,5.0,5.0,4
1432150,5.0,5.0,4
1432200,5.0,5.0,4
1432250,5.0,5.0,4
1432300,5.0,5.0,4
1432350,5.0,5.0,4
1432400,5.0,5.0,4
1432450,5.0,5.0,4
1432500,5.0,5.0,4
1432550,5.0,5.0,4
1432600,5.0,5.0,4
1432650,5.0,5.0,4
1432700,5.0,5.0,4
1432750,5.0,5.0,4
1432800,5.0,5.0,4
1432850,5.0,5.0,4
1432900,5.0,5.0,4
1432950,5.0,5.0,4
1433000,5.0,5.0,4
1433050,5.0,5.0,4
1433100,5.0,5.0,4
1433150,5.0,5.0,4
1433200,5.0,5.0,4
1433250,5.0,5.0,4
1433300,5.0,5.0,4
1433350,5.0,5.0,4
1433400,5.0,5.0,4
1433450,5.0,5.0,4
1433500,5.0,5.0,4
1433550,5.0,5.0,4
1433600,5.0,5.0,4
1433650,5.0,5.0,4
1433700,5.0,5.0,4
1433750,5.0,5.0,4
1433800,5.0,5.0,4
1433850,5.0,5.0,4
1433900,5.0,5.0,4
1433950,5.0,5.0,4
1434000,5.0,5.0,4
1434050,5.0,5.0,4
1434100,5.0,5.0,4
1434150,5.0,5.0,4
1434200,5.0,5.0,4
1434250,5.0,5.0,4
1434300,5.0,5.0,4
1434350,5.0,5.0,4
1434400,5.0,5.0,4
1434450,5.0,5.0,4
1434500,5.0,5.0,4
1434550,5.0,5.0,4
1434600,5.0,5.0,4
1434650,5.0,5.0,4
1434700,5.0,5.0,4
1434750,5.0,5.0,4
1434800,5.0,5.0,4
1434850,5.0,5.0,4
1434900,5.0,5.0,4
1434950,5.0,5.0,4
1435000,5.0,5.0,4
1435050,5.0,5.0,4
1435100,5.0,5.0,4
1435150,5.0,5.0,4
1435200,5.0,5.0,4
1435250,5.0,5.0,4
1435300,5.0,5.0,4
1435350,5.0,5.0,4
1435400,5.0,5.0,4
1435450,5.0,5.0,4
1435500,5.0,5.0,4
1435550,5.0,5.0,4
1435600,5.0,5.0,4
1435650,5.0,5.0,4
1435700,5.0,5.0,4
1435750,5.0,5.0,4
1435800,5.0,5.0,4
1435850,5.0,5.0,4
1435900,5.0,5.0,4
1435950,5.0,5.0,4
1436000,5.0,5.0,4
1436050,5.0,5.0,4
1436100,5.0,5.0,4
1436150,5.0,5.0,4
1436200,5.0,5.0,4
1436250,5.0,5.0,4
1436300,5.0,5.0,4
1436350,5.0,5.0,4
1436400,5.0,5.0,4
1436450,5.0,5.0,4
1436500,5.0,5.0,4
1436550,5.0,5.0,4
1436600,5.0,5.0,4
1436650,5.0,5.0,4
1436700,5.0,5.0,4
1436750,5.0,5.0,4
1436800,5.0,5.0,4
1436850,5.0,5.0,4
1436900,5.0,5.0,4
1436950,5.0,5.0,4
1437000,5.0,5.0,4
1437050,5.0,5.0,4
1437100,5.0,5.0,4
1437150,5.0,5.0,4
1437200,5.0,5.0,4
1437250,5.0,5.0,4
1437300,5.0,5.0,4
1437350,5.0,5.0,4
1437400,5.0,5.0,4
1437450,5.0,5.0,4
1437500,5.0,5.0,4
1437550,5.0,5.0,4
1437600,5.0,5.0,4
1437650,5.0,5.0,4
1437700,5.0,5.0,4
1437750,5.0,5.0,4
1437800,5.0,5.0,4
1437850,5.0,5.0,4
1437900,5.0,5.0,4
1437950,5.0,5.0,4
1438000,5.0,5.0,4
1438050,5.0,5.0,4
1438100,5.0,5.0,4
1438150,5.0,5.0,4
1438200,5.0,5.0,4
1438250,5.0,5.0,4
1438300,5.0,5.0,4
1438350,5.0,5.0,4
1438400,5.0,5.0,4
1438450,5.0,5.0,4
1438500,5.0,5.0,4
1438550,5.0,5.0,4
1438600,5.0,5.0,4
1438650,5.0,5.0,4
1438700,5.0,5.0,4
1438750,5.0,5.0,4
1438800,5.0,5.0,4
1438850,5.0,5.0,4
1438900,5.0,5.0,4
1438950,5.0,5.0,4
1439000,5.0,5.0,4
1439050,5.0,5.0,4
1439100,5.0,5.0,4
1439150,5.0,5.0,4
1439200,5.0,5.0,4
1439250,5.0,5.0,4
1439300,5.0,5.0,4
1439350,5.0,5.0,4
1439400,5.0,5.0,4
1439450,5.0,5.0,4
1439500,5.0,5.0,4
1439550,5.0,5.0,4
1439600,5.0,5.0,4
1439650,5.0,5.0,4
1439700,5.0,5.0,4
1439750,5.0,5.0,4
1439800,5.0,5.0,4
1439850,5.0,5.0,4
1439900,5.0,5.0,4
1439950,5.0,5.0,4
1440000,5.0,5.0,4
1440050,5.0,5.0,4
1440100,5.0,5.0,4
1440150,5.0,5.0,4
1440200,5.0,5.0,4
1440250,5.0,5.0,4
1440300,5.0,5.0,4
1440350,5.0,5.0,4
1440400,5.0,5.0,4
1440450,5.0,5.0,4
1440500,5.0,5.0,4
1440550,5.0,5.0,4
1440600,5.0,5.0,4
1440650,5.0,5.0,4
1440700,5.0,5.0,4
1440750,5.0,5.0,4
1440800,5.0,5.0,4
1440850,5.0,5.0,4
1440900,5.0,5.0,4
1440950,5.0,5.0,4
1441000,5.0,5.0,4
1441050,5.0,5.0,4
1441100,5.0,5.0,4
1441150,5.0,5.0,4
1441200,5.0,5.0,4
1441250,5.0,5.0,4
1441300,5.0,5.0,4
1441350,5.0,5.0,4
1441400,5.0,5.0,4
1441450,5.0,5.0,4
1441500,5.0,5.0,4
1441550,5.0,5.0,4
1441600,5.0,5.0,4
1441650,5.0,5.0,4
1441700,5.0,5.0,4
1441750,5.0,5.0,4
1441800,5.0,5.0,4
1441850,5.0,5.0,4
1441900,5.0,5.0,4
1441950,5.0,5.0,4
1442000,5.0,5.0,4
1442050,5.0,5.0,4
1442100,5.0,5.0,4
1442150,5.0,5.0,4
1442200,5.0,5.0,4
1442250,5.0,5.0,4
1442300,5.0,5.0,4
1442350,5.0,5.0,4
1442400,5.0,5.0,4
1442450,5.0,5.0,4
1442500,5.0,5.0,4
1442550,5.0,5.0,4
1442600,5.0,5.0,4
1442650,5.0,5.0,4
1442700,5.0,5.0,4
1442750,5.0,5.0,4
1442800,5.0,5.0,4
1442850,5.0,5.0,4
1442900,5.0,5.0,4
1442950,5.0,5.0,4
1443000,5.0,5.0,4
1443050,5.0,5.0,4
1443100,5.0,5.0,4
1443150,5.0,5.0,4
1443200,5.0,5.0,4
1443250,5.0,5.0,4
1443300,5.0,5.0,4
1443350,5.0,5.0,4
1443400,5.0,5.0,4
1443450,5.0,5.0,4
1443500,5.0,5.0,4
1443550,5.0,5.0,4
1443600,5.0,5.0,4
1443650,5.0,5.0,4
1443700,5.0,5.0,4
1443750,5.0,5.0,4
1443800,5.0,5.0,4
1443850,5.0,5.0,4
1443900,5.0,5.0,4
1443950,5.0,5.0,4
1444000,5.0,5.0,4
1444050,5.0,5.0,4
1444100,5.0,5.0,4
1444150,5.0,5.0,4
1444200,5.0,5.0,4
1444250,5.0,5.0,4
1444300,5.0,5.0,4
1444350,5.0,5.0,4
1444400,5.0,5.0,4
1444450,5.0,5.0,4
1444500,5.0,5.0,4
1444550,5.0,5.0,4
1444600,5.0,5.0,4
1444650,5.0,5.0,4
1444700,5.0,5.0,4
1444750,5.0,5.0,4
1444800,5.0,5.0,4
1444850,5.0,5.0,4
1444900,5.0,5.0,4
1444950,5.0,5.0,4
1445000,5.0,5.0,4
1445050,5.0,5.0,4
1445100,5.0,5.0,4
1445150,5.0,5.0,4
1445200,5.0,5.0,4
1445250,5.0,5.0,4
1445300,5.0,5.0,4
1445350,5.0,5.0,4
1445400,5.0,5.0,4
1445450,5.0,5.0,4
1445500,5.0,5.0,4
1445550,5.0,5.0,4
1445600,5.0,5.0,4
1445650,5.0,5.0,4
1445700,5.0,5.0,4
1445750,5.0,5.0,4
1445800,5.0,5.0,4
1445850,5.0,5.0,4
1445900,5.0,5.0,4
1445950,5.0,5.0,4
1446000,5.0,5.0,4
1446050,5.0,5.0,4
1446100,5.0,5.0,4
1446150,5.0,5.0,4
1446200,5.0,5.0,4
1446250,5.0,5.0,4
1446300,5.0,5.0,4
1446350,5.0,5.0,4
1446400,5.0,5.0,4
1446450,5.0,5.0,4
1446500,5.0,5.0,4
1446550,5.0,5.0,4
1446600,5.0,5.0,4
1446650,5.0,5.0,4
1446700,5.0,5.0,4
1446750,5.0,5.0,4
1446800,5.0,5.0,4
1446850,5.0,5.0,4
1446900,5.0,5.0,4
1446950,5.0,5.0,4
1447000,5.0,5.0,4
1447050,5.0,5.0,4
1447100,5.0,5.0,4
1447150,5.0,5.0,4
1447200,5.0,5.0,4
1447250,5.0,5.0,4
1447300,5.0,5.0,4
1447350,5.0,5.0,4
1447400,5.0,5.0,4
1447450,5.0,5.0,4
1447500,5.0,5.0,4
1447550,5.0,5.0,4
1447600,5.0,5.0,4
1447650,5.0,5.0,4
1447700,5.0,5.0,4
1447750,5.0,5.0,4
1447800,5.0,5.0,4
1447850,5.0,5.0,4
1447900,5.0,5.0,4
1447950,5.0,5.0,4
1448000,5.0,5.0,4
1448050,5.0,5.0,4
1448100,5.0,5.0,4
1448150,5.0,5.0,4
1448200,5.0,5.0,4
1448250,5.0,5.0,4
1448300,5.0,5.0,4
1448350,5.0,5.0,4
1448400,5.0,5.0,4
1448450,5.0,5.0,4
1448500,5.0,5.0,4
1448550,5.0,5.0,4
1448600,5.0,5.0,4
1448650,5.0,5.0,4
1448700,5.0,5.0,4
1448750,5.0,5.0,4
1448800,5.0,5.0,4
1448850,5.0,5.0,4
1448900,5.0,5.0,4
1448950,5.0,5.0,4
1449000,5.0,5.0,4
1449050,5.0,5.0,4
1449100,5.0,5.0,4
1449150,5.0,5.0,4
1449200,5.0,5.0,4
1449250,5.0,5.0,4
1449300,5.0,5.0,4
1449350,5.0,5.0,4
1449400,5.0,5.0,4
1449450,5.0,5.0,4
1449500,5.0,5.0,4
1449550,5.0,5.0,4
1449600,5.0,5.0,4
1449650,5.0,5.0,4
1449700,5.0,5.0,4
1449750,5.0,5.0,4
1449800,5.0,5.0,4
1449850,5.0,5.0,4
1449900,5.0,5.0,4
1449950,5.0,5.0,4
1450000,5.0,5.0,4
1450050,5.0,5.0,4
1450100,5.0,5.0,4
1450150,5.0,5.0,4
1450200,5.0,5.0,4
1450250,5.0,5.0,4
1450300,5.0,5.0,4
1450350,5.0,5.0,4
1450400,5.0,5.0,4
1450450,5.0,5.0,4
1450500,5.0,5.0,4
1450550,5.0,5.0,4
1450600,5.0,5.0,4
1450650,5.0,5.0,4
1450700,5.0,5.0,4
1450750,5.0,5.0,4
1450800,5.0,5.0,4
1450850,5.0,5.0,4
1450900,5.0,5.0,4
1450950,5.0,5.0,4
1451000,5.0,5.0,4
1451050,5.0,5.0,4
1451100,5.0,5.0,4
1451150,5.0,5.0,4
1451200,5.0,5.0,4
1451250,5.0,5.0,4
1451300,5.0,5.0,4
1451350,5.0,5.0,4
1451400,5.0,5.0,4
1451450,5.0,5.0,4
1451500,5.0,5.0,4
1451550,5.0,5.0,4
1451600,5.0,5.0,4
1451650,5.0,5.0,4
1451700,5.0,5.0,4
1451750,5.0,5.0,4
1451800,5.0,5.0,4
1451850,5.0,5.0,4
1451900,5.0,5.0,4
1451950,5.0,5.0,4
1452000,5.0,5.0,4
1452050,5.0,5.0,4
1452100,5.0,5.0,4
1452150,5.0,5.0,4
1452200,5.0,5.0,4
1452250,5.0,5.0,4
1452300,5.0,5.0,4
1452350,5.0,5.0,4
1452400,5.0,5.0,4
1452450,5.0,5.0,4
1452500,5.0,5.0,4
1452550,5.0,5.0,4
1452600,5.0,5.0,4
1452650,5.0,5.0,4
1452700,5.0,5.0,4
1452750,5.0,5.0,4
1452800,5.0,5.0,4
1452850,5.0,5.0,4
1452900,5.0,5.0,4
1452950,5.0,5.0,4
1453000,5.0,5.0,4
1453050,5.0,5.0,4
1453100,5.0,5.0,4
1453150,5.0,5.0,4
1453200,5.0,5.0,4
1453250,5.0,5.0,4
1453300,5.0,5.0,4
1453350,5.0,5.0,4
1453400,5.0,5.0,4
1453450,5.0,5.0,4
1453500,5.0,5.0,4
1453550,5.0,5.0,4
1453600,5.0,5.0,4
1453650,5.0,5.0,4
1453700,5.0,5.0,4
1453750,5.0,5.0,4
1453800,5.0,5.0,4
1453850,5.0,5.0,4
1453900,5.0,5.0,4
1453950,5.0,5.0,4
1454000,5.0,5.0,4
1454050,5.0,5.0,4
1454100,5.0,5.0,4
1454150,5.0,5.0,4
1454200,5.0,5.0,4
1454250,5.0,5.0,4
1454300,5.0,5.0,4
1454350,5.0,5.0,4
1454400,5.0,5.0,4
1454450,5.0,5.0,4
1454500,5.0,5.0,4
1454550,5.0,5.0,4
1454600,5.0,5.0,4
1454650,5.0,5.0,4
1454700,5.0,5.0,4
1454750,5.0,5.0,4
1454800,5.0,5.0,4
1454850,5.0,5.0,4
1454900,5.0,5.0,4
1454950,5.0,5.0,4
1455000,5.0,5.0,4
1455050,5.0,5.0,4
1455100,5.0,5.0,4
1455150,5.0,5.0,4
1455200,5.0,5.0,4
1455250,5.0,5.0,4
1455300,5.0,5.0,4
1455350,5.0,5.0,4
1455400,5.0,5.0,4
1455450,5.0,5.0,4
1455500,5.0,5.0,4
1455550,5.0,5.0,4
1455600,5.0,5.0,4
1455650,5.0,5.0,4
1455700,5.0,5.0,4
1455750,5.0,5.0,4
1455800,5.0,5.0,4
1455850,5.0,5.0,4
1455900,5.0,5.0,4
1455950,5.0,5.0,4
1456000,5.0,5.0,4
1456050,5.0,5.0,4
1456100,5.0,5.0,4
1456150,5.0,5.0,4
1456200,5.0,5.0,4
1456250,5.0,5.0,4
1456300,5.0,5.0,4
1456350,5.0,5.0,4
1456400,5.0,5.0,4
1456450,5.0,5.0,4
1456500,5.0,5.0,4
1456550,5.0,5.0,4
1456600,5.0,5.0,4
1456650,5.0,5.0,4
1456700,5.0,5.0,4
1456750,5.0,5.0,4
1456800,5.0,5.0,4
1456850,5.0,5.0,4
1456900,5.0,5.0,4
1456950,5.0,5.0,4
1457000,5.0,5.0,4
1457050,5.0,5.0,4
1457100,5.0,5.0,4
1457150,5.0,5.0,4
1457200,5.0,5.0,4
1457250,5.0,5.0,4
1457300,5.0,5.0,4
1457350,5.0,5.0,4
1457400,5.0,5.0,4
1457450,5.0,5.0,4
1457500,5.0,5.0,4
1457550,5.0,5.0,4
1457600,5.0,5.0,4
1457650,5.0,5.0,4
1457700,5.0,5.0,4
1457750,5.0,5.0,4
1457800,5.0,5.0,4
1457850,5.0,5.0,4
1457900,5.0,5.0,4
1457950,5.0,5.0,4
1458000,5.0,5.0,4
1458050,5.0,5.0,4
1458100,5.0,5.0,4
1458150,5.0,5.0,4
1458200,5.0,5.0,4
1458250,5.0,5.0,4
1458300,5.0,5.0,4
1458350,5.0,5.0,4
1458400,5.0,5.0,4
1458450,5.0,5.0,4
1458500,5.0,5.0,4
1458550,5.0,5.0,4
1458600,5.0,5.0,4
1458650,5.0,5.0,4
1458700,5.0,5.0,4
1458750,5.0,5.0,4
1458800,5.0,5.0,4
1458850,5.0,5.0,4
1458900,5.0,5.0,4
1458950,5.0,5.0,4
1459000,5.0,5.0,4
1459050,5.0,5.0,4
1459100,5.0,5.0,4
1459150,5.0,5.0,4
1459200,5.0,5.0,4
1459250,5.0,5.0,4
1459300,5.0,5.0,4
1459350,5.0,5.0,4
1459400,5.0,5.0,4
1459450,5.0,5.0,4
1459500,5.0,5.0,4
1459550,5.0,5.0,4
1459600,5.0,5.0,4
1459650,5.0,5.0,4
1459700,5.0,5.0,4
1459750,5.0,5.0,4
1459800,5.0,5.0,4
1459850,5.0,5.0,4
1459900,5.0,5.0,4
1459950,5.0,5.0,4
1460000,5.0,5.0,4
1460050,5.0,5.0,4
1460100,5.0,5.0,4
1460150,5.0,5.0,4
1460200,5.0,5.0,4
1460250,5.0,5.0,4
1460300,5.0,5.0,4
1460350,5.0,5.0,4
1460400,5.0,5.0,4
1460450,5.0,5.0,4
1460500,5.0,5.0,4
1460550,5.0,5.0,4
1460600,5.0,5.0,4
1460650,5.0,5.0,4
1460700,5.0,5.0,4
1460750,5.0,5.0,4
1460800,5.0,5.0,4
1460850,5.0,5.0,4
1460900,5.0,5.0,4
1460950,5.0,5.0,4
1461000,5.0,5.0,4
1461050,5.0,5.0,4
1461100,5.0,5.0,4
1461150,5.0,5.0,4
1461200,5.0,5.0,4
1461250,5.0,5.0,4
1461300,5.0,5.0,4
1461350,5.0,5.0,4
1461400,5.0,5.0,4
1461450,5.0,5.0,4
1461500,5.0,5.0,4
1461550,5.0,5.0,4
1461600,5.0,5.0,4
1461650,5.0,5.0,4
1461700,5.0,5.0,4
1461750,5.0,5.0,4
1461800,5.0,5.0,4
1461850,5.0,5.0,4
1461900,5.0,5.0,4
1461950,5.0,5.0,4
1462000,5.0,5.0,4
1462050,5.0,5.0,4
1462100,5.0,5.0,4
1462150,5.0,5.0,4
1462200,5.0,5.0,4
1462250,5.0,5.0,4
1462300,5.0,5.0,4
1462350,5.0,5.0,4
1462400,5.0,5.0,4
1462450,5.0,5.0,4
1462500,5.0,5.0,4
1462550,5.0,5.0,4
1462600,5.0,5.0,4
1462650,5.0,5.0,4
1462700,5.0,5.0,4
1462750,5.0,5.0,4
1462800,5.0,5.0,4
1462850,5.0,5.0,4
1462900,5.0,5.0,4
1462950,5.0,5.0,4
1463000,5.0,5.0,4
1463050,5.0,5.0,4
1463100,5.0,5.0,4
1463150,5.0,5.0,4
1463200,5.0,5.0,4
1463250,5.0,5.0,4
1463300,5.0,5.0,4
1463350,5.0,5.0,4
1463400,5.0,5.0,4
1463450,5.0,5.0,4
1463500,5.0,5.0,4
1463550,5.0,5.0,4
1463600,5.0,5.0,4
1463650,5.0,5.0,4
1463700,5.0,5.0,4
1463750,5.0,5.0,4
1463800,5.0,5.0,4
1463850,5.0,5.0,4
1463900,5.0,5.0,4
1463950,5.0,5.0,4
1464000,5.0,5.0,4
1464050,5.0,5.0,4
1464100,5.0,5.0,4
1464150,5.0,5.0,4
1464200,5.0,5.0,4
1464250,5.0,5.0,4
1464300,5.0,5.0,4
1464350,5.0,5.0,4
1464400,5.0,5.0,4
1464450,5.0,5.0,4
1464500,5.0,5.0,4
1464550,5.0,5.0,4
1464600,5.0,5.0,4
1464650,5.0,5.0,4
1464700,5.0,5.0,4
1464750,5.0,5.0,4
1464800,5.0,5.0,4
1464850,5.0,5.0,4
1464900,5.0,5.0,4
1464950,5.0,5.0,4
1465000,5.0,5.0,4
1465050,5.0,5.0,4
1465100,5.0,5.0,4
1465150,5.0,5.0,4
1465200,5.0,5.0,4
1465250,5.0,5.0,4
1465300,5.0,5.0,4
1465350,5.0,5.0,4
1465400,5.0,5.0,4
1465450,5.0,5.0,4
1465500,5.0,5.0,4
1465550,5.0,5.0,4
1465600,5.0,5.0,4
1465650,5.0,5.0,4
1465700,5.0,5.0,4
1465750,5.0,5.0,4
1465800,5.0,5.0,4
1465850,5.0,5.0,4
1465900,5.0,5.0,4
1465950,5.0,5.0,4
1466000,5.0,5.0,4
1466050,5.0,5.0,4
1466100,5.0,5.0,4
1466150,5.0,5.0,4
1466200,5.0,5.0,4
1466250,5.0,5.0,4
1466300,5.0,5.0,4
1466350,5.0,5.0,4
1466400,5.0,5.0,4
1466450,5.0,5.0,4
1466500,5.0,5.0,4
1466550,5.0,5.0,4
1466600,5.0,5.0,4
1466650,5.0,5.0,4
1466700,5.0,5.0,4
1466750,5.0,5.0,4
1466800,5.0,5.0,4
1466850,5.0,5.0,4
1466900,5.0,5.0,4
1466950,5.0,5.0,4
1467000,5.0,5.0,4
1467050,5.0,5.0,4
1467100,5.0,5.0,4
1467150,5.0,5.0,4
1467200,5.0,5.0,4
1467250,5.0,5.0,4
1467300,5.0,5.0,4
1467350,5.0,5.0,4
1467400,5.0,5.0,4
1467450,5.0,5.0,4
1467500,5.0,5.0,4
1467550,5.0,5.0,4
1467600,5.0,5.0,4
1467650,5.0,5.0,4
1467700,5.0,5.0,4
1467750,5.0,5.0,4
1467800,5.0,5.0,4
1467850,5.0,5.0,4
1467900,5.0,5.0,4
1467950,5.0,5.0,4
1468000,5.0,5.0,4
1468050,5.0,5.0,4
1468100,5.0,5.0,4
1468150,5.0,5.0,4
1468200,5.0,5.0,4
1468250,5.0,5.0,4
1468300,5.0,5.0,4
1468350,5.0,5.0,4
1468400,5.0,5.0,4
1468450,5.0,5.0,4
1468500,5.0,5.0,4
1468550,5.0,5.0,4
1468600,5.0,5.0,4
1468650,5.0,5.0,4
1468700,5.0,5.0,4
1468750,5.0,5.0,4
1468800,5.0,5.0,4
1468850,5.0,5.0,4
1468900,5.0,5.0,4
1468950,5.0,5.0,4
1469000,5.0,5.0,4
1469050,5.0,5.0,4
1469100,5.0,5.0,4
1469150,5.0,5.0,4
1469200,5.0,5.0,4
1469250,5.0,5.0,4
1469300,5.0,5.0,4
1469350,5.0,5.0,4
1469400,5.0,5.0,4
1469450,5.0,5.0,4
1469500,5.0,5.0,4
1469550,5.0,5.0,4
1469600,5.0,5.0,4
1469650,5.0,5.0,4
1469700,5.0,5.0,4
1469750,5.0,5.0,4
1469800,5.0,5.0,4
1469850,5.0,5.0,4
1469900,5.0,5.0,4
1469950,5.0,5.0,4
1470000,5.0,5.0,4
1470050,5.0,5.0,4
1470100,5.0,5.0,4
1470150,5.0,5.0,4
1470200,5.0,5.0,4
1470250,5.0,5.0,4
1470300,5.0,5.0,4
1470350,5.0,5.0,4
1470400,5.0,5.0,4
1470450,5.0,5.0,4
1470500,5.0,5.0,4
1470550,5.0,5.0,4
1470600,5.0,5.0,4
1470650,5.0,5.0,4
1470700,5.0,5.0,4
1470750,5.0,5.0,4
1470800,5.0,5.0,4
1470850,5.0,5.0,4
1470900,5.0,5.0,4
1470950,5.0,5.0,4
1471000,5.0,5.0,4
1471050,5.0,5.0,4
1471100,5.0,5.0,4
1471150,5.0,5.0,4
1471200,5.0,5.0,4
1471250,5.0,5.0,4
1471300,5.0,5.0,4
1471350,5.0,5.0,4
1471400,5.0,5.0,4
1471450,5.0,5.0,4
1471500,5.0,5.0,4
1471550,5.0,5.0,4
1471600,5.0,5.0,4
1471650,5.0,5.0,4
1471700,5.0,5.0,4
1471750,5.0,5.0,4
1471800,5.0,5.0,4
1471850,5.0,5.0,4
1471900,5.0,5.0,4
1471950,5.0,5.0,4
1472000,5.0,5.0,4
1472050,5.0,5.0,4
1472100,5.0,5.0,4
1472150,5.0,5.0,4
1472200,5.0,5.0,4
1472250,5.0,5.0,4
1472300,5.0,5.0,4
1472350,5.0,5.0,4
1472400,5.0,5.0,4
1472450,5.0,5.0,4
1472500,5.0,5.0,4
1472550,5.0,5.0,4
1472600,5.0,5.0,4
1472650,5.0,5.0,4
1472700,5.0,5.0,4
1472750,5.0,5.0,4
1472800,5.0,5.0,4
1472850,5.0,5.0,4
1472900,5.0,5.0,4
1472950,5.0,5.0,4
1473000,5.0,5.0,4
1473050,5.0,5.0,4
1473100,5.0,5.0,4
1473150,5.0,5.0,4
1473200,5.0,5.0,4
1473250,5.0,5.0,4
1473300,5.0,5.0,4
1473350,5.0,5.0,4
1473400,5.0,5.0,4
1473450,5.0,5.0,4
1473500,5.0,5.0,4
1473550,5.0,5.0,4
1473600,5.0,5.0,4
1473650,5.0,5.0,4
1473700,5.0,5.0,4
1473750,5.0,5.0,4
1473800,5.0,5.0,4
1473850,5.0,5.0,4
1473900,5.0,5.0,4
1473950,5.0,5.0,4
1474000,5.0,5.0,4
1474050,5.0,5.0,4
1474100,5.0,5.0,4
1474150,5.0,5.0,4
1474200,5.0,5.0,4
1474250,5.0,5.0,4
1474300,5.0,5.0,4
1474350,5.0,5.0,4
1474400,5.0,5.0,4
1474450,5.0,5.0,4
1474500,5.0,5.0,4
1474550,5.0,5.0,4
1474600,5.0,5.0,4
1474650,5.0,5.0,4
1474700,5.0,5.0,4
1474750,5.0,5.0,4
1474800,5.0,5.0,4
1474850,5.0,5.0,4
1474900,5.0,5.0,4
1474950,5.0,5.0,4
1475000,5.0,5.0,4
1475050,5.0,5.0,4
1475100,5.0,5.0,4
1475150,5.0,5.0,4
1475200,5.0,5.0,4
1475250,5.0,5.0,4
1475300,5.0,5.0,4
1475350,5.0,5.002,4
1475400,5.0,5.003,4
1475450,5.0,5.008,4
1475500,5.0,5.014,4
1475550,5.0,5.018,4
1475600,5.0,5.026,4
1475650,5.0,5.027,4
1475700,5.0,5.027,4
1475750,5.0,5.03,4
1475800,5.0,5.031,4
1475850,5.0,5.031,4
1475900,5.0,5.032,4
1475950,5.0,5.032,4
1476000,5.0,5.032,4
1476050,5.0,5.032,4
1476100,5.0,5.032,4
1476150,5.0,5.032,4
1476200,5.0,5.032,4
1476250,5.0,5.032,4
1476300,5.0,5.032,4
1476350,5.0,5.032,4
1476400,5.0,5.032,4
1476450,5.0,5.032,4
1476500,5.0,5.032,4
1476550,5.0,5.032,4
1476600,5.0,5.032,4
1476650,5.0,5.032,4
1476700,5.0,5.032,4
1476750,5.0,5.032,4
1476800,5.0,5.032,4
1476850,5.0,5.032,4
1476900,5.0,5.032,4
1476950,5.0,5.032,4
1477000,5.0,5.032,4
1477050,5.0,5.032,4
1477100,5.0,5.032,4
1477150,5.0,5.032,4
1477200,5.0,5.032,4
1477250,5.0,5.032,4
1477300,5.0,5.032,4
1477350,5.0,5.032,4
1477400,5.0,5.032,4
1477450,5.0,5.032,4
1477500,5.0,5.032,4
1477550,5.0,5.032,4
1477600,5.0,5.032,4
1477650,5.0,5.032,4
1477700,5.0,5.033,4
1477750,5.0,5.034,4
1477800,5.0,5.034,4
1477850,5.0,5.034,4
1477900,5.0,5.034,4
1477950,5.0,5.034,4
1478000,5.0,5.034,4
1478050,5.0,5.034,4
1478100,5.0,5.034,4
1478150,5.0,5.034,4
1478200,5.0,5.034,4
1478250,5.0,5.034,4
1478300,5.0,5.034,4
1478350,5.0,5.034,4
1478400,5.0,5.034,4
1478450,5.0,5.037,4
1478500,5.0,5.038,4
1478550,5.0,5.038,4
1478600,5.0,5.038,4
1478650,5.0,5.038,4
1478700,5.0,5.038,4
1478750,5.0,5.038,4
1478800,5.0,5.038,4
1478850,5.0,5.038,4
1478900,5.0,5.038,4
1478950,5.0,5.038,4
1479000,5.0,5.038,4
1479050,5.0,5.038,4
1479100,5.0,5.038,4
1479150,5.0,5.038,4
1479200,5.0,5.038,4
1479250,5.0,5.038,4
1479300,5.0,5.038,4
1479350,5.0,5.038,4
1479400,5.0,5.038,4
1479450,5.0,5.038,4
1479500,5.0,5.038,4
1479550,5.0,5.038,4
1479600,5.0,5.038,4
1479650,5.0,5.038,4
1479700,5.0,5.038,4
1479750,5.0,5.038,4
1479800,5.0,5.038,4
1479850,5.0,5.038,4
1479900,5.0,5.038,4
1479950,5.0,5.038,4
1480000,5.0,5.038,4
1480050,5.0,5.038,4
1480100,5.0,5.038,4
1480150,5.0,5.038,4
1480200,5.0,5.038,4
1480250,5.0,5.038,4
1480300,5.0,5.038,4
1480350,5.0,5.038,4
1480400,5.0,5.038,4
1480450,5.0,5.038,4
1480500,5.0,5.038,4
1480550,5.0,5.038,4
1480600,5.0,5.038,4
1480650,5.0,5.038,4
1480700,5.0,5.038,4
1480750,5.0,5.038,4
1480800,5.0,5.038,4
1480850,5.0,5.038,4
1480900,5.0,5.038,4
1480950,5.0,5.038,4
1481000,5.0,5.038,4
1481050,5.0,5.038,4
1481100,5.0,5.038,4
1481150,5.0,5.038,4
1481200,5.0,5.038,4
1481250,5.0,5.038,4
1481300,5.0,5.038,4
1481350,5.0,5.038,4
1481400,5.0,5.038,4
1481450,5.0,5.038,4
1481500,5.0,5.038,4
1481550,5.0,5.038,4
1481600,5.0,5.038,4
1481650,5.0,5.038,4
1481700,5.0,5.038,4
1481750,5.0,5.038,4
1481800,5.0,5.038,4
1481850,5.0,5.041,4
1481900,5.0,5.042,4
1481950,5.0,5.042,4
1482000,5.0,5.042,4
1482050,5.0,5.042,4
1482100,5.0,5.042,4
1482150,5.0,5.042,4
1482200,5.0,5.042,4
1482250,5.0,5.042,4
1482300,5.0,5.042,4
1482350,5.0,5.042,4
1482400,5.0,5.042,4
1482450,5.0,5.042,4
1482500,5.0,5.042,4
1482550,5.0,5.042,4
1482600,5.0,5.042,4
1482650,5.0,5.042,4
1482700,5.0,5.042,4
1482750,5.0,5.042,4
1482800,5.0,5.042,4
1482850,5.0,5.042,4
1482900,5.0,5.042,4
1482950,5.0,5.042,4
1483000,5.0,5.043,4
1483050,5.0,5.043,4
1483100,5.0,5.043,4
1483150,5.0,5.043,4
1483200,5.0,5.043,4
1483250,5.0,5.043,4
1483300,5.0,5.043,4
1483350,5.0,5.043,4
1483400,5.0,5.043,4
1483450,5.0,5.043,4
1483500,5.0,5.043,4
1483550,5.0,5.043,4
1483600,5.0,5.043,4
1483650,5.0,5.043,4
1483700,5.0,5.043,4
1483750,5.0,5.043,4
1483800,5.0,5.043,4
1483850,5.0,5.043,4
1483900,5.0,5.043,4
1483950,5.0,5.043,4
1484000,5.0,5.043,4
1484050,5.0,5.043,4
1484100,5.0,5.043,4
1484150,5.0,5.043,4
1484200,5.0,5.043,4
1484250,5.0,5.043,4
1484300,5.0,5.043,4
1484350,5.0,5.043,4
1484400,5.0,5.043,4
1484450,5.0,5.043,4
1484500,5.0,5.043,4
1484550,5.0,5.043,4
1484600,5.0,5.043,4
1484650,5.0,5.043,4
1484700,5.0,5.043,4
1484750,5.0,5.043,4
1484800,5.0,5.043,4
1484850,5.0,5.043,4
1484900,5.0,5.043,4
1484950,5.0,5.043,4
1485000,5.0,5.043,4
1485050,5.0,5.045,4
1485100,5.0,5.046,4
1485150,5.0,5.046,4
1485200,5.0,5.046,4
1485250,5.0,5.048,4
1485300,5.0,5.049,4
1485350,5.0,5.049,4
1485400,5.0,5.049,4
1485450,5.0,5.049,4
1485500,5.0,5.049,4
1485550,5.0,5.049,4
1485600,5.0,5.049,4
1485650,5.0,5.049,4
1485700,5.0,5.049,4
1485750,5.0,5.049,4
1485800,5.0,5.049,4
1485850,5.0,5.049,4
1485900,5.0,5.049,4
1485950,5.0,5.049,4
1486000,5.0,5.049,4
1486050,5.0,5.049,4
1486100,5.0,5.049,4
1486150,5.0,5.049,4
1486200,5.0,5.049,4
1486250,5.0,5.049,4
1486300,5.0,5.049,4
1486350,5.0,5.049,4
1486400,5.0,5.049,4
1486450,5.0,5.049,4
1486500,5.0,5.051,4
1486550,5.0,5.051,4
1486600,5.0,5.051,4
1486650,5.0,5.051,4
1486700,5.0,5.051,4
1486750,5.0,5.051,4
1486800,5.0,5.051,4
1486850,5.0,5.051,4
1486900,5.0,5.051,4
1486950,5.0,5.051,4
1487000,5.0,5.051,4
1487050,5.0,5.051,4
1487100,5.0,5.051,4
1487150,5.0,5.051,4
1487200,5.0,5.051,4
1487250,5.0,5.051,4
1487300,5.0,5.051,4
1487350,5.0,5.051,4
1487400,5.0,5.051,4
1487450,5.0,5.051,4
1487500,5.0,5.051,4
1487550,5.0,5.051,4
1487600,5.0,5.051,4
1487650,5.0,5.051,4
1487700,5.0,5.051,4
1487750,5.0,5.051,4
1487800,5.0,5.051,4
1487850,5.0,5.051,4
1487900,5.0,5.051,4
1487950,5.0,5.051,4
1488000,5.0,5.051,4
1488050,5.0,5.051,4
1488100,5.0,5.051,4
1488150,5.0,5.051,4
1488200,5.0,5.051,4
1488250,5.0,5.051,4
1488300,5.0,5.051,4
1488350,5.0,5.051,4
1488400,5.0,5.051,4
1488450,5.0,5.051,4
1488500,5.0,5.053,4
1488550,5.0,5.053,4
1488600,5.0,5.053,4
1488650,5.0,5.053,4
1488700,5.0,5.053,4
1488750,5.0,5.053,4
1488800,5.0,5.053,4
1488850,5.0,5.053,4
1488900,5.0,5.053,4
1488950,5.0,5.053,4
1489000,5.0,5.053,4
1489050,5.0,5.053,4
1489100,5.0,5.053,4
1489150,5.0,5.053,4
1489200,5.0,5.053,4
1489250,5.0,5.053,4
1489300,5.0,5.053,4
1489350,5.0,5.053,4
1489400,5.0,5.053,4
1489450,5.0,5.053,4
1489500,5.0,5.053,4
1489550,5.0,5.053,4
1489600,5.0,5.053,4
1489650,5.0,5.053,4
1489700,5.0,5.053,4
1489750,5.0,5.053,4
1489800,5.0,5.053,4
1489850,5.0,5.053,4
1489900,5.0,5.053,4
1489950,5.0,5.053,4
1490000,5.0,5.053,4
1490050,5.0,5.053,4
1490100,5.0,5.053,4
1490150,5.0,5.053,4
1490200,5.0,5.053,4
1490250,5.0,5.053,4
1490300,5.0,5.053,4
1490350,5.0,5.053,4
1490400,5.0,5.053,4
1490450,5.0,5.053,4
1490500,5.0,5.053,4
1490550,5.0,5.053,4
1490600,5.0,5.053,4
1490650,5.0,5.053,4
1490700,5.0,5.053,4
1490750,5.0,5.053,4
1490800,5.0,5.053,4
1490850,5.0,5.053,4
1490900,5.0,5.053,4
1490950,5.0,5.053,4
1491000,5.0,5.053,4
1491050,5.0,5.053,4
1491100,5.0,5.053,4
1491150,5.0,5.053,4
1491200,5.0,5.053,4
1491250,5.0,5.053,4
1491300,5.0,5.053,4
1491350,5.0,5.053,4
1491400,5.0,5.053,4
1491450,5.0,5.053,4
1491500,5.0,5.053,4
1491550,5.0,5.053,4
1491600,5.0,5.053,4
1491650,5.0,5.053,4
1491700,5.0,5.053,4
1491750,5.0,5.053,4
1491800,5.0,5.053,4
1491850,5.0,5.053,4
1491900,5.0,5.053,4
1491950,5.0,5.053,4
1492000,5.0,5.053,4
1492050,5.0,5.053,4
1492100,5.0,5.053,4
1492150,5.0,5.053,4
1492200,5.0,5.053,4
1492250,5.0,5.055,4
1492300,5.0,5.056,4
1492350,5.0,5.056,4
1492400,5.0,5.056,4
1492450,5.0,5.056,4
1492500,5.0,5.056,4
1492550,5.0,5.056,4
1492600,5.0,5.056,4
1492650,5.0,5.056,4
1492700,5.0,5.056,4
1492750,5.0,5.056,4
1492800,5.0,5.056,4
1492850,5.0,5.056,4
1492900,5.0,5.056,4
1492950,5.0,5.056,4
1493000,5.0,5.056,4
1493050,5.0,5.056,4
1493100,5.0,5.056,4
1493150,5.0,5.056,4
1493200,5.0,5.056,4
1493250,5.0,5.056,4
1493300,5.0,5.056,4
1493350,5.0,5.056,4
1493400,5.0,5.056,4
1493450,5.0,5.056,4
1493500,5.0,5.056,4
1493550,5.0,5.056,4
1493600,5.0,5.056,4
1493650,5.0,5.076,4
1493700,5.0,5.094,4
1493750,5.0,5.114,4
1493800,5.0,5.121,4
1493850,5.0,5.122,4
1493900,5.0,5.128,4
1493950,5.0,5.129,4
1494000,5.0,5.129,4
1494050,5.0,5.129,4
1494100,5.0,5.129,4
1494150,5.0,5.129,4
1494200,5.0,5.129,4
1494250,5.0,5.129,4
1494300,5.0,5.129,4
1494350,5.0,5.129,4
1494400,5.0,5.129,4
1494450,5.0,5.129,4
1494500,5.0,5.129,4
1494550,5.0,5.129,4
1494600,5.0,5.129,4
1494650,5.0,5.129,4
1494700,5.0,5.129,4
1494750,5.0,5.129,4
1494800,5.0,5.129,4
1494850,5.0,5.129,4
1494900,5.0,5.129,4
1494950,5.0,5.129,4
1495000,5.0,5.129,4
1495050,5.0,5.129,4
1495100,5.0,5.129,4
1495150,5.0,5.129,4
1495200,5.0,5.129,4
1495250,5.0,5.129,4
1495300,5.0,5.129,4
1495350,5.0,5.129,4
1495400,5.0,5.129,4
1495450,5.0,5.129,4
1495500,5.0,5.129,4
1495550,5.0,5.129,4
1495600,5.0,5.129,4
1495650,5.0,5.129,4
1495700,5.0,5.129,4
1495750,5.0,5.129,4
1495800,5.0,5.129,4
1495850,5.0,5.129,4
1495900,5.0,5.129,4
1495950,5.0,5.129,4
1496000,5.0,5.129,4
1496050,5.0,5.129,4
1496100,5.0,5.129,4
1496150,5.0,5.129,4
1496200,5.0,5.129,4
1496250,5.0,5.129,4
1496300,5.0,5.129,4
1496350,5.0,5.129,4
1496400,5.0,5.129,4
1496450,5.0,5.129,4
1496500,5.0,5.129,4
1496550,5.0,5.129,4
1496600,5.0,5.129,4
1496650,5.0,5.129,4
1496700,5.0,5.129,4
1496750,5.0,5.129,4
1496800,5.0,5.129,4
1496850,5.0,5.129,4
1496900,5.0,5.129,4
1496950,5.0,5.129,4
1497000,5.0,5.129,4
1497050,5.0,5.129,4
1497100,5.0,5.129,4
1497150,5.0,5.129,4
1497200,5.0,5.129,4
1497250,5.0,5.129,4
1497300,5.0,5.129,4
1497350,5.0,5.129,4
1497400,5.0,5.129,4
1497450,5.0,5.129,4
1497500,5.0,5.129,4
1497550,5.0,5.129,4
1497600,5.0,5.129,4
1497650,5.0,5.129,4
1497700,5.0,5.129,4
1497750,5.0,5.129,4
1497800,5.0,5.129,4
1497850,5.0,5.129,4
1497900,5.0,5.129,4
1497950,5.0,5.129,4
1498000,5.0,5.129,4
1498050,5.0,5.129,4
1498100,5.0,5.129,4
1498150,5.0,5.129,4
1498200,5.0,5.129,4
1498250,5.0,5.129,4
1498300,5.0,5.129,4
1498350,5.0,5.129,4
1498400,5.0,5.129,4
1498450,5.0,5.129,4
1498500,5.0,5.129,4
1498550,5.0,5.129,4
1498600,5.0,5.129,4
1498650,5.0,5.129,4
1498700,5.0,5.129,4
1498750,5.0,5.129,4
1498800,5.0,5.129,4
1498850,5.0,5.129,4
1498900,5.0,5.129,4
1498950,5.0,5.129,4
1499000,5.0,5.129,4
1499050,5.0,5.129,4
1499100,5.0,5.129,4
1499150,5.0,5.129,4
1499200,5.0,5.129,4
1499250,5.0,5.129,4
1499300,5.0,5.129,4
1499350,5.0,5.129,4
1499400,5.0,5.129,4
1499450,5.0,5.129,4
1499500,5.0,5.129,4
1499550,5.0,5.129,4
1499600,5.0,5.129,4
1499650,5.0,5.129,4
1499700,5.0,5.129,4
1499750,5.0,5.129,4
1499800,5.0,5.129,4
1499850,5.0,5.129,4
1499900,5.0,5.129,4
1499950,5.0,5.129,4
1500000,5.0,5.129,4
1500050,5.0,5.129,4
1500100,5.0,5.129,4
1500150,5.0,5.129,4
1500200,5.0,5.129,4
1500250,5.0,5.129,4
1500300,5.0,5.129,4
1500350,5.0,5.129,4
1500400,5.0,5.129,4
1500450,5.0,5.129,4
1500500,5.0,5.129,4
1500550,5.0,5.129,4
1500600,5.0,5.129,4
1500650,5.0,5.129,4
1500700,5.0,5.129,4
1500750,5.0,5.129,4
1500800,5.0,5.129,4
1500850,5.0,5.129,4
1500900,5.0,5.129,4
1500950,5.0,5.129,4
1501000,5.0,5.129,4
1501050,5.0,5.129,4
1501100,5.0,5.129,4
1501150,5.0,5.129,4
1501200,5.0,5.129,4
1501250,5.0,5.129,4
1501300,5.0,5.129,4
1501350,5.0,5.129,4
1501400,5.0,5.129,4
1501450,5.0,5.129,4
1501500,5.0,5.129,4
1501550,5.0,5.129,4
1501600,5.0,5.129,4
1501650,5.0,5.129,4
1501700,5.0,5.129,4
1501750,5.0,5.129,4
1501800,5.0,5.129,4
1501850,5.0,5.129,4
1501900,5.0,5.129,4
1501950,5.0,5.129,4
1502000,5.0,5.129,4
1502050,5.0,5.129,4
1502100,5.0,5.129,4
1502150,5.0,5.129,4
1502200,5.0,5.129,4
1502250,5.0,5.129,4
1502300,5.0,5.129,4
1502350,5.0,5.129,4
1502400,5.0,5.129,4
1502450,5.0,5.129,4
1502500,5.0,5.129,4
1502550,5.0,5.129,4
1502600,5.0,5.129,4
1502650,5.0,5.129,4
1502700,5.0,5.129,4
1502750,5.0,5.129,4
1502800,5.0,5.129,4
1502850,5.0,5.129,4
1502900,5.0,5.129,4
1502950,5.0,5.129,4
1503000,5.0,5.129,4
1503050,5.0,5.129,4
1503100,5.0,5.129,4
1503150,5.0,5.129,4
1503200,5.0,5.129,4
1503250,5.0,5.129,4
1503300,5.0,5.129,4
1503350,5.0,5.129,4
1503400,5.0,5.129,4
1503450,5.0,5.129,4
1503500,5.0,5.129,4
1503550,5.0,5.129,4
1503600,5.0,5.129,4
1503650,5.0,5.129,4
1503700,5.0,5.129,4
1503750,5.0,5.129,4
1503800,5.0,5.129,4
1503850,5.0,5.129,4
1503900,5.0,5.129,4
1503950,5.0,5.129,4
1504000,5.0,5.129,4
1504050,5.0,5.129,4
1504100,5.0,5.129,4
1504150,5.0,5.129,4
1504200,5.0,5.129,4
1504250,5.0,5.129,4
1504300,5.0,5.129,4
1504350,5.0,5.129,4
1504400,5.0,5.129,4
1504450,5.0,5.129,4
1504500,5.0,5.129,4
1504550,5.0,5.129,4
1504600,5.0,5.129,4
1504650,5.0,5.129,4
1504700,5.0,5.129,4
1504750,5.0,5.129,4
1504800,5.0,5.129,4
1504850,5.0,5.129,4
1504900,5.0,5.129,4
1504950,5.0,5.129,4
1505000,5.0,5.129,4
1505050,5.0,5.129,4
1505100,5.0,5.129,4
1505150,5.0,5.129,4
1505200,5.0,5.129,4
1505250,5.0,5.129,4
1505300,5.0,5.129,4
1505350,5.0,5.129,4
1505400,5.0,5.129,4
1505450,5.0,5.129,4
1505500,5.0,5.129,4
1505550,5.0,5.129,4
1505600,5.0,5.129,4
1505650,5.0,5.129,4
1505700,5.0,5.129,4
1505750,5.0,5.129,4
1505800,5.0,5.129,4
1505850,5.0,5.129,4
1505900,5.0,5.129,4
1505950,5.0,5.129,4
1506000,5.0,5.129,4
1506050,5.0,5.129,4
1506100,5.0,5.129,4
1506150,5.0,5.129,4
1506200,5.0,5.129,4
1506250,5.0,5.129,4
1506300,5.0,5.129,4
1506350,5.0,5.129,4
1506400,5.0,5.129,4
1506450,5.0,5.129,4
1506500,5.0,5.129,4
1506550,5.0,5.129,4
1506600,5.0,5.129,4
1506650,5.0,5.129,4
1506700,5.0,5.129,4
1506750,5.0,5.129,4
1506800,5.0,5.129,4
1506850,5.0,5.129,4
1506900,5.0,5.129,4
1506950,5.0,5.129,4
1507000,5.0,5.129,4
1507050,5.0,5.129,4
1507100,5.0,5.129,4
1507150,5.0,5.129,4
1507200,5.0,5.129,4
1507250,5.0,5.129,4
1507300,5.0,5.129,4
1507350,5.0,5.129,4
1507400,5.0,5.129,4
1507450,5.0,5.129,4
1507500,5.0,5.129,4
1507550,5.0,5.129,4
1507600,5.0,5.129,4
1507650,5.0,5.129,4
1507700,5.0,5.037,4
1507750,5.0,5.003,4
1507800,5.0,5.0,4
1507850,5.0,5.0,4
1507900,5.0,5.0,4
1507950,5.0,5.0,4
1508000,5.0,5.029,11
1508050,5.0,5.093,11
1508100,5.0,5.122,11
1508150,5.0,5.125,11
1508200,5.0,5.125,11
1508250,5.0,5.125,11
1508300,5.0,5.125,11
1508350,5.081,5.113,11
1508400,5.172,5.062,11
1508450,5.206,5.011,11
1508500,5.211,5.0,11
1508550,5.211,5.0,11
1508600,5.22,5.0,11
1508650,5.249,5.0,11
1508700,5.283,5.091,11
1508750,5.299,5.116,11
1508800,5.301,5.116,11
1508850,5.301,5.116,11
1508900,5.301,5.116,11
1508950,5.305,5.116,11
1509000,5.307,5.116,11
1509050,5.311,5.116,11
1509100,5.312,5.116,11
1509150,5.312,5.116,11
1509200,5.312,5.116,11
1509250,5.312,5.116,11
1509300,5.312,5.116,11
1509350,5.312,5.116,11
1509400,5.312,5.116,11
1509450,5.312,5.116,11
1509500,5.312,5.116,11
1509550,5.312,5.116,11
1509600,5.312,5.116,11
1509650,5.302,5.116,11
1509700,5.286,5.025,11
1509750,5.259,5.0,11
1509800,5.228,5.0,11
1509850,5.191,5.0,11
1509900,5.171,5.0,11
1509950,5.149,5.0,11
1510000,5.111,5.0,11
1510050,5.095,5.0,11
1510100,5.085,5.0,11
1510150,5.081,5.0,11
1510200,5.067,5.0,11
1510250,5.057,5.0,11
1510300,5.038,5.0,11
1510350,5.017,5.0,11
1510400,5.003,5.0,11
1510450,5.0,5.0,11
1510500,5.0,5.0,11
1510550,5.0,5.0,11
1510600,5.0,5.0,11
1510650,5.0,5.0,11
1510700,5.0,5.0,11
1510750,5.0,5.0,11
1510800,5.0,5.0,11
1510850,5.0,5.0,11
1510900,5.0,5.0,11
1510950,5.0,5.0,11
1511000,5.0,5.0,11
1511050,5.0,5.0,11
1511100,5.0,5.0,11
1511150,5.0,5.0,11
1511200,5.0,5.0,11
1511250,5.0,5.0,11
1511300,5.0,5.0,11
1511350,5.0,5.0,11
1511400,5.0,5.0,11
1511450,5.0,5.0,11
1511500,5.0,5.0,11
1511550,5.0,5.0,11
1511600,5.0,5.0,11
1511650,5.0,5.0,11
1511700,5.0,5.0,11
1511750,5.0,5.0,11
1511800,5.0,5.0,11
1511850,5.0,5.0,11
1511900,5.0,5.0,11
1511950,5.0,5.0,11
1512000,5.0,5.0,11
1512050,5.0,5.0,11
1512100,5.0,5.0,11
1512150,5.0,5.0,11
1512200,5.0,5.0,11
1512250,5.0,5.0,11
1512300,5.0,5.0,11
1512350,5.0,5.0,11
1512400,5.0,5.0,11
1512450,5.0,5.0,11
1512500,5.0,5.0,11
1512550,5.0,5.0,11
1512600,5.0,5.0,11
1512650,5.0,5.0,11
1512700,5.0,5.0,11
1512750,5.0,5.0,11
1512800,5.0,5.0,11
1512850,5.0,5.0,11
1512900,5.0,5.0,11
1512950,5.0,5.0,11
1513000,5.0,5.0,11
1513050,5.0,5.0,11
1513100,5.0,5.0,11
1513150,5.0,5.0,11
1513200,5.0,5.0,11
1513250,5.0,5.0,11
1513300,5.0,5.0,11
1513350,5.0,5.0,11
1513400,5.0,5.0,11
1513450,5.0,5.0,11
1513500,5.0,5.0,11
1513550,5.0,5.0,11
1513600,5.0,5.0,11
1513650,5.0,5.0,11
1513700,5.0,5.0,11
1513750,5.0,5.0,11
1513800,5.0,5.0,11
1513850,5.0,5.0,11
1513900,5.0,5.0,11
1513950,5.0,5.0,11
1514000,5.0,5.0,11
1514050,5.0,5.0,11
1514100,5.0,5.0,11
1514150,5.0,5.0,11
1514200,5.0,5.0,11
1514250,5.0,5.0,11
1514300,5.0,5.0,11
1514350,5.0,5.0,11
1514400,5.0,5.0,11
1514450,5.0,5.0,11
1514500,5.0,5.0,11
1514550,5.0,5.0,11
1514600,5.0,5.0,11
1514650,5.0,5.0,11
1514700,5.0,5.0,11
1514750,5.0,5.0,11
1514800,5.0,5.0,11
1514850,5.0,5.0,11
1514900,5.0,5.0,11
1514950,5.0,5.0,11
1515000,5.0,5.0,11
1515050,5.0,5.0,11
1515100,5.0,5.0,11
1515150,5.0,5.0,11
1515200,5.0,5.0,11
1515250,5.0,5.0,11
1515300,5.0,5.0,11
1515350,5.0,5.0,11
1515400,5.0,5.0,11
1515450,5.0,5.0,11
1515500,5.0,5.0,11
1515550,5.0,5.0,11
1515600,5.0,5.0,11
1515650,5.0,5.0,11
1515700,5.0,5.0,11
1515750,5.0,5.0,11
1515800,5.0,5.0,11
1515850,5.0,5.0,11
1515900,5.0,5.0,11
1515950,5.0,5.0,11
1516000,5.0,5.0,11
1516050,5.0,5.0,11
1516100,5.0,5.0,11
1516150,5.0,5.0,11
1516200,5.0,5.0,11
1516250,5.0,5.0,11
1516300,5.0,5.0,11
1516350,5.0,5.0,11
1516400,5.0,5.0,11
1516450,5.0,5.0,11
1516500,5.0,5.0,11
1516550,5.0,5.0,11
1516600,5.0,5.0,11
1516650,5.0,5.0,11
1516700,5.0,5.0,11
1516750,5.0,5.0,11
1516800,5.0,5.0,11
1516850,5.0,5.0,11
1516900,5.0,5.0,11
1516950,5.0,5.0,11
1517000,5.0,5.0,11
1517050,5.0,5.0,11
1517100,5.0,5.0,11
1517150,5.0,5.0,11
1517200,5.0,5.0,11
1517250,5.0,5.0,11
1517300,5.0,5.0,11
1517350,5.0,5.0,11
1517400,5.0,5.0,11
1517450,5.0,5.0,11
1517500,5.0,5.0,11
1517550,5.0,5.0,11
1517600,5.0,5.0,11
1517650,5.0,5.0,11
1517700,5.0,5.0,11
1517750,5.0,5.0,11
1517800,5.0,5.0,11
1517850,5.0,5.0,11
1517900,5.0,5.0,11
1517950,5.0,5.0,11
1518000,5.0,5.0,11
1518050,5.0,5.0,11
1518100,5.0,5.0,11
1518150,5.0,5.0,11
1518200,5.0,5.0,11
1518250,5.0,5.0,11
1518300,5.0,5.0,11
1518350,5.0,5.0,11
1518400,5.0,5.0,11
1518450,5.0,5.0,11
1518500,5.0,5.0,11
1518550,5.0,5.0,11
1518600,5.0,5.0,11
1518650,5.0,5.0,11
1518700,5.0,5.0,11
1518750,5.0,5.0,11
1518800,5.0,5.0,11
1518850,5.0,5.0,11
1518900,5.0,5.0,11
1518950,5.0,5.0,11
1519000,5.0,5.0,11
1519050,5.0,5.0,11
1519100,5.0,5.0,11
1519150,5.0,5.0,11
1519200,5.0,5.0,11
1519250,5.0,5.0,11
1519300,5.0,5.0,11
1519350,5.0,5.0,11
1519400,5.0,5.0,11
1519450,5.0,5.0,11
1519500,5.0,5.0,11
1519550,5.0,5.0,11
1519600,5.0,5.0,11
1519650,5.0,5.0,11
1519700,5.0,5.0,11
1519750,5.0,5.0,11
1519800,5.0,5.0,11
1519850,5.0,5.0,11
1519900,5.0,5.0,11
1519950,5.0,5.0,11
1520000,5.0,5.0,11
1520050,5.0,5.0,11
1520100,5.0,5.0,11
1520150,5.0,5.0,11
1520200,5.0,5.0,11
1520250,5.0,5.0,11
1520300,5.0,5.0,11
1520350,5.0,5.0,11
1520400,5.0,5.0,11
1520450,5.0,5.0,11
1520500,5.0,5.0,11
1520550,5.0,5.0,11
1520600,5.0,5.0,11
1520650,5.0,5.0,11
1520700,5.0,5.0,11
1520750,5.0,5.0,11
1520800,5.0,5.0,11
1520850,5.0,5.0,11
1520900,5.0,5.0,11
1520950,5.0,5.0,11
1521000,5.0,5.0,11
1521050,5.0,5.0,11
1521100,5.0,5.0,11
1521150,5.0,5.0,11
1521200,5.0,5.0,11
1521250,5.0,5.0,11
1521300,5.0,5.0,11
1521350,5.0,5.0,11
1521400,5.0,5.0,11
1521450,5.0,5.0,11
1521500,5.0,5.0,11
1521550,5.0,5.0,11
1521600,5.0,5.0,11
1521650,5.0,5.0,11
1521700,5.0,5.0,11
1521750,5.0,5.0,11
1521800,5.0,5.0,11
1521850,5.0,5.0,11
1521900,5.0,5.0,11
1521950,5.0,5.0,11
1522000,5.0,5.0,11
1522050,5.0,5.0,11
1522100,5.0,5.0,11
1522150,5.0,5.0,11
1522200,5.0,5.0,11
1522250,5.0,5.0,11
1522300,5.0,5.0,11
1522350,5.0,5.0,11
1522400,5.0,5.0,11
1522450,5.0,5.0,11
1522500,5.0,5.0,11
1522550,5.0,5.0,11
1522600,5.0,5.0,11
1522650,5.0,5.0,11
1522700,5.0,5.0,11
1522750,5.0,5.0,11
1522800,5.0,5.0,11
1522850,5.0,5.0,11
1522900,5.0,5.0,11
1522950,5.0,5.0,11
1523000,5.0,5.0,11
1523050,5.0,5.0,11
1523100,5.0,5.0,11
1523150,5.0,5.0,11
1523200,5.0,5.0,11
1523250,5.0,5.0,11
1523300,5.0,5.0,11
1523350,5.0,5.0,11
1523400,5.0,5.0,11
1523450,5.0,5.0,11
1523500,5.0,5.0,11
1523550,5.0,5.0,11
1523600,5.0,5.0,11
1523650,5.0,5.0,11
1523700,5.0,5.0,11
1523750,5.0,5.0,11
1523800,5.0,5.0,11
1523850,5.0,5.0,11
1523900,5.0,5.0,11
1523950,5.0,5.0,11
1524000,5.0,5.0,11
1524050,5.0,5.0,11
1524100,5.0,5.0,11
1524150,5.0,5.0,11
1524200,5.0,5.0,11
1524250,5.0,5.0,11
1524300,5.0,5.0,11
1524350,5.0,5.0,11
1524400,5.0,5.0,11
1524450,5.0,5.0,11
1524500,5.0,5.0,11
1524550,5.0,5.0,11
1524600,5.0,5.0,11
1524650,5.0,5.0,11
1524700,5.0,5.0,11
1524750,5.0,5.0,11
1524800,5.0,5.0,11
1524850,5.0,5.0,11
1524900,5.0,5.0,11
1524950,5.0,5.0,11
1525000,5.0,5.0,11
1525050,5.0,5.0,11
1525100,5.0,5.0,11
1525150,5.0,5.0,11
1525200,5.0,5.0,11
1525250,5.0,5.0,11
1525300,5.0,5.0,11
1525350,5.0,5.0,11
1525400,5.0,5.0,11
1525450,5.0,5.0,11
1525500,5.0,5.0,11
1525550,5.0,5.0,11
1525600,5.0,5.0,11
1525650,5.0,5.0,11
1525700,5.0,5.0,11
1525750,5.0,5.0,11
1525800,5.0,5.0,11
1525850,5.0,5.0,11
1525900,5.0,5.0,11
1525950,5.0,5.0,11
1526000,5.0,5.0,11
1526050,5.0,5.0,11
1526100,5.0,5.0,11
1526150,5.0,5.0,11
1526200,5.0,5.0,11
1526250,5.0,5.0,11
1526300,5.0,5.0,11
1526350,5.0,5.0,11
1526400,5.0,5.0,11
1526450,5.0,5.0,11
1526500,5.0,5.0,11
1526550,5.0,5.0,11
1526600,5.0,5.0,11
1526650,5.0,5.0,11
1526700,5.0,5.0,11
1526750,5.0,5.0,11
1526800,5.0,5.0,11
1526850,5.0,5.0,11
1526900,5.0,5.0,11
1526950,5.0,5.0,11
1527000,5.0,5.0,11
1527050,5.0,5.0,11
1527100,5.0,5.0,11
1527150,5.0,5.0,11
1527200,5.0,5.0,11
1527250,5.0,5.0,11
1527300,5.0,5.0,11
1527350,5.0,5.0,11
1527400,5.0,5.0,11
1527450,5.0,5.0,11
1527500,5.0,5.0,11
1527550,5.0,5.0,11
1527600,5.0,5.0,11
1527650,5.0,5.0,11
1527700,5.0,5.0,11
1527750,5.0,5.0,11
1527800,5.0,5.0,11
1527850,5.0,5.0,11
1527900,5.0,5.0,11
1527950,5.0,5.0,11
1528000,5.0,5.0,11
1528050,5.0,5.0,11
1528100,5.0,5.0,11
1528150,5.0,5.0,11
1528200,5.0,5.0,11
1528250,5.0,5.0,11
1528300,5.0,5.0,11
1528350,5.0,5.0,11
1528400,5.0,5.0,11
1528450,5.0,5.0,11
1528500,5.0,5.0,11
1528550,5.0,5.0,11
1528600,5.0,5.0,11
1528650,5.0,5.0,11
1528700,5.0,5.0,11
1528750,5.0,5.0,11
1528800,5.0,5.0,11
1528850,5.0,5.0,11
1528900,5.0,5.0,11
1528950,5.0,5.0,11
1529000,5.0,5.0,11
1529050,5.0,5.0,11
1529100,5.0,5.0,11
1529150,5.0,5.0,11
1529200,5.0,5.0,11
1529250,5.0,5.0,11
1529300,5.0,5.0,11
1529350,5.0,5.0,11
1529400,5.0,5.0,11
1529450,5.0,5.0,11
1529500,5.0,5.0,11
1529550,5.0,5.0,11
1529600,5.0,5.0,11
1529650,5.0,5.0,11
1529700,5.0,5.0,11
1529750,5.0,5.0,11
1529800,5.0,5.0,11
1529850,5.0,5.0,11
1529900,5.0,5.0,11
1529950,5.0,5.0,11
1530000,5.0,5.0,11
1530050,5.0,5.0,11
1530100,5.0,5.0,11
1530150,5.0,5.0,11
1530200,5.0,5.0,11
1530250,5.0,5.0,11
1530300,5.0,5.0,11
1530350,5.0,5.0,11
1530400,5.0,5.0,11
1530450,5.0,5.0,11
1530500,5.0,5.0,11
1530550,5.0,5.0,11
1530600,5.0,5.0,11
1530650,5.0,5.0,11
1530700,5.0,5.0,11
1530750,5.0,5.0,11
1530800,5.0,5.0,11
1530850,5.0,5.0,11
1530900,5.0,5.0,11
1530950,5.0,5.0,11
1531000,5.0,5.0,11
1531050,5.0,5.0,11
1531100,5.0,5.0,11
1531150,5.0,5.0,11
1531200,5.0,5.0,11
1531250,5.0,5.0,11
1531300,5.0,5.0,11
1531350,5.0,5.0,11
1531400,5.0,5.0,11
1531450,5.0,5.0,11
1531500,5.0,5.0,11
1531550,5.0,5.0,11
1531600,5.0,5.0,11
1531650,5.0,5.0,11
1531700,5.0,5.0,11
1531750,5.0,5.0,11
1531800,5.0,5.0,11
1531850,5.0,5.0,11
1531900,5.0,5.0,11
1531950,5.0,5.0,11
1532000,5.0,5.0,11
1532050,5.0,5.0,11
1532100,5.0,5.0,11
1532150,5.0,5.0,11
1532200,5.0,5.0,11
1532250,5.0,5.0,11
1532300,5.0,5.0,11
1532350,5.0,5.0,11
1532400,5.0,5.0,11
1532450,5.0,5.0,11
1532500,5.0,5.0,11
1532550,5.0,5.0,11
1532600,5.0,5.0,11
1532650,5.0,5.0,11
1532700,5.0,5.0,11
1532750,5.0,5.0,11
1532800,5.0,5.0,11
1532850,5.0,5.0,11
1532900,5.0,5.0,11
1532950,5.0,5.0,11
1533000,5.0,5.0,11
1533050,5.0,5.0,11
1533100,5.0,5.0,11
1533150,5.0,5.0,11
1533200,5.0,5.0,11
1533250,5.0,5.0,11
1533300,5.0,5.0,11
1533350,5.0,5.0,11
1533400,5.0,5.0,11
1533450,5.0,5.0,11
1533500,5.0,5.0,11
1533550,5.0,5.0,11
1533600,5.0,5.0,11
1533650,5.0,5.0,11
1533700,5.0,5.0,11
1533750,5.0,5.0,11
1533800,5.0,5.0,11
1533850,5.0,5.0,11
1533900,5.0,5.0,11
1533950,5.0,5.0,11
1534000,5.0,5.0,11
1534050,5.0,5.0,11
1534100,5.0,5.0,11
1534150,5.0,5.0,11
1534200,5.0,5.0,11
1534250,5.0,5.0,11
1534300,5.0,5.0,11
1534350,5.0,5.0,11
1534400,5.0,5.0,11
1534450,5.0,5.0,11
1534500,5.0,5.0,11
1534550,5.0,5.0,11
1534600,5.0,5.0,11
1534650,5.0,5.0,11
1534700,5.0,5.0,11
1534750,5.0,5.0,11
1534800,5.0,5.0,11
1534850,5.0,5.0,11
1534900,5.0,5.0,11
1534950,5.0,5.0,11
1535000,5.0,5.0,11
1535050,5.0,5.0,11
1535100,5.0,5.0,11
1535150,5.0,5.0,11
1535200,5.0,5.0,11
1535250,5.0,5.0,11
1535300,5.0,5.0,11
1535350,5.0,5.0,11
1535400,5.0,5.0,11
1535450,5.0,5.0,11
1535500,5.0,5.0,11
1535550,5.0,5.0,11
1535600,5.0,5.0,11
1535650,5.0,5.0,11
1535700,5.0,5.0,11
1535750,5.0,5.0,11
1535800,5.0,5.0,11
1535850,5.0,5.0,11
1535900,5.0,5.0,11
1535950,5.0,5.0,11
1536000,5.0,5.0,11
1536050,5.0,5.0,11
1536100,5.0,5.0,11
1536150,5.0,5.0,11
1536200,5.0,5.0,11
1536250,5.0,5.0,11
1536300,5.0,5.0,11
1536350,5.0,5.0,11
1536400,5.0,5.0,11
1536450,5.0,5.0,11
1536500,5.0,5.0,11
1536550,5.0,5.0,11
1536600,5.0,5.0,11
1536650,5.0,5.0,11
1536700,5.0,5.0,11
1536750,5.0,5.0,11
1536800,5.0,5.0,11
1536850,5.0,5.0,11
1536900,5.0,5.0,11
1536950,5.0,5.0,11
1537000,5.0,5.0,11
1537050,5.0,5.0,11
1537100,5.0,5.0,11
1537150,5.0,5.0,11
1537200,5.0,5.0,11
1537250,5.0,5.0,11
1537300,5.0,5.0,11
1537350,5.0,5.0,11
1537400,5.0,5.0,11
1537450,5.0,5.0,11
1537500,5.0,5.0,11
1537550,5.0,5.0,11
1537600,5.0,5.0,11
1537650,5.0,5.0,11
1537700,5.0,5.0,11
1537750,5.0,5.0,11
1537800,5.0,5.0,11
1537850,5.0,5.0,11
1537900,5.0,5.0,11
1537950,5.0,5.0,11
1538000,5.0,5.0,11
1538050,5.0,5.0,11
1538100,5.0,5.0,11
1538150,5.0,5.0,11
1538200,5.0,5.0,11
1538250,5.0,5.0,11
1538300,5.0,5.0,11
1538350,5.0,5.0,11
1538400,5.0,5.0,11
1538450,5.0,5.0,11
1538500,5.0,5.0,11
1538550,5.0,5.0,11
1538600,5.0,5.0,11
1538650,5.0,5.0,11
1538700,5.0,5.0,11
1538750,5.0,5.0,11
1538800,5.0,5.0,11
1538850,5.0,5.0,11
1538900,5.0,5.0,11
1538950,5.0,5.0,11
1539000,5.0,5.0,11
1539050,5.0,5.0,11
1539100,5.0,5.0,11
1539150,5.0,5.0,11
1539200,5.0,5.0,11
1539250,5.0,5.0,11
1539300,5.0,5.0,11
1539350,5.0,5.0,11
1539400,5.0,5.0,11
1539450,5.0,5.0,11
1539500,5.0,5.0,11
1539550,5.0,5.0,11
1539600,5.0,5.0,11
1539650,5.0,5.0,11
1539700,5.0,5.0,11
1539750,5.0,5.0,11
1539800,5.0,5.0,11
1539850,5.0,5.0,11
1539900,5.0,5.0,11
1539950,5.0,5.0,11
1540000,5.0,5.0,11
1540050,5.0,5.0,11
1540100,5.0,5.0,11
1540150,5.0,5.0,11
1540200,5.0,5.0,11
1540250,5.0,5.0,11
1540300,5.0,5.0,11
1540350,5.0,5.0,11
1540400,5.0,5.0,11
1540450,5.0,5.0,11
1540500,5.0,5.0,11
1540550,5.0,5.0,11
1540600,5.0,5.0,11
1540650,5.0,5.0,11
1540700,5.0,5.0,11
1540750,5.0,5.0,11
1540800,5.0,5.0,11
1540850,5.0,5.0,11
1540900,5.0,5.0,11
1540950,5.0,5.0,11
1541000,5.0,5.0,11
1541050,5.0,5.0,11
1541100,5.0,5.0,11
1541150,5.0,5.0,11
1541200,5.0,5.0,11
1541250,5.0,5.0,11
1541300,5.0,5.0,11
1541350,5.0,5.0,11
1541400,5.0,5.0,11
1541450,5.0,5.0,11
1541500,5.0,5.0,11
1541550,5.0,5.0,11
1541600,5.0,5.0,11
1541650,5.0,5.0,11
1541700,5.0,5.0,11
1541750,5.0,5.0,11
1541800,5.0,5.0,11
1541850,5.0,5.0,11
1541900,5.0,5.0,11
1541950,5.0,5.0,11
1542000,5.0,5.0,11
1542050,5.0,5.0,11
1542100,5.0,5.0,11
1542150,5.0,5.0,11
1542200,5.0,5.0,11
1542250,5.0,5.0,11
1542300,5.0,5.0,11
1542350,5.0,5.0,11
1542400,5.0,5.0,11
1542450,5.0,5.0,11
1542500,5.0,5.0,11
1542550,5.0,5.0,11
1542600,5.0,5.0,11
1542650,5.0,5.0,11
1542700,5.0,5.0,11
1542750,5.0,5.0,11
1542800,5.0,5.0,11
1542850,5.0,5.0,11
1542900,5.0,5.0,11
1542950,5.0,5.0,11
1543000,5.0,5.0,11
1543050,5.0,5.0,11
1543100,5.0,5.0,11
1543150,5.0,5.0,11
1543200,5.0,5.0,11
1543250,5.0,5.0,11
1543300,5.0,5.0,11
1543350,5.0,5.0,11
1543400,5.0,5.0,11
1543450,5.0,5.0,11
1543500,5.0,5.0,11
1543550,5.0,5.0,11
1543600,5.0,5.0,11
1543650,5.0,5.0,11
1543700,5.0,5.0,11
1543750,5.0,5.0,11
1543800,5.0,5.0,11
1543850,5.0,5.0,11
1543900,5.0,5.0,11
1543950,5.0,5.0,11
1544000,5.0,5.0,11
1544050,5.0,5.0,11
1544100,5.0,5.0,11
1544150,5.0,5.0,11
1544200,5.0,5.0,11
1544250,5.0,5.0,11
1544300,5.0,5.0,11
1544350,5.0,5.0,11
1544400,5.0,5.0,11
1544450,5.0,5.0,11
1544500,5.0,5.0,11
1544550,5.0,5.0,11
1544600,5.0,5.0,11
1544650,5.0,5.0,11
1544700,5.0,5.0,11
1544750,5.0,5.0,11
1544800,5.0,5.0,11
1544850,5.0,5.0,11
1544900,5.0,5.0,11
1544950,5.0,5.0,11
1545000,5.0,5.0,11
1545050,5.0,5.0,11
1545100,5.0,5.0,11
1545150,5.0,5.0,11
1545200,5.0,5.0,11
1545250,5.0,5.0,11
1545300,5.0,5.0,11
1545350,5.0,5.0,11
1545400,5.0,5.0,11
1545450,5.0,5.0,11
1545500,5.0,5.0,11
1545550,5.0,5.0,11
1545600,5.0,5.0,11
1545650,5.0,5.0,11
1545700,5.0,5.0,11
1545750,5.0,5.0,11
1545800,5.0,5.0,11
1545850,5.0,5.0,11
1545900,5.0,5.0,11
1545950,5.0,5.0,11
1546000,5.0,5.0,11
1546050,5.0,5.0,11
1546100,5.0,5.0,11
1546150,5.0,5.0,11
1546200,5.0,5.0,11
1546250,5.0,5.0,11
1546300,5.0,5.0,11
1546350,5.0,5.0,11
1546400,5.0,5.0,11
1546450,5.0,5.0,11
1546500,5.0,5.0,11
1546550,5.0,5.0,11
1546600,5.0,5.0,11
1546650,5.0,5.0,11
1546700,5.0,5.0,11
1546750,5.0,5.0,11
1546800,5.0,5.0,11
1546850,5.0,5.0,11
1546900,5.0,5.0,11
1546950,5.0,5.0,11
1547000,5.0,5.0,11
1547050,5.0,5.0,11
1547100,5.0,5.0,11
1547150,5.0,5.0,11
1547200,5.0,5.0,11
1547250,5.0,5.0,11
1547300,5.0,5.0,11
1547350,5.0,5.0,11
1547400,5.0,5.0,11
1547450,5.0,5.0,11
1547500,5.0,5.0,11
1547550,5.0,5.0,11
1547600,5.0,5.0,11
1547650,5.0,5.0,11
1547700,5.0,5.0,11
1547750,5.0,5.0,11
1547800,5.0,5.0,11
1547850,5.0,5.0,11
1547900,5.0,5.0,11
1547950,5.0,5.0,11
1548000,5.0,5.0,11
1548050,5.0,5.0,11
1548100,5.0,5.0,11
1548150,5.0,5.0,11
1548200,5.0,5.0,11
1548250,5.0,5.0,11
1548300,5.0,5.0,11
1548350,5.0,5.0,11
1548400,5.0,5.0,11
1548450,5.0,5.0,11
1548500,5.0,5.0,11
1548550,5.0,5.0,11
1548600,5.0,5.0,11
1548650,5.0,5.0,11
1548700,5.0,5.0,11
1548750,5.0,5.0,11
1548800,5.0,5.0,11
1548850,5.0,5.0,11
1548900,5.0,5.0,11
1548950,5.0,5.0,11
1549000,5.0,5.0,11
1549050,5.0,5.0,11
1549100,5.0,5.0,11
1549150,5.0,5.0,11
1549200,5.0,5.0,11
1549250,5.0,5.0,11
1549300,5.0,5.0,11
1549350,5.0,5.0,11
1549400,5.0,5.0,11
1549450,5.0,5.0,11
1549500,5.0,5.0,11
1549550,5.0,5.0,11
1549600,5.0,5.0,11
1549650,5.0,5.0,11
1549700,5.0,5.0,11
1549750,5.0,5.0,11
1549800,5.0,5.0,11
1549850,5.0,5.0,11
1549900,5.0,5.0,11
1549950,5.0,5.0,11
1550000,5.0,5.0,11
1550050,5.0,5.0,11
1550100,5.0,5.0,11
1550150,5.0,5.0,11
1550200,5.0,5.0,11
1550250,5.0,5.0,11
1550300,5.0,5.0,11
1550350,5.0,5.0,11
1550400,5.0,5.0,11
1550450,5.0,5.0,11
1550500,5.0,5.0,11
1550550,5.0,5.0,11
1550600,5.0,5.0,11
1550650,5.0,5.0,11
1550700,5.0,5.0,11
1550750,5.0,5.0,11
1550800,5.0,5.0,11
1550850,5.0,5.0,11
1550900,5.0,5.0,11
1550950,5.0,5.0,11
1551000,5.0,5.0,11
1551050,5.0,5.0,11
1551100,5.0,5.0,11
1551150,5.0,5.0,11
1551200,5.0,5.0,11
1551250,5.0,5.0,11
1551300,5.0,5.0,11
1551350,5.0,5.0,11
1551400,5.0,5.0,11
1551450,5.0,5.0,11
1551500,5.0,5.0,11
1551550,5.0,5.0,11
1551600,5.0,5.0,11
1551650,5.0,5.0,11
1551700,5.0,5.0,11
1551750,5.0,5.0,11
1551800,5.0,5.0,11
1551850,5.0,5.0,11
1551900,5.0,5.0,11
1551950,5.0,5.0,11
1552000,5.0,5.0,11
1552050,5.0,5.0,11
1552100,5.0,5.0,11
1552150,5.0,5.0,11
1552200,5.0,5.0,11
1552250,5.0,5.0,11
1552300,5.0,5.0,11
1552350,5.0,5.0,11
1552400,5.0,5.0,11
1552450,5.0,5.0,11
1552500,5.0,5.0,11
1552550,5.0,5.0,11
1552600,5.0,5.0,11
1552650,5.0,5.0,11
1552700,5.0,5.0,11
1552750,5.0,5.0,11
1552800,5.0,5.0,11
1552850,5.0,5.0,11
1552900,5.0,5.0,11
1552950,5.0,5.0,11
1553000,5.0,5.0,11
1553050,5.0,5.0,11
1553100,5.0,5.0,11
1553150,5.0,5.0,11
1553200,5.0,5.0,11
1553250,5.0,5.0,11
1553300,5.0,5.0,11
1553350,5.0,5.0,11
1553400,5.0,5.0,11
1553450,5.0,5.0,11
1553500,5.0,5.0,11
1553550,5.0,5.0,11
1553600,5.0,5.0,11
1553650,5.0,5.0,11
1553700,5.0,5.0,11
1553750,5.0,5.0,11
1553800,5.0,5.0,11
1553850,5.0,5.0,11
1553900,5.0,5.0,11
1553950,5.0,5.0,11
1554000,5.0,5.0,11
1554050,5.0,5.0,11
1554100,5.0,5.0,11
1554150,5.0,5.0,11
1554200,5.0,5.0,11
1554250,5.0,5.0,11
1554300,5.0,5.0,11
1554350,5.0,5.0,11
1554400,5.0,5.0,11
1554450,5.0,5.0,11
1554500,5.0,5.0,11
1554550,5.0,5.0,11
1554600,5.0,5.0,11
1554650,5.0,5.0,11
1554700,5.0,5.0,11
1554750,5.0,5.0,11
1554800,5.0,5.0,11
1554850,5.0,5.0,11
1554900,5.0,5.0,11
1554950,5.0,5.0,11
1555000,5.0,5.0,11
1555050,5.0,5.0,11
1555100,5.0,5.0,11
1555150,5.0,5.0,11
1555200,5.0,5.0,11
1555250,5.0,5.0,11
1555300,5.0,5.0,11
1555350,5.0,5.0,11
1555400,5.0,5.0,11
1555450,5.0,5.0,11
1555500,5.0,5.0,11
1555550,5.0,5.0,11
1555600,5.0,5.0,11
1555650,5.0,5.0,11
1555700,5.0,5.0,11
1555750,5.0,5.0,11
1555800,5.0,5.0,11
1555850,5.0,5.0,11
1555900,5.0,5.0,11
1555950,5.0,5.0,11
1556000,5.0,5.0,11
1556050,5.0,5.0,11
1556100,5.0,5.0,11
1556150,5.0,5.0,11
1556200,5.0,5.0,11
1556250,5.0,5.0,11
1556300,5.0,5.0,11
1556350,5.0,5.0,11
1556400,5.0,5.0,11
1556450,5.0,5.0,11
1556500,5.0,5.0,11
1556550,5.0,5.0,11
1556600,5.0,5.0,11
1556650,5.0,5.0,11
1556700,5.0,5.0,11
1556750,5.0,5.0,11
1556800,5.0,5.0,11
1556850,5.0,5.0,11
1556900,5.0,5.0,11
1556950,5.0,5.0,11
1557000,5.0,5.0,11
1557050,5.0,5.0,11
1557100,5.0,5.0,11
1557150,5.0,5.0,11
1557200,5.0,5.0,11
1557250,5.0,5.0,11
1557300,5.0,5.0,11
1557350,5.0,5.0,11
1557400,5.0,5.0,11
1557450,5.0,5.0,11
1557500,5.0,5.0,11
1557550,5.0,5.0,11
1557600,5.0,5.0,11
1557650,5.0,5.0,11
1557700,5.0,5.0,11
1557750,5.0,5.0,11
1557800,5.0,5.0,11
1557850,5.0,5.0,11
1557900,5.0,5.0,11
1557950,5.0,5.0,11
1558000,5.0,5.0,11
1558050,5.0,5.0,11
1558100,5.0,5.0,11
1558150,5.0,5.0,11
1558200,5.0,5.0,11
1558250,5.0,5.0,11
1558300,5.0,5.0,11
1558350,5.0,5.0,11
1558400,5.0,5.0,11
1558450,5.0,5.0,11
1558500,5.0,5.0,11
1558550,5.0,5.0,11
1558600,5.0,5.0,11
1558650,5.0,5.0,11
1558700,5.0,5.0,11
1558750,5.0,5.0,11
1558800,5.0,5.0,11
1558850,5.0,5.0,11
1558900,5.0,5.0,11
1558950,5.0,5.0,11
1559000,5.0,5.0,11
1559050,5.0,5.0,11
1559100,5.0,5.0,11
1559150,5.0,5.0,11
1559200,5.0,5.0,11
1559250,5.0,5.0,11
1559300,5.0,5.0,11
1559350,5.0,5.0,11
1559400,5.0,5.0,11
1559450,5.0,5.0,11
1559500,5.0,5.0,11
1559550,5.0,5.0,11
1559600,5.0,5.0,11
1559650,5.0,5.0,11
1559700,5.0,5.0,11
1559750,5.0,5.0,11
1559800,5.0,5.0,11
1559850,5.0,5.0,11
1559900,5.0,5.0,11
1559950,5.0,5.0,11
1560000,5.0,5.0,11
1560050,5.0,5.0,11
1560100,5.0,5.0,11
1560150,5.0,5.0,11
1560200,5.0,5.0,11
1560250,5.0,5.0,11
1560300,5.0,5.0,11
1560350,5.0,5.0,11
1560400,5.0,5.0,11
1560450,5.0,5.0,11
1560500,5.0,5.0,11
1560550,5.0,5.0,11
1560600,5.0,5.0,11
1560650,5.0,5.0,11
1560700,5.0,5.0,11
1560750,5.0,5.0,11
1560800,5.0,5.0,11
1560850,5.0,5.0,11
1560900,5.0,5.0,11
1560950,5.0,5.0,11
1561000,5.0,5.0,11
1561050,5.0,5.0,11
1561100,5.0,5.0,11
1561150,5.0,5.0,11
1561200,5.0,5.0,11
1561250,5.0,5.0,11
1561300,5.0,5.0,11
1561350,5.0,5.0,11
1561400,5.0,5.0,11
1561450,5.0,5.0,11
1561500,5.0,5.0,11
1561550,5.0,5.0,11
1561600,5.0,5.0,11
1561650,5.0,5.0,11
1561700,5.0,5.0,11
1561750,5.0,5.0,11
1561800,5.0,5.0,11
1561850,5.0,5.0,11
1561900,5.0,5.0,11
1561950,5.0,5.0,11
1562000,5.0,5.0,11
1562050,5.0,5.0,11
1562100,5.0,5.0,11
1562150,5.0,5.0,11
1562200,5.0,5.0,11
1562250,5.0,5.0,11
1562300,5.0,5.0,11
1562350,5.0,5.0,11
1562400,5.0,5.0,11
1562450,5.0,5.0,11
1562500,5.0,5.0,11
1562550,5.0,5.0,11
1562600,5.0,5.0,11
1562650,5.0,5.0,11
1562700,5.0,5.0,11
1562750,5.0,5.0,11
1562800,5.0,5.0,11
1562850,5.0,5.0,11
1562900,5.0,5.0,11
1562950,5.0,5.0,11
1563000,5.0,5.0,11
1563050,5.0,5.0,11
1563100,5.0,5.0,11
1563150,5.0,5.0,11
1563200,5.0,5.0,11
1563250,5.0,5.0,11
1563300,5.0,5.0,11
1563350,5.0,5.0,11
1563400,5.0,5.0,11
1563450,5.0,5.0,11
1563500,5.0,5.0,11
1563550,5.0,5.0,11
1563600,5.0,5.0,11
1563650,5.0,5.0,11
1563700,5.0,5.0,11
1563750,5.0,5.0,11
1563800,5.0,5.0,11
1563850,5.0,5.0,11
1563900,5.0,5.0,11
1563950,5.0,5.0,11
1564000,5.0,5.0,11
1564050,5.0,5.0,11
1564100,5.0,5.0,11
1564150,5.0,5.0,11
1564200,5.0,5.0,11
1564250,5.0,5.0,11
1564300,5.0,5.0,11
1564350,5.0,5.0,11
1564400,5.0,5.0,11
1564450,5.0,5.0,11
1564500,5.0,5.0,11
1564550,5.0,5.0,11
1564600,5.0,5.0,11
1564650,5.0,5.0,11
1564700,5.0,5.0,11
1564750,5.0,5.0,11
1564800,5.0,5.0,11
1564850,5.0,5.0,11
1564900,5.0,5.0,11
1564950,5.0,5.0,11
1565000,5.0,5.0,11
1565050,5.0,5.0,11
1565100,5.0,5.0,11
1565150,5.0,5.0,11
1565200,5.0,5.0,11
1565250,5.0,5.0,11
1565300,5.0,5.0,11
1565350,5.0,5.0,11
1565400,5.0,5.0,11
1565450,5.0,5.0,11
1565500,5.0,5.0,11
1565550,5.0,5.0,11
1565600,5.0,5.0,11
1565650,5.0,5.0,11
1565700,5.0,5.0,11
1565750,5.0,5.0,11
1565800,5.0,5.0,11
1565850,5.0,5.0,11
1565900,5.0,5.0,11
1565950,5.0,5.0,11
1566000,5.0,5.0,11
1566050,5.0,5.0,11
1566100,5.0,5.0,11
1566150,5.0,5.0,11
1566200,5.0,5.0,11
1566250,5.0,5.0,11
1566300,5.0,5.0,11
1566350,5.0,5.0,11
1566400,5.0,5.0,11
1566450,5.0,5.0,11
1566500,5.0,5.0,11
1566550,5.0,5.0,11
1566600,5.0,5.0,11
1566650,5.0,5.0,11
1566700,5.0,5.0,11
1566750,5.0,5.0,11
1566800,5.0,5.0,11
1566850,5.0,5.0,11
1566900,5.0,5.0,11
1566950,5.0,5.0,11
1567000,5.0,5.0,11
1567050,5.0,5.0,11
1567100,5.0,5.0,11
1567150,5.0,5.0,11
1567200,5.0,5.0,11
1567250,5.0,5.0,11
1567300,5.0,5.0,11
1567350,5.0,5.0,11
1567400,5.0,5.0,11
1567450,5.0,5.0,11
1567500,5.0,5.0,11
1567550,5.0,5.0,11
1567600,5.0,5.0,11
1567650,5.0,5.0,11
1567700,5.0,5.0,11
1567750,5.0,5.0,11
1567800,5.0,5.0,11
1567850,5.0,5.0,11
1567900,5.0,5.0,11
1567950,5.0,5.0,11
1568000,5.0,5.0,11
1568050,5.0,5.0,11
1568100,5.0,5.0,11
1568150,5.0,5.0,11
1568200,5.0,5.0,11
1568250,5.0,5.0,11
1568300,5.0,5.0,11
1568350,5.0,5.0,11
1568400,5.0,5.0,11
1568450,5.0,5.0,11
1568500,5.0,5.0,11
1568550,5.0,5.0,11
1568600,5.0,5.0,11
1568650,5.0,5.0,11
1568700,5.0,5.0,11
1568750,5.0,5.0,11
1568800,5.0,5.0,11
1568850,5.0,5.0,11
1568900,5.0,5.0,11
1568950,5.0,5.0,11
1569000,5.0,5.0,11
1569050,5.0,5.0,11
1569100,5.0,5.0,11
1569150,5.0,5.0,11
1569200,5.0,5.0,11
1569250,5.0,5.0,11
1569300,5.0,5.0,11
1569350,5.0,5.0,11
1569400,5.0,5.0,11
1569450,5.0,5.0,11
1569500,5.0,5.0,11
1569550,5.0,5.0,11
1569600,5.0,5.0,11
1569650,5.0,5.0,11
1569700,5.0,5.0,11
1569750,5.0,5.0,11
1569800,5.0,5.0,11
1569850,5.0,5.0,11
1569900,5.0,5.0,11
1569950,5.0,5.0,11
1570000,5.0,5.0,11
1570050,5.0,5.0,11
1570100,5.0,5.0,11
1570150,5.0,5.0,11
1570200,5.0,5.0,11
1570250,5.0,5.0,11
1570300,5.0,5.0,11
1570350,5.0,5.0,11
1570400,5.0,5.0,11
1570450,5.0,5.0,11
1570500,5.0,5.0,11
1570550,5.0,5.0,11
1570600,5.0,5.0,11
1570650,5.0,5.0,11
1570700,5.0,5.0,11
1570750,5.0,5.0,11
1570800,5.0,5.0,11
1570850,5.0,5.0,11
1570900,5.0,5.0,11
1570950,5.0,5.0,11
1571000,5.0,5.0,11
1571050,5.0,5.0,11
1571100,5.0,5.0,11
1571150,5.0,5.0,11
1571200,5.0,5.0,11
1571250,5.0,5.0,11
1571300,5.0,5.0,11
1571350,5.0,5.0,11
1571400,5.0,5.0,11
1571450,5.0,5.0,11
1571500,5.0,5.0,11
1571550,5.0,5.0,11
1571600,5.0,5.0,11
1571650,5.0,5.0,11
1571700,5.0,5.0,11
1571750,5.0,5.0,11
1571800,5.0,5.0,11
1571850,5.0,5.0,11
1571900,5.0,5.0,11
1571950,5.0,5.0,11
1572000,5.0,5.0,11
1572050,5.0,5.0,11
1572100,5.0,5.0,11
1572150,5.0,5.0,11
1572200,5.0,5.0,11
1572250,5.0,5.0,11
1572300,5.0,5.0,11
1572350,5.0,5.0,11
1572400,5.0,5.0,11
1572450,5.0,5.0,11
1572500,5.0,5.0,11
1572550,5.0,5.0,11
1572600,5.0,5.0,11
1572650,5.0,5.0,11
1572700,5.0,5.0,11
1572750,5.0,5.0,11
1572800,5.0,5.0,11
1572850,5.0,5.0,11
1572900,5.0,5.0,11
1572950,5.0,5.0,11
1573000,5.0,5.0,11
1573050,5.0,5.0,11
1573100,5.0,5.0,11
1573150,5.0,5.0,11
1573200,5.0,5.0,11
1573250,5.0,5.0,11
1573300,5.0,5.0,11
1573350,5.0,5.0,11
1573400,5.0,5.0,11
1573450,5.0,5.0,11
1573500,5.0,5.0,11
1573550,5.0,5.0,11
1573600,5.0,5.0,11
1573650,5.0,5.0,11
1573700,5.0,5.0,11
1573750,5.0,5.0,11
1573800,5.0,5.0,11
1573850,5.0,5.0,11
1573900,5.0,5.0,11
1573950,5.0,5.0,11
1574000,5.0,5.0,11
1574050,5.0,5.0,11
1574100,5.0,5.0,11
1574150,5.0,5.0,11
1574200,5.0,5.0,11
1574250,5.0,5.0,11
1574300,5.0,5.0,11
1574350,5.0,5.0,11
1574400,5.0,5.0,11
1574450,5.0,5.0,11
1574500,5.0,5.0,11
1574550,5.0,5.0,11
1574600,5.0,5.0,11
1574650,5.0,5.0,11
1574700,5.0,5.0,11
1574750,5.0,5.0,11
1574800,5.0,5.0,11
1574850,5.0,5.0,11
1574900,5.0,5.0,11
1574950,5.0,5.0,11
1575000,5.0,5.0,11
1575050,5.0,5.0,11
1575100,5.0,5.0,11
1575150,5.0,5.0,11
1575200,5.0,5.0,11
1575250,5.0,5.0,11
1575300,5.0,5.0,11
1575350,5.0,5.0,11
1575400,5.0,5.0,11
1575450,5.0,5.0,11
1575500,5.0,5.0,11
1575550,5.0,5.0,11
1575600,5.0,5.0,11
1575650,5.0,5.0,11
1575700,5.0,5.0,11
1575750,5.0,5.0,11
1575800,5.0,5.0,11
1575850,5.0,5.0,11
1575900,5.0,5.0,11
1575950,5.0,5.0,11
1576000,5.0,5.0,11
1576050,5.0,5.0,11
1576100,5.0,5.0,11
1576150,5.0,5.0,11
1576200,5.0,5.0,11
1576250,5.0,5.0,11
1576300,5.0,5.0,11
1576350,5.0,5.0,11
1576400,5.0,5.0,11
1576450,5.0,5.0,11
1576500,5.0,5.0,11
1576550,5.0,5.0,11
1576600,5.0,5.0,11
1576650,5.0,5.0,11
1576700,5.0,5.0,11
1576750,5.0,5.0,11
1576800,5.0,5.0,11
1576850,5.0,5.0,11
1576900,5.0,5.0,11
1576950,5.0,5.0,11
1577000,5.0,5.0,11
1577050,5.0,5.0,11
1577100,5.0,5.0,11
1577150,5.0,5.0,11
1577200,5.0,5.0,11
1577250,5.0,5.0,11
1577300,5.0,5.0,11
1577350,5.0,5.0,11
1577400,5.0,5.0,11
1577450,5.0,5.0,11
1577500,5.0,5.0,11
1577550,5.0,5.0,11
1577600,5.0,5.0,11
1577650,5.0,5.0,11
1577700,5.0,5.0,11
1577750,5.0,5.0,11
1577800,5.0,5.0,11
1577850,5.0,5.0,11
1577900,5.0,5.0,11
1577950,5.0,5.0,11
1578000,5.0,5.0,11
1578050,5.0,5.0,11
1578100,5.0,5.0,11
1578150,5.0,5.0,11
1578200,5.0,5.0,11
1578250,5.0,5.0,11
1578300,5.0,5.0,11
1578350,5.0,5.0,11
1578400,5.0,5.0,11
1578450,5.0,5.0,11
1578500,5.0,5.0,11
1578550,5.0,5.0,11
1578600,5.0,5.0,11
1578650,5.0,5.0,11
1578700,5.0,5.0,11
1578750,5.0,5.0,11
1578800,5.0,5.0,11
1578850,5.0,5.0,11
1578900,5.0,5.0,11
1578950,5.0,5.0,11
1579000,5.0,5.0,11
1579050,5.0,5.0,11
1579100,5.0,5.0,11
1579150,5.0,5.0,11
1579200,5.0,5.0,11
1579250,5.0,5.0,11
1579300,5.0,5.0,11
1579350,5.0,5.0,11
1579400,5.0,5.0,11
1579450,5.0,5.0,11
1579500,5.0,5.0,11
1579550,5.0,5.0,11
1579600,5.0,5.0,11
1579650,5.0,5.0,11
1579700,5.0,5.0,11
1579750,5.0,5.0,11
1579800,5.0,5.0,11
1579850,5.0,5.0,11
1579900,5.0,5.0,11
1579950,5.0,5.0,11
1580000,5.0,5.0,11
1580050,5.0,5.0,11
1580100,5.0,5.0,11
1580150,5.0,5.0,11
1580200,5.0,5.0,11
1580250,5.0,5.0,11
1580300,5.0,5.0,11
1580350,5.0,5.0,11
1580400,5.0,5.0,11
1580450,5.0,5.0,11
1580500,5.0,5.0,11
1580550,5.0,5.0,11
1580600,5.0,5.0,11
1580650,5.0,5.0,11
1580700,5.0,5.0,11
1580750,5.0,5.0,11
1580800,5.0,5.0,11
1580850,5.0,5.0,11
1580900,5.0,5.0,11
1580950,5.0,5.0,11
1581000,5.0,5.0,11
1581050,5.0,5.0,11
1581100,5.0,5.0,11
1581150,5.0,5.0,11
1581200,5.0,5.0,11
1581250,5.0,5.0,11
1581300,5.0,5.0,11
1581350,5.0,5.0,11
1581400,5.0,5.0,11
1581450,5.0,5.0,11
1581500,5.0,5.0,11
1581550,5.0,5.0,11
1581600,5.0,5.0,11
1581650,5.0,5.0,11
1581700,5.0,5.0,11
1581750,5.0,5.0,11
1581800,5.0,5.0,11
1581850,5.0,5.0,11
1581900,5.0,5.0,11
1581950,5.0,5.0,11
1582000,5.0,5.0,11
1582050,5.0,5.0,11
1582100,5.0,5.0,11
1582150,5.0,5.0,11
1582200,5.0,5.0,11
1582250,5.0,5.0,11
1582300,5.0,5.0,11
1582350,5.0,5.0,11
1582400,5.0,5.0,11
1582450,5.0,5.0,11
1582500,5.0,5.0,11
1582550,5.0,5.0,11
1582600,5.0,5.0,11
1582650,5.0,5.0,11
1582700,5.0,5.0,11
1582750,5.0,5.0,11
1582800,5.0,5.018,11
1582850,5.0,5.039,11
1582900,5.0,5.054,11
1582950,5.0,5.062,11
1583000,5.0,5.063,11
1583050,5.0,5.063,11
1583100,5.0,5.063,11
1583150,5.0,5.063,11
1583200,5.0,5.063,11
1583250,5.0,5.063,11
1583300,5.0,5.063,11
1583350,5.0,5.063,11
1583400,5.0,5.063,11
1583450,5.0,5.044,11
1583500,5.0,5.013,11
1583550,5.0,5.001,11
1583600,5.0,5.0,11
1583650,5.0,5.0,11
1583700,5.0,5.0,11
1583750,5.0,5.0,11
1583800,5.0,5.0,11
1583850,5.0,5.0,11
1583900,5.0,5.0,11
1583950,5.0,5.0,11
1584000,5.0,5.0,11
1584050,5.0,5.0,11
1584100,5.0,5.0,11
1584150,5.0,5.0,11
1584200,5.0,5.0,11
1584250,5.0,5.0,11
1584300,5.0,5.0,11
1584350,5.0,5.0,11
1584400,5.0,5.0,11
1584450,5.0,5.0,11
1584500,5.0,5.0,11
1584550,5.0,5.0,11
1584600,5.0,5.0,11
1584650,5.0,5.0,11
1584700,5.0,5.0,11
1584750,5.0,5.0,11
1584800,5.0,5.0,11
1584850,5.0,5.0,11
1584900,5.0,5.0,11
1584950,5.0,5.0,11
1585000,5.0,5.0,11
1585050,5.0,5.0,11
1585100,5.0,5.0,11
1585150,5.0,5.0,11
1585200,5.0,5.0,11
1585250,5.0,5.0,11
1585300,5.0,5.0,11
1585350,5.0,5.0,11
1585400,5.0,5.0,11
1585450,5.0,5.0,11
1585500,5.0,5.0,11
1585550,5.0,5.0,11
1585600,5.0,5.0,11
1585650,5.0,5.0,11
1585700,5.0,5.0,11
1585750,5.0,5.0,11
1585800,5.0,5.0,11
1585850,5.0,5.0,11
1585900,5.0,5.0,11
1585950,5.0,5.0,11
1586000,5.0,5.0,11
1586050,5.0,5.0,11
1586100,5.0,5.0,11
1586150,5.0,5.0,11
1586200,5.0,5.0,11
1586250,5.0,5.0,11
1586300,5.0,5.0,11
1586350,5.0,5.0,11
1586400,5.0,5.0,11
1586450,5.0,5.0,11
1586500,5.0,5.0,11
1586550,5.0,5.0,11
1586600,5.0,5.0,11
1586650,5.0,5.0,11
1586700,5.0,5.0,11
1586750,5.0,5.0,11
1586800,5.0,5.0,11
1586850,5.0,5.0,11
1586900,5.0,5.0,11
1586950,5.0,5.0,11
1587000,5.0,5.0,11
1587050,5.0,5.0,11
1587100,5.0,5.0,11
1587150,5.0,5.0,11
1587200,5.0,5.0,11
1587250,5.0,5.0,11
1587300,5.0,5.0,11
1587350,5.0,5.0,11
1587400,5.0,5.0,11
1587450,5.0,5.0,11
1587500,5.0,5.0,11
1587550,5.0,5.0,11
1587600,5.0,5.0,11
1587650,5.0,5.0,11
1587700,5.0,5.0,11
1587750,5.0,5.0,11
1587800,5.0,5.0,11
1587850,5.0,5.0,11
1587900,5.0,5.0,11
1587950,5.0,5.0,11
1588000,5.0,5.0,11
1588050,5.0,5.0,11
1588100,5.0,5.0,11
1588150,5.0,5.0,11
1588200,5.0,5.0,11
1588250,5.0,5.0,11
1588300,5.0,5.0,11
1588350,5.0,5.0,11
1588400,5.0,5.0,11
1588450,5.0,5.0,11
1588500,5.0,5.0,11
1588550,5.0,5.0,11
1588600,5.0,5.0,11
1588650,5.0,5.0,11
1588700,5.0,5.0,11
1588750,5.0,5.0,11
1588800,5.0,5.0,11
1588850,5.0,5.0,11
1588900,5.0,5.0,11
1588950,5.0,5.0,11
1589000,5.0,5.0,11
1589050,5.0,5.0,11
1589100,5.0,5.0,11
1589150,5.0,5.0,11
1589200,5.0,5.0,11
1589250,5.0,5.0,11
1589300,5.0,5.0,11
1589350,5.0,5.0,11
1589400,5.0,5.0,11
1589450,5.0,5.0,11
1589500,5.0,5.0,11
1589550,5.0,5.0,11
1589600,5.0,5.0,11
1589650,5.0,5.0,11
1589700,5.0,5.0,11
1589750,5.0,5.0,11
1589800,5.0,5.0,11
1589850,5.0,5.0,11
1589900,5.0,5.0,11
1589950,5.0,5.0,11
1590000,5.0,5.0,11
1590050,5.0,5.0,11
1590100,5.0,5.0,11
1590150,5.0,5.0,11
1590200,5.0,5.0,11
1590250,5.0,5.0,11
1590300,5.0,5.0,11
1590350,5.0,5.0,11
1590400,5.0,5.0,11
1590450,5.0,5.0,11
1590500,5.0,5.0,11
1590550,5.0,5.0,11
1590600,5.0,5.0,11
1590650,5.0,5.0,11
1590700,5.0,5.0,11
1590750,5.0,5.0,11
1590800,5.0,5.0,11
1590850,5.0,5.0,11
1590900,5.0,5.0,11
1590950,5.0,5.0,11
1591000,5.0,5.0,11
1591050,5.0,5.0,11
1591100,5.0,5.0,11
1591150,5.0,5.0,11
1591200,5.0,5.0,11
1591250,5.0,5.0,11
1591300,5.0,5.0,11
1591350,5.0,5.0,11
1591400,5.0,5.0,11
1591450,5.0,5.0,11
1591500,5.0,5.0,11
1591550,5.0,5.0,11
1591600,5.0,5.0,11
1591650,5.0,5.0,11
1591700,5.0,5.0,11
1591750,5.0,5.0,11
1591800,5.0,5.0,11
1591850,5.0,5.0,11
1591900,5.0,5.0,11
1591950,5.0,5.0,11
1592000,5.0,5.0,11
1592050,5.0,5.0,11
1592100,5.0,5.0,11
1592150,5.0,5.0,11
1592200,5.0,5.0,11
1592250,5.0,5.0,11
1592300,5.0,5.0,11
1592350,5.0,5.0,11
1592400,5.0,5.0,11
1592450,5.0,5.0,11
1592500,5.0,5.0,11
1592550,5.0,5.0,11
1592600,5.0,5.0,11
1592650,5.0,5.0,11
1592700,5.0,5.0,11
1592750,5.0,5.0,11
1592800,5.0,5.0,11
1592850,5.0,5.0,11
1592900,5.0,5.0,11
1592950,5.0,5.0,11
1593000,5.0,5.0,11
1593050,5.0,5.0,11
1593100,5.0,5.0,11
1593150,5.0,5.0,11
1593200,5.0,5.0,11
1593250,5.0,5.0,11
1593300,5.0,5.0,11
1593350,5.0,5.0,11
1593400,5.0,5.0,11
1593450,5.0,5.0,11
1593500,5.0,5.0,11
1593550,5.0,5.0,11
1593600,5.0,5.0,11
1593650,5.0,5.0,11
1593700,5.0,5.0,11
1593750,5.0,5.0,11
1593800,5.0,5.0,11
1593850,5.0,5.0,11
1593900,5.0,5.0,11
1593950,5.0,5.0,11
1594000,5.0,5.0,11
1594050,5.0,5.0,11
1594100,5.0,5.0,11
1594150,5.0,5.0,11
1594200,5.0,5.0,11
1594250,5.0,5.0,11
1594300,5.0,5.0,11
1594350,5.0,5.0,11
1594400,5.0,5.0,11
1594450,5.0,5.0,11
1594500,5.0,5.0,11
1594550,5.0,5.0,11
1594600,5.0,5.0,11
1594650,5.0,5.0,11
1594700,5.0,5.0,11
1594750,5.0,5.0,11
1594800,5.0,5.0,11
1594850,5.0,5.0,11
1594900,5.0,5.0,11
1594950,5.0,5.0,11
1595000,5.0,5.0,11
1595050,5.0,5.0,11
1595100,5.0,5.0,11
1595150,5.0,5.0,11
1595200,5.0,5.0,11
1595250,5.0,5.0,11
1595300,5.0,5.0,11
1595350,5.0,5.0,11
1595400,5.0,5.0,11
1595450,5.0,5.0,11
1595500,5.0,5.0,11
1595550,5.0,5.0,11
1595600,5.0,5.0,11
1595650,5.0,5.0,11
1595700,5.0,5.0,11
1595750,5.0,5.0,11
1595800,5.0,5.0,11
1595850,5.0,5.0,11
1595900,5.0,5.0,11
1595950,5.0,5.0,11
1596000,5.0,5.0,11
1596050,5.0,5.0,11
1596100,5.0,5.0,11
1596150,5.0,5.0,11
1596200,5.0,5.0,11
1596250,5.0,5.0,11
1596300,5.0,5.0,11
1596350,5.0,5.0,11
1596400,5.0,5.0,11
1596450,5.0,5.0,11
1596500,5.0,5.0,11
1596550,5.0,5.0,11
1596600,5.0,5.0,11
1596650,5.0,5.0,11
1596700,5.0,5.0,11
1596750,5.0,5.0,11
1596800,5.0,5.0,11
1596850,5.0,5.0,11
1596900,5.0,5.0,11
1596950,5.0,5.0,11
1597000,5.0,5.0,11
1597050,5.0,5.0,11
1597100,5.0,5.0,11
1597150,5.0,5.0,11
1597200,5.0,5.0,11
1597250,5.0,5.0,11
1597300,5.0,5.0,11
1597350,5.0,5.0,11
1597400,5.0,5.0,11
1597450,5.0,5.0,11
1597500,5.0,5.0,11
1597550,5.0,5.0,11
1597600,5.0,5.0,11
1597650,5.0,5.0,11
1597700,5.0,5.0,11
1597750,5.0,5.0,11
1597800,5.0,5.0,11
1597850,5.0,5.0,11
1597900,5.0,5.0,11
1597950,5.0,5.0,11
1598000,5.0,5.0,11
1598050,5.0,5.0,11
1598100,5.0,5.0,11
1598150,5.0,5.0,11
1598200,5.0,5.0,11
1598250,5.0,5.0,11
1598300,5.0,5.0,11
1598350,5.0,5.0,11
1598400,5.0,5.0,11
1598450,5.0,5.0,11
1598500,5.0,5.0,11
1598550,5.0,5.0,11
1598600,5.0,5.0,11
1598650,5.0,5.0,11
1598700,5.0,5.0,11
1598750,5.0,5.0,11
1598800,5.0,5.0,11
1598850,5.0,5.0,11
1598900,5.0,5.0,11
1598950,5.0,5.0,11
1599000,5.0,5.0,11
1599050,5.0,5.0,11
1599100,5.0,5.0,11
1599150,5.0,5.0,11
1599200,5.0,5.0,11
1599250,5.0,5.0,11
1599300,5.0,5.0,11
1599350,5.0,5.0,11
1599400,5.0,5.0,11
1599450,5.0,5.0,11
1599500,5.0,5.0,11
1599550,5.0,5.0,11
1599600,5.0,5.0,11
1599650,5.0,5.0,11
1599700,5.0,5.0,11
1599750,5.0,5.0,11
1599800,5.0,5.0,11
1599850,5.0,5.0,11
1599900,5.0,5.0,11
1599950,5.0,5.0,11
1600000,5.0,5.0,11
1600050,5.0,5.0,11
1600100,5.0,5.0,11
1600150,5.0,5.0,11
1600200,5.0,5.0,11
1600250,5.0,5.0,11
1600300,5.0,5.0,11
1600350,5.0,5.0,11
1600400,5.0,5.0,11
1600450,5.0,5.0,11
1600500,5.0,5.0,11
1600550,5.0,5.0,11
1600600,5.0,5.0,11
1600650,5.0,5.0,11
1600700,5.0,5.0,11
1600750,5.0,5.0,11
1600800,5.0,5.0,11
1600850,5.0,5.0,11
1600900,5.0,5.0,11
1600950,5.0,5.0,11
1601000,5.0,5.0,11
1601050,5.0,5.0,11
1601100,5.0,5.0,11
1601150,5.0,5.0,11
1601200,5.0,5.0,11
1601250,5.0,5.0,11
1601300,5.0,5.0,11
1601350,5.0,5.0,11
1601400,5.0,5.0,11
1601450,5.0,5.0,11
1601500,5.0,5.0,11
1601550,5.0,5.0,11
1601600,5.0,5.0,11
1601650,5.0,5.0,11
1601700,5.0,5.0,11
1601750,5.0,5.0,11
1601800,5.0,5.0,11
1601850,5.0,5.0,11
1601900,5.0,5.0,11
1601950,5.0,5.0,11
1602000,5.0,5.0,11
1602050,5.0,5.0,11
1602100,5.0,5.0,11
1602150,5.0,5.0,11
1602200,5.0,5.0,11
1602250,5.0,5.0,11
1602300,5.0,5.0,11
1602350,5.0,5.0,11
1602400,5.0,5.0,11
1602450,5.0,5.0,11
1602500,5.0,5.0,11
1602550,5.0,5.0,11
1602600,5.0,5.0,11
1602650,5.0,5.0,11
1602700,5.0,5.0,11
1602750,5.0,5.0,11
1602800,5.0,5.0,11
1602850,5.0,5.0,11
1602900,5.0,5.0,11
1602950,5.0,5.0,11
1603000,5.0,5.0,11
1603050,5.0,5.0,11
1603100,5.0,5.0,11
1603150,5.0,5.0,11
1603200,5.0,5.0,11
1603250,5.0,5.0,11
1603300,5.0,5.0,11
1603350,5.0,5.0,11
1603400,5.0,5.0,11
1603450,5.0,5.0,11
1603500,5.0,5.0,11
1603550,5.0,5.0,11
1603600,5.0,5.0,11
1603650,5.0,5.0,11
1603700,5.0,5.0,11
1603750,5.0,5.0,11
1603800,5.0,5.0,11
1603850,5.0,5.0,11
1603900,5.0,5.0,11
1603950,5.0,5.0,11
1604000,5.0,5.0,11
1604050,5.0,5.0,11
1604100,5.0,5.0,11
1604150,5.0,5.0,11
1604200,5.0,5.0,11
1604250,5.0,5.0,11
1604300,5.0,5.0,11
1604350,5.0,5.0,11
1604400,5.0,5.0,11
1604450,5.0,5.0,11
1604500,5.0,5.0,11
1604550,5.0,5.0,11
1604600,5.0,5.0,11
1604650,5.0,5.0,11
1604700,5.0,5.0,11
1604750,5.0,5.0,11
1604800,5.0,5.0,11
1604850,5.0,5.0,11
1604900,5.0,5.0,11
1604950,5.0,5.0,11
1605000,5.0,5.0,11
1605050,5.0,5.0,11
1605100,5.0,5.0,11
1605150,5.0,5.0,11
1605200,5.0,5.0,11
1605250,5.0,5.0,11
1605300,5.0,5.0,11
1605350,5.0,5.0,11
1605400,5.0,5.0,11
1605450,5.0,5.0,11
1605500,5.0,5.0,11
1605550,5.0,5.0,11
1605600,5.0,5.0,11
1605650,5.0,5.0,11
1605700,5.0,5.0,11
1605750,5.0,5.0,11
1605800,5.0,5.0,11
1605850,5.0,5.0,11
1605900,5.0,5.0,11
1605950,5.0,5.0,11
1606000,5.0,5.0,11
1606050,5.0,5.0,11
1606100,5.0,5.0,11
1606150,5.0,5.0,11
1606200,5.0,5.0,11
1606250,5.0,5.0,11
1606300,5.0,5.0,11
1606350,5.0,5.0,11
1606400,5.0,5.0,11
1606450,5.0,5.0,11
1606500,5.0,5.0,11
1606550,5.0,5.0,11
1606600,5.0,5.0,11
1606650,5.0,5.0,11
1606700,5.0,5.0,11
1606750,5.0,5.0,11
1606800,5.0,5.0,11
1606850,5.0,5.0,11
1606900,5.0,5.0,11
1606950,5.0,5.0,11
1607000,5.0,5.0,11
1607050,5.0,5.0,11
1607100,5.0,5.0,11
1607150,5.0,5.0,11
1607200,5.0,5.0,11
1607250,5.0,5.0,11
1607300,5.0,5.0,11
1607350,5.0,5.0,11
1607400,5.0,5.0,11
1607450,5.0,5.0,11
1607500,5.0,5.0,11
1607550,5.0,5.0,11
1607600,5.0,5.0,11
1607650,5.0,5.0,11
1607700,5.0,5.0,11
1607750,5.0,5.0,11
1607800,5.0,5.0,11
1607850,5.0,5.0,11
1607900,5.0,5.0,11
1607950,5.0,5.0,11
1608000,5.0,5.0,11
1608050,5.0,5.0,11
1608100,5.0,5.0,11
1608150,5.0,5.0,11
1608200,5.0,5.0,11
1608250,5.0,5.0,11
1608300,5.0,5.0,11
1608350,5.0,5.0,11
1608400,5.0,5.0,11
1608450,5.0,5.0,11
1608500,5.0,5.0,11
1608550,5.0,5.0,11
1608600,5.0,5.0,11
1608650,5.0,5.0,11
1608700,5.0,5.0,11
1608750,5.0,5.0,11
1608800,5.0,5.0,11
1608850,5.0,5.0,11
1608900,5.0,5.0,11
1608950,5.0,5.0,11
1609000,5.0,5.0,11
1609050,5.0,5.0,11
1609100,5.0,5.0,11
1609150,5.0,5.0,11
1609200,5.0,5.0,11
1609250,5.0,5.0,11
1609300,5.0,5.0,11
1609350,5.0,5.0,11
1609400,5.0,5.0,11
1609450,5.0,5.0,11
1609500,5.0,5.0,11
1609550,5.0,5.0,11
1609600,5.0,5.0,11
1609650,5.0,5.0,11
1609700,5.0,5.0,11
1609750,5.0,5.0,11
1609800,5.0,5.0,11
1609850,5.0,5.0,11
1609900,5.0,5.0,11
1609950,5.0,5.0,11
1610000,5.0,5.0,11
1610050,5.0,5.0,11
1610100,5.0,5.0,11
1610150,5.0,5.0,11
1610200,5.0,5.0,11
1610250,5.0,5.0,11
1610300,5.0,5.0,11
1610350,5.0,5.0,11
1610400,5.0,5.0,11
1610450,5.0,5.0,11
1610500,5.0,5.0,11
1610550,5.0,5.0,11
1610600,5.0,5.0,11
1610650,5.0,5.0,11
1610700,5.0,5.0,11
1610750,5.0,5.0,11
1610800,5.0,5.0,11
1610850,5.0,5.0,11
1610900,5.0,5.0,11
1610950,5.0,5.0,11
1611000,5.0,5.0,11
1611050,5.0,5.0,11
1611100,5.0,5.0,11
1611150,5.0,5.0,11
1611200,5.0,5.0,11
1611250,5.0,5.0,11
1611300,5.0,5.0,11
1611350,5.0,5.0,11
1611400,5.0,5.0,11
1611450,5.0,5.0,11
1611500,5.0,5.0,11
1611550,5.0,5.0,11
1611600,5.0,5.0,11
1611650,5.0,5.0,11
1611700,5.0,5.0,11
1611750,5.0,5.0,11
1611800,5.0,5.0,11
1611850,5.0,5.0,11
1611900,5.0,5.0,11
1611950,5.0,5.0,11
1612000,5.0,5.0,11
1612050,5.0,5.0,11
1612100,5.0,5.0,11
1612150,5.0,5.0,11
1612200,5.0,5.0,11
1612250,5.0,5.0,11
1612300,5.0,5.0,11
1612350,5.0,5.0,11
1612400,5.0,5.0,11
1612450,5.0,5.0,11
1612500,5.0,5.0,11
1612550,5.0,5.0,11
1612600,5.0,5.0,11
1612650,5.0,5.0,11
1612700,5.0,5.0,11
1612750,5.0,5.0,11
1612800,5.0,5.0,11
1612850,5.0,5.0,11
1612900,5.0,5.0,11
1612950,5.0,5.0,11
1613000,5.0,5.0,11
1613050,5.0,5.0,11
1613100,5.0,5.0,11
1613150,5.0,5.0,11
1613200,5.0,5.0,11
1613250,5.0,5.0,11
1613300,5.0,5.0,11
1613350,5.0,5.0,11
1613400,5.0,5.0,11
1613450,5.0,5.0,11
1613500,5.0,5.0,11
1613550,5.0,5.0,11
1613600,5.0,5.0,11
1613650,5.0,5.0,11
1613700,5.0,5.0,11
1613750,5.0,5.0,11
1613800,5.0,5.0,11
1613850,5.0,5.0,11
1613900,5.0,5.0,11
1613950,5.0,5.0,11
1614000,5.0,5.0,11
1614050,5.0,5.0,11
1614100,5.0,5.0,11
1614150,5.0,5.0,11
1614200,5.0,5.0,11
1614250,5.0,5.0,11
1614300,5.0,5.0,11
1614350,5.0,5.0,11
1614400,5.0,5.0,11
1614450,5.0,5.0,11
1614500,5.0,5.0,11
1614550,5.0,5.0,11
1614600,5.0,5.0,11
1614650,5.0,5.0,11
1614700,5.0,5.0,11
1614750,5.0,5.0,11
1614800,5.0,5.0,11
1614850,5.0,5.0,11
1614900,5.0,5.0,11
1614950,5.0,5.0,11
1615000,5.0,5.0,11
1615050,5.0,5.0,11
1615100,5.0,5.0,11
1615150,5.0,5.0,11
1615200,5.0,5.0,11
1615250,5.0,5.0,11
1615300,5.0,5.0,11
1615350,5.0,5.0,11
1615400,5.0,5.0,11
1615450,5.0,5.0,11
1615500,5.0,5.0,11
1615550,5.0,5.0,11
1615600,5.0,5.0,11
1615650,5.0,5.0,11
1615700,5.0,5.0,11
1615750,5.0,5.0,11
1615800,5.0,5.0,11
1615850,5.0,5.0,11
1615900,5.0,5.0,11
1615950,5.0,5.0,11
1616000,5.0,5.0,11
1616050,5.0,5.0,11
1616100,5.0,5.0,11
1616150,5.0,5.0,11
1616200,5.0,5.0,11
1616250,5.0,5.0,11
1616300,5.0,5.0,11
1616350,5.0,5.0,11
1616400,5.0,5.0,11
1616450,5.0,5.0,11
1616500,5.0,5.0,11
1616550,5.0,5.0,11
1616600,5.0,5.0,11
1616650,5.0,5.0,11
1616700,5.0,5.0,11
1616750,5.0,5.0,11
1616800,5.0,5.0,11
1616850,5.0,5.0,11
1616900,5.0,5.0,11
1616950,5.0,5.0,11
1617000,5.0,5.0,11
1617050,5.0,5.0,11
1617100,5.0,5.0,11
1617150,5.0,5.0,11
1617200,5.0,5.0,11
1617250,5.0,5.0,11
1617300,5.0,5.0,11
1617350,5.0,5.0,11
1617400,5.0,5.0,11
1617450,5.0,5.0,11
1617500,5.0,5.0,11
1617550,5.0,5.0,11
1617600,5.0,5.0,11
1617650,5.0,5.0,11
1617700,5.0,5.0,11
1617750,5.0,5.0,11
1617800,5.0,5.0,11
1617850,5.0,5.0,11
1617900,5.0,5.0,11
1617950,5.0,5.0,11
1618000,5.0,5.0,11
1618050,5.0,5.0,11
1618100,5.0,5.0,11
1618150,5.0,5.0,11
1618200,5.0,5.0,11
1618250,5.0,5.0,11
1618300,5.0,5.0,11
1618350,5.0,5.0,11
1618400,5.0,5.0,11
1618450,5.0,5.0,11
1618500,5.0,5.0,11
1618550,5.0,5.0,11
1618600,5.0,5.0,11
1618650,5.0,5.0,11
1618700,5.0,5.0,11
1618750,5.0,5.0,11
1618800,5.0,5.0,11
1618850,5.0,5.0,11
1618900,5.0,5.0,11
1618950,5.0,5.0,11
1619000,5.0,5.0,11
1619050,5.0,5.0,11
1619100,5.0,5.0,11
1619150,5.0,5.0,11
1619200,5.0,5.0,11
1619250,5.0,5.0,11
1619300,5.0,5.0,11
1619350,5.0,5.0,11
1619400,5.0,5.0,11
1619450,5.0,5.0,11
1619500,5.0,5.0,11
1619550,5.0,5.0,11
1619600,5.0,5.0,11
1619650,5.0,5.0,11
1619700,5.0,5.0,11
1619750,5.0,5.0,11
1619800,5.0,5.0,11
1619850,5.0,5.0,11
1619900,5.0,5.0,11
1619950,5.0,5.0,11
1620000,5.0,5.0,11
1620050,5.0,5.0,11
1620100,5.0,5.0,11
1620150,5.0,5.0,11
1620200,5.0,5.0,11
1620250,5.0,5.0,11
1620300,5.0,5.0,11
1620350,5.0,5.0,11
1620400,5.0,5.0,11
1620450,5.0,5.0,11
1620500,5.0,5.0,11
1620550,5.0,5.0,11
1620600,5.0,5.0,11
1620650,5.0,5.0,11
1620700,5.0,5.0,11
1620750,5.0,5.0,11
1620800,5.0,5.0,11
1620850,5.0,5.0,11
1620900,5.0,5.0,11
1620950,5.0,5.0,11
1621000,5.0,5.0,11
1621050,5.0,5.0,11
1621100,5.0,5.0,11
1621150,5.0,5.0,11
1621200,5.0,5.0,11
1621250,5.0,5.0,11
1621300,5.0,5.0,11
1621350,5.0,5.0,11
1621400,5.0,5.0,11
1621450,5.0,5.0,11
1621500,5.0,5.0,11
1621550,5.0,5.0,11
1621600,5.0,5.0,11
1621650,5.0,5.0,11
1621700,5.0,5.0,11
1621750,5.0,5.0,11
1621800,5.0,5.0,11
1621850,5.0,5.0,11
1621900,5.0,5.0,11
1621950,5.0,5.0,11
1622000,5.0,5.0,11
1622050,5.0,5.0,11
1622100,5.0,5.0,11
1622150,5.0,5.0,11
1622200,5.0,5.0,11
1622250,5.0,5.0,11
1622300,5.0,5.0,11
1622350,5.0,5.0,11
1622400,5.0,5.0,11
1622450,5.0,5.0,11
1622500,5.0,5.0,11
1622550,5.0,5.0,11
1622600,5.0,5.0,11
1622650,5.0,5.0,11
1622700,5.0,5.0,11
1622750,5.0,5.0,11
1622800,5.0,5.0,11
1622850,5.0,5.0,11
1622900,5.0,5.0,11
1622950,5.0,5.0,11
1623000,5.0,5.0,11
1623050,5.0,5.0,11
1623100,5.0,5.0,11
1623150,5.0,5.0,11
1623200,5.0,5.0,11
1623250,5.0,5.0,11
1623300,5.0,5.0,11
1623350,5.0,5.0,11
1623400,5.0,5.0,11
1623450,5.0,5.0,11
1623500,5.0,5.0,11
1623550,5.0,5.0,11
1623600,5.0,5.0,11
1623650,5.0,5.0,11
1623700,5.0,5.0,11
1623750,5.0,5.0,11
1623800,5.0,5.0,11
1623850,5.0,5.0,11
1623900,5.0,5.0,11
1623950,5.0,5.0,11
1624000,5.0,5.0,11
1624050,5.0,5.0,11
1624100,5.0,5.0,11
1624150,5.0,5.0,11
1624200,5.0,5.0,11
1624250,5.0,5.0,11
1624300,5.0,5.0,11
1624350,5.0,5.0,11
1624400,5.0,5.0,11
1624450,5.0,5.0,11
1624500,5.0,5.0,11
1624550,5.0,5.0,11
1624600,5.0,5.0,11
1624650,5.0,5.0,11
1624700,5.0,5.0,11
1624750,5.0,5.0,11
1624800,5.0,5.0,11
1624850,5.0,5.0,11
1624900,5.0,5.0,11
1624950,5.0,5.0,11
1625000,5.0,5.0,11
1625050,5.0,5.0,11
1625100,5.0,5.0,11
1625150,5.0,5.0,11
1625200,5.0,5.0,11
1625250,5.0,5.0,11
1625300,5.0,5.0,11
1625350,5.0,5.0,11
1625400,5.0,5.0,11
1625450,5.0,5.0,11
1625500,5.0,5.0,11
1625550,5.0,5.0,11
1625600,5.0,5.0,11
1625650,5.0,5.0,11
1625700,5.0,5.0,11
1625750,5.0,5.0,11
1625800,5.0,5.0,11
1625850,5.0,5.0,11
1625900,5.0,5.0,11
1625950,5.0,5.0,11
1626000,5.0,5.0,11
1626050,5.0,5.0,11
1626100,5.0,5.0,11
1626150,5.0,5.0,11
1626200,5.0,5.0,11
1626250,5.0,5.0,11
1626300,5.0,5.0,11
1626350,5.0,5.0,11
1626400,5.0,5.0,11
1626450,5.0,5.0,11
1626500,5.0,5.0,11
1626550,5.0,5.0,11
1626600,5.0,5.0,11
1626650,5.0,5.0,11
1626700,5.0,5.0,11
1626750,5.0,5.0,11
1626800,5.0,5.0,11
1626850,5.0,5.0,11
1626900,5.0,5.0,11
1626950,5.0,5.0,11
1627000,5.0,5.0,11
1627050,5.0,5.0,11
1627100,5.0,5.0,11
1627150,5.0,5.0,11
1627200,5.0,5.0,11
1627250,5.0,5.0,11
1627300,5.0,5.0,11
1627350,5.0,5.0,11
1627400,5.0,5.0,11
1627450,5.0,5.0,11
1627500,5.0,5.0,11
1627550,5.0,5.0,11
1627600,5.0,5.0,11
1627650,5.0,5.0,11
1627700,5.0,5.0,11
1627750,5.0,5.0,11
1627800,5.0,5.0,11
1627850,5.0,5.0,11
1627900,5.0,5.0,11
1627950,5.0,5.0,11
1628000,5.0,5.0,6
1628050,5.0,5.0,6
1628100,5.0,5.0,6
1628150,5.0,5.0,6
1628200,5.0,5.0,6
1628250,5.0,5.0,6
1628300,5.0,5.0,6
1628350,5.0,5.0,6
1628400,5.0,5.0,6
1628450,5.0,5.0,6
1628500,5.0,5.0,6
1628550,5.0,5.0,6
1628600,5.0,5.0,6
1628650,5.0,5.0,6
1628700,5.0,5.0,6
1628750,5.0,5.0,6
1628800,5.0,5.0,6
1628850,5.0,5.0,6
1628900,5.0,5.0,6
1628950,5.0,5.0,6
1629000,5.0,5.0,6
1629050,5.0,5.0,6
1629100,5.0,5.0,6
1629150,5.0,5.0,6
1629200,5.0,5.0,6
1629250,5.0,5.0,6
1629300,5.0,5.0,6
1629350,5.0,5.0,6
1629400,5.0,5.0,6
1629450,5.0,5.0,6
1629500,5.0,5.0,6
1629550,5.0,5.0,6
1629600,5.0,5.0,6
1629650,5.0,5.0,6
1629700,5.0,5.0,6
1629750,5.0,5.0,6
1629800,5.0,5.0,6
1629850,5.0,5.0,6
1629900,5.0,5.0,6
1629950,5.0,5.0,6
1630000,5.0,5.0,6
1630050,5.0,5.0,6
1630100,5.0,5.0,6
1630150,5.0,5.0,6
1630200,5.0,5.0,6
1630250,5.0,5.0,6
1630300,5.0,5.0,6
1630350,5.0,5.0,6
1630400,5.0,5.0,6
1630450,5.0,5.0,6
1630500,5.0,5.0,6
1630550,5.0,5.0,6
1630600,5.0,5.0,6
1630650,5.0,5.0,6
1630700,5.0,5.0,6
1630750,5.0,5.0,6
1630800,5.0,5.0,6
1630850,5.0,5.0,6
1630900,5.0,5.0,6
1630950,5.0,5.0,6
1631000,5.0,5.0,6
1631050,5.0,5.0,6
1631100,5.0,5.0,6
1631150,5.0,5.0,6
1631200,5.0,5.0,6
1631250,5.0,5.0,6
1631300,5.0,5.0,6
1631350,5.0,5.0,6
1631400,5.0,5.0,6
1631450,5.0,5.0,6
1631500,5.0,5.0,6
1631550,5.0,5.0,6
1631600,5.0,5.0,6
1631650,5.0,5.0,6
1631700,5.0,5.0,6
1631750,5.0,5.0,6
1631800,5.0,5.0,6
1631850,5.0,5.0,6
1631900,5.0,5.0,6
1631950,5.0,5.0,6
1632000,5.0,5.0,6
1632050,5.0,5.0,6
1632100,5.0,5.0,6
1632150,5.0,5.0,6
1632200,5.0,5.0,6
1632250,5.0,5.0,6
1632300,5.0,5.0,6
1632350,5.0,5.0,6
1632400,5.0,5.0,6
1632450,5.0,5.0,6
1632500,5.0,5.0,6
1632550,5.0,5.0,6
1632600,5.0,5.0,6
1632650,5.0,5.0,6
1632700,5.0,5.0,6
1632750,5.0,5.0,6
1632800,5.0,5.0,6
1632850,5.0,5.0,6
1632900,5.0,5.0,6
1632950,5.0,5.0,6
1633000,5.0,5.0,6
1633050,5.0,5.0,6
1633100,5.0,5.0,6
1633150,5.0,5.0,6
1633200,5.0,5.0,6
1633250,5.0,5.0,6
1633300,5.0,5.0,6
1633350,5.0,5.0,6
1633400,5.0,5.0,6
1633450,5.0,5.0,6
1633500,5.0,5.0,6
1633550,5.0,5.0,6
1633600,5.0,5.0,6
1633650,5.0,5.0,6
1633700,5.0,5.0,6
1633750,5.0,5.0,6
1633800,5.0,5.0,6
1633850,5.0,5.0,6
1633900,5.0,5.0,6
1633950,5.0,5.0,6
1634000,5.0,5.0,6
1634050,5.0,5.0,6
1634100,5.0,5.0,6
1634150,5.0,5.0,6
1634200,5.0,5.0,6
1634250,5.0,5.0,6
1634300,5.0,5.0,6
1634350,5.0,5.0,6
1634400,5.0,5.0,6
1634450,5.0,5.0,6
1634500,5.0,5.0,6
1634550,5.0,5.0,6
1634600,5.0,5.0,6
1634650,5.0,5.0,6
1634700,5.0,5.0,6
1634750,5.0,5.0,6
1634800,5.0,5.0,6
1634850,5.0,5.0,6
1634900,5.0,5.0,6
1634950,5.0,5.0,6
1635000,5.0,5.0,6
1635050,5.0,5.0,6
1635100,5.0,5.0,6
1635150,5.0,5.0,6
1635200,5.0,5.0,6
1635250,5.0,5.0,6
1635300,5.0,5.0,6
1635350,5.0,5.0,6
1635400,5.0,5.0,6
1635450,5.0,5.0,6
1635500,5.0,5.0,6
1635550,5.0,5.0,6
1635600,5.0,5.0,6
1635650,5.0,5.0,6
1635700,5.0,5.0,6
1635750,5.0,5.0,6
1635800,5.0,5.0,6
1635850,5.0,5.0,6
1635900,5.0,5.0,6
1635950,5.0,5.0,6
1636000,5.0,5.0,6
1636050,5.0,5.0,6
1636100,5.0,5.0,6
1636150,5.0,5.0,6
1636200,5.0,5.0,6
1636250,5.0,5.0,6
1636300,5.0,5.0,6
1636350,5.0,5.0,6
1636400,5.0,5.0,6
1636450,5.0,5.0,6
1636500,5.0,5.0,6
1636550,5.0,5.0,6
1636600,5.0,5.0,6
1636650,5.0,5.0,6
1636700,5.0,5.0,6
1636750,5.0,5.0,6
1636800,5.0,5.0,6
1636850,5.0,5.0,6
1636900,5.0,5.0,6
1636950,5.0,5.0,6
1637000,5.0,5.0,6
1637050,5.0,5.0,6
1637100,5.0,5.0,6
1637150,5.0,5.0,6
1637200,5.0,5.0,6
1637250,5.0,5.0,6
1637300,5.0,5.0,6
1637350,5.0,5.0,6
1637400,5.0,5.0,6
1637450,5.0,5.0,6
1637500,5.0,5.0,6
1637550,5.0,5.0,6
1637600,5.0,5.0,6
1637650,5.0,5.0,6
1637700,5.0,5.0,6
1637750,5.0,5.0,6
1637800,5.0,5.0,6
1637850,5.0,5.0,6
1637900,5.0,5.0,6
1637950,5.0,5.0,6
1638000,5.0,5.0,6
1638050,5.0,5.0,6
1638100,5.0,5.0,6
1638150,5.0,5.0,6
1638200,5.0,5.0,6
1638250,5.0,5.0,6
1638300,5.0,5.0,6
1638350,5.0,5.0,6
1638400,5.0,5.0,6
1638450,5.0,5.0,6
1638500,5.0,5.0,6
1638550,5.0,5.0,6
1638600,5.0,5.0,6
1638650,5.0,5.0,6
1638700,5.0,5.0,6
1638750,5.0,5.0,6
1638800,5.0,5.0,6
1638850,5.0,5.0,6
1638900,5.0,5.0,6
1638950,5.002,5.0,6
1639000,5.004,5.0,6
1639050,5.013,5.0,6
1639100,5.018,5.0,6
1639150,5.02,5.0,6
1639200,5.025,5.0,6
1639250,5.035,5.0,6
1639300,5.045,5.0,6
1639350,5.061,5.0,6
1639400,5.087,5.0,6
1639450,5.106,5.0,6
1639500,5.115,5.0,6
1639550,5.122,5.0,6
1639600,5.125,5.0,6
1639650,5.128,5.0,6
1639700,5.129,5.0,6
1639750,5.129,5.0,6
1639800,5.129,5.0,6
1639850,5.129,5.0,6
1639900,5.129,5.0,6
1639950,5.129,5.0,6
1640000,5.129,5.0,6
1640050,5.129,5.0,6
1640100,5.129,5.0,6
1640150,5.131,5.0,6
1640200,5.136,5.0,6
1640250,5.142,5.0,6
1640300,5.146,5.0,6
1640350,5.147,5.0,6
1640400,5.147,5.0,6
1640450,5.147,5.0,6
1640500,5.149,5.0,6
1640550,5.15,5.0,6
1640600,5.15,5.0,6
1640650,5.15,5.0,6
1640700,5.15,5.0,6
1640750,5.15,5.0,6
1640800,5.15,5.0,6
1640850,5.15,5.0,6
1640900,5.15,5.0,6
1640950,5.15,5.0,6
1641000,5.15,5.0,6
1641050,5.15,5.0,6
1641100,5.15,5.0,6
1641150,5.15,5.0,6
1641200,5.15,5.0,6
1641250,5.15,5.0,6
1641300,5.15,5.0,6
1641350,5.15,5.0,6
1641400,5.15,5.0,6
1641450,5.15,5.0,6
1641500,5.15,5.0,6
1641550,5.15,5.0,6
1641600,5.15,5.0,6
1641650,5.15,5.0,6
1641700,5.15,5.0,6
1641750,5.15,5.0,6
1641800,5.15,5.0,6
1641850,5.15,5.0,6
1641900,5.15,5.0,6
1641950,5.15,5.0,6
1642000,5.15,5.0,6
1642050,5.15,5.0,6
1642100,5.15,5.0,6
1642150,5.15,5.0,6
1642200,5.15,5.0,6
1642250,5.15,5.0,6
1642300,5.15,5.0,6
1642350,5.15,5.0,6
1642400,5.15,5.0,6
1642450,5.15,5.0,6
1642500,5.151,5.0,6
1642550,5.151,5.0,6
1642600,5.151,5.0,6
1642650,5.151,5.0,6
1642700,5.151,5.0,6
1642750,5.151,5.0,6
1642800,5.151,5.0,6
1642850,5.151,5.0,6
1642900,5.151,5.0,6
1642950,5.151,5.0,6
1643000,5.151,5.0,6
1643050,5.151,5.0,6
1643100,5.151,5.0,6
1643150,5.151,5.0,6
1643200,5.151,5.0,6
1643250,5.151,5.0,6
1643300,5.151,5.0,6
1643350,5.151,5.0,6
1643400,5.151,5.0,6
1643450,5.151,5.0,6
1643500,5.151,5.0,6
1643550,5.151,5.0,6
1643600,5.151,5.0,6
1643650,5.151,5.0,6
1643700,5.151,5.0,6
1643750,5.151,5.0,6
1643800,5.151,5.0,6
1643850,5.151,5.0,6
1643900,5.151,5.0,6
1643950,5.151,5.0,6
1644000,5.151,5.0,6
1644050,5.151,5.0,6
1644100,5.151,5.0,6
1644150,5.151,5.0,6
1644200,5.151,5.0,6
1644250,5.151,5.0,6
1644300,5.151,5.0,6
1644350,5.151,5.0,6
1644400,5.151,5.0,6
1644450,5.151,5.0,6
1644500,5.151,5.0,6
1644550,5.164,5.0,6
1644600,5.17,5.0,6
1644650,5.174,5.0,6
1644700,5.188,5.0,6
1644750,5.198,5.0,6
1644800,5.21,5.0,6
1644850,5.215,5.0,6
1644900,5.227,5.0,6
1644950,5.233,5.0,6
1645000,5.238,5.0,6
1645050,5.24,5.0,6
1645100,5.249,5.0,6
1645150,5.265,5.0,6
1645200,5.277,5.0,6
1645250,5.292,4.978,6
1645300,5.303,4.968,6
1645350,5.311,4.968,6
1645400,5.329,4.966,6
1645450,5.347,4.965,6
1645500,5.365,4.963,6
1645550,5.388,4.961,6
1645600,5.408,4.959,6
1645650,5.425,4.959,6
1645700,5.433,4.959,6
1645750,5.437,4.959,6
1645800,5.442,4.959,6
1645850,5.443,4.959,6
1645900,5.445,4.959,6
1645950,5.451,4.959,6
1646000,5.458,4.959,6
1646050,5.469,4.959,6
1646100,5.481,4.959,6
1646150,5.51,4.959,6
1646200,5.532,4.959,6
1646250,5.554,4.959,6
1646300,5.562,4.959,6
1646350,5.565,4.959,6
1646400,5.566,4.959,6
1646450,5.566,4.959,6
1646500,5.566,4.959,6
1646550,5.566,4.959,6
1646600,5.566,4.959,6
1646650,5.566,4.959,6
1646700,5.566,4.959,6
1646750,5.566,4.959,6
1646800,5.568,4.959,6
1646850,5.568,4.959,6
1646900,5.568,4.959,6
1646950,5.569,4.967,6
1647000,5.571,4.978,6
1647050,5.578,4.981,6
1647100,5.587,4.981,6
1647150,5.593,4.981,6
1647200,5.604,4.981,6
1647250,5.612,4.981,6
1647300,5.627,4.981,6
1647350,5.653,4.981,6
1647400,5.679,4.981,6
1647450,5.698,4.986,6
1647500,5.705,5.008,6
1647550,5.706,5.037,6
1647600,5.706,5.057,6
1647650,5.706,5.07,6
1647700,5.706,5.083,6
1647750,5.706,5.093,6
1647800,5.706,5.098,6
1647850,5.706,5.099,6
1647900,5.706,5.1,6
1647950,5.708,5.1,6
1648000,5.714,5.1,6
1648050,5.716,5.1,6
1648100,5.716,5.1,6
1648150,5.716,5.1,6
1648200,5.716,5.1,6
1648250,5.716,5.1,6
1648300,5.716,5.1,6
1648350,5.716,5.1,6
1648400,5.716,5.1,6
1648450,5.716,5.1,6
1648500,5.716,5.1,6
1648550,5.716,5.1,6
1648600,5.716,5.1,6
1648650,5.716,5.1,6
1648700,5.716,5.1,6
1648750,5.716,5.1,6
1648800,5.716,5.1,6
1648850,5.716,5.1,6
1648900,5.716,5.1,6
1648950,5.716,5.1,6
1649000,5.716,5.1,6
1649050,5.716,5.1,6
1649100,5.716,5.1,6
1649150,5.716,5.1,6
1649200,5.716,5.1,6
1649250,5.716,5.1,6
1649300,5.716,5.1,6
1649350,5.716,5.1,6
1649400,5.716,5.1,6
1649450,5.716,5.1,6
1649500,5.716,5.1,6
1649550,5.716,5.1,6
1649600,5.716,5.1,6
1649650,5.716,5.1,6
1649700,5.716,5.1,6
1649750,5.716,5.1,6
1649800,5.716,5.1,6
1649850,5.716,5.1,6
1649900,5.716,5.1,6
1649950,5.716,5.1,6
1650000,5.716,5.1,6
1650050,5.716,5.1,6
1650100,5.716,5.1,6
1650150,5.716,5.1,6
1650200,5.716,5.1,6
1650250,5.716,5.1,6
1650300,5.716,5.1,6
1650350,5.716,5.1,6
1650400,5.716,5.1,6
1650450,5.716,5.1,6
1650500,5.716,5.1,6
1650550,5.716,5.1,6
1650600,5.716,5.1,6
1650650,5.716,5.1,6
1650700,5.716,5.1,6
1650750,5.716,5.1,6
1650800,5.716,5.1,6
1650850,5.716,5.1,6
1650900,5.716,5.1,6
1650950,5.716,5.1,6
1651000,5.716,5.1,6
1651050,5.716,5.1,6
1651100,5.716,5.1,6
1651150,5.716,5.1,6
1651200,5.716,5.1,6
1651250,5.716,5.1,6
1651300,5.716,5.1,6
1651350,5.716,5.1,6
1651400,5.716,5.1,6
1651450,5.716,5.1,6
1651500,5.716,5.1,6
1651550,5.716,5.1,6
1651600,5.716,5.1,6
1651650,5.716,5.1,6
1651700,5.716,5.1,6
1651750,5.716,5.1,6
1651800,5.716,5.1,6
1651850,5.716,5.1,6
1651900,5.716,5.1,6
1651950,5.716,5.1,6
1652000,5.716,5.1,6
1652050,5.716,5.1,6
1652100,5.716,5.1,6
1652150,5.716,5.1,6
1652200,5.716,5.1,6
1652250,5.716,5.1,6
1652300,5.716,5.1,6
1652350,5.716,5.1,6
1652400,5.716,5.1,6
1652450,5.716,5.1,6
1652500,5.716,5.1,6
1652550,5.716,5.1,6
1652600,5.716,5.1,6
1652650,5.716,5.1,6
1652700,5.716,5.1,6
1652750,5.716,5.1,6
1652800,5.716,5.1,6
1652850,5.716,5.1,6
1652900,5.716,5.1,6
1652950,5.716,5.1,6
1653000,5.716,5.1,6
1653050,5.716,5.1,6
1653100,5.716,5.1,6
1653150,5.716,5.1,6
1653200,5.716,5.1,6
1653250,5.716,5.1,6
1653300,5.716,5.1,6
1653350,5.716,5.1,6
1653400,5.716,5.1,6
1653450,5.716,5.1,6
1653500,5.716,5.1,6
1653550,5.716,5.1,6
1653600,5.716,5.1,6
1653650,5.716,5.1,6
1653700,5.716,5.1,6
1653750,5.716,5.1,6
1653800,5.716,5.1,6
1653850,5.716,5.1,6
1653900,5.716,5.1,6
1653950,5.716,5.1,6
1654000,5.716,5.1,6
1654050,5.716,5.1,6
1654100,5.716,5.1,6
1654150,5.716,5.1,6
1654200,5.716,5.1,6
1654250,5.716,5.1,6
1654300,5.716,5.1,6
1654350,5.716,5.1,6
1654400,5.716,5.1,6
1654450,5.716,5.1,6
1654500,5.716,5.1,6
1654550,5.716,5.1,6
1654600,5.716,5.1,6
1654650,5.716,5.1,6
1654700,5.716,5.1,6
1654750,5.716,5.1,6
1654800,5.716,5.1,6
1654850,5.716,5.1,6
1654900,5.716,5.1,6
1654950,5.716,5.1,6
1655000,5.716,5.1,6
1655050,5.716,5.1,6
1655100,5.716,5.1,6
1655150,5.716,5.1,6
1655200,5.716,5.1,6
1655250,5.716,5.1,6
1655300,5.716,5.1,6
1655350,5.716,5.1,6
1655400,5.716,5.1,6
1655450,5.716,5.1,6
1655500,5.716,5.1,6
1655550,5.716,5.1,6
1655600,5.716,5.1,6
1655650,5.716,5.1,6
1655700,5.716,5.1,6
1655750,5.716,5.1,6
1655800,5.716,5.1,6
1655850,5.716,5.1,6
1655900,5.716,5.1,6
1655950,5.716,5.1,6
1656000,5.716,5.1,6
1656050,5.716,5.1,6
1656100,5.716,5.1,6
1656150,5.716,5.1,6
1656200,5.716,5.1,6
1656250,5.716,5.1,6
1656300,5.716,5.1,6
1656350,5.716,5.1,6
1656400,5.716,5.1,6
1656450,5.716,5.1,6
1656500,5.716,5.1,6
1656550,5.716,5.1,6
1656600,5.716,5.1,6
1656650,5.716,5.1,6
1656700,5.716,5.1,6
1656750,5.716,5.1,6
1656800,5.716,5.1,6
1656850,5.716,5.1,6
1656900,5.716,5.1,6
1656950,5.716,5.1,6
1657000,5.716,5.1,6
1657050,5.716,5.1,6
1657100,5.716,5.1,6
1657150,5.716,5.1,6
1657200,5.716,5.1,6
1657250,5.716,5.1,6
1657300,5.716,5.1,6
1657350,5.716,5.1,6
1657400,5.716,5.1,6
1657450,5.716,5.1,6
1657500,5.716,5.1,6
1657550,5.716,5.1,6
1657600,5.716,5.1,6
1657650,5.716,5.1,6
1657700,5.716,5.1,6
1657750,5.716,5.1,6
1657800,5.716,5.1,6
1657850,5.716,5.1,6
1657900,5.716,5.1,6
1657950,5.716,5.1,6
1658000,5.716,5.1,6
1658050,5.716,5.1,6
1658100,5.716,5.1,6
1658150,5.716,5.1,6
1658200,5.716,5.1,6
1658250,5.716,5.1,6
1658300,5.716,5.1,6
1658350,5.716,5.1,6
1658400,5.716,5.1,6
1658450,5.716,5.1,6
1658500,5.716,5.1,6
1658550,5.716,5.1,6
1658600,5.716,5.1,6
1658650,5.716,5.1,6
1658700,5.716,5.1,6
1658750,5.716,5.1,6
1658800,5.716,5.1,6
1658850,5.716,5.1,6
1658900,5.716,5.1,6
1658950,5.716,5.1,6
1659000,5.716,5.1,6
1659050,5.716,5.1,6
1659100,5.716,5.1,6
1659150,5.716,5.1,6
1659200,5.716,5.1,6
1659250,5.716,5.1,6
1659300,5.716,5.1,6
1659350,5.716,5.1,6
1659400,5.716,5.1,6
1659450,5.716,5.1,6
1659500,5.716,5.1,6
1659550,5.716,5.1,6
1659600,5.716,5.1,6
1659650,5.716,5.1,6
1659700,5.716,5.1,6
1659750,5.716,5.1,6
1659800,5.716,5.1,6
1659850,5.716,5.1,6
1659900,5.716,5.1,6
1659950,5.716,5.1,6
1660000,5.716,5.1,6
1660050,5.716,5.1,6
1660100,5.716,5.1,6
1660150,5.716,5.1,6
1660200,5.716,5.1,6
1660250,5.716,5.1,6
1660300,5.716,5.1,6
1660350,5.716,5.1,6
1660400,5.716,5.1,6
1660450,5.716,5.1,6
1660500,5.716,5.1,6
1660550,5.716,5.1,6
1660600,5.716,5.1,6
1660650,5.716,5.1,6
1660700,5.716,5.1,6
1660750,5.716,5.1,6
1660800,5.716,5.1,6
1660850,5.716,5.1,6
1660900,5.716,5.1,6
1660950,5.716,5.1,6
1661000,5.716,5.1,6
1661050,5.716,5.1,6
1661100,5.716,5.1,6
1661150,5.716,5.1,6
1661200,5.716,5.1,6
1661250,5.716,5.1,6
1661300,5.716,5.1,6
1661350,5.716,5.1,6
1661400,5.716,5.1,6
1661450,5.716,5.1,6
1661500,5.716,5.1,6
1661550,5.716,5.1,6
1661600,5.716,5.1,6
1661650,5.716,5.1,6
1661700,5.716,5.1,6
1661750,5.716,5.1,6
1661800,5.716,5.1,6
1661850,5.716,5.1,6
1661900,5.716,5.1,6
1661950,5.716,5.1,6
1662000,5.716,5.1,6
1662050,5.716,5.1,6
1662100,5.716,5.1,6
1662150,5.716,5.1,6
1662200,5.716,5.1,6
1662250,5.716,5.1,6
1662300,5.716,5.1,6
1662350,5.716,5.1,6
1662400,5.716,5.1,6
1662450,5.716,5.1,6
1662500,5.716,5.1,6
1662550,5.716,5.1,6
1662600,5.716,5.1,6
1662650,5.716,5.1,6
1662700,5.716,5.1,6
1662750,5.716,5.1,6
1662800,5.716,5.1,6
1662850,5.716,5.1,6
1662900,5.716,5.1,6
1662950,5.716,5.1,6
1663000,5.716,5.1,6
1663050,5.716,5.1,6
1663100,5.716,5.1,6
1663150,5.716,5.1,6
1663200,5.716,5.1,6
1663250,5.716,5.1,6
1663300,5.716,5.1,6
1663350,5.716,5.1,6
1663400,5.716,5.1,6
1663450,5.716,5.1,6
1663500,5.716,5.1,6
1663550,5.716,5.1,6
1663600,5.716,5.1,6
1663650,5.716,5.1,6
1663700,5.716,5.1,6
1663750,5.716,5.1,6
1663800,5.716,5.1,6
1663850,5.716,5.1,6
1663900,5.716,5.1,6
1663950,5.716,5.1,6
1664000,5.716,5.1,6
1664050,5.716,5.1,6
1664100,5.716,5.1,6
1664150,5.716,5.1,6
1664200,5.716,5.1,6
1664250,5.716,5.1,6
1664300,5.716,5.1,6
1664350,5.716,5.1,6
1664400,5.716,5.1,6
1664450,5.716,5.1,6
1664500,5.716,5.1,6
1664550,5.716,5.1,6
1664600,5.716,5.1,6
1664650,5.716,5.1,6
1664700,5.716,5.1,6
1664750,5.716,5.1,6
1664800,5.716,5.1,6
1664850,5.716,5.1,6
1664900,5.716,5.1,6
1664950,5.716,5.1,6
1665000,5.716,5.1,6
1665050,5.716,5.1,6
1665100,5.716,5.1,6
1665150,5.716,5.1,6
1665200,5.716,5.1,6
1665250,5.716,5.1,6
1665300,5.716,5.1,6
1665350,5.716,5.1,6
1665400,5.716,5.1,6
1665450,5.716,5.1,6
1665500,5.716,5.1,6
1665550,5.716,5.1,6
1665600,5.716,5.1,6
1665650,5.716,5.1,6
1665700,5.716,5.1,6
1665750,5.716,5.1,6
1665800,5.716,5.1,6
1665850,5.716,5.1,6
1665900,5.716,5.1,6
1665950,5.716,5.1,6
1666000,5.716,5.1,6
1666050,5.716,5.1,6
1666100,5.716,5.1,6
1666150,5.716,5.1,6
1666200,5.716,5.1,6
1666250,5.716,5.1,6
1666300,5.716,5.1,6
1666350,5.716,5.1,6
1666400,5.716,5.1,6
1666450,5.716,5.1,6
1666500,5.716,5.1,6
1666550,5.716,5.1,6
1666600,5.716,5.1,6
1666650,5.716,5.1,6
1666700,5.716,5.1,6
1666750,5.716,5.1,6
1666800,5.716,5.1,6
1666850,5.716,5.1,6
1666900,5.716,5.1,6
1666950,5.716,5.1,6
1667000,5.716,5.1,6
1667050,5.716,5.1,6
1667100,5.716,5.1,6
1667150,5.716,5.1,6
1667200,5.716,5.1,6
1667250,5.716,5.1,6
1667300,5.716,5.1,6
1667350,5.716,5.1,6
1667400,5.716,5.1,6
1667450,5.716,5.1,6
1667500,5.716,5.1,6
1667550,5.716,5.1,6
1667600,5.716,5.1,6
1667650,5.716,5.1,6
1667700,5.716,5.1,6
1667750,5.716,5.1,6
1667800,5.716,5.1,6
1667850,5.716,5.1,6
1667900,5.716,5.1,6
1667950,5.716,5.1,6
1668000,5.716,5.1,6
1668050,5.716,5.1,6
1668100,5.716,5.1,6
1668150,5.716,5.1,6
1668200,5.716,5.1,6
1668250,5.716,5.1,6
1668300,5.716,5.1,6
1668350,5.716,5.1,6
1668400,5.716,5.1,6
1668450,5.716,5.1,6
1668500,5.716,5.1,6
1668550,5.716,5.1,6
1668600,5.716,5.1,6
1668650,5.716,5.1,6
1668700,5.716,5.1,6
1668750,5.716,5.1,6
1668800,5.716,5.1,6
1668850,5.716,5.1,6
1668900,5.716,5.1,6
1668950,5.716,5.1,6
1669000,5.716,5.1,6
1669050,5.716,5.1,6
1669100,5.716,5.1,6
1669150,5.716,5.1,6
1669200,5.716,5.1,6
1669250,5.716,5.1,6
1669300,5.716,5.1,6
1669350,5.716,5.1,6
1669400,5.716,5.1,6
1669450,5.716,5.1,6
1669500,5.716,5.1,6
1669550,5.716,5.1,6
1669600,5.716,5.1,6
1669650,5.716,5.1,6
1669700,5.716,5.1,6
1669750,5.716,5.1,6
1669800,5.716,5.1,6
1669850,5.716,5.1,6
1669900,5.716,5.1,6
1669950,5.716,5.1,6
1670000,5.716,5.1,6
1670050,5.716,5.1,6
1670100,5.716,5.1,6
1670150,5.716,5.1,6
1670200,5.716,5.1,6
1670250,5.716,5.1,6
1670300,5.716,5.1,6
1670350,5.716,5.1,6
1670400,5.716,5.1,6
1670450,5.716,5.1,6
1670500,5.716,5.1,6
1670550,5.716,5.1,6
1670600,5.716,5.1,6
1670650,5.716,5.1,6
1670700,5.716,5.1,6
1670750,5.716,5.1,6
1670800,5.716,5.1,6
1670850,5.716,5.1,6
1670900,5.716,5.1,6
1670950,5.716,5.1,6
1671000,5.716,5.1,6
1671050,5.716,5.1,6
1671100,5.716,5.1,6
1671150,5.716,5.1,6
1671200,5.716,5.1,6
1671250,5.716,5.1,6
1671300,5.716,5.1,6
1671350,5.716,5.1,6
1671400,5.716,5.1,6
1671450,5.716,5.1,6
1671500,5.716,5.1,6
1671550,5.716,5.1,6
1671600,5.716,5.1,6
1671650,5.716,5.1,6
1671700,5.716,5.1,6
1671750,5.716,5.1,6
1671800,5.716,5.1,6
1671850,5.716,5.1,6
1671900,5.716,5.1,6
1671950,5.716,5.1,6
1672000,5.716,5.1,6
1672050,5.716,5.1,6
1672100,5.716,5.1,6
1672150,5.716,5.1,6
1672200,5.716,5.1,6
1672250,5.716,5.1,6
1672300,5.716,5.1,6
1672350,5.716,5.1,6
1672400,5.716,5.1,6
1672450,5.716,5.1,6
1672500,5.716,5.1,6
1672550,5.716,5.1,6
1672600,5.716,5.1,6
1672650,5.716,5.1,6
1672700,5.716,5.1,6
1672750,5.716,5.1,6
1672800,5.716,5.1,6
1672850,5.716,5.1,6
1672900,5.716,5.1,6
1672950,5.716,5.1,6
1673000,5.716,5.1,6
1673050,5.716,5.1,6
1673100,5.716,5.1,6
1673150,5.716,5.1,6
1673200,5.716,5.1,6
1673250,5.716,5.1,6
1673300,5.716,5.1,6
1673350,5.716,5.1,6
1673400,5.716,5.1,6
1673450,5.716,5.1,6
1673500,5.716,5.1,6
1673550,5.716,5.1,6
1673600,5.716,5.1,6
1673650,5.716,5.1,6
1673700,5.716,5.1,6
1673750,5.716,5.1,6
1673800,5.716,5.1,6
1673850,5.716,5.1,6
1673900,5.716,5.1,6
1673950,5.716,5.1,6
1674000,5.716,5.1,6
1674050,5.716,5.1,6
1674100,5.716,5.1,6
1674150,5.716,5.1,6
1674200,5.716,5.1,6
1674250,5.716,5.1,6
1674300,5.716,5.1,6
1674350,5.716,5.1,6
1674400,5.716,5.1,6
1674450,5.716,5.1,6
1674500,5.716,5.1,6
1674550,5.716,5.1,6
1674600,5.716,5.1,6
1674650,5.716,5.1,6
1674700,5.716,5.1,6
1674750,5.716,5.1,6
1674800,5.716,5.1,6
1674850,5.716,5.1,6
1674900,5.716,5.1,6
1674950,5.716,5.1,6
1675000,5.716,5.1,6
1675050,5.716,5.1,6
1675100,5.716,5.1,6
1675150,5.716,5.1,6
1675200,5.716,5.1,6
1675250,5.716,5.1,6
1675300,5.716,5.1,6
1675350,5.716,5.1,6
1675400,5.716,5.1,6
1675450,5.716,5.1,6
1675500,5.716,5.1,6
1675550,5.716,5.1,6
1675600,5.716,5.1,6
1675650,5.716,5.1,6
1675700,5.716,5.1,6
1675750,5.716,5.1,6
1675800,5.716,5.1,6
1675850,5.716,5.1,6
1675900,5.716,5.1,6
1675950,5.716,5.1,6
1676000,5.716,5.1,6
1676050,5.716,5.1,6
1676100,5.716,5.1,6
1676150,5.716,5.1,6
1676200,5.716,5.1,6
1676250,5.716,5.1,6
1676300,5.716,5.1,6
1676350,5.716,5.1,6
1676400,5.716,5.1,6
1676450,5.716,5.1,6
1676500,5.716,5.1,6
1676550,5.716,5.1,6
1676600,5.716,5.1,6
1676650,5.716,5.1,6
1676700,5.716,5.1,6
1676750,5.716,5.1,6
1676800,5.716,5.1,6
1676850,5.716,5.1,6
1676900,5.716,5.1,6
1676950,5.716,5.1,6
1677000,5.716,5.1,6
1677050,5.716,5.1,6
1677100,5.716,5.1,6
1677150,5.716,5.1,6
1677200,5.716,5.1,6
1677250,5.716,5.1,6
1677300,5.716,5.1,6
1677350,5.716,5.1,6
1677400,5.716,5.1,6
1677450,5.716,5.1,6
1677500,5.716,5.1,6
1677550,5.716,5.1,6
1677600,5.716,5.1,6
1677650,5.716,5.1,6
1677700,5.716,5.1,6
1677750,5.716,5.1,6
1677800,5.716,5.1,6
1677850,5.716,5.1,6
1677900,5.716,5.1,6
1677950,5.716,5.1,6
1678000,5.716,5.1,6
1678050,5.716,5.1,6
1678100,5.716,5.1,6
1678150,5.716,5.1,6
1678200,5.716,5.1,6
1678250,5.716,5.1,6
1678300,5.716,5.1,6
1678350,5.715,5.1,6
1678400,5.715,5.1,6
1678450,5.714,5.1,6
1678500,5.714,5.1,6
1678550,5.714,5.1,6
1678600,5.714,5.1,6
1678650,5.713,5.1,6
1678700,5.708,5.1,6
1678750,5.706,5.1,6
1678800,5.706,5.1,6
1678850,5.706,5.1,6
1678900,5.706,5.1,6
1678950,5.706,5.1,6
1679000,5.706,5.1,6
1679050,5.706,5.1,6
1679100,5.706,5.1,6
1679150,5.706,5.1,6
1679200,5.706,5.1,6
1679250,5.706,5.1,6
1679300,5.706,5.1,6
1679350,5.706,5.1,6
1679400,5.706,5.1,6
1679450,5.706,5.1,6
1679500,5.706,5.1,6
1679550,5.706,5.1,6
1679600,5.706,5.1,6
1679650,5.706,5.1,6
1679700,5.706,5.1,6
1679750,5.706,5.1,6
1679800,5.706,5.1,6
1679850,5.706,5.1,6
1679900,5.706,5.1,6
1679950,5.706,5.1,6
1680000,5.706,5.1,6
1680050,5.706,5.1,6
1680100,5.705,5.1,6
1680150,5.705,5.1,6
1680200,5.705,5.1,6
1680250,5.705,5.1,6
1680300,5.704,5.1,6
1680350,5.703,5.1,6
1680400,5.699,5.1,6
1680450,5.698,5.1,6
1680500,5.698,5.1,6
1680550,5.695,5.1,6
1680600,5.693,5.1,6
1680650,5.69,5.1,6
1680700,5.689,5.1,6
1680750,5.689,5.1,6
1680800,5.688,5.1,6
1680850,5.687,5.1,6
1680900,5.685,5.1,6
1680950,5.683,5.1,6
1681000,5.679,5.1,6
1681050,5.678,5.1,6
1681100,5.678,5.1,6
1681150,5.674,5.1,6
1681200,5.672,5.1,6
1681250,5.671,5.1,6
1681300,5.667,5.1,6
1681350,5.662,5.1,6
1681400,5.657,5.1,6
1681450,5.647,5.1,6
1681500,5.638,5.1,6
1681550,5.63,5.1,6
1681600,5.624,5.1,6
1681650,5.619,5.1,6
1681700,5.615,5.1,6
1681750,5.61,5.1,6
1681800,5.605,5.101,6
1681850,5.602,5.102,6
1681900,5.601,5.102,6
1681950,5.595,5.102,6
1682000,5.583,5.103,6
1682050,5.568,5.103,6
1682100,5.551,5.103,6
1682150,5.532,5.103,6
1682200,5.518,5.103,6
1682250,5.508,5.103,6
1682300,5.493,5.103,6
1682350,5.472,5.103,6
1682400,5.456,5.103,6
1682450,5.448,5.103,6
1682500,5.442,5.103,6
1682550,5.44,5.103,6
1682600,5.44,5.103,6
1682650,5.44,5.103,6
1682700,5.44,5.103,6
1682750,5.44,5.103,6
1682800,5.44,5.103,6
1682850,5.44,5.103,6
1682900,5.44,5.103,6
1682950,5.44,5.103,6
1683000,5.44,5.103,6
1683050,5.44,5.103,6
1683100,5.44,5.103,6
1683150,5.44,5.103,6
1683200,5.44,5.103,6
1683250,5.44,5.103,6
1683300,5.44,5.103,6
1683350,5.44,5.103,6
1683400,5.44,5.103,6
1683450,5.44,5.103,6
1683500,5.44,5.103,6
1683550,5.44,5.103,6
1683600,5.44,5.103,6
1683650,5.44,5.103,6
1683700,5.44,5.103,6
1683750,5.44,5.103,6
1683800,5.44,5.103,6
1683850,5.44,5.103,6
1683900,5.44,5.103,6
1683950,5.44,5.103,6
1684000,5.44,5.103,6
1684050,5.44,5.103,6
1684100,5.439,5.103,6
1684150,5.439,5.103,6
1684200,5.439,5.103,6
1684250,5.439,5.103,6
1684300,5.439,5.103,6
1684350,5.439,5.103,6
1684400,5.439,5.103,6
1684450,5.439,5.103,6
1684500,5.439,5.103,6
1684550,5.439,5.103,6
1684600,5.439,5.103,6
1684650,5.439,5.103,6
1684700,5.437,5.103,6
1684750,5.437,5.103,6
1684800,5.437,5.103,6
1684850,5.437,5.103,6
1684900,5.437,5.103,6
1684950,5.437,5.103,6
1685000,5.436,5.103,6
1685050,5.436,5.103,6
1685100,5.436,5.103,6
1685150,5.436,5.103,6
1685200,5.436,5.103,6
1685250,5.436,5.103,6
1685300,5.436,5.103,6
1685350,5.436,5.103,6
1685400,5.443,5.103,6
1685450,5.45,5.103,6
1685500,5.458,5.103,6
1685550,5.465,5.103,6
1685600,5.47,5.103,6
1685650,5.478,5.103,6
1685700,5.485,5.103,6
1685750,5.495,5.103,6
1685800,5.509,5.103,6
1685850,5.526,5.103,6
1685900,5.538,5.103,6
1685950,5.548,5.103,6
1686000,5.557,5.103,6
1686050,5.57,5.103,6
1686100,5.585,5.103,6
1686150,5.609,5.103,6
1686200,5.632,5.103,6
1686250,5.645,5.103,6
1686300,5.653,5.103,6
1686350,5.658,5.103,6
1686400,5.661,5.103,6
1686450,5.666,5.103,6
1686500,5.67,5.103,6
1686550,5.675,5.103,6
1686600,5.681,5.103,6
1686650,5.689,5.103,6
1686700,5.697,5.103,6
1686750,5.706,5.103,6
1686800,5.714,5.103,6
1686850,5.721,5.103,6
1686900,5.724,5.103,6
1686950,5.725,5.103,6
1687000,5.725,5.103,6
1687050,5.725,5.103,6
1687100,5.729,5.103,6
1687150,5.731,5.103,6
1687200,5.731,5.103,6
1687250,5.731,5.103,6
1687300,5.731,5.103,6
1687350,5.731,5.103,6
1687400,5.731,5.103,6
1687450,5.731,5.103,6
1687500,5.731,5.103,6
1687550,5.731,5.103,6
1687600,5.731,5.103,6
1687650,5.731,5.103,6
1687700,5.731,5.103,6
1687750,5.731,5.103,6
1687800,5.731,5.103,6
1687850,5.731,5.103,6
1687900,5.731,5.103,6
1687950,5.731,5.103,6
1688000,5.731,5.103,6
1688050,5.731,5.103,6
1688100,5.731,5.103,6
1688150,5.731,5.103,6
1688200,5.731,5.103,6
1688250,5.731,5.103,6
1688300,5.731,5.103,6
1688350,5.731,5.103,6
1688400,5.731,5.103,6
1688450,5.731,5.103,6
1688500,5.731,5.103,6
1688550,5.731,5.103,6
1688600,5.731,5.103,6
1688650,5.731,5.103,6
1688700,5.731,5.103,6
1688750,5.731,5.103,6
1688800,5.731,5.103,6
1688850,5.731,5.103,6
1688900,5.731,5.103,6
1688950,5.731,5.103,6
1689000,5.732,5.103,6
1689050,5.733,5.103,6
1689100,5.733,5.103,6
1689150,5.734,5.103,6
1689200,5.737,5.103,6
1689250,5.739,5.103,6
1689300,5.739,5.103,6
1689350,5.739,5.103,6
1689400,5.739,5.103,6
1689450,5.739,5.103,6
1689500,5.739,5.103,6
1689550,5.739,5.103,6
1689600,5.739,5.103,6
1689650,5.739,5.103,6
1689700,5.739,5.103,6
1689750,5.739,5.103,6
1689800,5.739,5.103,6
1689850,5.739,5.103,6
1689900,5.739,5.103,6
1689950,5.739,5.103,6
1690000,5.739,5.103,6
1690050,5.739,5.103,6
1690100,5.739,5.103,6
1690150,5.739,5.103,6
1690200,5.739,5.103,6
1690250,5.739,5.103,6
1690300,5.739,5.103,6
1690350,5.739,5.103,6
1690400,5.739,5.103,6
1690450,5.739,5.103,6
1690500,5.739,5.103,6
1690550,5.739,5.103,6
1690600,5.739,5.103,6
1690650,5.739,5.103,6
1690700,5.739,5.103,6
1690750,5.739,5.103,6
1690800,5.739,5.103,6
1690850,5.739,5.103,6
1690900,5.739,5.103,6
1690950,5.739,5.103,6
1691000,5.739,5.103,6
1691050,5.739,5.103,6
1691100,5.739,5.103,6
1691150,5.739,5.103,6
1691200,5.739,5.103,6
1691250,5.739,5.103,6
1691300,5.739,5.103,6
1691350,5.739,5.103,6
1691400,5.739,5.103,6
1691450,5.739,5.103,6
1691500,5.739,5.103,6
1691550,5.739,5.103,6
1691600,5.739,5.103,6
1691650,5.739,5.103,6
1691700,5.739,5.103,6
1691750,5.739,5.103,6
1691800,5.739,5.103,6
1691850,5.739,5.103,6
1691900,5.739,5.103,6
1691950,5.739,5.103,6
1692000,5.739,5.103,6
1692050,5.739,5.103,6
1692100,5.739,5.103,6
1692150,5.739,5.103,6
1692200,5.739,5.103,6
1692250,5.739,5.103,6
1692300,5.739,5.103,6
1692350,5.739,5.103,6
1692400,5.739,5.103,6
1692450,5.739,5.103,6
1692500,5.739,5.103,6
1692550,5.739,5.103,6
1692600,5.739,5.103,6
1692650,5.739,5.103,6
1692700,5.739,5.103,6
1692750,5.739,5.103,6
1692800,5.739,5.103,6
1692850,5.739,5.103,6
1692900,5.739,5.103,6
1692950,5.739,5.103,6
1693000,5.739,5.103,6
1693050,5.739,5.103,6
1693100,5.739,5.103,6
1693150,5.739,5.103,6
1693200,5.739,5.103,6
1693250,5.739,5.103,6
1693300,5.739,5.103,6
1693350,5.739,5.103,6
1693400,5.739,5.103,6
1693450,5.739,5.103,6
1693500,5.739,5.103,6
1693550,5.739,5.103,6
1693600,5.739,5.103,6
1693650,5.739,5.103,6
1693700,5.739,5.103,6
1693750,5.739,5.103,6
1693800,5.739,5.103,6
1693850,5.739,5.103,6
1693900,5.739,5.103,6
1693950,5.738,5.103,6
1694000,5.738,5.103,6
1694050,5.738,5.103,6
1694100,5.738,5.103,6
1694150,5.738,5.103,6
1694200,5.735,5.103,6
1694250,5.733,5.103,6
1694300,5.733,5.103,6
1694350,5.733,5.103,6
1694400,5.732,5.103,6
1694450,5.728,5.103,6
1694500,5.725,5.103,6
1694550,5.72,5.103,6
1694600,5.718,5.103,6
1694650,5.717,5.103,6
1694700,5.717,5.103,6
1694750,5.717,5.103,6
1694800,5.714,5.103,6
1694850,5.713,5.103,6
1694900,5.713,5.103,6
1694950,5.712,5.103,6
1695000,5.709,5.103,6
1695050,5.707,5.103,6
1695100,5.707,5.103,6
1695150,5.705,5.103,6
1695200,5.704,5.103,6
1695250,5.703,5.103,6
1695300,5.703,5.103,6
1695350,5.701,5.103,6
1695400,5.7,5.103,6
1695450,5.699,5.103,6
1695500,5.698,5.103,6
1695550,5.698,5.103,6
1695600,5.698,5.103,6
1695650,5.698,5.103,6
1695700,5.698,5.103,6
1695750,5.698,5.103,6
1695800,5.698,5.103,6
1695850,5.698,5.103,6
1695900,5.696,5.103,6
1695950,5.695,5.103,6
1696000,5.695,5.103,6
1696050,5.695,5.103,6
1696100,5.692,5.103,6
1696150,5.691,5.103,6
1696200,5.691,5.103,6
1696250,5.691,5.103,6
1696300,5.691,5.103,6
1696350,5.691,5.103,6
1696400,5.691,5.103,6
1696450,5.691,5.103,6
1696500,5.691,5.103,6
1696550,5.691,5.103,6
1696600,5.691,5.103,6
1696650,5.691,5.103,6
1696700,5.691,5.103,6
1696750,5.691,5.103,6
1696800,5.691,5.103,6
1696850,5.691,5.103,6
1696900,5.691,5.103,6
1696950,5.691,5.103,6
1697000,5.691,5.103,6
1697050,5.691,5.103,6
1697100,5.691,5.103,6
1697150,5.691,5.103,6
1697200,5.691,5.103,6
1697250,5.691,5.103,6
1697300,5.691,5.103,6
1697350,5.691,5.103,6
1697400,5.691,5.103,6
1697450,5.691,5.103,6
1697500,5.691,5.103,6
1697550,5.691,5.103,6
1697600,5.691,5.103,6
1697650,5.691,5.103,6
1697700,5.69,5.103,6
1697750,5.689,5.103,6
1697800,5.689,5.103,6
1697850,5.689,5.103,6
1697900,5.689,5.103,6
1697950,5.689,5.103,6
1698000,5.689,5.103,6
1698050,5.688,5.103,6
1698100,5.688,5.103,6
1698150,5.684,5.103,6
1698200,5.681,5.103,6
1698250,5.681,5.103,6
1698300,5.681,5.103,6
1698350,5.681,5.103,6
1698400,5.681,5.103,6
1698450,5.681,5.103,6
1698500,5.681,5.103,6
1698550,5.679,5.103,6
1698600,5.678,5.103,6
1698650,5.678,5.103,6
1698700,5.678,5.103,6
1698750,5.674,5.103,6
1698800,5.671,5.103,6
1698850,5.671,5.103,6
1698900,5.671,5.103,6
1698950,5.671,5.103,6
1699000,5.671,5.103,6
1699050,5.671,5.103,6
1699100,5.671,5.103,6
1699150,5.671,5.103,6
1699200,5.671,5.103,6
1699250,5.671,5.103,6
1699300,5.671,5.103,6
1699350,5.671,5.103,6
1699400,5.671,5.103,6
1699450,5.671,5.103,6
1699500,5.671,5.103,6
1699550,5.671,5.103,6
1699600,5.671,5.103,6
1699650,5.671,5.103,6
1699700,5.671,5.103,6
1699750,5.671,5.103,6
1699800,5.671,5.103,6
1699850,5.671,5.103,6
1699900,5.671,5.103,6
1699950,5.671,5.103,6
1700000,5.671,5.103,6
1700050,5.671,5.103,6
1700100,5.671,5.103,6
1700150,5.671,5.103,6
1700200,5.671,5.103,6
1700250,5.671,5.103,6
1700300,5.671,5.103,6
1700350,5.671,5.103,6
1700400,5.671,5.103,6
1700450,5.671,5.103,6
1700500,5.671,5.103,6
1700550,5.671,5.103,6
1700600,5.671,5.103,6
1700650,5.671,5.103,6
1700700,5.671,5.103,6
1700750,5.671,5.103,6
1700800,5.671,5.103,6
1700850,5.671,5.103,6
1700900,5.671,5.103,6
1700950,5.671,5.103,6
1701000,5.671,5.103,6
1701050,5.671,5.103,6
1701100,5.671,5.103,6
1701150,5.671,5.103,6
1701200,5.671,5.103,6
1701250,5.671,5.103,6
1701300,5.671,5.103,6
1701350,5.671,5.103,6
1701400,5.671,5.103,6
1701450,5.671,5.103,6
1701500,5.671,5.103,6
1701550,5.671,5.103,6
1701600,5.671,5.103,6
1701650,5.671,5.103,6
1701700,5.671,5.103,6
1701750,5.671,5.103,6
1701800,5.671,5.103,6
1701850,5.671,5.103,6
1701900,5.671,5.103,6
1701950,5.671,5.103,6
1702000,5.671,5.103,6
1702050,5.671,5.103,6
1702100,5.671,5.103,6
1702150,5.671,5.103,6
1702200,5.671,5.103,6
1702250,5.671,5.103,6
1702300,5.671,5.103,6
1702350,5.671,5.103,6
1702400,5.671,5.103,6
1702450,5.671,5.103,6
1702500,5.671,5.103,6
1702550,5.671,5.103,6
1702600,5.671,5.103,6
1702650,5.671,5.103,6
1702700,5.671,5.103,6
1702750,5.671,5.103,6
1702800,5.671,5.103,6
1702850,5.671,5.103,6
1702900,5.671,5.103,6
1702950,5.671,5.103,6
1703000,5.671,5.103,6
1703050,5.671,5.103,6
1703100,5.671,5.103,6
1703150,5.671,5.103,6
1703200,5.671,5.103,6
1703250,5.671,5.103,6
1703300,5.671,5.103,6
1703350,5.671,5.103,6
1703400,5.671,5.103,6
1703450,5.671,5.103,6
1703500,5.671,5.103,6
1703550,5.671,5.103,6
1703600,5.671,5.103,6
1703650,5.671,5.103,6
1703700,5.671,5.103,6
1703750,5.671,5.103,6
1703800,5.671,5.103,6
1703850,5.671,5.103,6
1703900,5.671,5.103,6
1703950,5.671,5.103,6
1704000,5.671,5.103,6
1704050,5.671,5.103,6
1704100,5.671,5.103,6
1704150,5.671,5.103,6
1704200,5.671,5.103,6
1704250,5.671,5.103,6
1704300,5.671,5.103,6
1704350,5.671,5.103,6
1704400,5.671,5.103,6
1704450,5.671,5.103,6
1704500,5.671,5.103,6
1704550,5.671,5.103,6
1704600,5.671,5.103,6
1704650,5.671,5.103,6
1704700,5.671,5.103,6
1704750,5.671,5.103,6
1704800,5.671,5.103,6
1704850,5.671,5.103,6
1704900,5.671,5.103,6
1704950,5.671,5.103,6
1705000,5.671,5.103,6
1705050,5.671,5.103,6
1705100,5.671,5.103,6
1705150,5.671,5.103,6
1705200,5.671,5.103,6
1705250,5.671,5.103,6
1705300,5.671,5.103,6
1705350,5.671,5.103,6
1705400,5.671,5.103,6
1705450,5.671,5.103,6
1705500,5.671,5.103,6
1705550,5.671,5.103,6
1705600,5.671,5.103,6
1705650,5.671,5.103,6
1705700,5.671,5.103,6
1705750,5.671,5.103,6
1705800,5.671,5.103,6
1705850,5.671,5.103,6
1705900,5.671,5.103,6
1705950,5.671,5.103,6
1706000,5.671,5.103,6
1706050,5.671,5.103,6
1706100,5.671,5.103,6
1706150,5.671,5.103,6
1706200,5.671,5.103,6
1706250,5.671,5.103,6
1706300,5.671,5.103,6
1706350,5.671,5.103,6
1706400,5.671,5.103,6
1706450,5.671,5.103,6
1706500,5.671,5.103,6
1706550,5.671,5.103,6
1706600,5.671,5.103,6
1706650,5.671,5.103,6
1706700,5.671,5.103,6
1706750,5.671,5.103,6
1706800,5.671,5.103,6
1706850,5.671,5.103,6
1706900,5.671,5.103,6
1706950,5.671,5.103,6
1707000,5.671,5.103,6
1707050,5.671,5.103,6
1707100,5.671,5.103,6
1707150,5.671,5.103,6
1707200,5.671,5.103,6
1707250,5.671,5.103,6
1707300,5.671,5.103,6
1707350,5.671,5.103,6
1707400,5.671,5.103,6
1707450,5.671,5.103,6
1707500,5.671,5.103,6
1707550,5.671,5.103,6
1707600,5.671,5.103,6
1707650,5.671,5.103,6
1707700,5.671,5.103,6
1707750,5.671,5.103,6
1707800,5.671,5.103,6
1707850,5.671,5.103,6
1707900,5.671,5.103,6
1707950,5.671,5.103,6
1708000,5.671,5.103,6
1708050,5.671,5.103,6
1708100,5.671,5.103,6
1708150,5.671,5.103,6
1708200,5.671,5.103,6
1708250,5.671,5.103,6
1708300,5.671,5.103,6
1708350,5.671,5.103,6
1708400,5.671,5.103,6
1708450,5.671,5.103,6
1708500,5.671,5.103,6
1708550,5.671,5.103,6
1708600,5.671,5.103,6
1708650,5.671,5.103,6
1708700,5.671,5.103,6
1708750,5.671,5.103,6
1708800,5.671,5.103,6
1708850,5.671,5.103,6
1708900,5.671,5.103,6
1708950,5.671,5.103,6
1709000,5.671,5.103,6
1709050,5.671,5.103,6
1709100,5.671,5.103,6
1709150,5.671,5.103,6
1709200,5.671,5.103,6
1709250,5.671,5.103,6
1709300,5.671,5.103,6
1709350,5.671,5.103,6
1709400,5.671,5.103,6
1709450,5.671,5.103,6
1709500,5.671,5.103,6
1709550,5.671,5.103,6
1709600,5.671,5.103,6
1709650,5.671,5.103,6
1709700,5.671,5.103,6
1709750,5.671,5.103,6
1709800,5.671,5.103,6
1709850,5.671,5.103,6
1709900,5.671,5.103,6
1709950,5.671,5.103,6
1710000,5.671,5.103,6
1710050,5.671,5.103,6
1710100,5.671,5.103,6
1710150,5.671,5.103,6
1710200,5.671,5.103,6
1710250,5.671,5.103,6
1710300,5.671,5.103,6
1710350,5.671,5.103,6
1710400,5.671,5.103,6
1710450,5.671,5.103,6
1710500,5.671,5.103,6
1710550,5.671,5.103,6
1710600,5.671,5.103,6
1710650,5.671,5.103,6
1710700,5.671,5.103,6
1710750,5.671,5.103,6
1710800,5.671,5.103,6
1710850,5.671,5.103,6
1710900,5.671,5.103,6
1710950,5.671,5.103,6
1711000,5.671,5.103,6
1711050,5.671,5.103,6
1711100,5.671,5.103,6
1711150,5.671,5.103,6
1711200,5.671,5.103,6
1711250,5.671,5.103,6
1711300,5.671,5.103,6
1711350,5.671,5.103,6
1711400,5.671,5.103,6
1711450,5.671,5.103,6
1711500,5.671,5.103,6
1711550,5.671,5.103,6
1711600,5.671,5.103,6
1711650,5.671,5.103,6
1711700,5.671,5.103,6
1711750,5.671,5.103,6
1711800,5.671,5.103,6
1711850,5.671,5.103,6
1711900,5.671,5.103,6
1711950,5.671,5.103,6
1712000,5.671,5.103,6
1712050,5.671,5.103,6
1712100,5.671,5.103,6
1712150,5.671,5.103,6
1712200,5.671,5.103,6
1712250,5.671,5.103,6
1712300,5.671,5.103,6
1712350,5.671,5.103,6
1712400,5.671,5.103,6
1712450,5.671,5.103,6
1712500,5.671,5.103,6
1712550,5.671,5.103,6
1712600,5.671,5.103,6
1712650,5.671,5.103,6
1712700,5.671,5.103,6
1712750,5.671,5.103,6
1712800,5.671,5.103,6
1712850,5.671,5.103,6
1712900,5.671,5.103,6
1712950,5.671,5.103,6
1713000,5.671,5.103,6
1713050,5.671,5.103,6
1713100,5.671,5.103,6
1713150,5.671,5.103,6
1713200,5.671,5.103,6
1713250,5.671,5.103,6
1713300,5.671,5.103,6
1713350,5.671,5.103,6
1713400,5.671,5.103,6
1713450,5.671,5.103,6
1713500,5.671,5.103,6
1713550,5.671,5.103,6
1713600,5.671,5.103,6
1713650,5.671,5.103,6
1713700,5.671,5.103,6
1713750,5.671,5.103,6
1713800,5.671,5.103,6
1713850,5.671,5.103,6
1713900,5.671,5.103,6
1713950,5.671,5.103,6
1714000,5.671,5.103,6
1714050,5.671,5.103,6
1714100,5.671,5.103,6
1714150,5.671,5.103,6
1714200,5.671,5.103,6
1714250,5.671,5.103,6
1714300,5.671,5.103,6
1714350,5.671,5.103,6
1714400,5.671,5.103,6
1714450,5.671,5.103,6
1714500,5.671,5.103,6
1714550,5.67,5.103,6
1714600,5.668,5.103,6
1714650,5.666,5.103,6
1714700,5.665,5.103,6
1714750,5.663,5.103,6
1714800,5.663,5.103,6
1714850,5.66,5.103,6
1714900,5.657,5.103,6
1714950,5.656,5.103,6
1715000,5.656,5.103,6
1715050,5.656,5.103,6
1715100,5.656,5.103,6
1715150,5.656,5.103,6
1715200,5.656,5.103,6
1715250,5.656,5.103,6
1715300,5.656,5.103,6
1715350,5.656,5.103,6
1715400,5.653,5.103,6
1715450,5.652,5.103,6
1715500,5.651,5.103,6
1715550,5.646,5.103,6
1715600,5.636,5.103,6
1715650,5.626,5.103,6
1715700,5.612,5.103,6
1715750,5.593,5.103,6
1715800,5.549,5.103,6
1715850,5.479,5.103,6
1715900,5.415,5.103,6
1715950,5.393,5.103,6
1716000,5.392,5.103,6
1716050,5.392,5.103,6
1716100,5.392,5.103,6
1716150,5.392,5.103,6
1716200,5.391,5.103,6
1716250,5.391,5.103,6
1716300,5.391,5.103,6
1716350,5.387,5.103,6
1716400,5.382,5.103,6
1716450,5.38,5.103,6
1716500,5.373,5.103,6
1716550,5.364,5.103,6
1716600,5.354,5.103,6
1716650,5.331,5.103,6
1716700,5.306,5.103,6
1716750,5.276,5.04,6
1716800,5.253,5.0,6
1716850,5.244,5.0,6
1716900,5.236,5.0,6
1716950,5.231,5.0,6
1717000,5.226,5.0,6
1717050,5.221,5.0,6
1717100,5.212,5.0,6
1717150,5.205,5.0,6
1717200,5.196,5.0,6
1717250,5.192,5.0,6
1717300,5.187,5.0,6
1717350,5.181,5.0,6
1717400,5.178,5.0,6
1717450,5.173,5.0,6
1717500,5.167,5.0,6
1717550,5.157,5.0,6
1717600,5.152,5.0,6
1717650,5.149,5.0,6
1717700,5.147,5.0,6
1717750,5.147,5.0,6
1717800,5.147,5.0,6
1717850,5.147,5.0,6
1717900,5.144,5.0,6
1717950,5.142,5.0,6
1718000,5.141,5.0,6
1718050,5.13,5.0,6
1718100,5.121,5.0,6
1718150,5.111,5.0,6
1718200,5.1,5.0,6
1718250,5.091,5.0,6
1718300,5.082,5.0,6
1718350,5.078,5.0,6
1718400,5.078,5.0,6
1718450,5.078,5.0,6
1718500,5.071,5.0,6
1718550,5.062,5.0,6
1718600,5.059,5.0,6
1718650,5.059,5.0,6
1718700,5.059,4.987,6
1718750,5.059,4.954,6
1718800,5.059,4.929,6
1718850,5.059,4.912,6
1718900,5.059,4.897,6
1718950,5.059,4.885,6
1719000,5.059,4.869,6
1719050,5.059,4.853,6
1719100,5.059,4.845,6
1719150,5.059,4.834,6
1719200,5.059,4.824,6
1719250,5.059,4.82,6
1719300,5.059,4.814,6
1719350,5.059,4.801,6
1719400,5.059,4.792,6
1719450,5.059,4.788,6
1719500,5.059,4.788,6
1719550,5.059,4.788,6
1719600,5.059,4.788,6
1719650,5.059,4.788,6
1719700,5.059,4.788,6
1719750,5.059,4.788,6
1719800,5.059,4.788,6
1719850,5.059,4.788,6
1719900,5.059,4.788,6
1719950,5.059,4.788,6
1720000,5.059,4.788,6
1720050,5.059,4.788,6
1720100,5.059,4.788,6
1720150,5.059,4.788,6
1720200,5.059,4.788,6
1720250,5.059,4.788,6
1720300,5.059,4.788,6
1720350,5.052,4.788,6
1720400,5.048,4.788,6
1720450,5.047,4.788,6
1720500,5.043,4.788,6
1720550,5.041,4.788,6
1720600,5.038,4.788,6
1720650,5.037,4.788,6
1720700,5.037,4.788,6
1720750,5.032,4.788,6
1720800,5.029,4.793,6
1720850,5.029,4.803,6
1720900,5.029,4.82,6
1720950,5.025,4.829,6
1721000,5.023,4.839,6
1721050,5.023,4.852,6
1721100,5.022,4.864,6
1721150,5.021,4.879,6
1721200,5.021,4.894,6
1721250,5.021,4.903,6
1721300,5.021,4.906,6
1721350,5.018,4.906,6
1721400,5.014,4.906,6
1721450,5.014,4.906,6
1721500,5.014,4.906,6
1721550,5.013,4.906,6
1721600,5.013,4.909,6
1721650,5.013,4.913,6
1721700,5.013,4.915,6
1721750,5.013,4.915,6
1721800,5.013,4.915,6
1721850,5.013,4.915,6
1721900,5.013,4.918,6
1721950,5.013,4.92,6
1722000,5.011,4.92,6
1722050,5.01,4.92,6
1722100,5.01,4.92,6
1722150,5.009,4.92,6
1722200,5.007,4.92,6
1722250,5.006,4.92,6
1722300,5.002,4.92,6
1722350,5.0,4.92,6
1722400,5.0,4.92,6
1722450,5.0,4.92,6
1722500,5.0,4.92,6
1722550,5.0,4.92,6
1722600,5.0,4.92,6
1722650,5.0,4.933,6
1722700,5.0,4.977,6
1722750,5.0,5.0,6
1722800,5.0,5.0,6
1722850,5.0,5.0,6
1722900,5.0,5.0,6
1722950,5.0,5.0,6
1723000,5.0,5.0,6
1723050,5.0,5.0,6
1723100,5.0,5.0,6
1723150,5.0,5.0,6
1723200,5.0,5.0,6
1723250,5.0,5.0,6
1723300,5.0,5.0,6
1723350,5.0,5.0,6
1723400,5.0,5.0,6
1723450,5.0,5.0,6
1723500,5.0,5.0,6
1723550,5.0,5.0,6
1723600,5.0,5.0,6
1723650,5.0,5.0,6
1723700,5.0,5.0,6
1723750,5.0,5.0,6
1723800,5.0,5.0,6
1723850,5.0,5.0,6
1723900,5.0,5.0,6
1723950,5.0,5.0,6
1724000,5.0,5.0,6
1724050,5.0,5.0,6
1724100,5.0,5.0,6
1724150,5.0,5.0,6
1724200,5.0,5.0,6
1724250,5.0,5.0,6
1724300,5.0,5.0,6
1724350,5.0,5.0,6
1724400,5.0,5.0,6
1724450,5.0,5.0,6
1724500,5.0,5.0,6
1724550,5.0,5.0,6
1724600,5.0,5.0,6
1724650,5.0,5.0,6
1724700,5.0,5.0,6
1724750,5.0,5.0,6
1724800,5.0,5.0,6
1724850,5.0,5.0,6
1724900,5.0,5.0,6
1724950,5.0,5.0,6
1725000,5.0,5.0,6
1725050,5.0,5.0,6
1725100,5.0,5.0,6
1725150,5.0,5.0,6
1725200,5.0,5.0,6
1725250,5.0,5.0,6
1725300,5.0,5.0,6
1725350,5.0,5.0,6
1725400,5.0,5.0,6
1725450,5.0,5.0,6
1725500,5.0,5.0,6
1725550,5.0,5.0,6
1725600,5.0,5.0,6
1725650,5.0,5.0,6
1725700,5.0,5.0,6
1725750,5.0,5.0,6
1725800,5.0,5.0,6
1725850,5.0,5.0,6
1725900,5.0,5.0,6
1725950,5.0,5.0,6
1726000,5.0,4.992,6
1726050,5.0,4.957,6
1726100,5.0,4.92,6
1726150,5.0,4.892,6
1726200,5.0,4.877,6
1726250,5.0,4.875,6
1726300,5.0,4.875,6
1726350,5.0,4.875,6
1726400,5.0,4.875,6
1726450,5.0,4.875,6
1726500,5.0,4.875,6
1726550,5.0,4.875,6
1726600,5.0,4.875,6
1726650,5.0,4.875,6
1726700,5.0,4.875,6
1726750,5.0,4.875,6
1726800,5.0,4.875,6
1726850,5.0,4.875,6
1726900,5.0,4.875,6
1726950,5.0,4.875,6
1727000,5.0,4.875,6
1727050,5.0,4.875,6
1727100,5.0,4.875,6
1727150,5.0,4.875,6
1727200,5.0,4.875,6
1727250,5.0,4.875,6
1727300,5.0,4.875,6
1727350,5.0,4.875,6
1727400,5.0,4.875,6
1727450,5.0,4.875,6
1727500,5.0,4.875,6
1727550,5.0,4.875,6
1727600,5.0,4.875,6
1727650,5.0,4.875,6
1727700,5.0,4.875,6
1727750,5.0,4.875,6
1727800,5.0,4.875,6
1727850,5.0,4.875,6
1727900,5.0,4.875,6
1727950,5.0,4.875,6
1728000,5.0,4.875,6
1728050,5.0,4.875,6
1728100,5.0,4.875,6
1728150,5.0,4.875,6
1728200,5.0,4.875,6
1728250,5.0,4.875,6
1728300,5.0,4.875,6
1728350,5.0,4.875,6
1728400,5.0,4.875,6
1728450,5.0,4.875,6
1728500,5.0,4.875,6
1728550,5.0,4.875,6
1728600,5.0,4.875,6
1728650,5.0,4.875,6
1728700,5.0,4.875,6
1728750,5.0,4.875,6
1728800,5.0,4.875,6
1728850,5.0,4.875,6
1728900,5.0,4.875,6
1728950,5.0,4.875,6
1729000,5.0,4.875,6
1729050,5.0,4.875,6
1729100,5.0,4.875,6
1729150,5.0,4.875,6
1729200,5.0,4.875,6
1729250,5.0,4.875,6
1729300,5.0,4.875,6
1729350,5.0,4.875,6
1729400,5.0,4.875,6
1729450,5.0,4.875,6
1729500,5.0,4.875,6
1729550,5.0,4.875,6
1729600,5.0,4.875,6
1729650,5.0,4.875,6
1729700,5.0,4.875,6
1729750,5.0,4.875,6
1729800,5.0,4.875,6
1729850,5.0,4.875,6
1729900,5.0,4.875,6
1729950,5.0,4.875,6
1730000,5.0,4.875,6
1730050,5.0,4.875,6
1730100,5.0,4.875,6
1730150,5.0,4.875,6
1730200,5.0,4.875,6
1730250,5.0,4.875,6
1730300,5.0,4.875,6
1730350,5.0,4.875,6
1730400,5.0,4.875,6
1730450,5.0,4.875,6
1730500,5.0,4.875,6
1730550,5.0,4.875,6
1730600,5.0,4.875,6
1730650,5.0,4.875,6
1730700,5.0,4.875,6
1730750,5.0,4.875,6
1730800,5.0,4.875,6
1730850,5.0,4.875,6
1730900,5.0,4.875,6
1730950,5.0,4.875,6
1731000,5.0,4.875,6
1731050,5.0,4.875,6
1731100,5.0,4.875,6
1731150,5.0,4.875,6
1731200,5.0,4.875,6
1731250,5.0,4.881,6
1731300,5.0,4.888,6
1731350,5.0,4.894,6
1731400,5.0,4.907,6
1731450,5.0,4.913,6
1731500,5.0,4.914,6
1731550,5.0,4.915,6
1731600,5.0,4.918,6
1731650,5.0,4.922,6
1731700,5.0,4.923,6
1731750,5.0,4.925,6
1731800,5.0,4.93,6
1731850,5.0,4.932,6
1731900,5.0,4.932,6
1731950,5.0,4.937,6
1732000,5.0,4.943,6
1732050,5.0,4.944,6
1732100,5.0,4.95,6
1732150,5.0,4.953,6
1732200,5.0,4.953,6
1732250,5.0,4.953,6
1732300,5.0,4.953,6
1732350,5.0,4.953,6
1732400,5.0,4.953,6
1732450,5.0,4.953,6
1732500,5.0,4.953,6
1732550,5.0,4.953,6
1732600,5.0,4.953,6
1732650,5.0,4.953,6
1732700,5.0,4.953,6
1732750,5.0,4.953,6
1732800,5.0,4.953,6
1732850,5.0,4.953,6
1732900,5.0,4.953,6
1732950,5.0,4.953,6
1733000,5.0,4.953,6
1733050,5.0,4.953,6
1733100,5.0,4.953,6
1733150,5.0,4.953,6
1733200,5.0,4.953,6
1733250,5.0,4.953,6
1733300,5.0,4.953,6
1733350,5.0,4.953,6
1733400,5.0,4.953,6
1733450,5.0,4.954,6
1733500,5.0,4.955,6
1733550,5.0,4.955,6
1733600,5.0,4.955,6
1733650,5.0,4.955,6
1733700,5.0,4.955,6
1733750,5.0,4.955,6
1733800,5.0,4.955,6
1733850,5.0,4.955,6
1733900,5.0,4.955,6
1733950,5.0,4.955,6
1734000,5.0,4.956,6
1734050,5.0,4.957,6
1734100,5.0,4.957,6
1734150,5.0,4.957,6
1734200,5.0,4.957,6
1734250,5.0,4.962,6
1734300,5.0,4.966,6
1734350,5.0,4.967,6
1734400,5.0,4.967,6
1734450,5.0,4.967,6
1734500,5.0,4.967,6
1734550,5.0,4.967,6
1734600,5.0,4.967,6
1734650,5.0,4.967,6
1734700,5.0,4.967,6
1734750,5.0,4.971,6
1734800,5.0,4.974,6
1734850,5.0,4.976,6
1734900,5.0,4.978,6
1734950,5.0,4.983,6
1735000,5.0,4.993,6
1735050,5.0,4.998,6
1735100,5.0,4.998,6
1735150,5.0,4.998,6
1735200,5.0,4.998,6
1735250,5.0,4.998,6
1735300,5.0,4.999,6
1735350,5.0,4.999,6
1735400,5.0,4.999,6
1735450,5.0,4.999,6
1735500,5.0,5.0,6
1735550,5.0,5.0,6
1735600,5.0,5.0,6
1735650,5.0,5.0,6
1735700,5.0,5.0,6
1735750,5.0,5.0,6
1735800,5.0,5.0,6
1735850,5.0,5.0,6
1735900,5.0,5.0,6
1735950,5.0,5.0,6
1736000,5.0,5.0,6
1736050,5.0,5.0,6
1736100,5.0,5.0,6
1736150,5.0,5.0,6
1736200,5.0,5.0,6
1736250,5.0,5.0,6
1736300,5.0,5.0,6
1736350,5.0,5.0,6
1736400,5.0,5.0,6
1736450,5.0,5.0,6
1736500,5.0,5.0,6
1736550,5.0,5.0,6
1736600,5.0,5.0,6
1736650,5.0,5.0,6
1736700,5.0,5.0,6
1736750,5.0,5.0,6
1736800,5.0,5.0,6
1736850,5.0,5.0,6
1736900,5.0,5.0,6
1736950,5.0,5.0,6
1737000,5.0,5.0,6
1737050,5.0,5.0,6
1737100,5.0,5.0,6
1737150,5.0,5.0,6
1737200,5.0,5.0,6
1737250,5.0,5.0,6
1737300,5.0,5.0,6
1737350,5.0,5.0,6
1737400,5.0,5.0,6
1737450,5.0,5.0,6
1737500,5.0,5.0,6
1737550,5.0,5.0,6
1737600,5.0,5.0,6
1737650,5.0,5.0,6
1737700,5.0,5.0,6
1737750,5.0,5.0,6
1737800,5.0,5.0,6
1737850,5.0,5.0,6
1737900,5.0,5.0,6
1737950,5.0,5.0,6
1738000,5.0,5.0,6
1738050,5.0,5.0,6
1738100,5.0,5.0,6
1738150,5.0,5.0,6
1738200,5.0,5.0,6
1738250,5.0,5.0,6
1738300,5.0,5.0,6
1738350,5.0,5.0,6
1738400,5.0,5.0,6
1738450,5.0,5.0,6
1738500,5.0,5.0,6
1738550,5.0,5.0,6
1738600,5.0,5.0,6
1738650,5.0,5.0,6
1738700,5.0,5.0,6
1738750,5.0,5.0,6
1738800,5.0,5.0,6
1738850,5.0,5.0,6
1738900,5.0,5.0,6
1738950,5.0,5.0,6
1739000,5.0,5.0,6
1739050,5.0,5.0,6
1739100,5.0,5.0,6
1739150,5.0,5.0,6
1739200,5.0,5.0,6
1739250,5.0,5.0,6
1739300,5.0,5.0,6
1739350,5.0,5.0,6
1739400,5.0,5.0,6
1739450,5.0,5.0,6
1739500,5.0,5.0,6
1739550,5.0,5.0,6
1739600,5.0,5.0,6
1739650,5.0,5.0,6
1739700,5.0,5.0,6
1739750,5.0,5.0,6
1739800,5.0,5.0,6
1739850,5.0,5.0,6
1739900,5.0,5.0,6
1739950,5.0,5.0,6
1740000,5.0,5.0,6
1740050,5.0,5.0,6
1740100,5.0,5.0,6
1740150,5.0,5.0,6
1740200,5.0,5.0,6
1740250,5.0,5.0,6
1740300,5.0,5.0,6
1740350,5.0,5.0,6
1740400,5.0,5.0,6
1740450,5.0,5.0,6
1740500,5.0,5.0,6
1740550,5.0,5.0,6
1740600,5.0,5.0,6
1740650,5.0,5.0,6
1740700,5.0,5.0,6
1740750,5.0,5.0,6
1740800,5.0,5.0,6
1740850,5.0,5.0,6
1740900,5.0,5.0,6
1740950,5.0,5.0,6
1741000,5.0,5.0,6
1741050,5.0,5.0,6
1741100,5.0,5.0,6
1741150,5.0,5.0,6
1741200,5.0,5.0,6
1741250,5.0,5.0,6
1741300,5.0,5.0,6
1741350,5.0,5.0,6
1741400,5.0,5.0,6
1741450,5.0,5.0,6
1741500,5.0,5.0,6
1741550,5.0,5.0,6
1741600,5.0,5.0,6
1741650,5.0,5.0,6
1741700,5.0,5.0,6
1741750,5.0,5.0,6
1741800,5.0,5.0,6
1741850,5.0,5.0,6
1741900,5.0,5.0,6
1741950,5.0,5.0,6
1742000,5.0,5.0,6
1742050,5.0,5.0,6
1742100,5.0,5.0,6
1742150,5.0,5.0,6
1742200,5.0,5.0,6
1742250,5.0,5.0,6
1742300,5.0,5.0,6
1742350,5.0,5.0,6
1742400,5.0,5.0,6
1742450,5.0,5.0,6
1742500,5.0,5.0,6
1742550,5.0,5.0,6
1742600,5.0,5.0,6
1742650,5.0,5.0,6
1742700,5.0,5.0,6
1742750,5.0,5.0,6
1742800,5.0,5.0,6
1742850,5.0,5.0,6
1742900,5.0,5.0,6
1742950,5.0,5.0,6
1743000,5.0,5.0,6
1743050,5.0,5.0,6
1743100,5.0,5.0,6
1743150,5.0,5.0,6
1743200,5.0,5.0,6
1743250,5.0,5.0,6
1743300,5.0,5.0,6
1743350,5.0,5.0,6
1743400,5.0,5.0,6
1743450,5.0,5.0,6
1743500,5.0,5.0,6
1743550,5.0,5.0,6
1743600,5.0,5.0,6
1743650,5.0,5.0,6
1743700,5.0,5.0,6
1743750,5.0,5.0,6
1743800,5.0,5.0,6
1743850,5.0,5.0,6
1743900,5.0,5.0,6
1743950,5.0,5.0,6
1744000,5.0,5.0,6
1744050,5.0,5.0,6
1744100,5.0,5.0,6
1744150,5.0,5.0,6
1744200,5.0,5.0,6
1744250,5.0,4.98,6
1744300,5.0,4.944,6
1744350,5.0,4.922,6
1744400,5.0,4.902,6
1744450,5.0,4.892,6
1744500,5.0,4.884,6
1744550,5.0,4.867,6
1744600,5.0,4.845,6
1744650,5.0,4.828,6
1744700,5.0,4.821,6
1744750,5.0,4.821,6
1744800,5.0,4.821,6
1744850,5.0,4.821,6
1744900,5.0,4.821,6
1744950,5.0,4.821,6
1745000,5.0,4.821,6
1745050,5.0,4.821,6
1745100,5.0,4.821,6
1745150,5.0,4.821,6
1745200,5.0,4.821,6
1745250,5.0,4.821,6
1745300,5.0,4.821,6
1745350,5.0,4.821,6
1745400,5.0,4.821,6
1745450,5.0,4.821,6
1745500,5.0,4.821,6
1745550,5.0,4.821,6
1745600,5.0,4.821,6
1745650,5.0,4.821,6
1745700,5.0,4.846,6
1745750,5.0,4.886,6
1745800,5.0,4.928,6
1745850,5.0,4.962,6
1745900,5.0,4.976,6
1745950,5.0,4.989,6
1746000,5.0,4.999,6
1746050,5.0,5.0,6
1746100,5.0,5.0,6
1746150,5.0,5.0,6
1746200,5.0,5.0,6
1746250,5.0,5.0,6
1746300,5.0,5.0,6
1746350,5.0,5.0,6
1746400,5.0,5.0,6
1746450,5.0,5.0,6
1746500,5.0,5.0,6
1746550,5.0,5.0,6
1746600,5.0,5.0,6
1746650,5.0,5.0,6
1746700,5.0,5.0,6
1746750,5.0,5.0,6
1746800,5.0,5.0,6
1746850,5.0,5.0,6
1746900,5.0,5.0,6
1746950,5.0,5.0,6
1747000,5.0,5.0,6
1747050,5.0,5.0,6
1747100,5.0,5.0,6
1747150,5.0,5.0,6
1747200,5.0,5.0,6
1747250,5.0,5.0,6
1747300,5.0,5.0,6
1747350,5.0,5.0,6
1747400,5.0,5.0,6
1747450,5.0,5.0,6
1747500,5.0,5.0,6
1747550,5.0,5.0,6
1747600,5.0,5.0,6
1747650,5.0,5.0,6
1747700,5.0,5.0,6
1747750,5.0,5.0,6
1747800,5.0,5.0,6
1747850,5.0,5.0,6
1747900,5.0,5.0,6
1747950,5.0,5.0,6
1748000,5.0,5.0,6
1748050,5.0,5.0,6
1748100,5.0,5.0,6
1748150,5.0,5.0,6
1748200,5.0,5.0,6
1748250,5.0,5.0,6
1748300,5.0,5.0,6
1748350,5.0,5.0,6
1748400,5.0,5.0,6
1748450,5.0,5.0,6
1748500,5.0,5.0,6
1748550,5.0,5.0,6
1748600,5.0,5.0,6
1748650,5.0,5.0,6
1748700,5.0,5.0,6
1748750,5.0,5.0,6
1748800,5.0,5.0,6
1748850,5.024,5.0,6
1748900,5.092,4.984,6
1748950,5.161,4.939,6
1749000,5.207,4.907,6
1749050,5.248,4.897,6
1749100,5.269,4.894,6
1749150,5.279,4.84,6
1749200,5.291,4.801,6
1749250,5.301,4.801,6
1749300,5.313,4.801,6
1749350,5.332,4.801,6
1749400,5.358,4.801,6
1749450,5.381,4.801,6
1749500,5.399,4.801,6
1749550,5.414,4.801,6
1749600,5.424,4.801,6
1749650,5.434,4.801,6
1749700,5.442,4.801,6
1749750,5.445,4.801,6
1749800,5.447,4.801,6
1749850,5.448,4.801,6
1749900,5.448,4.801,6
1749950,5.448,4.801,6
1750000,5.448,4.808,6
1750050,5.449,4.823,6
1750100,5.451,4.843,6
1750150,5.457,4.876,6
1750200,5.461,4.901,6
1750250,5.461,4.91,6
1750300,5.462,4.921,6
1750350,5.465,4.936,6
1750400,5.466,4.951,6
1750450,5.466,4.962,6
1750500,5.47,4.972,6
1750550,5.472,4.98,6
1750600,5.473,4.983,6
1750650,5.475,4.984,6
1750700,5.479,4.988,6
1750750,5.481,4.99,6
1750800,5.481,4.99,6
1750850,5.481,4.991,6
1750900,5.481,4.994,6
1750950,5.481,4.997,6
1751000,5.481,5.001,6
1751050,5.481,5.007,6
1751100,5.481,5.013,6
1751150,5.482,5.02,6
1751200,5.483,5.029,6
1751250,5.486,5.043,6
1751300,5.493,5.076,6
1751350,5.508,5.116,6
1751400,5.521,5.14,6
1751450,5.525,5.146,6
1751500,5.529,5.146,6
1751550,5.533,5.146,6
1751600,5.536,5.146,6
1751650,5.539,5.146,6
1751700,5.542,5.146,6
1751750,5.544,5.164,6
1751800,5.544,5.186,6
1751850,5.544,5.198,6
1751900,5.544,5.201,6
1751950,5.544,5.201,6
1752000,5.544,5.201,6
1752050,5.544,5.201,6
1752100,5.546,5.201,6
1752150,5.547,5.201,6
1752200,5.547,5.201,6
1752250,5.547,5.201,6
1752300,5.547,5.201,6
1752350,5.547,5.201,6
1752400,5.547,5.201,6
1752450,5.547,5.201,6
1752500,5.547,5.201,6
1752550,5.547,5.201,6
1752600,5.547,5.201,6
1752650,5.547,5.201,6
1752700,5.547,5.201,6
1752750,5.547,5.201,6
1752800,5.547,5.201,6
1752850,5.547,5.201,6
1752900,5.547,5.201,6
1752950,5.547,5.201,6
1753000,5.547,5.201,6
1753050,5.547,5.201,6
1753100,5.547,5.201,6
1753150,5.547,5.201,6
1753200,5.547,5.201,6
1753250,5.547,5.201,6
1753300,5.547,5.201,6
1753350,5.547,5.201,6
1753400,5.547,5.201,6
1753450,5.547,5.201,6
1753500,5.547,5.201,6
1753550,5.547,5.201,6
1753600,5.547,5.201,6
1753650,5.547,5.201,6
1753700,5.547,5.2,6
1753750,5.547,5.2,6
1753800,5.547,5.2,6
1753850,5.547,5.2,6
1753900,5.547,5.2,6
1753950,5.547,5.2,6
1754000,5.547,5.2,6
1754050,5.547,5.2,6
1754100,5.547,5.2,6
1754150,5.547,5.2,6
1754200,5.547,5.2,6
1754250,5.547,5.2,6
1754300,5.547,5.199,6
1754350,5.547,5.199,6
1754400,5.547,5.198,6
1754450,5.547,5.198,6
1754500,5.547,5.198,6
1754550,5.547,5.198,6
1754600,5.547,5.198,6
1754650,5.547,5.198,6
1754700,5.547,5.198,6
1754750,5.547,5.198,6
1754800,5.547,5.198,6
1754850,5.547,5.198,6
1754900,5.547,5.197,6
1754950,5.547,5.197,6
1755000,5.547,5.196,6
1755050,5.547,5.196,6
1755100,5.547,5.196,6
1755150,5.547,5.196,6
1755200,5.547,5.196,6
1755250,5.547,5.196,6
1755300,5.547,5.196,6
1755350,5.547,5.193,6
1755400,5.547,5.191,6
1755450,5.547,5.191,6
1755500,5.547,5.191,6
1755550,5.547,5.191,6
1755600,5.547,5.191,6
1755650,5.547,5.191,6
1755700,5.547,5.191,6
1755750,5.547,5.191,6
1755800,5.547,5.191,6
1755850,5.547,5.191,6
1755900,5.547,5.19,6
1755950,5.547,5.188,6
1756000,5.547,5.184,6
1756050,5.547,5.181,6
1756100,5.547,5.181,6
1756150,5.547,5.181,6
1756200,5.547,5.181,6
1756250,5.547,5.179,6
1756300,5.547,5.178,6
1756350,5.547,5.178,6
1756400,5.547,5.178,6
1756450,5.547,5.178,6
1756500,5.547,5.178,6
1756550,5.547,5.178,6
1756600,5.547,5.177,6
1756650,5.547,5.176,6
1756700,5.547,5.176,6
1756750,5.547,5.176,6
1756800,5.547,5.176,6
1756850,5.547,5.176,6
1756900,5.544,5.176,6
1756950,5.542,5.176,6
1757000,5.542,5.176,6
1757050,5.54,5.176,6
1757100,5.535,5.176,6
1757150,5.533,5.176,6
1757200,5.532,5.176,6
1757250,5.531,5.176,6
1757300,5.531,5.176,6
1757350,5.53,5.176,6
1757400,5.526,5.176,6
1757450,5.525,5.176,6
1757500,5.525,5.176,6
1757550,5.523,5.175,6
1757600,5.521,5.172,6
1757650,5.52,5.17,6
1757700,5.519,5.17,6
1757750,5.518,5.17,6
1757800,5.515,5.17,6
1757850,5.514,5.17,6
1757900,5.512,5.17,6
1757950,5.509,5.17,6
1758000,5.507,5.17,6
1758050,5.503,5.17,6
1758100,5.501,5.17,6
1758150,5.495,5.17,6
1758200,5.488,5.17,6
1758250,5.48,5.17,6
1758300,5.472,5.17,6
1758350,5.462,5.17,6
1758400,5.449,5.17,6
1758450,5.43,5.17,6
1758500,5.412,5.17,6
1758550,5.402,5.17,6
1758600,5.394,5.17,6
1758650,5.389,5.17,6
1758700,5.388,5.17,6
1758750,5.386,5.169,6
1758800,5.383,5.168,6
1758850,5.382,5.168,6
1758900,5.38,5.167,6
1758950,5.379,5.162,6
1759000,5.376,5.159,6
1759050,5.374,5.157,6
1759100,5.374,5.146,6
1759150,5.374,5.137,6
1759200,5.374,5.132,6
1759250,5.374,5.129,6
1759300,5.374,5.129,6
1759350,5.374,5.129,6
1759400,5.374,5.129,6
1759450,5.374,5.129,6
1759500,5.374,5.129,6
1759550,5.374,5.129,6
1759600,5.374,5.129,6
1759650,5.374,5.129,6
1759700,5.374,5.129,6
1759750,5.374,5.129,6
1759800,5.374,5.129,6
1759850,5.374,5.129,6
1759900,5.374,5.129,6
1759950,5.374,5.129,6
1760000,5.374,5.129,6
1760050,5.374,5.129,6
1760100,5.374,5.129,6
1760150,5.374,5.129,6
1760200,5.374,5.129,6
1760250,5.374,5.129,6
1760300,5.374,5.129,6
1760350,5.374,5.129,6
1760400,5.374,5.129,6
1760450,5.374,5.129,6
1760500,5.374,5.129,6
1760550,5.374,5.129,6
1760600,5.374,5.129,6
1760650,5.374,5.129,6
1760700,5.374,5.129,6
1760750,5.374,5.129,6
1760800,5.374,5.129,6
1760850,5.374,5.129,6
1760900,5.374,5.129,6
1760950,5.374,5.129,6
1761000,5.374,5.129,6
1761050,5.374,5.129,6
1761100,5.374,5.129,6
1761150,5.374,5.129,6
1761200,5.374,5.129,6
1761250,5.374,5.129,6
1761300,5.374,5.129,6
1761350,5.374,5.129,6
1761400,5.374,5.129,6
1761450,5.374,5.129,6
1761500,5.374,5.129,6
1761550,5.374,5.129,6
1761600,5.374,5.129,6
1761650,5.374,5.129,6
1761700,5.374,5.129,6
1761750,5.374,5.129,6
1761800,5.374,5.129,6
1761850,5.374,5.129,6
1761900,5.374,5.129,6
1761950,5.374,5.129,6
1762000,5.374,5.129,6
1762050,5.374,5.129,6
1762100,5.374,5.129,6
1762150,5.374,5.129,6
1762200,5.374,5.129,6
1762250,5.374,5.129,6
1762300,5.374,5.129,6
1762350,5.374,5.129,6
1762400,5.374,5.129,6
1762450,5.374,5.129,6
1762500,5.374,5.129,6
1762550,5.374,5.129,6
1762600,5.374,5.129,6
1762650,5.374,5.129,6
1762700,5.374,5.129,6
1762750,5.374,5.129,6
1762800,5.374,5.129,6
1762850,5.374,5.129,6
1762900,5.374,5.129,6
1762950,5.374,5.129,6
1763000,5.374,5.129,6
1763050,5.374,5.129,6
1763100,5.374,5.129,6
1763150,5.374,5.129,6
1763200,5.374,5.129,6
1763250,5.374,5.129,6
1763300,5.374,5.129,6
1763350,5.374,5.129,6
1763400,5.374,5.127,6
1763450,5.374,5.125,6
1763500,5.374,5.125,6
1763550,5.374,5.125,6
1763600,5.374,5.125,6
1763650,5.374,5.125,6
1763700,5.374,5.125,6
1763750,5.374,5.125,6
1763800,5.374,5.125,6
1763850,5.374,5.125,6
1763900,5.374,5.124,6
1763950,5.374,5.124,6
1764000,5.374,5.124,6
1764050,5.374,5.124,6
1764100,5.374,5.124,6
1764150,5.374,5.124,6
1764200,5.374,5.124,6
1764250,5.374,5.124,6
1764300,5.374,5.124,6
1764350,5.374,5.124,6
1764400,5.374,5.124,6
1764450,5.374,5.124,6
1764500,5.374,5.124,6
1764550,5.374,5.124,6
1764600,5.374,5.124,6
1764650,5.374,5.124,6
1764700,5.374,5.124,6
1764750,5.374,5.124,6
1764800,5.374,5.124,6
1764850,5.374,5.124,6
1764900,5.374,5.124,6
1764950,5.374,5.124,6
1765000,5.374,5.124,6
1765050,5.374,5.124,6
1765100,5.374,5.124,6
1765150,5.374,5.124,6
1765200,5.374,5.124,6
1765250,5.374,5.124,6
1765300,5.374,5.124,6
1765350,5.374,5.124,6
1765400,5.374,5.124,6
1765450,5.374,5.124,6
1765500,5.374,5.124,6
1765550,5.374,5.124,6
1765600,5.374,5.124,6
1765650,5.374,5.124,6
1765700,5.374,5.124,6
1765750,5.374,5.124,6
1765800,5.374,5.124,6
1765850,5.374,5.124,6
1765900,5.374,5.124,6
1765950,5.374,5.124,6
1766000,5.374,5.124,6
1766050,5.374,5.124,6
1766100,5.374,5.124,6
1766150,5.374,5.124,6
1766200,5.374,5.124,6
1766250,5.374,5.124,6
1766300,5.374,5.124,6
1766350,5.374,5.124,6
1766400,5.374,5.124,6
1766450,5.374,5.124,6
1766500,5.374,5.124,6
1766550,5.374,5.124,6
1766600,5.374,5.124,6
1766650,5.374,5.124,6
1766700,5.374,5.124,6
1766750,5.374,5.124,6
1766800,5.374,5.124,6
1766850,5.374,5.124,6
1766900,5.374,5.124,6
1766950,5.374,5.124,6
1767000,5.374,5.124,6
1767050,5.374,5.124,6
1767100,5.374,5.124,6
1767150,5.374,5.124,6
1767200,5.374,5.124,6
1767250,5.374,5.124,6
1767300,5.374,5.124,6
1767350,5.374,5.124,6
1767400,5.374,5.124,6
1767450,5.374,5.124,6
1767500,5.374,5.124,6
1767550,5.374,5.124,6
1767600,5.374,5.124,6
1767650,5.374,5.124,6
1767700,5.374,5.124,6
1767750,5.374,5.124,6
1767800,5.374,5.124,6
1767850,5.374,5.124,6
1767900,5.374,5.124,6
1767950,5.374,5.124,6
1768000,5.374,5.124,6
1768050,5.374,5.124,6
1768100,5.374,5.124,6
1768150,5.374,5.124,6
1768200,5.374,5.124,6
1768250,5.374,5.124,6
1768300,5.374,5.124,6
1768350,5.374,5.124,6
1768400,5.374,5.124,6
1768450,5.374,5.124,6
1768500,5.374,5.124,6
1768550,5.374,5.124,6
1768600,5.374,5.124,6
1768650,5.374,5.124,6
1768700,5.374,5.124,6
1768750,5.374,5.124,6
1768800,5.374,5.124,6
1768850,5.374,5.124,6
1768900,5.374,5.124,6
1768950,5.374,5.124,6
1769000,5.374,5.124,6
1769050,5.374,5.124,6
1769100,5.374,5.124,6
1769150,5.374,5.124,6
1769200,5.374,5.124,6
1769250,5.374,5.124,6
1769300,5.374,5.124,6
1769350,5.374,5.124,6
1769400,5.374,5.124,6
1769450,5.374,5.124,6
1769500,5.374,5.124,6
1769550,5.374,5.124,6
1769600,5.374,5.124,6
1769650,5.374,5.124,6
1769700,5.374,5.124,6
1769750,5.374,5.124,6
1769800,5.374,5.124,6
1769850,5.374,5.124,6
1769900,5.374,5.124,6
1769950,5.374,5.124,6
1770000,5.374,5.124,6
1770050,5.374,5.124,6
1770100,5.374,5.124,6
1770150,5.374,5.124,6
1770200,5.374,5.124,6
1770250,5.374,5.124,6
1770300,5.374,5.124,6
1770350,5.374,5.124,6
1770400,5.374,5.124,6
1770450,5.374,5.124,6
1770500,5.374,5.124,6
1770550,5.374,5.124,6
1770600,5.374,5.124,6
1770650,5.374,5.124,6
1770700,5.374,5.124,6
1770750,5.374,5.124,6
1770800,5.374,5.124,6
1770850,5.374,5.124,6
1770900,5.374,5.124,6
1770950,5.374,5.124,6
1771000,5.374,5.124,6
1771050,5.374,5.124,6
1771100,5.374,5.124,6
1771150,5.374,5.124,6
1771200,5.374,5.124,6
1771250,5.374,5.124,6
1771300,5.374,5.124,6
1771350,5.374,5.122,6
1771400,5.374,5.121,6
1771450,5.374,5.121,6
1771500,5.374,5.121,6
1771550,5.374,5.121,6
1771600,5.374,5.121,6
1771650,5.374,5.121,6
1771700,5.374,5.121,6
1771750,5.374,5.121,6
1771800,5.374,5.121,6
1771850,5.374,5.121,6
1771900,5.374,5.121,6
1771950,5.374,5.121,6
1772000,5.374,5.121,6
1772050,5.374,5.121,6
1772100,5.374,5.121,6
1772150,5.374,5.121,6
1772200,5.374,5.121,6
1772250,5.374,5.121,6
1772300,5.374,5.121,6
1772350,5.374,5.121,6
1772400,5.374,5.121,6
1772450,5.374,5.121,6
1772500,5.374,5.121,6
1772550,5.374,5.121,6
1772600,5.374,5.121,6
1772650,5.374,5.121,6
1772700,5.374,5.121,6
1772750,5.374,5.121,6
1772800,5.374,5.121,6
1772850,5.374,5.121,6
1772900,5.374,5.121,6
1772950,5.374,5.121,6
1773000,5.374,5.12,6
1773050,5.374,5.112,6
1773100,5.374,5.105,6
1773150,5.374,5.104,6
1773200,5.374,5.104,6
1773250,5.374,5.104,6
1773300,5.374,5.104,6
1773350,5.374,5.104,6
1773400,5.374,5.104,6
1773450,5.374,5.104,6
1773500,5.374,5.104,6
1773550,5.374,5.104,6
1773600,5.374,5.104,6
1773650,5.374,5.104,6
1773700,5.376,5.104,6
1773750,5.38,5.104,6
1773800,5.387,5.104,6
1773850,5.39,5.104,6
1773900,5.393,5.104,6
1773950,5.399,5.104,6
1774000,5.403,5.104,6
1774050,5.406,5.104,6
1774100,5.408,5.104,6
1774150,5.408,5.104,6
1774200,5.41,5.104,6
1774250,5.416,5.104,6
1774300,5.419,5.104,6
1774350,5.42,5.104,6
1774400,5.42,5.104,6
1774450,5.421,5.104,6
1774500,5.422,5.104,6
1774550,5.422,5.104,6
1774600,5.422,5.104,6
1774650,5.424,5.104,6
1774700,5.425,5.104,6
1774750,5.432,5.104,11
1774800,5.437,5.106,11
1774850,5.446,5.111,11
1774900,5.461,5.114,11
1774950,5.473,5.115,11
1775000,5.477,5.116,11
1775050,5.477,5.116,11
1775100,5.477,5.116,11
1775150,5.477,5.116,11
1775200,5.477,5.116,11
1775250,5.477,5.116,11
1775300,5.477,5.116,11
1775350,5.477,5.116,11
1775400,5.477,5.116,11
1775450,5.477,5.116,11
1775500,5.477,5.116,11
1775550,5.475,5.116,11
1775600,5.463,5.116,11
1775650,5.449,5.116,11
1775700,5.431,5.116,11
1775750,5.419,5.115,11
1775800,5.408,5.115,11
1775850,5.39,5.114,11
1775900,5.361,5.114,11
1775950,5.309,5.051,11
1776000,5.229,5.0,11
1776050,5.187,5.0,11
1776100,5.187,5.0,11
1776150,5.187,5.0,11
1776200,5.187,5.0,11
1776250,5.187,5.0,11
1776300,5.187,5.0,11
1776350,5.186,5.0,11
1776400,5.185,5.0,11
1776450,5.182,5.0,11
1776500,5.177,5.0,11
1776550,5.169,5.0,11
1776600,5.155,5.0,11
1776650,5.122,5.0,11
1776700,5.07,5.0,11
1776750,5.033,5.0,11
1776800,5.015,5.0,11
1776850,5.004,5.0,11
1776900,5.0,5.0,11
1776950,5.0,5.0,11
1777000,5.0,5.0,11
1777050,5.0,5.0,11
1777100,5.0,5.0,11
1777150,5.0,5.0,11
1777200,5.0,5.0,11
1777250,5.0,5.0,11
1777300,5.0,5.0,11
1777350,5.0,5.0,11
1777400,5.0,5.0,11
1777450,5.0,5.0,11
1777500,5.0,5.0,11
1777550,5.0,5.0,11
1777600,5.0,5.0,11
1777650,5.0,5.0,11
1777700,5.0,5.0,11
1777750,5.0,5.0,11
1777800,5.0,5.0,11
1777850,5.0,5.0,11
1777900,5.0,5.0,11
1777950,5.0,5.0,11
1778000,5.0,5.0,11
1778050,5.0,5.0,11
1778100,5.0,5.0,11
1778150,5.0,5.0,11
1778200,5.0,5.0,11
1778250,5.0,5.0,11
1778300,5.0,5.0,11
1778350,5.0,5.0,11
1778400,5.0,5.0,11
1778450,5.0,5.0,11
1778500,5.0,5.0,11
1778550,5.0,5.0,11
1778600,5.0,5.0,11
1778650,5.0,5.0,11
1778700,5.0,5.0,11
1778750,5.0,5.0,11
1778800,5.0,5.0,11
1778850,5.0,5.0,11
1778900,5.0,5.0,11
1778950,5.0,5.0,11
1779000,5.0,5.0,11
1779050,5.0,5.0,11
1779100,5.0,5.0,11
1779150,5.0,5.0,11
1779200,5.0,5.0,11
1779250,5.0,5.0,11
1779300,5.0,5.0,11
1779350,5.0,5.0,11
1779400,5.0,5.0,11
1779450,5.0,5.0,11
1779500,5.0,5.0,11
1779550,5.0,5.0,11
1779600,5.0,5.0,11
1779650,5.0,5.0,11
1779700,5.0,5.0,11
1779750,5.0,5.0,11
1779800,5.0,5.0,11
1779850,5.0,5.0,11
1779900,5.0,5.0,11
1779950,5.0,5.0,11
1780000,5.0,5.0,11
1780050,5.0,5.0,11
1780100,5.0,5.0,11
1780150,5.0,5.0,11
1780200,5.0,5.0,11
1780250,5.0,5.0,11
1780300,5.0,5.0,11
1780350,5.0,5.0,11
1780400,5.0,5.0,11
1780450,5.0,5.0,11
1780500,5.0,5.0,11
1780550,5.0,5.0,11
1780600,5.0,5.0,11
1780650,5.0,5.0,11
1780700,5.0,5.0,11
1780750,5.0,5.0,11
1780800,5.0,5.0,11
1780850,5.0,5.0,11
1780900,5.0,5.0,11
1780950,5.0,5.0,11
1781000,5.0,5.0,11
1781050,5.0,5.0,11
1781100,5.0,5.0,11
1781150,5.0,5.0,11
1781200,5.0,5.0,11
1781250,5.0,5.0,11
1781300,5.0,5.0,11
1781350,5.0,5.0,11
1781400,5.0,5.0,11
1781450,5.0,5.0,11
1781500,5.0,5.0,11
1781550,5.0,5.0,11
1781600,5.0,5.0,11
1781650,5.0,5.0,11
1781700,5.0,5.0,11
1781750,5.0,5.0,11
1781800,5.0,5.0,11
1781850,5.0,5.0,11
1781900,5.0,5.0,11
1781950,5.0,5.0,11
1782000,5.0,5.0,11
1782050,5.0,5.0,11
1782100,5.0,5.0,11
1782150,5.0,5.0,11
1782200,5.0,5.0,11
1782250,5.0,5.0,11
1782300,5.0,5.0,11
1782350,5.0,5.0,11
1782400,5.0,5.0,11
1782450,5.0,5.0,11
1782500,5.0,5.0,11
1782550,5.0,5.0,11
1782600,5.0,5.0,11
1782650,5.0,5.0,11
1782700,5.0,5.0,11
1782750,5.0,5.0,11
1782800,5.0,5.0,11
1782850,5.0,5.0,11
1782900,5.0,5.0,11
1782950,5.0,5.0,11
1783000,5.0,5.0,11
1783050,5.0,5.0,11
1783100,5.0,5.0,11
1783150,5.0,5.0,11
1783200,5.0,5.0,11
1783250,5.0,5.0,11
1783300,5.0,5.0,11
1783350,5.0,5.0,11
1783400,5.0,5.0,11
1783450,5.0,5.0,11
1783500,5.0,5.0,11
1783550,5.0,5.0,11
1783600,5.0,5.0,11
1783650,5.0,5.0,11
1783700,5.0,5.0,11
1783750,5.0,5.0,11
1783800,5.0,5.0,11
1783850,5.0,5.0,11
1783900,5.0,5.0,11
1783950,5.0,5.0,11
1784000,5.0,5.0,11
1784050,5.0,5.0,11
1784100,5.0,5.0,11
1784150,5.0,5.0,11
1784200,5.0,5.0,11
1784250,5.0,5.0,11
1784300,5.0,5.0,11
1784350,5.0,5.0,11
1784400,5.0,5.0,11
1784450,5.0,5.0,11
1784500,5.0,5.0,11
1784550,5.0,5.0,11
1784600,5.0,5.0,11
1784650,5.0,5.0,11
1784700,5.0,5.0,11
1784750,5.0,5.0,11
1784800,5.0,5.0,11
1784850,5.0,5.0,11
1784900,5.0,5.0,11
1784950,5.0,5.0,11
1785000,5.0,5.0,11
1785050,5.0,5.0,11
1785100,5.0,5.0,11
1785150,5.0,5.0,11
1785200,5.0,5.0,11
1785250,5.0,5.0,11
1785300,5.0,5.0,11
1785350,5.0,5.0,11
1785400,5.0,5.0,11
1785450,5.0,5.0,11
1785500,5.0,5.0,11
1785550,5.0,5.0,11
1785600,5.0,5.0,11
1785650,5.0,5.0,11
1785700,5.0,5.0,11
1785750,5.0,5.0,11
1785800,5.0,5.0,11
1785850,5.0,5.0,11
1785900,5.0,5.0,11
1785950,5.0,5.0,11
1786000,5.0,5.0,11
1786050,5.0,5.0,11
1786100,5.0,5.0,11
1786150,5.0,5.0,11
1786200,5.0,5.0,11
1786250,5.0,5.0,11
1786300,5.0,5.0,11
1786350,5.0,5.0,11
1786400,5.0,5.0,11
1786450,5.0,5.0,11
1786500,5.0,5.0,11
1786550,5.0,5.0,11
1786600,5.0,5.0,11
1786650,5.0,5.0,11
1786700,5.0,5.0,11
1786750,5.0,5.0,11
1786800,5.0,5.0,11
1786850,5.0,5.0,11
1786900,5.0,5.0,11
1786950,5.0,5.002,11
1787000,5.0,5.003,11
1787050,5.0,5.003,11
1787100,5.0,5.003,11
1787150,5.0,5.003,11
1787200,5.0,5.003,11
1787250,5.0,5.003,11
1787300,5.0,5.003,11
1787350,5.0,5.003,11
1787400,5.0,5.003,11
1787450,5.0,5.003,11
1787500,5.0,5.003,11
1787550,5.0,5.003,11
1787600,5.0,5.003,11
1787650,5.0,5.003,11
1787700,5.0,5.003,11
1787750,5.0,5.003,11
1787800,5.0,5.001,11
1787850,5.0,5.0,11
1787900,5.0,5.0,11
1787950,5.0,5.0,11
1788000,5.0,5.0,11
1788050,5.0,5.0,11
1788100,5.0,5.0,11
1788150,5.0,5.0,11
1788200,5.0,5.0,11
1788250,5.0,5.0,11
1788300,5.0,5.0,11
1788350,5.0,5.0,11
1788400,5.0,5.0,11
1788450,5.0,5.0,11
1788500,5.0,5.0,11
1788550,5.0,5.0,11
1788600,5.0,5.0,11
1788650,5.0,5.0,11
1788700,5.0,5.0,11
1788750,5.0,5.0,11
1788800,5.0,5.0,11
1788850,5.0,5.0,11
1788900,5.0,5.0,11
1788950,5.0,5.0,11
1789000,5.0,5.0,11
1789050,5.0,5.0,11
1789100,5.0,5.0,11
1789150,5.0,5.0,11
1789200,5.0,5.0,11
1789250,5.0,5.0,11
1789300,5.0,5.0,11
1789350,5.0,5.0,11
1789400,5.0,5.0,11
1789450,5.0,5.0,11
1789500,5.0,5.0,11
1789550,5.0,5.0,11
1789600,5.0,5.0,11
1789650,5.0,5.0,11
1789700,5.0,5.0,11
1789750,5.0,5.0,11
1789800,5.0,5.0,11
1789850,5.0,5.0,11
1789900,5.0,5.0,11
1789950,5.0,5.0,11
1790000,5.0,5.0,11
1790050,5.0,5.0,11
1790100,5.0,5.0,11
1790150,5.0,5.0,11
1790200,5.0,5.0,11
1790250,5.0,5.0,11
1790300,5.0,5.0,11
1790350,5.0,5.0,11
1790400,5.0,5.0,11
1790450,5.0,5.0,11
1790500,5.0,5.0,11
1790550,5.0,5.0,11
1790600,5.0,5.0,11
1790650,5.0,5.0,11
1790700,5.0,5.0,11
1790750,5.0,5.0,11
1790800,5.0,5.0,11
1790850,5.0,5.0,11
1790900,5.0,5.0,11
1790950,5.0,5.0,11
1791000,5.0,5.0,11
1791050,5.0,5.0,11
1791100,5.0,5.0,11
1791150,5.0,5.0,11
1791200,5.0,5.0,11
1791250,5.0,5.0,11
1791300,5.0,5.0,11
1791350,5.0,5.0,11
1791400,5.0,5.0,11
1791450,5.0,5.0,11
1791500,5.0,5.0,11
1791550,5.0,5.0,11
1791600,5.0,5.0,11
1791650,5.0,5.0,11
1791700,5.0,5.0,11
1791750,5.0,5.0,11
1791800,5.0,5.0,11
1791850,5.0,5.0,11
1791900,5.0,5.0,11
1791950,5.0,5.0,11
1792000,5.0,5.0,11
1792050,5.0,5.0,11
1792100,5.0,5.0,11
1792150,5.0,5.0,11
1792200,5.0,5.0,11
1792250,5.0,5.0,11
1792300,5.0,5.0,11
1792350,5.0,5.0,11
1792400,5.0,5.0,11
1792450,5.0,5.0,11
1792500,5.0,5.0,11
1792550,5.0,5.0,11
1792600,5.0,5.0,11
1792650,5.0,5.0,11
1792700,5.0,5.0,11
1792750,5.0,5.0,11
1792800,5.0,5.0,11
1792850,5.0,5.0,11
1792900,5.0,5.0,11
1792950,5.0,5.0,11
1793000,5.0,5.0,11
1793050,5.0,5.0,11
1793100,5.0,5.0,11
1793150,5.0,5.0,11
1793200,5.0,5.0,11
1793250,5.0,5.0,11
1793300,5.0,5.0,11
1793350,5.0,5.0,11
1793400,5.0,5.0,11
1793450,5.0,5.0,11
1793500,5.0,5.0,11
1793550,5.0,5.0,11
1793600,5.0,5.0,11
1793650,5.0,5.0,11
1793700,5.0,5.0,11
1793750,5.0,5.0,11
1793800,5.0,5.0,11
1793850,5.0,5.0,11
1793900,5.0,5.0,11
1793950,5.0,5.0,11
1794000,5.0,5.0,11
1794050,5.0,5.0,11
1794100,5.0,5.0,11
1794150,5.0,5.0,11
1794200,5.0,5.0,11
1794250,5.0,5.0,11
1794300,5.0,5.0,11
1794350,5.0,5.0,11
1794400,5.0,5.0,11
1794450,5.0,5.0,11
1794500,5.0,5.0,11
1794550,5.0,5.0,11
1794600,5.0,5.0,11
1794650,5.0,5.0,11
1794700,5.0,5.0,11
1794750,5.0,5.0,11
1794800,5.0,5.0,11
1794850,5.0,5.0,11
1794900,5.0,5.0,11
1794950,5.0,5.0,11
1795000,5.0,5.0,11
1795050,5.0,5.0,11
1795100,5.0,5.0,11
1795150,5.0,5.0,11
1795200,5.0,5.0,11
1795250,5.0,5.0,11
1795300,5.0,5.0,11
1795350,5.0,5.0,11
1795400,5.0,5.0,11
1795450,5.0,5.0,11
1795500,5.0,5.0,11
1795550,5.0,5.0,11
1795600,5.0,5.0,11
1795650,5.0,5.0,11
1795700,5.0,5.0,11
1795750,5.0,5.0,11
1795800,5.0,5.0,11
1795850,5.0,5.0,11
1795900,5.0,5.0,11
1795950,5.0,5.0,11
1796000,5.0,5.0,11
1796050,5.0,5.0,11
1796100,5.0,5.0,11
1796150,5.0,5.0,11
1796200,5.0,5.0,11
1796250,5.0,5.0,11
1796300,5.0,5.0,11
1796350,5.0,5.0,11
1796400,5.0,5.0,11
1796450,5.0,5.0,11
1796500,5.0,5.0,11
1796550,5.0,5.0,11
1796600,5.0,5.0,11
1796650,5.0,5.0,11
1796700,5.0,5.0,11
1796750,5.0,5.0,11
1796800,5.0,5.0,11
1796850,5.0,5.0,11
1796900,5.0,5.0,11
1796950,5.0,5.0,11
1797000,5.0,5.0,11
1797050,5.0,5.0,11
1797100,5.0,5.0,11
1797150,5.0,5.0,11
1797200,5.0,5.0,11
1797250,5.0,5.0,11
1797300,5.0,5.0,11
1797350,5.0,5.0,11
1797400,5.0,5.0,11
1797450,5.0,5.0,11
1797500,5.0,5.0,11
1797550,5.0,5.0,11
1797600,5.0,5.0,11
1797650,5.0,5.0,11
1797700,5.0,5.0,11
1797750,5.0,5.0,11
1797800,5.0,5.0,11
1797850,5.0,5.0,11
1797900,5.0,5.0,11
1797950,5.0,5.0,11
1798000,5.0,5.0,11
1798050,5.0,5.0,11
1798100,5.0,5.0,11
1798150,5.0,5.0,11
1798200,5.0,5.0,11
1798250,5.0,5.0,11
1798300,5.0,5.0,11
1798350,5.0,5.0,11
1798400,5.0,5.0,11
1798450,5.0,5.0,11
1798500,5.0,5.0,11
1798550,5.0,5.0,11
1798600,5.0,5.0,11
1798650,5.0,5.0,11
1798700,5.0,5.0,11
1798750,5.0,5.0,11
1798800,5.0,5.0,11
1798850,5.0,5.0,11
1798900,5.0,5.0,11
1798950,5.0,5.0,11
1799000,5.0,5.0,11
1799050,5.0,5.0,11
1799100,5.0,5.0,11
1799150,5.0,5.0,11
1799200,5.0,5.0,11
1799250,5.0,5.0,11
1799300,5.0,5.0,11
1799350,5.0,5.0,11
1799400,5.0,5.0,11
1799450,5.0,5.0,11
1799500,5.0,5.0,11
1799550,5.0,5.0,11
1799600,5.0,5.0,11
1799650,5.0,5.0,11
1799700,5.0,5.0,11
1799750,5.0,5.0,11
1799800,5.0,5.0,11
1799850,5.0,5.0,11
1799900,5.0,5.0,11
1799950,5.0,5.0,11
1800000,5.0,5.0,11
1800050,5.0,5.0,11
1800100,5.0,5.0,11
1800150,5.0,5.0,11
1800200,5.0,5.0,11
1800250,5.0,5.0,11
1800300,5.0,5.0,11
1800350,5.0,5.0,11
1800400,5.0,5.0,11
1800450,5.0,5.0,11
1800500,5.0,5.0,11
1800550,5.0,5.0,11
1800600,5.0,5.0,11
1800650,5.0,5.0,11
1800700,5.0,5.0,11
1800750,5.0,5.0,11
1800800,5.0,5.0,11
1800850,5.0,5.0,11
1800900,5.0,5.0,11
1800950,5.0,5.0,11
1801000,5.0,5.0,11
1801050,5.0,5.0,11
1801100,5.0,5.0,11
1801150,5.0,5.0,11
1801200,5.0,5.0,11
1801250,5.0,5.0,11
1801300,5.0,5.0,11
1801350,5.0,5.0,11
1801400,5.0,5.0,11
1801450,5.0,5.0,11
1801500,5.0,5.0,11
1801550,5.0,5.0,11
1801600,5.0,5.0,11
1801650,5.0,5.0,11
1801700,5.0,5.0,11
1801750,5.0,5.0,11
1801800,5.0,5.0,11
1801850,5.0,5.0,11
1801900,5.0,5.0,11
1801950,5.0,5.0,11
1802000,5.0,5.0,11
1802050,5.0,5.0,11
1802100,5.0,5.0,11
1802150,5.0,5.0,11
1802200,5.0,5.0,11
1802250,5.0,5.0,11
1802300,5.0,5.0,11
1802350,5.0,5.0,11
1802400,5.0,5.0,11
1802450,5.0,5.0,11
1802500,5.0,5.0,11
1802550,5.0,5.0,11
1802600,5.0,5.0,11
1802650,5.0,5.0,11
1802700,5.0,5.0,11
1802750,5.0,5.0,11
1802800,5.0,5.0,11
1802850,5.0,5.0,11
1802900,5.0,5.0,11
1802950,5.0,5.0,11
1803000,5.0,5.0,11
1803050,5.0,5.0,11
1803100,5.0,5.0,11
1803150,5.0,5.0,11
1803200,5.0,5.0,11
1803250,5.0,5.0,11
1803300,5.0,5.0,11
1803350,5.0,5.0,11
1803400,5.0,5.0,11
1803450,5.0,5.0,11
1803500,5.0,5.0,11
1803550,5.0,5.0,11
1803600,5.0,5.0,11
1803650,5.0,5.0,11
1803700,5.0,5.0,11
1803750,5.0,5.0,11
1803800,5.0,5.0,11
1803850,5.0,5.0,11
1803900,5.0,5.0,11
1803950,5.0,5.0,11
1804000,5.0,5.0,11
1804050,5.0,5.0,11
1804100,5.0,5.0,11
1804150,5.0,5.0,11
1804200,5.0,5.0,11
1804250,5.0,5.0,11
1804300,5.0,5.0,11
1804350,5.0,5.0,11
1804400,5.0,5.0,11
1804450,5.0,5.0,11
1804500,5.0,5.0,11
1804550,5.0,5.0,11
1804600,5.0,5.0,11
1804650,5.0,5.0,11
1804700,5.0,5.0,11
1804750,5.0,5.0,11
1804800,5.0,5.0,11
1804850,5.0,5.0,11
1804900,5.0,5.0,11
1804950,5.0,5.0,11
1805000,5.0,5.0,11
1805050,5.0,5.0,11
1805100,5.0,5.0,11
1805150,5.0,5.0,11
1805200,5.0,5.0,11
1805250,5.0,5.0,11
1805300,5.0,5.0,11
1805350,5.0,5.0,11
1805400,5.0,5.0,11
1805450,5.0,5.0,11
1805500,5.0,5.0,11
1805550,5.0,5.0,11
1805600,5.0,5.0,11
1805650,5.0,5.0,11
1805700,5.0,5.0,11
1805750,5.0,5.0,11
1805800,5.0,5.0,11
1805850,5.0,5.0,11
1805900,5.0,5.0,11
1805950,5.0,5.0,11
1806000,5.0,5.0,11
1806050,5.0,5.0,11
1806100,5.0,5.0,11
1806150,5.0,5.0,11
1806200,5.0,5.0,11
1806250,5.0,5.0,11
1806300,5.0,5.0,11
1806350,5.0,5.0,11
1806400,5.0,5.0,11
1806450,5.0,5.0,11
1806500,5.0,5.0,11
1806550,5.0,5.0,11
1806600,5.0,5.0,11
1806650,5.0,5.0,11
1806700,5.0,5.0,11
1806750,5.0,5.0,11
1806800,5.0,5.0,11
1806850,5.0,5.0,11
1806900,5.0,5.0,11
1806950,5.0,5.0,11
1807000,5.0,5.0,11
1807050,5.0,5.0,11
1807100,5.0,5.0,11
1807150,5.0,5.0,11
1807200,5.0,5.0,11
1807250,5.0,5.0,11
1807300,5.0,5.0,11
1807350,5.0,5.0,11
1807400,5.0,5.0,11
1807450,5.0,5.0,11
1807500,5.0,5.0,11
1807550,5.0,5.0,11
1807600,5.0,5.0,11
1807650,5.0,5.0,11
1807700,5.0,5.0,11
1807750,5.0,5.0,11
1807800,5.0,5.0,11
1807850,5.0,5.0,11
1807900,5.0,5.0,11
1807950,5.0,5.0,11
1808000,5.0,5.0,11
1808050,5.0,5.0,11
1808100,5.0,5.0,11
1808150,5.0,5.0,11
1808200,5.0,5.0,11
1808250,5.0,5.0,11
1808300,5.0,5.0,11
1808350,5.0,5.0,11
1808400,5.0,5.0,11
1808450,5.0,5.0,11
1808500,5.0,5.0,11
1808550,5.0,5.0,11
1808600,5.0,5.0,11
1808650,5.0,5.0,11
1808700,5.0,5.0,11
1808750,5.0,5.0,11
1808800,5.0,5.0,11
1808850,5.0,5.0,11
1808900,5.0,5.0,11
1808950,5.0,5.0,11
1809000,5.0,5.0,11
1809050,5.0,5.0,11
1809100,5.0,5.0,11
1809150,5.0,5.0,11
1809200,5.0,5.0,11
1809250,5.0,5.0,11
1809300,5.0,5.0,11
1809350,5.0,5.0,11
1809400,5.0,5.0,11
1809450,5.0,5.0,11
1809500,5.0,5.0,11
1809550,5.0,5.0,11
1809600,5.0,5.0,11
1809650,5.0,5.0,11
1809700,5.0,5.0,11
1809750,5.0,5.0,11
1809800,5.0,5.0,11
1809850,5.0,5.0,11
1809900,5.0,5.0,11
1809950,5.0,5.0,11
1810000,5.0,5.0,11
1810050,5.0,5.0,11
1810100,5.0,5.0,11
1810150,5.0,5.0,11
1810200,5.0,5.0,11
1810250,5.0,5.0,11
1810300,5.0,5.0,11
1810350,5.0,5.0,11
1810400,5.0,5.0,11
1810450,5.0,5.0,11
1810500,5.0,5.0,11
1810550,5.0,5.0,11
1810600,5.0,5.0,11
1810650,5.0,5.0,11
1810700,5.0,5.0,11
1810750,5.0,5.0,11
1810800,5.0,5.0,11
1810850,5.0,5.0,11
1810900,5.0,5.0,11
1810950,5.0,5.0,11
1811000,5.0,5.0,11
1811050,5.0,5.0,11
1811100,5.0,5.0,11
1811150,5.0,5.0,11
1811200,5.0,5.0,11
1811250,5.0,5.0,11
1811300,5.0,5.0,11
1811350,5.0,5.0,11
1811400,5.0,5.0,11
1811450,5.0,5.0,11
1811500,5.0,5.0,11
1811550,5.0,5.0,11
1811600,5.0,5.0,11
1811650,5.0,5.0,11
1811700,5.0,5.0,11
1811750,5.0,5.0,11
1811800,5.0,5.0,11
1811850,5.0,5.0,11
1811900,5.0,5.0,11
1811950,5.0,5.0,11
1812000,5.0,5.0,11
1812050,5.0,5.0,11
1812100,5.0,5.0,11
1812150,5.0,5.0,11
1812200,5.0,5.0,11
1812250,5.0,5.0,11
1812300,5.0,5.0,11
1812350,5.0,5.0,11
1812400,5.0,5.0,11
1812450,5.0,5.0,11
1812500,5.0,5.0,11
1812550,5.0,5.0,11
1812600,5.0,5.0,11
1812650,5.0,5.0,11
1812700,5.0,5.0,11
1812750,5.0,5.0,11
1812800,5.0,5.0,11
1812850,5.0,5.0,11
1812900,5.0,5.0,11
1812950,5.0,5.0,11
1813000,5.0,5.0,11
1813050,5.0,5.0,11
1813100,5.0,5.0,11
1813150,5.0,5.0,11
1813200,5.0,5.0,11
1813250,5.0,5.0,11
1813300,5.0,5.0,11
1813350,5.0,5.0,11
1813400,5.0,5.0,11
1813450,5.0,5.0,11
1813500,5.0,5.0,11
1813550,5.0,5.0,11
1813600,5.0,5.0,11
1813650,5.0,5.0,11
1813700,5.0,5.0,11
1813750,5.0,5.0,11
1813800,5.0,5.0,11
1813850,5.0,5.0,11
1813900,5.0,5.0,11
1813950,5.0,5.0,11
1814000,5.0,5.0,11
1814050,5.0,5.0,11
1814100,5.0,5.0,11
1814150,5.0,5.0,11
1814200,5.0,5.0,11
1814250,5.0,5.0,11
1814300,5.0,5.0,11
1814350,5.0,5.0,11
1814400,5.0,5.0,11
1814450,5.0,5.0,11
1814500,5.0,5.0,11
1814550,5.0,5.0,11
1814600,5.0,5.0,11
1814650,5.0,5.0,11
1814700,5.0,5.0,11
1814750,5.0,5.0,11
1814800,5.0,5.0,11
1814850,5.0,5.0,11
1814900,5.0,5.0,11
1814950,5.0,5.0,11
1815000,5.0,5.0,11
1815050,5.0,5.0,11
1815100,5.0,5.0,11
1815150,5.0,5.0,11
1815200,5.0,5.0,11
1815250,5.0,5.0,11
1815300,5.0,5.0,11
1815350,5.0,5.0,11
1815400,5.0,5.0,11
1815450,5.0,5.0,11
1815500,5.0,5.0,11
1815550,5.0,5.0,11
1815600,5.0,5.0,11
1815650,5.0,5.0,11
1815700,5.0,5.0,11
1815750,5.0,5.0,11
1815800,5.0,5.0,11
1815850,5.0,5.0,11
1815900,5.0,5.0,11
1815950,5.0,5.0,11
1816000,5.0,5.0,11
1816050,5.0,5.0,11
1816100,5.0,5.0,11
1816150,5.0,5.0,11
1816200,5.0,5.0,11
1816250,5.0,5.0,11
1816300,5.0,5.0,11
1816350,5.0,5.0,11
1816400,5.0,5.0,11
1816450,5.0,5.0,11
1816500,5.0,5.0,11
1816550,5.0,5.0,11
1816600,5.0,5.0,11
1816650,5.0,5.0,11
1816700,5.0,5.0,11
1816750,5.0,5.0,11
1816800,5.0,5.0,11
1816850,5.0,5.0,11
1816900,5.0,5.0,11
1816950,5.0,5.0,11
1817000,5.0,5.0,11
1817050,5.0,5.0,11
1817100,5.0,5.0,11
1817150,5.0,5.0,11
1817200,5.0,5.0,11
1817250,5.0,5.0,11
1817300,5.0,5.0,11
1817350,5.0,5.0,11
1817400,5.0,5.0,11
1817450,5.0,5.0,11
1817500,5.0,5.0,11
1817550,5.0,5.0,11
1817600,5.0,5.0,11
1817650,5.0,5.0,11
1817700,5.0,5.0,11
1817750,5.0,5.0,11
1817800,5.0,5.0,11
1817850,5.0,5.0,11
1817900,5.0,5.0,11
1817950,5.0,5.0,11
1818000,5.0,5.0,11
1818050,5.0,5.0,11
1818100,5.0,5.0,11
1818150,5.0,5.0,11
1818200,5.0,5.0,11
1818250,5.0,5.0,11
1818300,5.0,5.0,11
1818350,5.0,5.0,11
1818400,5.0,5.0,11
1818450,5.0,5.0,11
1818500,5.0,5.0,11
1818550,5.0,5.0,11
1818600,5.0,5.0,11
1818650,5.0,5.0,11
1818700,5.0,5.0,11
1818750,5.0,5.0,11
1818800,5.0,5.0,11
1818850,5.0,5.0,11
1818900,5.0,5.0,11
1818950,5.0,5.0,11
1819000,5.0,5.0,11
1819050,5.0,5.0,11
1819100,5.0,5.0,11
1819150,5.0,5.0,11
1819200,5.0,5.0,11
1819250,5.0,5.0,11
1819300,5.0,5.0,11
1819350,5.0,5.0,11
1819400,5.0,5.0,11
1819450,5.0,5.0,11
1819500,5.0,5.0,11
1819550,5.0,5.0,11
1819600,5.0,5.0,11
1819650,5.0,5.0,11
1819700,5.0,5.0,11
1819750,5.0,5.0,11
1819800,5.0,5.0,11
1819850,5.0,5.0,11
1819900,5.0,5.0,11
1819950,5.0,5.0,11
1820000,5.0,5.0,11
1820050,5.0,5.0,11
1820100,5.0,5.0,11
1820150,5.0,5.0,11
1820200,5.0,5.0,11
1820250,5.0,5.0,11
1820300,5.0,5.0,11
1820350,5.0,5.0,11
1820400,5.0,5.0,11
1820450,5.0,5.0,11
1820500,5.0,5.0,11
1820550,5.0,5.0,11
1820600,5.0,5.0,11
1820650,5.0,5.0,11
1820700,5.0,5.0,11
1820750,5.0,5.0,11
1820800,5.0,5.0,11
1820850,5.0,5.0,11
1820900,5.0,5.0,11
1820950,5.0,5.0,11
1821000,5.0,5.0,11
1821050,5.0,5.0,11
1821100,5.0,5.0,11
1821150,5.0,5.0,11
1821200,5.0,5.0,11
1821250,5.0,5.0,11
1821300,5.0,5.0,11
1821350,5.0,5.0,11
1821400,5.0,5.0,11
1821450,5.0,5.0,11
1821500,5.0,5.0,11
1821550,5.0,5.0,11
1821600,5.0,5.0,11
1821650,5.0,5.0,11
1821700,5.0,5.0,11
1821750,5.0,5.0,11
1821800,5.0,5.0,11
1821850,5.0,5.0,11
1821900,5.0,5.0,11
1821950,5.0,5.0,11
1822000,5.0,5.0,11
1822050,5.0,5.0,11
1822100,5.0,5.0,11
1822150,5.0,5.0,11
1822200,5.0,5.0,11
1822250,5.0,5.0,11
1822300,5.0,5.0,11
1822350,5.0,5.0,11
1822400,5.0,5.0,11
1822450,5.0,5.0,11
1822500,5.0,5.0,11
1822550,5.0,5.0,11
1822600,5.0,5.0,11
1822650,5.0,5.0,11
1822700,5.0,5.0,11
1822750,5.0,5.0,11
1822800,5.0,5.0,11
1822850,5.0,5.0,11
1822900,5.0,5.0,11
1822950,5.0,5.0,11
1823000,5.0,5.0,11
1823050,5.0,5.0,11
1823100,5.0,5.0,11
1823150,5.0,5.0,11
1823200,5.0,5.0,11
1823250,5.0,5.0,11
1823300,5.0,5.0,11
1823350,5.0,5.0,11
1823400,5.0,5.0,11
1823450,5.0,5.0,11
1823500,5.0,5.0,11
1823550,5.0,5.0,11
1823600,5.0,5.0,11
1823650,5.0,5.0,11
1823700,5.0,5.0,11
1823750,5.0,5.0,11
1823800,5.0,5.0,11
1823850,5.0,5.0,11
1823900,5.0,5.0,11
1823950,5.0,5.0,11
1824000,5.0,5.0,11
1824050,5.0,5.0,11
1824100,5.0,5.0,11
1824150,5.0,5.0,11
1824200,5.0,5.0,11
1824250,5.0,5.0,11
1824300,5.0,5.0,11
1824350,5.0,5.0,11
1824400,5.0,5.0,11
1824450,5.0,5.0,11
1824500,5.0,5.0,11
1824550,5.0,5.0,11
1824600,5.0,5.0,11
1824650,5.0,5.0,11
1824700,5.0,5.0,11
1824750,5.0,5.0,11
1824800,5.0,5.0,11
1824850,5.0,5.0,11
1824900,5.0,5.0,11
1824950,5.0,5.0,11
1825000,5.0,5.0,11
1825050,5.0,5.0,11
1825100,5.0,5.0,11
1825150,5.0,5.0,11
1825200,5.0,5.0,11
1825250,5.0,5.0,11
1825300,5.0,5.0,11
1825350,5.0,5.0,11
1825400,5.0,5.0,11
1825450,5.0,5.0,11
1825500,5.0,5.0,11
1825550,5.0,5.0,11
1825600,5.0,5.0,11
1825650,5.0,5.0,11
1825700,5.0,5.0,11
1825750,5.0,5.0,11
1825800,5.0,5.0,11
1825850,5.0,5.0,11
1825900,5.0,5.0,11
1825950,5.0,5.0,11
1826000,5.0,5.0,11
1826050,5.0,5.0,11
1826100,5.0,5.0,11
1826150,5.0,5.0,11
1826200,5.0,5.0,11
1826250,5.0,5.0,11
1826300,5.0,5.0,11
1826350,5.0,5.0,11
1826400,5.0,5.0,11
1826450,5.0,5.0,11
1826500,5.0,5.0,11
1826550,5.0,5.0,11
1826600,5.0,5.0,11
1826650,5.0,5.0,11
1826700,5.0,5.0,11
1826750,5.0,5.0,11
1826800,5.0,5.0,11
1826850,5.0,5.0,11
1826900,5.0,5.0,11
1826950,5.0,5.0,11
1827000,5.0,5.0,11
1827050,5.0,5.0,11
1827100,5.0,5.0,11
1827150,5.0,5.0,11
1827200,5.0,5.0,11
1827250,5.0,5.0,11
1827300,5.0,5.0,11
1827350,5.0,5.0,11
1827400,5.0,5.0,11
1827450,5.0,5.0,11
1827500,5.0,5.0,11
1827550,5.0,5.0,11
1827600,5.0,5.0,11
1827650,5.0,5.0,11
1827700,5.0,5.0,11
1827750,5.0,5.0,11
1827800,5.0,5.0,11
1827850,5.0,5.0,11
1827900,5.0,5.0,11
1827950,5.0,5.0,11
1828000,5.0,5.0,11
1828050,5.0,5.0,11
1828100,5.0,5.0,11
1828150,5.0,5.0,11
1828200,5.0,5.0,11
1828250,5.0,5.0,11
1828300,5.0,5.0,11
1828350,5.0,5.0,11
1828400,5.0,5.0,11
1828450,5.0,5.0,11
1828500,5.0,5.0,11
1828550,5.0,5.0,11
1828600,5.0,5.0,11
1828650,5.0,5.0,11
1828700,5.0,5.0,11
1828750,5.0,5.0,11
1828800,5.0,5.0,11
1828850,5.0,5.0,11
1828900,5.0,5.0,11
1828950,5.0,5.0,11
1829000,5.0,5.0,11
1829050,5.0,5.0,11
1829100,5.0,5.0,11
1829150,5.0,5.0,11
1829200,5.0,5.0,11
1829250,5.0,5.0,11
1829300,5.0,5.0,11
1829350,5.0,5.0,11
1829400,5.0,5.0,11
1829450,5.0,5.0,11
1829500,5.0,5.0,11
1829550,5.0,5.0,11
1829600,5.0,5.0,11
1829650,5.0,5.0,11
1829700,5.0,5.0,11
1829750,5.0,5.0,11
1829800,5.0,5.0,11
1829850,5.0,5.0,11
1829900,5.0,5.0,11
1829950,5.0,5.0,11
1830000,5.0,5.0,11
1830050,5.0,5.0,11
1830100,5.0,5.0,11
1830150,5.0,5.0,11
1830200,5.0,5.0,11
1830250,5.0,5.0,11
1830300,5.0,5.0,11
1830350,5.0,5.0,11
1830400,5.0,5.0,11
1830450,5.0,5.0,11
1830500,5.0,5.0,11
1830550,5.0,5.0,11
1830600,5.0,5.0,11
1830650,5.0,5.0,11
1830700,5.0,5.0,11
1830750,5.0,5.0,11
1830800,5.0,5.0,11
1830850,5.0,5.0,11
1830900,5.0,5.0,11
1830950,5.0,5.0,11
1831000,5.0,5.0,11
1831050,5.0,5.0,11
1831100,5.0,5.0,11
1831150,5.0,5.0,11
1831200,5.0,5.0,11
1831250,5.0,5.0,11
1831300,5.0,5.0,11
1831350,5.0,5.0,11
1831400,5.0,5.0,11
1831450,5.0,5.0,11
1831500,5.0,5.0,11
1831550,5.0,5.0,11
1831600,5.0,5.0,11
1831650,5.0,5.0,11
1831700,5.0,5.0,11
1831750,5.0,5.0,11
1831800,5.0,5.0,11
1831850,5.0,5.0,11
1831900,5.0,5.0,11
1831950,5.0,5.0,11
1832000,5.0,5.0,11
1832050,5.0,5.0,11
1832100,5.0,5.0,11
1832150,5.0,5.0,11
1832200,5.0,5.0,11
1832250,5.0,5.0,11
1832300,5.0,5.0,11
1832350,5.0,5.0,11
1832400,5.0,5.0,11
1832450,5.0,5.0,11
1832500,5.0,5.0,11
1832550,5.0,5.0,11
1832600,5.0,5.0,11
1832650,5.0,5.0,11
1832700,5.0,5.0,11
1832750,5.0,5.0,11
1832800,5.0,5.0,11
1832850,5.0,5.0,11
1832900,5.0,5.0,11
1832950,5.0,5.0,11
1833000,5.0,5.0,11
1833050,5.0,5.0,11
1833100,5.0,5.0,11
1833150,5.0,5.0,11
1833200,5.0,5.0,11
1833250,5.0,5.0,11
1833300,5.0,5.0,11
1833350,5.0,5.0,11
1833400,5.0,5.0,11
1833450,5.0,5.0,11
1833500,5.0,5.0,11
1833550,5.0,5.0,11
1833600,5.0,5.0,11
1833650,5.0,5.0,11
1833700,5.0,5.0,11
1833750,5.0,5.0,11
1833800,5.0,5.0,11
1833850,5.0,5.0,11
1833900,5.0,5.0,11
1833950,5.0,5.0,11
1834000,5.0,5.0,11
1834050,5.0,5.0,11
1834100,5.0,5.0,11
1834150,5.0,5.0,11
1834200,5.0,5.0,11
1834250,5.0,5.0,11
1834300,5.0,5.0,11
1834350,5.0,5.0,11
1834400,5.0,5.0,11
1834450,5.0,5.0,11
1834500,5.0,5.0,11
1834550,5.0,5.0,11
1834600,5.0,5.0,11
1834650,5.0,5.0,11
1834700,5.0,5.0,11
1834750,5.0,5.0,11
1834800,5.0,5.0,11
1834850,5.0,5.0,11
1834900,5.0,5.0,11
1834950,5.0,5.0,11
1835000,5.0,5.0,11
1835050,5.0,5.0,11
1835100,5.0,5.0,11
1835150,5.0,5.0,11
1835200,5.0,5.0,11
1835250,5.0,5.0,11
1835300,5.0,5.0,11
1835350,5.0,5.0,11
1835400,5.0,5.0,11
1835450,5.0,5.0,11
1835500,5.0,5.0,11
1835550,5.0,5.0,11
1835600,5.0,5.0,11
1835650,5.0,5.0,11
1835700,5.0,5.0,11
1835750,5.0,5.0,11
1835800,5.0,5.0,11
1835850,5.0,5.0,11
1835900,5.0,5.0,11
1835950,5.0,5.0,11
1836000,5.0,5.0,11
1836050,5.0,5.0,11
1836100,5.0,5.0,11
1836150,5.0,5.0,11
1836200,5.0,5.0,11
1836250,5.0,5.0,11
1836300,5.0,5.0,11
1836350,5.0,5.0,11
1836400,5.0,5.0,11
1836450,5.0,5.0,11
1836500,5.0,5.0,11
1836550,5.0,5.0,11
1836600,5.0,5.0,11
1836650,5.0,5.0,11
1836700,5.0,5.0,11
1836750,5.0,5.0,11
1836800,5.0,5.0,11
1836850,5.0,5.0,11
1836900,5.0,5.0,11
1836950,5.0,5.0,11
1837000,5.0,5.0,11
1837050,5.0,5.0,11
1837100,5.0,5.0,11
1837150,5.0,5.0,11
1837200,5.0,5.0,11
1837250,5.0,5.0,11
1837300,5.0,5.0,11
1837350,5.0,5.0,11
1837400,5.0,5.0,11
1837450,5.0,5.0,11
1837500,5.0,5.0,11
1837550,5.0,5.0,11
1837600,5.0,5.0,11
1837650,5.0,5.0,11
1837700,5.0,5.0,11
1837750,5.0,5.0,11
1837800,5.0,5.0,11
1837850,5.0,5.0,11
1837900,5.0,5.0,11
1837950,5.0,5.0,11
1838000,5.0,5.0,11
1838050,5.0,5.0,11
1838100,5.0,5.0,11
1838150,5.0,5.0,11
1838200,5.0,5.0,11
1838250,5.0,5.0,11
1838300,5.0,5.0,11
1838350,5.0,5.0,11
1838400,5.0,5.0,11
1838450,5.0,5.0,11
1838500,5.0,5.0,11
1838550,5.0,5.0,11
1838600,5.0,5.0,11
1838650,5.0,5.0,11
1838700,5.0,5.0,11
1838750,5.0,5.0,11
1838800,5.0,5.0,11
1838850,5.0,5.0,11
1838900,5.0,5.0,11
1838950,5.0,5.0,11
1839000,5.0,5.0,11
1839050,5.0,5.0,11
1839100,5.0,5.0,11
1839150,5.0,5.0,11
1839200,5.0,5.0,11
1839250,5.0,5.0,11
1839300,5.0,5.0,11
1839350,5.0,5.0,11
1839400,5.0,5.0,11
1839450,5.0,5.0,11
1839500,5.0,5.0,11
1839550,5.0,5.0,11
1839600,5.0,5.0,11
1839650,5.0,5.0,11
1839700,5.0,5.0,11
1839750,5.0,5.0,11
1839800,5.0,5.0,11
1839850,5.0,5.0,11
1839900,5.0,5.0,11
1839950,5.0,5.0,11
1840000,5.0,5.0,11
1840050,5.0,5.0,11
1840100,5.0,5.0,11
1840150,5.0,5.0,11
1840200,5.0,5.0,11
1840250,5.0,5.0,11
1840300,5.0,5.0,11
1840350,5.0,5.0,11
1840400,5.0,5.0,11
1840450,5.0,5.0,11
1840500,5.0,5.0,11
1840550,5.0,5.0,11
1840600,5.0,5.0,11
1840650,5.0,5.0,11
1840700,5.0,5.0,11
1840750,5.0,5.0,11
1840800,5.0,5.0,11
1840850,5.0,5.0,11
1840900,5.0,5.0,11
1840950,5.0,5.0,11
1841000,5.0,5.0,11
1841050,5.0,5.0,11
1841100,5.0,5.0,11
1841150,5.0,5.0,11
1841200,5.0,5.0,11
1841250,5.0,5.0,11
1841300,5.0,5.0,11
1841350,5.0,5.0,11
1841400,5.0,5.0,11
1841450,5.0,5.0,11
1841500,5.0,5.0,11
1841550,5.0,5.0,11
1841600,5.0,5.0,11
1841650,5.0,5.0,11
1841700,5.0,5.0,11
1841750,5.0,5.0,11
1841800,5.0,5.0,11
1841850,5.0,5.0,11
1841900,5.0,5.0,11
1841950,5.0,5.0,11
1842000,5.0,5.0,11
1842050,5.0,5.0,11
1842100,5.0,5.0,11
1842150,5.0,5.0,11
1842200,5.0,5.0,11
1842250,5.0,5.0,11
1842300,5.0,5.0,11
1842350,5.0,5.0,11
1842400,5.0,5.0,11
1842450,5.0,5.0,11
1842500,5.0,5.0,11
1842550,5.0,5.0,11
1842600,5.0,5.0,11
1842650,5.0,5.0,11
1842700,5.0,5.0,11
1842750,5.0,5.0,11
1842800,5.0,5.0,11
1842850,5.0,5.0,11
1842900,5.0,5.0,11
1842950,5.0,5.0,11
1843000,5.0,5.0,11
1843050,5.0,5.0,11
1843100,5.0,5.0,11
1843150,5.0,5.0,11
1843200,5.0,5.0,11
1843250,5.0,5.0,11
1843300,5.0,5.0,11
1843350,5.0,5.0,11
1843400,5.0,5.0,11
1843450,5.0,5.0,11
1843500,5.0,5.0,11
1843550,5.0,5.0,11
1843600,5.0,5.0,11
1843650,5.0,5.0,11
1843700,5.0,5.0,11
1843750,5.0,5.0,11
1843800,5.0,5.0,11
1843850,5.0,5.0,11
1843900,5.0,5.0,11
1843950,5.0,5.0,11
1844000,5.0,5.0,11
1844050,5.0,5.0,11
1844100,5.0,5.0,11
1844150,5.0,5.0,11
1844200,5.0,5.0,11
1844250,5.0,5.0,11
1844300,5.0,5.0,11
1844350,5.0,5.0,11
1844400,5.0,5.0,11
1844450,5.0,5.0,11
1844500,5.0,5.0,11
1844550,5.0,5.0,11
1844600,5.0,5.0,11
1844650,5.0,5.0,11
1844700,5.0,5.0,11
1844750,5.0,5.0,11
1844800,5.0,5.0,11
1844850,5.0,5.0,11
1844900,5.0,5.0,11
1844950,5.0,5.0,11
1845000,5.0,5.0,11
1845050,5.0,5.0,11
1845100,5.0,5.0,11
1845150,5.0,5.0,11
1845200,5.0,5.0,11
1845250,5.0,5.0,11
1845300,5.0,5.0,11
1845350,5.0,5.0,11
1845400,5.0,5.0,11
1845450,5.0,5.0,11
1845500,5.0,5.0,11
1845550,5.0,5.0,11
1845600,5.0,5.0,11
1845650,5.0,5.0,11
1845700,5.0,5.0,11
1845750,5.0,5.0,11
1845800,5.0,5.0,11
1845850,5.0,5.0,11
1845900,5.0,5.0,11
1845950,5.0,5.0,11
1846000,5.0,5.0,11
1846050,5.0,5.0,11
1846100,5.0,5.0,11
1846150,5.0,5.0,11
1846200,5.0,5.0,11
1846250,5.0,5.0,11
1846300,5.0,5.0,11
1846350,5.0,5.0,11
1846400,5.0,5.0,11
1846450,5.0,5.0,11
1846500,5.0,5.0,11
1846550,5.0,5.0,11
1846600,5.0,5.0,11
1846650,5.0,5.0,11
1846700,5.0,5.0,11
1846750,5.0,5.0,11
1846800,5.0,5.0,11
1846850,5.0,5.0,11
1846900,5.0,5.0,11
1846950,5.0,5.0,11
1847000,5.0,5.0,11
1847050,5.0,5.0,11
1847100,5.0,5.0,11
1847150,5.0,5.0,11
1847200,5.0,5.0,11
1847250,5.0,5.0,11
1847300,5.0,5.0,11
1847350,5.0,5.0,11
1847400,5.0,5.0,11
1847450,5.0,5.0,11
1847500,5.0,5.0,11
1847550,5.0,5.0,11
1847600,5.0,5.0,11
1847650,5.0,5.0,11
1847700,5.0,5.0,11
1847750,5.0,5.0,11
1847800,5.0,5.0,11
1847850,5.0,5.0,11
1847900,5.0,5.0,11
1847950,5.0,5.0,11
1848000,5.0,5.0,11
1848050,5.0,5.0,11
1848100,5.0,5.0,11
1848150,5.0,5.0,11
1848200,5.0,5.0,11
1848250,5.0,5.0,11
1848300,5.0,5.0,11
1848350,5.0,5.0,11
1848400,5.0,5.0,11
1848450,5.0,5.0,11
1848500,5.0,5.0,11
1848550,5.0,5.0,11
1848600,5.0,5.0,11
1848650,5.0,5.0,11
1848700,5.0,5.0,11
1848750,5.0,5.0,11
1848800,5.0,5.0,11
1848850,5.0,5.0,11
1848900,5.0,5.0,11
1848950,5.0,5.0,11
1849000,5.0,5.0,11
1849050,5.0,5.0,11
1849100,5.0,5.0,11
1849150,5.0,5.0,11
1849200,5.0,5.0,11
1849250,5.0,5.0,11
1849300,5.0,5.0,11
1849350,5.0,5.0,11
1849400,5.0,5.0,11
1849450,5.0,5.0,11
1849500,5.0,5.0,11
1849550,5.0,5.0,11
1849600,5.0,5.0,11
1849650,5.0,5.0,11
1849700,5.0,5.0,11
1849750,5.0,5.0,11
1849800,5.0,5.0,11
1849850,5.0,5.0,11
1849900,5.0,5.0,11
1849950,5.0,5.0,11
1850000,5.0,5.0,11
1850050,5.0,5.0,11
1850100,5.0,5.0,11
1850150,5.0,5.0,11
1850200,5.0,5.0,11
1850250,5.0,5.0,11
1850300,5.0,5.0,11
1850350,5.0,5.0,11
1850400,5.0,5.0,11
1850450,5.0,5.0,11
1850500,5.0,5.0,11
1850550,5.0,5.0,11
1850600,5.0,5.0,11
1850650,5.0,5.0,11
1850700,5.0,5.0,11
1850750,5.0,5.0,11
1850800,5.0,5.0,11
1850850,5.0,5.0,11
1850900,5.0,5.0,11
1850950,5.0,5.0,11
1851000,5.0,5.0,11
1851050,5.0,5.0,11
1851100,5.0,5.0,11
1851150,5.0,5.0,11
1851200,5.0,5.0,11
1851250,5.0,5.0,11
1851300,5.0,5.0,11
1851350,5.0,5.0,11
1851400,5.0,5.0,11
1851450,5.0,5.0,11
1851500,5.0,5.0,11
1851550,5.0,5.0,11
1851600,5.0,5.0,11
1851650,5.0,5.0,11
1851700,5.0,5.0,11
1851750,5.0,5.0,11
1851800,5.0,5.0,11
1851850,5.0,5.0,11
1851900,5.0,5.0,11
1851950,5.0,5.0,11
1852000,5.0,5.0,11
1852050,5.0,5.0,11
1852100,5.0,5.0,11
1852150,5.0,5.0,11
1852200,5.0,5.0,11
1852250,5.0,5.0,11
1852300,5.0,5.0,11
1852350,5.0,5.0,11
1852400,5.0,5.0,11
1852450,5.0,5.0,11
1852500,5.0,5.0,11
1852550,5.0,5.0,11
1852600,5.0,5.0,11
1852650,5.0,5.0,11
1852700,5.0,5.0,11
1852750,5.0,5.0,11
1852800,5.0,5.0,11
1852850,5.0,5.0,11
1852900,5.0,5.0,11
1852950,5.0,5.0,11
1853000,5.0,5.0,11
1853050,5.0,5.0,11
1853100,5.0,5.0,11
1853150,5.0,5.0,11
1853200,5.0,5.0,11
1853250,5.0,5.0,11
1853300,5.0,5.0,11
1853350,5.0,5.0,11
1853400,5.0,5.0,11
1853450,5.0,5.0,11
1853500,5.0,5.0,11
1853550,5.0,5.0,11
1853600,5.0,5.0,11
1853650,5.0,5.0,11
1853700,5.0,5.0,11
1853750,5.0,5.0,11
1853800,5.0,5.0,11
1853850,5.0,5.0,11
1853900,5.0,5.0,11
1853950,5.0,5.0,11
1854000,5.0,5.0,11
1854050,5.0,5.0,11
1854100,5.0,5.0,11
1854150,5.0,5.0,11
1854200,5.0,5.0,11
1854250,5.0,5.0,11
1854300,5.0,5.0,11
1854350,5.0,5.0,11
1854400,5.0,5.0,11
1854450,5.0,5.0,11
1854500,5.0,5.0,11
1854550,5.0,5.0,11
1854600,5.0,5.0,11
1854650,5.0,5.0,11
1854700,5.0,5.0,11
1854750,5.0,5.0,11
1854800,5.0,5.0,11
1854850,5.0,5.0,11
1854900,5.0,5.0,11
1854950,5.0,5.0,11
1855000,5.0,5.0,11
1855050,5.0,5.0,11
1855100,5.0,5.0,11
1855150,5.0,5.0,11
1855200,5.0,5.0,11
1855250,5.0,5.0,11
1855300,5.0,5.0,11
1855350,5.0,5.0,11
1855400,5.0,5.0,11
1855450,5.0,5.0,11
1855500,5.0,5.0,11
1855550,5.0,5.0,11
1855600,5.0,5.0,11
1855650,5.0,5.0,11
1855700,5.0,5.0,11
1855750,5.0,5.0,11
1855800,5.0,5.0,11
1855850,5.0,5.0,11
1855900,5.0,5.0,11
1855950,5.0,5.0,11
1856000,5.0,5.0,11
1856050,5.0,5.0,11
1856100,5.0,5.0,11
1856150,5.0,5.0,11
1856200,5.0,5.0,11
1856250,5.0,5.0,11
1856300,5.0,5.0,11
1856350,5.0,5.0,11
1856400,5.0,5.0,11
1856450,5.0,5.0,11
1856500,5.0,5.0,11
1856550,5.0,5.0,11
1856600,5.0,5.0,11
1856650,5.0,5.0,11
1856700,5.0,5.0,11
1856750,5.0,5.0,11
1856800,5.0,5.0,11
1856850,5.0,5.0,11
1856900,5.0,5.0,11
1856950,5.0,5.0,11
1857000,5.0,5.0,11
1857050,5.0,5.0,11
1857100,5.0,5.0,11
1857150,5.0,5.0,11
1857200,5.0,5.0,11
1857250,5.0,5.0,11
1857300,5.0,5.0,11
1857350,5.0,5.0,11
1857400,5.0,5.0,11
1857450,5.0,5.0,11
1857500,5.0,5.0,11
1857550,5.0,5.0,11
1857600,5.0,5.0,11
1857650,5.0,5.0,11
1857700,5.0,5.0,11
1857750,5.0,5.0,11
1857800,5.0,5.0,11
1857850,5.0,5.0,11
1857900,5.0,5.0,11
1857950,5.0,5.0,11
1858000,5.0,5.0,11
1858050,5.0,5.0,11
1858100,5.0,5.0,11
1858150,5.0,5.0,11
1858200,5.0,5.0,11
1858250,5.0,5.0,11
1858300,5.0,5.0,11
1858350,5.0,5.0,11
1858400,5.0,5.0,11
1858450,5.0,5.0,11
1858500,5.0,5.0,11
1858550,5.0,5.0,11
1858600,5.0,5.0,11
1858650,5.0,5.0,11
1858700,5.0,5.0,11
1858750,5.0,5.0,11
1858800,5.0,5.0,11
1858850,5.0,5.0,11
1858900,5.0,5.0,11
1858950,5.0,5.0,11
1859000,5.0,5.0,11
1859050,5.0,5.0,11
1859100,5.0,5.0,11
1859150,5.0,5.0,11
1859200,5.0,5.0,11
1859250,5.0,5.0,11
1859300,5.0,5.0,11
1859350,5.0,5.0,11
1859400,5.0,5.0,11
1859450,5.0,5.0,11
1859500,5.0,5.0,11
1859550,5.0,5.0,11
1859600,5.0,5.0,11
1859650,5.0,5.0,11
1859700,5.0,5.0,11
1859750,5.0,5.0,11
1859800,5.0,5.0,11
1859850,5.0,5.0,11
1859900,5.0,5.0,11
1859950,5.0,5.0,11
1860000,5.0,5.0,11
1860050,5.0,5.0,11
1860100,5.0,5.0,11
1860150,5.0,5.0,11
1860200,5.0,5.0,11
1860250,5.0,5.0,11
1860300,5.0,5.0,11
1860350,5.0,5.0,11
1860400,5.0,5.0,11
1860450,5.0,5.0,11
1860500,5.0,5.0,11
1860550,5.0,5.0,11
1860600,5.0,5.0,11
1860650,5.0,5.0,11
1860700,5.0,5.0,11
1860750,5.0,5.0,11
1860800,5.0,5.0,11
1860850,5.0,5.0,11
1860900,5.0,5.0,11
1860950,5.0,5.0,11
1861000,5.0,5.0,11
1861050,5.0,5.0,11
1861100,5.0,5.0,11
1861150,5.0,5.0,11
1861200,5.0,5.0,11
1861250,5.0,5.0,11
1861300,5.0,5.0,11
1861350,5.0,5.0,11
1861400,5.0,5.0,11
1861450,5.0,5.0,11
1861500,5.0,5.0,11
1861550,5.0,5.0,11
1861600,5.0,5.0,11
1861650,5.0,5.0,11
1861700,5.0,5.0,11
1861750,5.0,5.0,11
1861800,5.0,5.0,11
1861850,5.0,5.0,11
1861900,5.0,5.0,11
1861950,5.0,5.0,11
1862000,5.0,5.0,11
1862050,5.0,5.0,11
1862100,5.0,5.0,11
1862150,5.0,5.0,11
1862200,5.0,5.0,11
1862250,5.0,5.0,11
1862300,5.0,5.0,11
1862350,5.0,5.0,11
1862400,5.0,5.0,11
1862450,5.0,5.0,11
1862500,5.0,5.0,11
1862550,5.0,5.0,11
1862600,5.0,5.0,11
1862650,5.0,5.0,11
1862700,5.0,5.0,11
1862750,5.0,5.0,11
1862800,5.0,5.0,11
1862850,5.0,5.0,11
1862900,5.0,5.0,11
1862950,5.0,5.0,11
1863000,5.0,5.0,11
1863050,5.0,5.0,11
1863100,5.0,5.0,11
1863150,5.0,5.0,11
1863200,5.0,5.0,11
1863250,5.0,5.0,11
1863300,5.0,5.0,11
1863350,5.0,5.0,11
1863400,5.0,5.0,11
1863450,5.0,5.0,11
1863500,5.0,5.0,11
1863550,5.0,5.0,11
1863600,5.0,5.0,11
1863650,5.0,5.0,11
1863700,5.0,5.0,11
1863750,5.0,5.0,11
1863800,5.0,5.0,11
1863850,5.0,5.0,11
1863900,5.0,5.0,11
1863950,5.0,5.0,11
1864000,5.0,5.0,11
1864050,5.0,5.0,11
1864100,5.0,5.0,11
1864150,5.0,5.0,11
1864200,5.0,5.0,11
1864250,5.0,5.0,11
1864300,5.0,5.0,11
1864350,5.0,5.0,11
1864400,5.0,5.0,11
1864450,5.0,5.0,11
1864500,5.0,5.0,11
1864550,5.0,5.0,11
1864600,5.0,5.0,11
1864650,5.0,5.0,11
1864700,5.0,5.0,11
1864750,5.0,5.0,11
1864800,5.0,5.0,11
1864850,5.0,5.0,11
1864900,5.0,5.0,11
1864950,5.0,5.0,11
1865000,5.0,5.0,11
1865050,5.0,5.0,11
1865100,5.0,5.0,11
1865150,5.0,5.0,11
1865200,5.0,5.0,11
1865250,5.0,5.0,11
1865300,5.0,5.0,11
1865350,5.0,5.0,11
1865400,5.0,5.0,11
1865450,5.0,5.0,11
1865500,5.0,5.0,11
1865550,5.0,5.0,11
1865600,5.0,5.0,11
1865650,5.0,5.0,11
1865700,5.0,5.0,11
1865750,5.0,5.0,11
1865800,5.0,5.0,11
1865850,5.0,5.0,11
1865900,5.0,5.0,11
1865950,5.0,5.0,11
1866000,5.0,5.0,11
1866050,5.0,5.0,11
1866100,5.0,5.0,11
1866150,5.0,5.0,11
1866200,5.0,5.0,11
1866250,5.0,5.0,11
1866300,5.0,5.0,11
1866350,5.0,5.0,11
1866400,5.0,5.0,11
1866450,5.0,5.0,11
1866500,5.0,5.0,11
1866550,5.0,5.0,11
1866600,5.0,5.0,11
1866650,5.0,5.0,11
1866700,5.0,5.0,11
1866750,5.0,5.0,11
1866800,5.0,5.0,11
1866850,5.0,5.0,11
1866900,5.0,5.0,11
1866950,5.0,5.0,11
1867000,5.0,5.0,11
1867050,5.0,5.0,11
1867100,5.0,5.0,11
1867150,5.0,5.0,11
1867200,5.0,5.0,11
1867250,5.0,5.0,11
1867300,5.0,5.0,11
1867350,5.0,5.0,11
1867400,5.0,5.0,11
1867450,5.0,5.0,11
1867500,5.0,5.0,11
1867550,5.0,5.0,11
1867600,5.0,5.0,11
1867650,5.0,5.0,11
1867700,5.0,5.0,11
1867750,5.0,5.0,11
1867800,5.0,5.0,11
1867850,5.0,5.0,11
1867900,5.0,5.0,11
1867950,5.0,5.0,11
1868000,5.0,5.0,11
1868050,5.0,5.0,11
1868100,5.0,5.0,11
1868150,5.0,5.0,11
1868200,5.0,5.0,11
1868250,5.0,5.0,11
1868300,5.0,5.0,11
1868350,5.0,5.0,11
1868400,5.0,5.0,11
1868450,5.0,5.0,11
1868500,5.0,5.0,11
1868550,5.0,5.0,11
1868600,5.0,5.0,11
1868650,5.0,5.0,11
1868700,5.0,5.0,11
1868750,5.0,5.0,11
1868800,5.0,5.0,11
1868850,5.0,5.0,11
1868900,5.0,5.0,11
1868950,5.0,5.0,11
1869000,5.0,5.0,11
1869050,5.0,5.0,11
1869100,5.0,5.0,11
1869150,5.0,5.0,11
1869200,5.0,5.0,11
1869250,5.0,5.0,11
1869300,5.0,5.0,11
1869350,5.0,5.0,11
1869400,5.0,5.0,11
1869450,5.0,5.0,11
1869500,5.0,5.0,11
1869550,5.0,5.0,11
1869600,5.0,5.0,11
1869650,5.0,5.0,11
1869700,5.0,5.0,11
1869750,5.0,5.0,11
1869800,5.0,5.0,11
1869850,5.0,5.0,11
1869900,5.0,5.0,11
1869950,5.0,5.0,11
1870000,5.0,5.0,11
1870050,5.0,5.0,11
1870100,5.0,5.0,11
1870150,5.0,5.0,11
1870200,5.0,5.0,11
1870250,5.0,5.0,11
1870300,5.0,5.0,11
1870350,5.0,5.0,11
1870400,5.0,5.0,11
1870450,5.0,5.0,11
1870500,5.0,5.0,11
1870550,5.0,5.0,11
1870600,5.0,5.0,11
1870650,5.0,5.0,11
1870700,5.0,5.0,11
1870750,5.0,5.0,11
1870800,5.0,5.0,11
1870850,5.0,5.0,11
1870900,5.0,5.0,11
1870950,5.0,5.0,11
1871000,5.0,5.0,11
1871050,5.0,5.0,11
1871100,5.0,5.0,11
1871150,5.0,5.0,11
1871200,5.0,5.0,11
1871250,5.0,5.0,11
1871300,5.0,5.0,11
1871350,5.0,5.0,11
1871400,5.0,5.0,11
1871450,5.0,5.0,11
1871500,5.0,5.0,11
1871550,5.0,5.0,11
1871600,5.0,5.0,11
1871650,5.0,5.0,11
1871700,5.0,5.0,11
1871750,5.0,5.0,11
1871800,5.0,5.0,11
1871850,5.0,5.0,11
1871900,5.0,5.0,11
1871950,5.0,5.0,11
1872000,5.0,5.0,11
1872050,5.0,5.0,11
1872100,5.0,5.0,11
1872150,5.0,5.0,11
1872200,5.0,5.0,11
1872250,5.0,5.0,11
1872300,5.0,5.0,11
1872350,5.0,5.0,11
1872400,5.0,5.0,11
1872450,5.0,5.0,11
1872500,5.0,5.0,11
1872550,5.0,5.0,11
1872600,5.0,5.0,11
1872650,5.0,5.0,11
1872700,5.0,5.0,11
1872750,5.0,5.0,11
1872800,5.0,5.0,11
1872850,5.0,5.0,11
1872900,5.0,5.0,11
1872950,5.0,5.0,11
1873000,5.0,5.0,11
1873050,5.0,5.0,11
1873100,5.0,5.0,11
1873150,5.0,5.0,11
1873200,5.0,5.0,11
1873250,5.0,5.0,11
1873300,5.0,5.0,11
1873350,5.0,5.0,11
1873400,5.0,5.0,11
1873450,5.0,5.0,11
1873500,5.0,5.0,11
1873550,5.0,5.0,11
1873600,5.0,5.0,11
1873650,5.0,5.0,11
1873700,5.0,5.0,11
1873750,5.0,5.0,11
1873800,5.0,5.0,11
1873850,5.0,5.0,11
1873900,5.0,5.0,11
1873950,5.0,5.0,11
1874000,5.0,5.0,11
1874050,5.0,5.0,11
1874100,5.0,5.0,11
1874150,5.0,5.0,11
1874200,5.0,5.0,11
1874250,5.0,5.0,11
1874300,5.0,5.0,11
1874350,5.0,5.0,11
1874400,5.0,5.0,11
1874450,5.0,5.0,11
1874500,5.0,5.0,11
1874550,5.0,5.0,11
1874600,5.0,5.0,11
1874650,5.0,5.0,11
1874700,5.0,5.0,11
1874750,5.0,5.0,11
1874800,5.0,5.0,11
1874850,5.0,5.0,11
1874900,5.0,5.0,11
1874950,5.0,5.0,11
1875000,5.0,5.0,11
1875050,5.0,5.0,11
1875100,5.0,5.0,11
1875150,5.0,5.0,11
1875200,5.0,5.0,11
1875250,5.0,5.0,11
1875300,5.0,5.0,11
1875350,5.0,5.0,11
1875400,5.0,5.0,11
1875450,5.0,5.0,11
1875500,5.0,5.0,11
1875550,5.0,5.0,11
1875600,5.0,5.0,11
1875650,5.0,5.0,11
1875700,5.0,5.0,11
1875750,5.0,5.0,11
1875800,5.0,5.0,11
1875850,5.0,5.0,11
1875900,5.0,5.0,11
1875950,5.0,5.0,11
1876000,5.0,5.0,11
1876050,5.0,5.0,11
1876100,5.0,5.0,11
1876150,5.0,5.0,11
1876200,5.0,5.0,11
1876250,5.0,5.0,11
1876300,5.0,5.0,11
1876350,5.0,5.0,11
1876400,5.0,5.0,11
1876450,5.0,5.0,11
1876500,5.0,5.0,11
1876550,5.0,5.0,11
1876600,5.0,5.0,11
1876650,5.0,5.0,11
1876700,5.0,5.0,11
1876750,5.0,5.0,11
1876800,5.0,5.0,11
1876850,5.0,5.0,11
1876900,5.0,5.0,11
1876950,5.0,5.0,11
1877000,5.0,5.0,11
1877050,5.0,5.0,11
1877100,5.0,5.0,11
1877150,5.0,5.0,11
1877200,5.0,5.0,11
1877250,5.0,5.0,11
1877300,5.0,5.0,11
1877350,5.0,5.0,11
1877400,5.0,5.0,11
1877450,5.0,5.0,11
1877500,5.0,5.0,11
1877550,5.0,5.0,11
1877600,5.0,5.0,11
1877650,5.0,5.0,11
1877700,5.0,5.0,11
1877750,5.0,5.0,11
1877800,5.0,5.0,11
1877850,5.0,5.0,11
1877900,5.0,5.0,11
1877950,5.0,5.0,11
1878000,5.0,5.0,11
1878050,5.0,5.0,11
1878100,5.0,5.0,11
1878150,5.0,5.0,11
1878200,5.0,5.0,11
1878250,5.0,5.0,11
1878300,5.0,5.0,11
1878350,5.0,5.0,11
1878400,5.0,5.0,11
1878450,5.0,5.0,11
1878500,5.0,5.0,11
1878550,5.0,5.0,11
1878600,5.0,5.0,11
1878650,5.0,5.0,11
1878700,5.0,5.0,11
1878750,5.0,5.0,11
1878800,5.0,5.0,11
1878850,5.0,5.0,11
1878900,5.0,5.0,11
1878950,5.0,5.0,11
1879000,5.0,5.0,11
1879050,5.0,5.0,11
1879100,5.0,5.0,11
1879150,5.0,5.0,11
1879200,5.0,5.0,11
1879250,5.0,5.0,11
1879300,5.0,5.0,11
1879350,5.0,5.0,11
1879400,5.0,5.0,11
1879450,5.0,5.0,11
1879500,5.0,5.0,11
1879550,5.0,5.0,11
1879600,5.0,5.0,11
1879650,5.0,5.0,11
1879700,5.0,5.0,11
1879750,5.0,5.0,11
1879800,5.0,5.0,11
1879850,5.0,5.0,11
1879900,5.0,5.0,11
1879950,5.0,5.0,11
1880000,5.0,5.0,11
1880050,5.0,5.0,11
1880100,5.0,5.0,11
1880150,5.0,5.0,11
1880200,5.0,5.0,11
1880250,5.0,5.0,11
1880300,5.0,5.0,11
1880350,5.0,5.0,11
1880400,5.0,5.0,11
1880450,5.0,5.0,11
1880500,5.0,5.0,11
1880550,5.0,5.0,11
1880600,5.0,5.0,11
1880650,5.0,5.0,11
1880700,5.0,5.0,11
1880750,5.0,5.0,11
1880800,5.0,5.0,11
1880850,5.0,5.0,11
1880900,5.0,5.0,11
1880950,5.0,5.0,11
1881000,5.0,5.0,11
1881050,5.0,5.0,11
1881100,5.0,5.0,11
1881150,5.0,5.0,11
1881200,5.0,5.0,11
1881250,5.0,5.0,11
1881300,5.0,5.0,11
1881350,5.0,5.0,11
1881400,5.0,5.0,11
1881450,5.0,5.0,11
1881500,5.0,5.0,11
1881550,5.0,5.0,11
1881600,5.0,5.0,11
1881650,5.0,5.0,11
1881700,5.0,5.0,11
1881750,5.0,5.0,11
1881800,5.0,5.0,11
1881850,5.0,5.0,11
1881900,5.0,5.0,11
1881950,5.0,5.0,11
1882000,5.0,5.0,11
1882050,5.0,5.0,11
1882100,5.0,5.0,11
1882150,5.0,5.0,11
1882200,5.0,5.0,11
1882250,5.0,5.0,11
1882300,5.0,5.0,11
1882350,5.0,5.0,11
1882400,5.0,5.0,11
1882450,5.0,5.0,11
1882500,5.0,5.0,11
1882550,5.0,5.0,11
1882600,5.0,5.0,11
1882650,5.0,5.0,11
1882700,5.0,5.0,11
1882750,5.0,5.0,11
1882800,5.0,5.0,11
1882850,5.0,5.0,11
1882900,5.0,5.0,11
1882950,5.0,5.0,11
1883000,5.0,5.0,11
1883050,5.0,5.0,11
1883100,5.0,5.0,11
1883150,5.0,5.0,11
1883200,5.0,5.0,11
1883250,5.0,5.0,11
1883300,5.0,5.0,11
1883350,5.0,5.0,11
1883400,5.0,5.0,11
1883450,5.0,5.0,11
1883500,5.0,5.0,11
1883550,5.0,5.0,11
1883600,5.0,5.0,11
1883650,5.0,5.0,11
1883700,5.0,5.0,11
1883750,5.0,5.0,11
1883800,5.0,5.0,11
1883850,5.0,5.0,11
1883900,5.0,5.0,11
1883950,5.0,5.0,11
1884000,5.0,5.0,11
1884050,5.0,5.0,11
1884100,5.0,5.0,11
1884150,5.0,5.0,11
1884200,5.0,5.0,11
1884250,5.0,5.0,11
1884300,5.0,5.0,11
1884350,5.0,5.0,11
1884400,5.0,5.0,11
1884450,5.0,5.0,11
1884500,5.0,5.0,11
1884550,5.0,5.0,11
1884600,5.0,5.0,11
1884650,5.0,5.0,11
1884700,5.0,5.0,11
1884750,5.0,5.0,11
1884800,5.0,5.0,11
1884850,5.0,5.0,11
1884900,5.0,5.0,11
1884950,5.0,5.0,11
1885000,5.0,5.0,11
1885050,5.0,5.0,11
1885100,5.0,5.0,11
1885150,5.0,5.0,11
1885200,5.0,5.0,11
1885250,5.0,5.0,11
1885300,5.0,5.0,11
1885350,5.0,5.0,11
1885400,5.0,5.0,11
1885450,5.0,5.0,11
1885500,5.0,5.0,11
1885550,5.0,5.0,11
1885600,5.0,5.0,11
1885650,5.0,5.0,11
1885700,5.0,5.0,11
1885750,5.0,5.0,11
1885800,5.0,5.0,11
1885850,5.0,5.0,11
1885900,5.0,5.0,11
1885950,5.0,5.0,11
1886000,5.0,5.0,11
1886050,5.0,5.0,11
1886100,5.0,5.0,11
1886150,5.0,5.0,11
1886200,5.0,5.0,11
1886250,5.0,5.0,11
1886300,5.0,5.0,11
1886350,5.0,5.0,11
1886400,5.0,5.0,11
1886450,5.0,5.0,11
1886500,5.0,5.0,11
1886550,5.0,5.0,11
1886600,5.0,5.0,11
1886650,5.0,5.0,11
1886700,5.0,5.0,11
1886750,5.0,5.0,11
1886800,5.0,5.0,11
1886850,5.0,5.0,11
1886900,5.0,5.0,11
1886950,5.0,5.0,11
1887000,5.0,5.0,11
1887050,5.0,5.0,11
1887100,5.0,5.0,11
1887150,5.0,5.0,11
1887200,5.0,5.0,11
1887250,5.0,5.0,11
1887300,5.0,5.0,11
1887350,5.0,5.0,11
1887400,5.0,5.0,11
1887450,5.0,5.0,11
1887500,5.0,5.0,11
1887550,5.0,5.0,11
1887600,5.0,5.0,11
1887650,5.0,5.0,11
1887700,5.0,5.0,11
1887750,5.0,5.0,11
1887800,5.0,5.0,11
1887850,5.0,5.0,11
1887900,5.0,5.0,11
1887950,5.0,5.0,11
1888000,5.0,5.0,11
1888050,5.0,5.0,11
1888100,5.0,5.0,11
1888150,5.0,5.0,11
1888200,5.0,5.0,11
1888250,5.0,5.0,11
1888300,5.0,5.0,11
1888350,5.0,5.0,11
1888400,5.0,5.0,11
1888450,5.0,5.0,11
1888500,5.0,5.0,11
1888550,5.0,5.0,11
1888600,5.0,5.0,11
1888650,5.0,5.0,11
1888700,5.0,5.0,11
1888750,5.0,5.0,11
1888800,5.0,5.0,11
1888850,5.0,5.0,11
1888900,5.0,5.0,11
1888950,5.0,5.0,11
1889000,5.0,5.0,11
1889050,5.0,5.0,11
1889100,5.0,5.0,11
1889150,5.0,5.0,11
1889200,5.0,5.0,11
1889250,5.0,5.0,11
1889300,5.0,5.0,11
1889350,5.0,5.0,11
1889400,5.0,5.0,11
1889450,5.0,5.0,11
1889500,5.0,5.0,11
1889550,5.0,5.0,11
1889600,5.0,5.0,11
1889650,5.0,5.0,11
1889700,5.0,5.0,11
1889750,5.0,5.0,11
1889800,5.0,5.0,11
1889850,5.0,5.0,11
1889900,5.0,5.0,11
1889950,5.0,5.0,11
1890000,5.0,5.0,11
1890050,5.0,5.0,11
1890100,5.0,5.0,11
1890150,5.0,5.0,11
1890200,5.0,5.0,11
1890250,5.0,5.0,11
1890300,5.0,5.0,11
1890350,5.0,5.0,11
1890400,5.0,5.0,11
1890450,5.0,5.0,11
1890500,5.0,5.0,11
1890550,5.0,5.0,11
1890600,5.0,5.0,11
1890650,5.0,5.0,11
1890700,5.0,5.0,11
1890750,5.0,5.0,11
1890800,5.0,5.0,11
1890850,5.0,5.0,11
1890900,5.0,5.0,11
1890950,5.0,5.0,11
1891000,5.0,5.0,11
1891050,5.0,5.0,11
1891100,5.0,5.0,11
1891150,5.0,5.0,11
1891200,5.0,5.0,11
1891250,5.0,5.0,11
1891300,5.0,5.0,11
1891350,5.0,5.0,11
1891400,5.0,5.0,11
1891450,5.0,5.0,11
1891500,5.0,5.0,11
1891550,5.0,5.0,11
1891600,5.0,5.0,11
1891650,5.0,5.0,11
1891700,5.0,5.0,11
1891750,5.0,5.0,11
1891800,5.0,5.0,11
1891850,5.0,5.0,11
1891900,5.0,5.0,11
1891950,5.0,5.0,11
1892000,5.0,5.0,11
1892050,5.0,5.0,11
1892100,5.0,5.0,11
1892150,5.0,5.0,11
1892200,5.0,5.0,11
1892250,5.0,5.0,11
1892300,5.0,5.0,11
1892350,5.0,5.0,11
1892400,5.0,5.0,11
1892450,5.0,5.0,11
1892500,5.0,5.0,11
1892550,5.0,5.0,11
1892600,5.0,5.0,11
1892650,5.0,5.0,11
1892700,5.0,5.0,11
1892750,5.0,5.0,11
1892800,5.0,5.0,11
1892850,5.0,5.0,11
1892900,5.0,5.0,11
1892950,5.0,5.0,11
1893000,5.0,5.0,11
1893050,5.0,5.0,11
1893100,5.0,5.0,11
1893150,5.0,5.0,11
1893200,5.0,5.0,11
1893250,5.0,5.0,11
1893300,5.0,5.0,11
1893350,5.0,5.0,11
1893400,5.0,5.0,11
1893450,5.0,5.0,11
1893500,5.0,5.0,11
1893550,5.0,5.0,11
1893600,5.0,5.0,11
1893650,5.0,5.0,11
1893700,5.0,5.0,11
1893750,5.0,5.0,11
1893800,5.0,5.0,11
1893850,5.0,5.0,11
1893900,5.0,5.0,11
1893950,5.0,5.0,11
1894000,5.0,5.0,11
1894050,5.0,5.0,11
1894100,5.0,5.0,11
1894150,5.0,5.0,11
1894200,5.0,5.0,11
1894250,5.0,5.0,11
1894300,5.0,5.0,11
1894350,5.0,5.0,11
1894400,5.0,5.0,11
1894450,5.0,5.0,11
1894500,5.0,5.0,11
1894550,5.0,5.0,11
1894600,5.0,5.0,11
1894650,5.0,5.0,11
1894700,5.0,5.0,11
1894750,5.0,5.0,2
1894800,5.0,5.0,2
1894850,5.0,5.0,2
1894900,5.0,5.0,2
1894950,5.0,5.0,2
1895000,5.0,5.0,2
1895050,5.0,5.0,2
1895100,5.0,5.0,2
1895150,5.0,5.0,2
1895200,5.0,5.0,2
1895250,5.0,5.0,2
1895300,5.0,5.0,2
1895350,5.0,5.0,2
1895400,5.0,5.0,2
1895450,5.0,5.0,2
1895500,5.0,5.0,2
1895550,5.0,5.0,2
1895600,5.0,5.0,2
1895650,5.0,5.0,2
1895700,5.0,5.0,2
1895750,5.0,5.0,2
1895800,5.0,5.0,2
1895850,5.0,5.0,2
1895900,5.0,5.0,2
1895950,5.0,5.0,2
1896000,5.0,5.0,2
1896050,5.0,5.0,2
1896100,5.0,5.0,2
1896150,5.0,5.0,2
1896200,5.0,5.0,2
1896250,5.0,5.0,2
1896300,5.0,5.0,2
1896350,5.0,5.0,2
1896400,5.0,5.0,2
1896450,5.0,5.0,2
1896500,5.0,5.0,2
1896550,5.0,5.0,2
1896600,5.0,5.0,2
1896650,5.0,5.0,2
1896700,5.0,5.0,2
1896750,5.0,5.0,2
1896800,5.0,5.0,2
1896850,5.0,5.0,2
1896900,5.0,5.0,2
1896950,5.0,5.0,2
1897000,5.0,5.0,2
1897050,5.0,5.0,2
1897100,5.0,5.0,2
1897150,5.0,5.0,2
1897200,5.0,5.0,2
1897250,5.0,5.0,2
1897300,5.0,5.0,2
1897350,5.0,5.0,2
1897400,5.0,5.0,2
1897450,5.0,5.0,2
1897500,5.0,5.0,2
1897550,5.0,5.0,2
1897600,5.0,5.0,2
1897650,5.0,5.0,2
1897700,5.0,5.0,2
1897750,5.0,5.0,2
1897800,5.0,5.0,2
1897850,5.0,5.0,2
1897900,5.0,5.0,2
1897950,5.0,5.0,2
1898000,5.0,5.0,2
1898050,5.0,5.0,2
1898100,5.0,5.0,2
1898150,5.0,5.0,2
1898200,5.0,5.0,2
1898250,5.0,5.0,2
1898300,5.0,5.0,2
1898350,5.0,5.0,2
1898400,5.0,5.0,2
1898450,5.0,5.0,2
1898500,5.0,5.0,2
1898550,5.0,5.0,2
1898600,5.0,5.0,2
1898650,5.0,5.0,2
1898700,5.0,5.0,2
1898750,5.0,5.0,2
1898800,5.0,5.0,2
1898850,5.0,5.0,2
1898900,5.0,5.0,2
1898950,5.0,5.0,2
1899000,5.0,5.0,2
1899050,5.0,5.0,2
1899100,5.0,5.0,2
1899150,5.0,5.0,2
1899200,5.0,5.0,2
1899250,5.0,5.0,2
1899300,5.0,5.0,2
1899350,5.0,5.0,2
1899400,5.0,5.0,2
1899450,5.0,5.0,2
1899500,5.0,4.998,2
1899550,5.0,4.996,2
1899600,5.0,4.991,2
1899650,5.0,4.977,2
1899700,5.0,4.964,2
1899750,5.0,4.964,2
1899800,5.0,4.962,2
1899850,5.0,4.96,2
1899900,5.0,4.959,2
1899950,5.0,4.957,2
1900000,5.0,4.957,2
1900050,5.0,4.957,2
1900100,5.0,4.957,2
1900150,5.0,4.957,2
1900200,5.0,4.956,2
1900250,5.0,4.955,2
1900300,5.0,4.954,2
1900350,5.0,4.953,2
1900400,5.0,4.952,2
1900450,5.0,4.951,2
1900500,5.0,4.948,2
1900550,5.0,4.946,2
1900600,5.0,4.944,2
1900650,5.0,4.943,2
1900700,5.0,4.943,2
1900750,5.0,4.943,2
1900800,5.0,4.943,2
1900850,5.0,4.941,2
1900900,5.0,4.938,2
1900950,5.0,4.938,2
1901000,5.0,4.938,2
1901050,5.0,4.938,2
1901100,5.0,4.938,2
1901150,5.0,4.938,2
1901200,5.0,4.938,2
1901250,5.0,4.938,2
1901300,5.0,4.938,2
1901350,5.0,4.938,2
1901400,5.0,4.938,2
1901450,5.0,4.938,2
1901500,5.0,4.938,2
1901550,5.0,4.938,2
1901600,5.0,4.938,2
1901650,5.0,4.938,2
1901700,5.0,4.938,2
1901750,5.0,4.938,2
1901800,5.0,4.938,2
1901850,5.0,4.938,2
1901900,5.0,4.938,2
1901950,5.0,4.938,2
1902000,5.0,4.938,2
1902050,5.0,4.938,2
1902100,5.0,4.938,2
1902150,5.0,4.938,2
1902200,5.0,4.938,2
1902250,5.0,4.938,2
1902300,5.0,4.938,2
1902350,5.0,4.938,2
1902400,5.0,4.938,2
1902450,5.0,4.938,2
1902500,5.0,4.938,2
1902550,5.0,4.938,2
1902600,5.0,4.938,2
1902650,5.0,4.938,2
1902700,5.0,4.938,2
1902750,5.0,4.938,2
1902800,5.0,4.938,2
1902850,5.0,4.938,2
1902900,5.0,4.938,2
1902950,5.0,4.938,2
1903000,5.0,4.938,2
1903050,5.0,4.938,2
1903100,5.0,4.938,2
1903150,5.0,4.938,2
1903200,5.0,4.938,2
1903250,5.0,4.938,2
1903300,5.0,4.938,2
1903350,5.0,4.938,2
1903400,5.0,4.938,2
1903450,5.0,4.938,2
1903500,5.0,4.938,2
1903550,5.0,4.938,2
1903600,5.0,4.938,2
1903650,5.0,4.938,2
1903700,5.0,4.938,2
1903750,5.0,4.938,2
1903800,5.0,4.938,2
1903850,5.0,4.938,2
1903900,5.0,4.938,2
1903950,5.0,4.938,2
1904000,5.0,4.938,2
1904050,5.0,4.938,2
1904100,5.0,4.938,2
1904150,5.0,4.938,2
1904200,5.0,4.938,2
1904250,5.0,4.938,2
1904300,5.0,4.938,2
1904350,5.0,4.938,2
1904400,5.0,4.938,2
1904450,5.0,4.938,2
1904500,5.0,4.938,2
1904550,5.0,4.938,2
1904600,5.0,4.938,2
1904650,5.0,4.938,2
1904700,5.0,4.938,2
1904750,5.0,4.938,2
1904800,5.0,4.938,2
1904850,5.0,4.938,2
1904900,5.0,4.938,2
1904950,5.0,4.938,2
1905000,5.0,4.938,2
1905050,5.0,4.938,2
1905100,5.0,4.938,2
1905150,5.0,4.938,2
1905200,5.0,4.938,2
1905250,5.0,4.938,2
1905300,5.0,4.938,2
1905350,5.0,4.938,2
1905400,5.0,4.938,2
1905450,5.0,4.938,2
1905500,5.0,4.938,2
1905550,5.0,4.938,2
1905600,5.0,4.938,2
1905650,5.0,4.938,2
1905700,5.0,4.938,2
1905750,5.0,4.938,2
1905800,5.0,4.938,2
1905850,5.0,4.938,2
1905900,5.0,4.938,2
1905950,5.0,4.938,2
1906000,5.0,4.938,2
1906050,5.0,4.938,2
1906100,5.0,4.938,2
1906150,5.0,4.938,2
1906200,5.0,4.938,2
1906250,5.0,4.938,2
1906300,5.0,4.938,2
1906350,5.0,4.938,2
1906400,5.0,4.938,2
1906450,5.0,4.938,2
1906500,5.0,4.938,2
1906550,5.0,4.938,2
1906600,5.0,4.938,2
1906650,5.0,4.938,2
1906700,5.0,4.938,2
1906750,5.0,4.938,2
1906800,5.0,4.938,2
1906850,5.0,4.938,2
1906900,5.0,4.938,2
1906950,5.0,4.938,2
1907000,5.0,4.938,2
1907050,5.0,4.938,2
1907100,5.0,4.938,2
1907150,5.0,4.938,2
1907200,5.0,4.938,2
1907250,5.0,4.938,2
1907300,5.0,4.938,2
1907350,5.0,4.938,2
1907400,5.0,4.938,2
1907450,5.0,4.938,2
1907500,5.0,4.938,2
1907550,5.0,4.938,2
1907600,5.0,4.938,2
1907650,5.0,4.938,2
1907700,5.0,4.938,2
1907750,5.0,4.938,2
1907800,5.0,4.938,2
1907850,5.0,4.938,2
1907900,5.0,4.938,2
1907950,5.0,4.938,2
1908000,5.0,4.938,2
1908050,5.0,4.938,2
1908100,5.0,4.938,2
1908150,5.0,4.938,2
1908200,5.0,4.938,2
1908250,5.0,4.938,2
1908300,5.0,4.938,2
1908350,5.0,4.938,2
1908400,5.0,4.938,2
1908450,5.0,4.938,2
1908500,5.0,4.938,2
1908550,5.0,4.938,2
1908600,5.0,4.938,2
1908650,5.0,4.938,2
1908700,5.0,4.938,2
1908750,5.0,4.938,2
1908800,5.0,4.938,2
1908850,5.0,4.938,2
1908900,5.0,4.938,2
1908950,5.0,4.938,2
1909000,5.0,4.938,2
1909050,5.0,4.938,2
1909100,5.0,4.938,2
1909150,5.0,4.938,2
1909200,5.0,4.938,2
1909250,5.0,4.938,2
1909300,5.0,4.938,2
1909350,5.0,4.938,2
1909400,5.0,4.938,2
1909450,5.0,4.938,2
1909500,5.0,4.938,2
1909550,5.0,4.938,2
1909600,5.0,4.938,2
1909650,5.0,4.938,2
1909700,5.0,4.938,2
1909750,5.0,4.938,2
1909800,5.0,4.938,2
1909850,5.0,4.938,2
1909900,5.0,4.938,2
1909950,5.0,4.938,2
1910000,5.0,4.938,2
1910050,5.0,4.938,2
1910100,5.0,4.938,2
1910150,5.0,4.938,2
1910200,5.0,4.938,2
1910250,5.0,4.938,2
1910300,5.0,4.938,2
1910350,5.0,4.938,2
1910400,5.0,4.938,2
1910450,5.0,4.938,2
1910500,5.0,4.938,2
1910550,5.0,4.938,2
1910600,5.0,4.938,2
1910650,5.0,4.938,2
1910700,5.0,4.938,2
1910750,5.0,4.938,2
1910800,5.0,4.938,2
1910850,5.0,4.938,2
1910900,5.0,4.938,2
1910950,5.0,4.938,2
1911000,5.0,4.938,2
1911050,5.0,4.938,2
1911100,5.0,4.938,2
1911150,5.0,4.938,2
1911200,5.0,4.938,2
1911250,5.0,4.938,2
1911300,5.0,4.938,2
1911350,5.0,4.938,2
1911400,5.0,4.938,2
1911450,5.0,4.938,2
1911500,5.0,4.938,2
1911550,5.0,4.938,2
1911600,5.0,4.938,2
1911650,5.0,4.938,2
1911700,5.0,4.938,2
1911750,5.0,4.938,2
1911800,5.0,4.938,2
1911850,5.0,4.938,2
1911900,5.0,4.938,2
1911950,5.0,4.938,2
1912000,5.0,4.938,2
1912050,5.0,4.938,2
1912100,5.0,4.938,2
1912150,5.0,4.938,2
1912200,5.0,4.938,2
1912250,5.0,4.938,2
1912300,5.0,4.938,2
1912350,5.0,4.938,2
1912400,5.0,4.938,2
1912450,5.0,4.938,2
1912500,5.0,4.938,2
1912550,5.0,4.938,2
1912600,5.0,4.938,2
1912650,5.0,4.938,2
1912700,5.0,4.938,2
1912750,5.0,4.938,2
1912800,5.0,4.938,2
1912850,5.0,4.938,2
1912900,5.0,4.938,2
1912950,5.0,4.938,2
1913000,5.0,4.938,2
1913050,5.0,4.938,2
1913100,5.0,4.938,2
1913150,5.0,4.938,2
1913200,5.0,4.938,2
1913250,5.0,4.938,2
1913300,5.0,4.938,2
1913350,5.0,4.938,2
1913400,5.0,4.938,2
1913450,5.0,4.938,2
1913500,5.0,4.938,2
1913550,5.0,4.938,2
1913600,5.0,4.938,2
1913650,5.0,4.938,2
1913700,5.0,4.938,2
1913750,5.0,4.938,2
1913800,5.0,4.938,2
1913850,5.0,4.938,2
1913900,5.0,4.938,2
1913950,5.0,4.938,2
1914000,5.0,4.938,2
1914050,5.0,4.938,2
1914100,5.0,4.938,2
1914150,5.0,4.938,2
1914200,5.0,4.938,2
1914250,5.0,4.939,2
1914300,5.0,4.941,2
1914350,5.0,4.948,2
1914400,5.0,4.955,2
1914450,5.0,4.956,2
1914500,5.0,4.959,2
1914550,5.0,4.969,2
1914600,5.0,4.989,2
1914650,5.0,5.0,2
1914700,5.0,5.0,2
1914750,5.0,5.0,2
1914800,5.0,5.0,2
1914850,5.0,5.0,2
1914900,5.0,5.0,2
1914950,5.0,5.0,2
1915000,5.0,5.0,2
1915050,5.0,5.0,2
1915100,5.0,5.0,2
1915150,5.0,5.0,2
1915200,5.0,5.0,2
1915250,5.0,5.0,2
1915300,5.0,5.0,2
1915350,5.0,5.0,2
1915400,5.0,5.0,2
1915450,5.0,5.0,2
1915500,5.0,5.0,2
1915550,5.0,5.0,2
1915600,5.0,5.0,2
1915650,5.0,5.0,2
1915700,5.0,5.0,2
1915750,5.0,5.0,2
1915800,5.0,5.0,2
1915850,5.0,5.0,2
1915900,5.0,5.0,2
1915950,5.0,5.0,2
1916000,5.0,5.0,2
1916050,5.0,5.0,2
1916100,5.0,5.0,2
1916150,5.0,5.0,2
1916200,5.0,5.0,2
1916250,5.0,5.0,2
1916300,5.0,5.0,2
1916350,5.0,5.0,2
1916400,5.0,5.0,2
1916450,5.0,5.0,2
1916500,5.0,5.0,2
1916550,5.0,5.0,2
1916600,5.0,5.0,2
1916650,5.0,5.0,2
1916700,5.0,5.0,2
1916750,5.0,5.0,2
1916800,5.0,5.0,2
1916850,5.0,5.0,2
1916900,5.0,5.0,2
1916950,5.0,5.0,2
1917000,5.0,5.0,2
1917050,5.0,5.0,2
1917100,5.0,5.0,2
1917150,5.0,5.0,2
1917200,5.0,5.0,2
1917250,5.0,5.0,2
1917300,5.0,5.0,2
1917350,5.0,5.0,2
1917400,5.0,5.0,2
1917450,5.0,5.0,2
1917500,5.0,5.0,2
1917550,5.0,5.0,2
1917600,5.0,5.0,2
1917650,5.0,5.0,2
1917700,5.0,5.0,2
1917750,5.0,5.0,2
1917800,5.0,5.0,2
1917850,5.0,5.0,2
1917900,5.0,5.0,2
1917950,5.0,5.0,2
1918000,5.0,5.0,2
1918050,5.0,5.0,2
1918100,5.0,5.0,2
1918150,5.0,5.0,2
1918200,5.0,5.0,2
1918250,5.0,5.0,2
1918300,5.0,5.0,2
1918350,5.0,5.0,2
1918400,5.0,5.0,2
1918450,5.0,5.0,2
1918500,5.0,5.0,2
1918550,5.0,5.0,2
1918600,5.0,5.0,2
1918650,5.0,5.0,2
1918700,5.0,5.0,2
1918750,5.0,5.0,2
1918800,5.0,5.0,2
1918850,5.0,5.0,2
1918900,5.0,5.0,2
1918950,5.0,5.0,2
1919000,5.0,5.0,2
1919050,5.0,5.0,2
1919100,5.0,5.0,2
1919150,5.0,5.0,2
1919200,5.0,5.0,2
1919250,5.0,5.0,2
1919300,5.0,5.0,2
1919350,5.0,5.0,2
1919400,5.0,5.0,2
1919450,5.0,5.0,2
1919500,5.0,5.0,2
1919550,5.0,5.0,2
1919600,5.0,5.0,2
1919650,5.0,5.0,2
1919700,5.0,5.0,2
1919750,5.0,5.0,2
1919800,5.0,5.0,2
1919850,5.0,5.0,2
1919900,5.0,5.0,2
1919950,5.0,5.0,2
1920000,5.0,5.0,2
1920050,5.0,5.0,2
1920100,5.0,5.0,2
1920150,5.0,5.0,2
1920200,5.0,5.0,2
1920250,5.0,5.0,2
1920300,5.0,5.0,2
1920350,5.0,5.0,2
1920400,5.0,5.0,2
1920450,5.0,5.0,2
1920500,5.0,5.0,2
1920550,5.0,5.0,2
1920600,5.0,5.0,2
1920650,5.0,5.0,2
1920700,5.0,5.0,2
1920750,5.0,5.0,2
1920800,5.0,5.0,2
1920850,5.0,5.0,2
1920900,5.0,5.0,2
1920950,5.0,5.0,2
1921000,5.0,5.0,2
1921050,5.0,5.0,2
1921100,5.0,5.0,2
1921150,5.0,5.0,2
1921200,5.0,5.0,2
1921250,5.0,5.0,2
1921300,5.0,5.0,2
1921350,5.0,5.0,2
1921400,5.0,5.0,2
1921450,5.0,5.0,2
1921500,5.0,5.0,2
1921550,5.0,5.0,2
1921600,5.0,5.0,2
1921650,5.0,5.0,2
1921700,5.0,5.0,2
1921750,5.0,5.0,2
1921800,5.0,5.0,2
1921850,5.0,5.0,2
1921900,5.0,5.0,2
1921950,5.0,5.0,2
1922000,5.0,5.0,2
1922050,5.0,5.0,2
1922100,5.0,5.0,2
1922150,5.0,5.0,2
1922200,5.0,5.0,2
1922250,5.0,5.0,2
1922300,5.0,5.0,2
1922350,5.0,5.0,2
1922400,5.0,5.0,2
1922450,5.0,5.0,2
1922500,5.0,5.0,2
1922550,5.0,5.0,2
1922600,5.0,5.0,2
1922650,5.0,5.0,2
1922700,5.0,5.0,2
1922750,5.0,5.0,2
1922800,5.0,5.0,2
1922850,5.0,5.0,2
1922900,5.0,5.0,2
1922950,5.0,5.0,2
1923000,5.0,5.0,2
1923050,5.0,5.0,2
1923100,5.0,5.0,2
1923150,5.0,5.0,2
1923200,5.0,5.0,2
1923250,5.0,5.0,2
1923300,5.0,5.0,2
1923350,5.0,5.0,2
1923400,5.0,5.0,2
1923450,5.0,5.0,2
1923500,5.0,5.0,2
1923550,5.0,5.0,2
1923600,5.0,5.0,2
1923650,5.0,5.0,2
1923700,5.0,5.0,2
1923750,5.0,5.0,2
1923800,5.0,5.0,2
1923850,5.0,5.0,2
1923900,5.0,5.0,2
1923950,5.0,5.0,2
1924000,5.0,5.0,2
1924050,5.0,5.0,2
1924100,5.0,5.0,2
1924150,5.0,5.0,2
1924200,5.0,5.0,2
1924250,5.0,5.0,2
1924300,5.0,5.0,2
1924350,5.0,5.0,2
1924400,5.0,5.0,2
1924450,5.0,5.0,2
1924500,5.0,5.0,2
1924550,5.0,5.0,2
1924600,5.0,5.0,2
1924650,5.0,5.0,2
1924700,5.0,5.0,2
1924750,5.0,5.0,2
1924800,5.0,5.0,2
1924850,5.0,5.0,2
1924900,5.0,5.0,2
1924950,5.0,5.0,2
1925000,5.0,5.0,2
1925050,5.0,5.0,2
1925100,5.0,5.0,2
1925150,5.0,5.0,2
1925200,5.0,5.0,2
1925250,5.0,5.0,2
1925300,5.0,5.0,2
1925350,5.0,5.0,2
1925400,5.0,5.0,2
1925450,5.0,5.0,2
1925500,5.0,5.0,2
1925550,5.0,5.0,2
1925600,5.0,5.0,2
1925650,5.0,5.0,2
1925700,5.0,5.0,2
1925750,5.0,5.0,2
1925800,5.0,5.0,2
1925850,5.0,5.0,2
1925900,5.0,5.0,2
1925950,5.0,5.0,2
1926000,5.0,5.0,2
1926050,5.0,5.0,2
1926100,5.0,5.0,2
1926150,5.0,5.0,2
1926200,5.0,5.0,2
1926250,5.0,5.0,2
1926300,5.0,5.0,2
1926350,5.0,5.0,2
1926400,5.0,5.0,2
1926450,5.0,5.0,2
1926500,5.0,5.0,2
1926550,5.0,5.0,2
1926600,5.0,5.0,2
1926650,5.0,5.0,2
1926700,5.0,5.0,2
1926750,5.0,5.0,2
1926800,5.0,5.0,2
1926850,5.0,5.0,2
1926900,5.0,5.0,2
1926950,5.0,5.0,2
1927000,5.0,5.0,2
1927050,5.0,5.0,2
1927100,5.0,5.0,2
1927150,5.0,5.0,2
1927200,5.0,5.0,2
1927250,5.0,5.0,2
1927300,5.0,5.0,2
1927350,5.0,5.0,2
1927400,5.0,5.0,2
1927450,5.0,5.0,2
1927500,5.0,5.0,2
1927550,5.0,5.0,2
1927600,5.0,5.0,2
1927650,5.0,5.0,2
1927700,5.0,5.0,2
1927750,5.0,5.0,2
1927800,5.0,5.0,2
1927850,5.0,5.0,2
1927900,5.0,5.0,2
1927950,5.0,5.0,2
1928000,5.0,5.0,2
1928050,5.0,5.0,2
1928100,5.0,5.0,2
1928150,5.0,5.0,2
1928200,5.0,5.0,2
1928250,5.0,5.0,2
1928300,5.0,5.0,2
1928350,5.0,5.0,2
1928400,5.0,5.0,2
1928450,5.0,5.0,2
1928500,5.0,5.0,2
1928550,5.0,5.0,2
1928600,5.0,5.0,2
1928650,5.0,5.0,2
1928700,5.0,5.0,2
1928750,5.0,5.0,2
1928800,5.0,5.0,2
1928850,5.0,5.0,2
1928900,5.0,5.0,2
1928950,5.0,5.0,2
1929000,5.0,5.0,2
1929050,5.0,5.0,2
1929100,5.0,5.0,2
1929150,5.0,5.0,2
1929200,5.0,5.0,2
1929250,5.0,5.0,2
1929300,5.0,5.0,2
1929350,5.0,5.0,2
1929400,5.0,5.0,2
1929450,5.0,5.0,2
1929500,5.0,5.0,2
1929550,5.0,5.0,2
1929600,5.0,5.0,2
1929650,5.0,5.0,2
1929700,5.0,5.0,2
1929750,5.0,5.0,2
1929800,5.0,5.0,2
1929850,5.0,5.0,2
1929900,5.0,5.0,2
1929950,5.0,5.0,2
1930000,5.0,5.0,2
1930050,5.0,5.0,2
1930100,5.0,5.0,2
1930150,5.0,5.0,2
1930200,5.0,5.0,2
1930250,5.0,5.0,2
1930300,5.0,5.0,2
1930350,5.0,5.0,2
1930400,5.0,5.0,2
1930450,5.0,5.0,2
1930500,5.0,5.0,2
1930550,5.0,5.0,2
1930600,5.0,5.0,2
1930650,5.0,5.0,2
1930700,5.0,5.0,2
1930750,5.0,5.0,2
1930800,5.0,5.0,2
1930850,5.0,5.0,2
1930900,5.0,5.0,2
1930950,5.0,5.0,2
1931000,5.0,5.0,2
1931050,5.0,5.0,2
1931100,5.0,5.0,2
1931150,5.0,5.0,2
1931200,5.0,5.0,2
1931250,5.0,5.0,2
1931300,5.0,5.0,2
1931350,5.0,5.0,2
1931400,5.0,5.0,2
1931450,5.0,5.0,2
1931500,5.0,5.0,2
1931550,5.0,5.0,2
1931600,5.0,5.0,2
1931650,5.0,5.0,2
1931700,5.0,5.0,2
1931750,5.0,5.0,2
1931800,5.0,5.0,2
1931850,5.0,5.0,2
1931900,5.0,5.0,2
1931950,5.0,5.0,2
1932000,5.0,5.0,2
1932050,5.0,5.0,2
1932100,5.0,5.0,2
1932150,5.0,5.0,2
1932200,5.0,5.0,2
1932250,5.0,5.0,2
1932300,5.0,5.0,2
1932350,5.0,5.0,2
1932400,5.0,5.0,2
1932450,5.0,5.0,2
1932500,5.0,5.0,2
1932550,5.0,5.0,2
1932600,5.0,5.0,2
1932650,5.0,5.0,2
1932700,5.0,5.0,2
1932750,5.0,5.0,2
1932800,5.0,5.0,2
1932850,5.0,5.0,2
1932900,5.0,5.0,2
1932950,5.0,5.0,2
1933000,5.0,5.0,2
1933050,5.0,5.0,2
1933100,5.0,5.0,2
1933150,5.0,5.0,2
1933200,5.0,5.0,2
1933250,5.0,5.0,2
1933300,5.0,5.0,2
1933350,5.0,5.0,2
1933400,5.0,5.0,2
1933450,5.0,5.0,2
1933500,5.0,5.0,2
1933550,5.0,5.0,2
1933600,5.0,5.0,2
1933650,5.0,5.0,2
1933700,5.0,5.0,2
1933750,5.0,5.0,2
1933800,5.005,5.0,2
1933850,5.03,5.0,2
1933900,5.065,5.0,2
1933950,5.085,5.0,2
1934000,5.095,5.0,2
1934050,5.1,5.0,2
1934100,5.108,5.0,2
1934150,5.108,5.0,2
1934200,5.108,5.0,2
1934250,5.108,5.0,2
1934300,5.108,5.0,2
1934350,5.112,5.0,2
1934400,5.12,5.0,2
1934450,5.132,5.0,2
1934500,5.145,5.0,2
1934550,5.152,5.0,2
1934600,5.162,5.0,2
1934650,5.174,5.0,2
1934700,5.188,5.0,2
1934750,5.203,5.0,2
1934800,5.226,5.0,2
1934850,5.26,4.968,2
1934900,5.302,4.922,2
1934950,5.315,4.918,2
1935000,5.315,4.912,2
1935050,5.315,4.908,2
1935100,5.315,4.904,2
1935150,5.315,4.902,2
1935200,5.318,4.898,2
1935250,5.329,4.898,2
1935300,5.348,4.898,2
1935350,5.365,4.898,2
1935400,5.377,4.898,2
1935450,5.385,4.897,2
1935500,5.385,4.896,2
1935550,5.387,4.896,2
1935600,5.397,4.895,2
1935650,5.416,4.892,2
1935700,5.432,4.889,2
1935750,5.441,4.887,2
1935800,5.446,4.885,2
1935850,5.447,4.883,2
1935900,5.448,4.877,2
1935950,5.448,4.873,2
1936000,5.449,4.872,2
1936050,5.449,4.872,2
1936100,5.449,4.87,2
1936150,5.449,4.869,2
1936200,5.449,4.869,2
1936250,5.449,4.869,2
1936300,5.449,4.869,2
1936350,5.449,4.869,2
1936400,5.449,4.869,2
1936450,5.449,4.869,2
1936500,5.449,4.869,2
1936550,5.449,4.869,2
1936600,5.449,4.869,2
1936650,5.449,4.869,2
1936700,5.449,4.869,2
1936750,5.449,4.869,2
1936800,5.449,4.869,2
1936850,5.449,4.869,2
1936900,5.449,4.869,2
1936950,5.449,4.869,2
1937000,5.449,4.869,2
1937050,5.449,4.869,2
1937100,5.449,4.869,2
1937150,5.449,4.869,2
1937200,5.449,4.869,2
1937250,5.449,4.869,2
1937300,5.449,4.869,2
1937350,5.449,4.869,2
1937400,5.449,4.869,2
1937450,5.449,4.869,2
1937500,5.449,4.869,2
1937550,5.449,4.869,2
1937600,5.449,4.869,2
1937650,5.449,4.869,2
1937700,5.449,4.869,2
1937750,5.449,4.869,2
1937800,5.449,4.869,2
1937850,5.449,4.869,2
1937900,5.449,4.869,2
1937950,5.449,4.869,2
1938000,5.449,4.869,2
1938050,5.449,4.869,2
1938100,5.449,4.869,2
1938150,5.449,4.869,2
1938200,5.449,4.869,2
1938250,5.453,4.869,2
1938300,5.459,4.874,2
1938350,5.463,4.893,2
1938400,5.468,4.909,2
1938450,5.473,4.912,2
1938500,5.477,4.916,2
1938550,5.479,4.924,2
1938600,5.481,4.928,2
1938650,5.482,4.93,2
1938700,5.486,4.935,2
1938750,5.492,4.941,2
1938800,5.499,4.945,2
1938850,5.503,4.949,2
1938900,5.506,4.953,2
1938950,5.516,4.956,2
1939000,5.525,4.962,2
1939050,5.527,4.966,2
1939100,5.528,4.968,2
1939150,5.529,4.97,2
1939200,5.529,4.971,2
1939250,5.529,4.971,2
1939300,5.529,4.971,2
1939350,5.529,4.972,2
1939400,5.529,4.972,2
1939450,5.529,4.972,2
1939500,5.529,4.972,2
1939550,5.529,4.972,2
1939600,5.529,4.974,2
1939650,5.529,4.979,2
1939700,5.529,4.986,2
1939750,5.529,4.993,2
1939800,5.527,5.0,2
1939850,5.525,5.001,2
1939900,5.522,5.004,2
1939950,5.518,5.006,2
1940000,5.517,5.009,2
1940050,5.516,5.009,2
1940100,5.516,5.009,2
1940150,5.514,5.009,2
1940200,5.512,5.009,2
1940250,5.512,5.009,2
1940300,5.512,5.009,2
1940350,5.512,5.009,2
1940400,5.512,5.009,2
1940450,5.512,5.009,2
1940500,5.512,5.009,2
1940550,5.512,5.009,2
1940600,5.512,5.009,2
1940650,5.512,5.009,2
1940700,5.512,5.009,2
1940750,5.51,5.009,2
1940800,5.508,5.009,2
1940850,5.508,5.009,2
1940900,5.506,5.009,2
1940950,5.501,5.011,2
1941000,5.493,5.011,2
1941050,5.484,5.011,2
1941100,5.471,5.011,2
1941150,5.446,5.011,2
1941200,5.414,5.011,2
1941250,5.375,5.011,2
1941300,5.334,5.011,2
1941350,5.317,5.011,2
1941400,5.316,5.011,2
1941450,5.314,5.011,2
1941500,5.312,5.011,2
1941550,5.311,5.011,2
1941600,5.307,5.011,2
1941650,5.302,5.011,2
1941700,5.297,5.011,2
1941750,5.292,5.011,2
1941800,5.288,5.006,2
1941850,5.284,5.0,2
1941900,5.274,5.0,2
1941950,5.257,5.0,2
1942000,5.247,5.0,2
1942050,5.238,5.0,2
1942100,5.23,5.0,2
1942150,5.214,5.0,2
1942200,5.201,5.0,2
1942250,5.181,5.0,2
1942300,5.168,5.0,2
1942350,5.168,5.0,2
1942400,5.168,5.0,2
1942450,5.168,5.0,2
1942500,5.168,5.0,2
1942550,5.168,5.0,2
1942600,5.168,5.0,2
1942650,5.168,5.0,2
1942700,5.168,5.0,2
1942750,5.168,5.0,2
1942800,5.164,5.0,2
1942850,5.158,5.0,2
1942900,5.157,5.0,2
1942950,5.156,5.0,2
1943000,5.153,5.0,2
1943050,5.153,5.0,2
1943100,5.152,5.0,2
1943150,5.151,5.0,2
1943200,5.151,5.0,2
1943250,5.151,5.0,2
1943300,5.151,5.0,2
1943350,5.151,5.0,2
1943400,5.151,5.0,2
1943450,5.151,5.0,2
1943500,5.151,5.0,2
1943550,5.151,5.0,2
1943600,5.151,5.0,2
1943650,5.151,5.0,2
1943700,5.151,5.0,2
1943750,5.151,5.0,2
1943800,5.151,5.0,2
1943850,5.151,5.0,2
1943900,5.151,5.0,2
1943950,5.151,5.0,2
1944000,5.151,5.0,2
1944050,5.151,5.0,2
1944100,5.151,5.0,2
1944150,5.151,5.0,2
1944200,5.151,5.0,2
1944250,5.151,5.0,2
1944300,5.151,5.0,2
1944350,5.151,5.0,2
1944400,5.151,5.0,2
1944450,5.151,5.0,2
1944500,5.151,5.0,2
1944550,5.151,5.0,2
1944600,5.151,5.0,2
1944650,5.151,5.0,2
1944700,5.151,5.0,2
1944750,5.151,5.002,2
1944800,5.151,5.008,2
1944850,5.151,5.012,2
1944900,5.151,5.019,2
1944950,5.151,5.032,2
1945000,5.151,5.039,2
1945050,5.151,5.044,2
1945100,5.151,5.049,2
1945150,5.151,5.061,2
1945200,5.151,5.071,2
1945250,5.151,5.076,2
1945300,5.151,5.084,2
1945350,5.151,5.091,2
1945400,5.151,5.104,2
1945450,5.151,5.112,2
1945500,5.151,5.119,2
1945550,5.151,5.13,2
1945600,5.151,5.135,2
1945650,5.151,5.139,2
1945700,5.151,5.147,2
1945750,5.151,5.153,2
1945800,5.151,5.156,2
1945850,5.151,5.157,2
1945900,5.151,5.161,2
1945950,5.151,5.165,2
1946000,5.151,5.167,2
1946050,5.151,5.172,2
1946100,5.151,5.177,2
1946150,5.151,5.182,2
1946200,5.151,5.186,2
1946250,5.151,5.19,2
1946300,5.151,5.194,2
1946350,5.151,5.194,2
1946400,5.151,5.194,2
1946450,5.151,5.195,2
1946500,5.151,5.195,2
1946550,5.151,5.195,2
1946600,5.151,5.196,2
1946650,5.151,5.198,2
1946700,5.151,5.198,2
1946750,5.151,5.198,2
1946800,5.151,5.199,2
1946850,5.151,5.202,2
1946900,5.151,5.202,2
1946950,5.151,5.203,2
1947000,5.151,5.205,2
1947050,5.151,5.205,2
1947100,5.151,5.205,2
1947150,5.151,5.205,2
1947200,5.151,5.205,2
1947250,5.151,5.205,2
1947300,5.151,5.205,2
1947350,5.151,5.205,2
1947400,5.151,5.205,2
1947450,5.151,5.205,2
1947500,5.151,5.205,2
1947550,5.151,5.205,2
1947600,5.151,5.205,2
1947650,5.151,5.205,2
1947700,5.151,5.205,2
1947750,5.151,5.205,2
1947800,5.151,5.205,2
1947850,5.151,5.205,2
1947900,5.151,5.205,2
1947950,5.151,5.205,2
1948000,5.151,5.205,2
1948050,5.151,5.205,2
1948100,5.151,5.205,2
1948150,5.151,5.205,2
1948200,5.151,5.205,2
1948250,5.151,5.205,2
1948300,5.151,5.205,2
1948350,5.151,5.205,2
1948400,5.151,5.205,2
1948450,5.151,5.205,2
1948500,5.151,5.205,2
1948550,5.151,5.205,2
1948600,5.151,5.205,2
1948650,5.151,5.205,2
1948700,5.151,5.205,2
1948750,5.151,5.205,2
1948800,5.151,5.205,2
1948850,5.151,5.205,2
1948900,5.151,5.205,2
1948950,5.151,5.205,2
1949000,5.151,5.205,2
1949050,5.151,5.205,2
1949100,5.151,5.205,2
1949150,5.151,5.205,2
1949200,5.151,5.205,2
1949250,5.151,5.205,2
1949300,5.151,5.205,2
1949350,5.151,5.205,2
1949400,5.151,5.205,2
1949450,5.151,5.205,2
1949500,5.151,5.205,2
1949550,5.151,5.205,2
1949600,5.151,5.205,2
1949650,5.151,5.205,2
1949700,5.151,5.205,2
1949750,5.15,5.205,2
1949800,5.147,5.205,2
1949850,5.147,5.205,2
1949900,5.147,5.205,2
1949950,5.147,5.205,2
1950000,5.147,5.205,2
1950050,5.147,5.205,2
1950100,5.147,5.205,2
1950150,5.146,5.205,2
1950200,5.144,5.205,2
1950250,5.144,5.205,2
1950300,5.144,5.205,2
1950350,5.144,5.205,2
1950400,5.144,5.205,2
1950450,5.144,5.205,2
1950500,5.144,5.205,2
1950550,5.144,5.205,2
1950600,5.144,5.205,2
1950650,5.144,5.205,2
1950700,5.144,5.205,2
1950750,5.144,5.206,2
1950800,5.144,5.207,2
1950850,5.144,5.207,2
1950900,5.144,5.207,2
1950950,5.144,5.207,2
1951000,5.144,5.207,2
1951050,5.144,5.207,2
1951100,5.144,5.207,2
1951150,5.144,5.207,2
1951200,5.144,5.207,2
1951250,5.144,5.207,2
1951300,5.144,5.207,2
1951350,5.144,5.207,2
1951400,5.144,5.207,2
1951450,5.144,5.207,2
1951500,5.144,5.207,2
1951550,5.144,5.207,2
1951600,5.144,5.207,2
1951650,5.144,5.207,2
1951700,5.144,5.207,2
1951750,5.144,5.207,2
1951800,5.144,5.207,2
1951850,5.144,5.207,2
1951900,5.144,5.207,2
1951950,5.144,5.207,2
1952000,5.144,5.207,2
1952050,5.144,5.207,2
1952100,5.144,5.207,2
1952150,5.144,5.207,2
1952200,5.144,5.207,2
1952250,5.144,5.207,2
1952300,5.144,5.207,2
1952350,5.144,5.207,2
1952400,5.144,5.207,2
1952450,5.144,5.207,2
1952500,5.144,5.207,2
1952550,5.144,5.207,2
1952600,5.144,5.207,2
1952650,5.144,5.207,2
1952700,5.144,5.207,2
1952750,5.144,5.207,2
1952800,5.144,5.207,2
1952850,5.144,5.207,2
1952900,5.144,5.207,2
1952950,5.144,5.207,2
1953000,5.144,5.207,2
1953050,5.144,5.207,2
1953100,5.144,5.207,2
1953150,5.144,5.207,2
1953200,5.144,5.207,2
1953250,5.144,5.207,2
1953300,5.144,5.207,2
1953350,5.144,5.207,2
1953400,5.144,5.207,2
1953450,5.144,5.207,2
1953500,5.144,5.207,2
1953550,5.144,5.207,2
1953600,5.144,5.207,2
1953650,5.144,5.207,2
1953700,5.144,5.207,2
1953750,5.144,5.207,2
1953800,5.144,5.207,2
1953850,5.144,5.207,2
1953900,5.144,5.207,2
1953950,5.144,5.207,2
1954000,5.144,5.207,2
1954050,5.144,5.207,2
1954100,5.144,5.207,2
1954150,5.144,5.207,2
1954200,5.144,5.207,2
1954250,5.144,5.207,2
1954300,5.144,5.207,2
1954350,5.144,5.207,2
1954400,5.144,5.207,2
1954450,5.144,5.207,2
1954500,5.144,5.207,2
1954550,5.144,5.207,2
1954600,5.144,5.207,2
1954650,5.144,5.207,2
1954700,5.144,5.207,2
1954750,5.144,5.207,2
1954800,5.144,5.207,2
1954850,5.144,5.207,2
1954900,5.144,5.207,2
1954950,5.142,5.207,2
1955000,5.126,5.207,2
1955050,5.103,5.207,2
1955100,5.091,5.207,2
1955150,5.078,5.191,2
1955200,5.068,5.147,2
1955250,5.038,5.1,2
1955300,5.006,5.065,2
1955350,5.0,5.045,2
1955400,5.0,5.029,2
1955450,5.0,5.013,2
1955500,5.0,5.002,2
1955550,5.0,5.0,2
1955600,5.0,5.0,2
1955650,5.0,5.0,2
1955700,5.0,5.0,2
1955750,5.0,5.0,2
1955800,5.0,5.0,2
1955850,5.0,5.0,2
1955900,5.0,5.0,2
1955950,5.0,5.0,2
1956000,5.0,5.0,2
1956050,5.0,5.0,2
1956100,5.0,5.0,2
1956150,5.0,5.0,2
1956200,5.0,5.0,2
1956250,5.0,5.0,2
1956300,5.0,5.0,2
1956350,5.0,5.0,2
1956400,5.0,5.0,2
1956450,5.0,5.0,2
1956500,5.0,5.0,2
1956550,5.0,5.0,2
1956600,5.0,5.0,2
1956650,5.0,5.0,2
1956700,5.0,5.0,2
1956750,5.0,5.0,2
1956800,5.0,5.0,2
1956850,5.0,5.0,2
1956900,5.0,5.002,2
1956950,5.0,5.013,2
1957000,5.0,5.028,2
1957050,5.0,5.041,2
1957100,5.0,5.058,2
1957150,5.0,5.069,2
1957200,5.0,5.069,2
1957250,5.0,5.069,2
1957300,5.0,5.069,2
1957350,5.0,5.069,2
1957400,5.0,5.069,2
1957450,5.0,5.069,2
1957500,5.0,5.069,2
1957550,5.0,5.069,2
1957600,5.0,5.069,2
1957650,5.0,5.069,2
1957700,5.0,5.069,2
1957750,5.0,5.069,2
1957800,5.0,5.069,2
1957850,5.0,5.069,2
1957900,5.0,5.069,2
1957950,5.0,5.073,2
1958000,5.0,5.08,2
1958050,5.0,5.085,2
1958100,5.0,5.094,2
1958150,5.0,5.1,2
1958200,5.0,5.103,2
1958250,5.0,5.108,2
1958300,5.0,5.112,2
1958350,5.0,5.114,2
1958400,5.0,5.117,2
1958450,5.0,5.123,2
1958500,5.0,5.131,2
1958550,5.0,5.134,2
1958600,5.0,5.137,2
1958650,5.0,5.142,2
1958700,5.0,5.146,2
1958750,5.0,5.146,2
1958800,5.0,5.146,2
1958850,5.0,5.15,2
1958900,5.0,5.159,2
1958950,5.0,5.163,2
1959000,5.0,5.164,2
1959050,5.0,5.165,2
1959100,5.0,5.168,2
1959150,5.0,5.178,2
1959200,5.0,5.185,2
1959250,5.0,5.185,2
1959300,5.0,5.185,2
1959350,5.0,5.187,2
1959400,5.0,5.189,2
1959450,5.0,5.189,2
1959500,5.0,5.189,2
1959550,5.0,5.189,2
1959600,5.0,5.189,2
1959650,5.0,5.189,2
1959700,5.0,5.189,2
1959750,5.0,5.189,2
1959800,5.0,5.189,2
1959850,5.0,5.189,2
1959900,5.0,5.189,2
1959950,5.0,5.189,2
1960000,5.0,5.189,2
1960050,5.0,5.189,2
1960100,5.0,5.189,2
1960150,5.0,5.189,2
1960200,5.0,5.189,2
1960250,5.0,5.189,2
1960300,5.0,5.189,2
1960350,5.0,5.189,2
1960400,5.0,5.189,2
1960450,5.0,5.189,2
1960500,5.0,5.189,2
1960550,5.0,5.189,2
1960600,5.0,5.189,2
1960650,5.0,5.186,2
1960700,5.0,5.176,2
1960750,5.0,5.162,2
1960800,5.0,5.144,2
1960850,5.0,5.131,2
1960900,5.0,5.113,2
1960950,5.0,5.096,2
1961000,5.0,5.071,2
1961050,5.0,5.034,2
1961100,5.0,5.004,2
1961150,5.0,5.0,2
1961200,5.0,5.0,2
1961250,5.0,5.0,2
1961300,5.0,5.0,2
1961350,5.0,5.0,2
1961400,5.0,5.0,2
1961450,5.0,5.0,2
1961500,5.0,5.0,2
1961550,5.0,5.0,2
1961600,5.0,5.0,2
1961650,5.0,5.0,2
1961700,5.0,5.0,2
1961750,5.0,5.0,2
1961800,5.0,5.0,2
1961850,5.0,5.0,2
1961900,5.0,5.0,2
1961950,5.0,5.0,2
1962000,5.0,5.0,2
1962050,5.0,5.0,2
1962100,5.0,5.0,2
1962150,5.0,5.0,2
1962200,5.0,5.0,2
1962250,5.0,5.0,2
1962300,5.0,5.0,2
1962350,5.0,5.0,2
1962400,5.0,5.0,2
1962450,5.0,5.0,2
1962500,5.0,5.0,2
1962550,5.0,5.0,2
1962600,5.0,5.0,2
1962650,5.0,5.0,2
1962700,5.0,5.0,2
1962750,5.0,5.0,2
1962800,5.0,5.0,2
1962850,5.0,5.0,2
1962900,5.0,5.0,2
1962950,5.0,5.0,2
1963000,5.0,5.0,2
1963050,5.0,5.0,2
1963100,5.0,5.0,2
1963150,5.0,5.0,2
1963200,5.0,5.0,2
1963250,5.0,5.0,2
1963300,5.0,5.0,2
1963350,5.0,5.0,2
1963400,5.0,5.0,2
1963450,5.0,5.0,2
1963500,5.0,5.0,2
1963550,5.0,5.0,2
1963600,5.0,5.0,2
1963650,5.0,5.0,2
1963700,5.0,5.0,2
1963750,5.0,5.0,2
1963800,5.0,5.0,2
1963850,5.0,5.0,2
1963900,5.0,5.0,2
1963950,5.0,5.0,2
1964000,5.0,5.0,2
1964050,5.0,5.0,2
1964100,5.0,5.0,2
1964150,5.0,5.0,2
1964200,5.0,5.0,2
1964250,5.0,5.0,2
1964300,5.0,5.0,2
1964350,5.0,5.0,2
1964400,5.0,5.0,2
1964450,5.0,5.0,2
1964500,5.0,5.0,2
1964550,5.0,5.0,2
1964600,5.0,5.0,2
1964650,5.0,5.0,2
1964700,5.0,5.0,2
1964750,5.0,5.0,2
1964800,5.0,5.0,2
1964850,5.0,5.0,2
1964900,5.0,5.0,2
1964950,5.0,5.0,2
1965000,5.0,5.0,2
1965050,5.0,5.0,2
1965100,5.0,5.0,2
1965150,5.0,5.0,2
1965200,5.0,5.0,2
1965250,5.0,5.0,2
1965300,5.0,5.0,2
1965350,5.0,5.0,2
1965400,5.0,5.0,2
1965450,5.0,5.0,2
1965500,5.0,5.0,2
1965550,5.0,5.0,2
1965600,5.0,5.0,2
1965650,5.0,5.0,2
1965700,5.0,5.0,2
1965750,5.0,5.0,2
1965800,5.0,5.0,2
1965850,5.0,5.0,2
1965900,5.0,5.0,2
1965950,5.0,5.0,2
1966000,5.0,5.0,2
1966050,5.0,5.0,2
1966100,5.0,5.0,2
1966150,5.0,5.0,2
1966200,5.0,5.0,2
1966250,5.0,5.0,2
1966300,5.0,5.0,2
1966350,5.0,5.0,2
1966400,5.0,5.0,2
1966450,5.0,5.0,2
1966500,5.0,5.0,2
1966550,5.0,5.0,2
1966600,5.0,5.0,2
1966650,5.0,5.0,2
1966700,5.0,5.0,2
1966750,5.0,5.0,2
1966800,5.0,5.0,2
1966850,5.0,5.0,2
1966900,5.0,5.0,2
1966950,5.0,5.0,2
1967000,5.0,5.0,2
1967050,5.0,5.0,2
1967100,5.0,5.0,2
1967150,5.0,5.0,2
1967200,5.0,5.0,2
1967250,5.0,5.0,2
1967300,5.0,5.0,2
1967350,5.0,5.0,2
1967400,5.0,5.0,2
1967450,5.0,5.0,2
1967500,5.0,5.0,2
1967550,5.0,5.0,2
1967600,5.0,5.0,2
1967650,5.0,5.0,2
1967700,5.0,5.0,2
1967750,5.0,5.0,2
1967800,5.0,5.0,2
1967850,5.0,5.0,2
1967900,5.0,5.0,2
1967950,5.0,5.0,2
1968000,5.0,5.0,2
1968050,5.0,5.0,2
1968100,5.0,5.0,2
1968150,5.0,5.0,2
1968200,5.0,5.0,2
1968250,5.0,5.0,2
1968300,5.0,5.0,2
1968350,5.0,5.0,2
1968400,5.0,5.0,2
1968450,5.0,5.0,2
1968500,5.0,5.0,2
1968550,5.0,5.0,2
1968600,5.0,5.0,2
1968650,5.0,5.0,2
1968700,5.0,5.0,2
1968750,5.0,5.0,2
1968800,5.0,5.0,2
1968850,5.0,5.0,2
1968900,5.0,5.0,2
1968950,5.0,5.0,2
1969000,5.0,5.0,2
1969050,5.0,5.0,2
1969100,5.0,5.0,2
1969150,5.0,5.0,2
1969200,5.0,5.0,2
1969250,5.0,5.0,2
1969300,5.0,5.0,2
1969350,5.0,5.0,2
1969400,5.0,5.0,2
1969450,5.0,5.0,2
1969500,5.0,5.0,2
1969550,5.0,5.0,2
1969600,5.0,5.0,2
1969650,5.0,5.0,2
1969700,5.0,5.0,2
1969750,5.0,5.0,2
1969800,5.0,5.0,2
1969850,5.0,5.0,2
1969900,5.0,5.0,2
1969950,5.0,5.0,2
1970000,5.0,5.0,2
1970050,5.0,5.0,2
1970100,5.0,5.0,2
1970150,5.0,5.0,2
1970200,5.0,5.0,2
1970250,5.0,5.0,2
1970300,5.0,5.0,2
1970350,5.0,5.0,2
1970400,5.0,5.0,2
1970450,5.0,5.0,2
1970500,5.0,5.0,2
1970550,5.0,5.0,2
1970600,5.0,5.0,2
1970650,5.0,5.0,2
1970700,5.0,5.0,2
1970750,5.0,5.0,2
1970800,5.0,5.0,2
1970850,5.0,5.0,2
1970900,5.0,5.0,2
1970950,5.0,5.0,2
1971000,5.0,5.0,2
1971050,5.0,5.0,2
1971100,5.0,5.0,2
1971150,5.0,5.0,2
1971200,5.0,5.0,2
1971250,5.0,5.0,2
1971300,5.0,5.0,2
1971350,5.0,5.0,2
1971400,5.0,5.0,2
1971450,5.0,5.0,2
1971500,5.0,5.0,2
1971550,5.0,5.0,2
1971600,5.0,5.0,2
1971650,5.0,5.0,2
1971700,5.0,5.0,2
1971750,5.0,5.0,2
1971800,5.0,5.0,2
1971850,5.0,5.0,2
1971900,5.0,5.0,2
1971950,5.0,5.0,2
1972000,5.0,5.0,2
1972050,5.0,5.0,2
1972100,5.0,5.0,2
1972150,5.0,5.0,2
1972200,5.0,5.0,2
1972250,5.0,5.0,2
1972300,5.0,5.0,2
1972350,5.0,5.0,2
1972400,5.0,5.0,2
1972450,5.0,5.0,2
1972500,5.0,5.0,2
1972550,5.0,5.0,2
1972600,5.0,5.0,2
1972650,5.0,5.0,2
1972700,5.0,5.0,2
1972750,5.0,5.0,2
1972800,5.0,5.0,2
1972850,5.0,5.0,2
1972900,5.0,5.0,2
1972950,5.0,5.0,2
1973000,5.0,5.0,2
1973050,5.0,5.0,2
1973100,5.0,5.0,2
1973150,5.0,5.0,2
1973200,5.0,5.0,2
1973250,5.0,5.0,2
1973300,5.0,5.0,2
1973350,5.0,5.0,2
1973400,5.0,5.0,2
1973450,5.0,5.0,2
1973500,5.0,5.0,2
1973550,5.0,5.0,2
1973600,5.0,5.0,2
1973650,5.0,5.0,2
1973700,5.0,5.0,2
1973750,5.0,5.0,2
1973800,5.0,5.0,2
1973850,5.0,5.0,2
1973900,5.0,5.0,2
1973950,5.0,5.0,2
1974000,5.0,5.0,2
1974050,5.0,5.0,2
1974100,5.0,5.0,2
1974150,5.0,5.0,2
1974200,5.0,5.0,2
1974250,5.0,5.0,2
1974300,5.0,5.0,2
1974350,5.0,5.0,2
1974400,5.0,5.0,2
1974450,5.0,5.0,2
1974500,5.0,5.0,2
1974550,5.0,5.0,2
1974600,5.0,5.0,2
1974650,5.0,5.0,2
1974700,5.0,5.0,2
1974750,5.0,5.0,2
1974800,5.0,5.0,2
1974850,5.0,5.0,2
1974900,5.0,5.0,2
1974950,5.0,5.0,2
1975000,5.0,5.0,2
1975050,5.0,5.0,2
1975100,5.0,5.0,2
1975150,5.0,5.0,2
1975200,5.0,5.0,2
1975250,5.0,5.0,2
1975300,5.0,5.0,2
1975350,5.0,5.0,2
1975400,5.0,5.0,2
1975450,5.0,5.0,2
1975500,5.0,5.0,2
1975550,5.0,5.0,2
1975600,5.0,5.0,2
1975650,5.0,5.0,2
1975700,5.0,5.0,2
1975750,5.0,5.0,2
1975800,5.0,5.0,2
1975850,5.0,5.0,2
1975900,5.0,5.0,2
1975950,5.0,5.0,2
1976000,5.0,5.0,2
1976050,5.0,5.0,2
1976100,5.0,5.0,2
1976150,5.0,5.0,2
1976200,5.0,5.0,2
1976250,5.0,5.0,2
1976300,5.0,5.0,2
1976350,5.0,5.0,2
1976400,5.0,5.0,2
1976450,5.0,5.0,2
1976500,5.0,5.0,2
1976550,5.0,5.0,2
1976600,5.0,5.0,2
1976650,5.0,5.0,2
1976700,5.0,5.0,2
1976750,5.0,5.0,2
1976800,5.0,5.0,2
1976850,5.0,5.0,2
1976900,5.0,5.0,2
1976950,5.0,5.0,2
1977000,5.0,5.0,2
1977050,5.0,5.0,2
1977100,5.0,5.0,2
1977150,5.0,5.0,2
1977200,5.0,5.0,2
1977250,5.0,5.0,2
1977300,5.0,5.0,2
1977350,5.0,5.0,2
1977400,5.0,5.0,2
1977450,5.0,5.0,2
1977500,5.0,5.0,2
1977550,5.0,5.0,2
1977600,5.0,5.0,2
1977650,5.0,5.0,2
1977700,5.0,5.0,2
1977750,5.0,5.0,2
1977800,5.0,5.0,2
1977850,5.0,5.0,2
1977900,5.0,5.0,2
1977950,5.0,5.0,2
1978000,5.0,5.0,2
1978050,5.0,5.0,2
1978100,5.0,5.0,2
1978150,5.0,5.0,2
1978200,5.0,5.0,2
1978250,5.0,5.0,2
1978300,5.0,5.0,2
1978350,5.0,5.0,2
1978400,5.0,5.0,2
1978450,5.0,5.0,2
1978500,5.0,5.0,2
1978550,5.0,5.0,2
1978600,5.0,5.0,2
1978650,5.0,5.0,2
1978700,5.0,5.0,2
1978750,5.0,5.0,2
1978800,5.0,5.0,2
1978850,5.0,5.0,2
1978900,5.0,5.0,2
1978950,5.0,5.0,2
1979000,5.0,5.0,2
1979050,5.0,5.0,2
1979100,5.0,5.0,2
1979150,5.0,5.0,2
1979200,5.0,5.0,2
1979250,5.0,5.0,2
1979300,5.0,5.0,2
1979350,5.0,5.0,2
1979400,5.0,5.0,2
1979450,5.0,5.0,2
1979500,5.0,5.0,2
1979550,5.0,5.0,2
1979600,5.0,5.0,2
1979650,5.0,5.0,2
1979700,5.0,5.0,2
1979750,5.0,5.0,2
1979800,5.0,5.0,2
1979850,5.0,5.0,2
1979900,5.0,5.0,2
1979950,5.0,5.0,2
1980000,5.0,5.0,2
1980050,5.0,5.0,2
1980100,5.0,5.0,2
1980150,5.0,5.0,2
1980200,5.0,5.0,2
1980250,5.0,5.0,2
1980300,5.0,5.0,2
1980350,5.0,5.0,2
1980400,5.0,5.0,2
1980450,5.0,5.0,2
1980500,5.0,5.0,2
1980550,5.0,5.0,2
1980600,5.0,5.0,2
1980650,5.0,5.0,2
1980700,5.0,5.0,2
1980750,5.0,5.0,2
1980800,5.0,5.0,2
1980850,5.0,5.0,2
1980900,5.0,5.0,2
1980950,5.0,5.0,2
1981000,5.0,5.0,2
1981050,5.0,5.0,2
1981100,5.0,5.0,2
1981150,5.0,5.0,2
1981200,5.0,5.0,2
1981250,5.0,5.0,2
1981300,5.0,5.0,2
1981350,5.0,5.0,2
1981400,5.0,5.0,2
1981450,5.0,5.0,2
1981500,5.0,5.0,2
1981550,5.0,5.0,2
1981600,5.0,5.0,2
1981650,5.0,5.0,2
1981700,5.0,5.0,2
1981750,5.0,5.0,2
1981800,5.0,5.0,2
1981850,5.0,5.0,2
1981900,5.0,5.0,2
1981950,5.0,5.0,2
1982000,5.0,5.0,2
1982050,5.0,5.0,2
1982100,5.0,5.0,2
1982150,5.0,5.0,2
1982200,5.0,5.0,2
1982250,5.0,5.0,2
1982300,5.0,5.0,2
1982350,5.0,5.0,2
1982400,5.0,5.0,2
1982450,5.0,5.0,2
1982500,5.0,5.0,2
1982550,5.0,5.0,2
1982600,5.0,5.0,2
1982650,5.0,5.0,2
1982700,5.0,5.0,2
1982750,5.0,5.0,2
1982800,5.0,5.0,2
1982850,5.0,5.0,2
1982900,5.0,5.0,2
1982950,5.0,5.0,2
1983000,5.0,5.0,2
1983050,5.0,5.0,2
1983100,5.0,5.0,2
1983150,5.0,5.0,2
1983200,5.0,5.0,2
1983250,5.0,5.0,2
1983300,5.0,5.0,2
1983350,5.0,5.0,2
1983400,5.0,5.0,2
1983450,5.0,5.0,2
1983500,5.0,5.0,2
1983550,5.0,5.0,2
1983600,5.0,5.0,2
1983650,5.0,5.0,2
1983700,5.0,5.0,2
1983750,5.0,5.0,2
1983800,5.0,5.0,2
1983850,5.0,5.0,2
1983900,5.0,5.0,2
1983950,5.0,5.0,2
1984000,5.0,5.0,2
1984050,5.0,5.0,2
1984100,5.0,5.0,2
1984150,5.0,5.0,2
1984200,5.0,5.0,2
1984250,5.0,5.0,2
1984300,5.0,5.0,2
1984350,5.0,5.0,2
1984400,5.0,5.0,2
1984450,5.0,5.0,2
1984500,5.0,5.0,2
1984550,5.0,5.0,2
1984600,5.0,5.0,2
1984650,5.0,5.0,2
1984700,5.0,5.0,2
1984750,5.0,5.0,2
1984800,5.0,5.0,2
1984850,5.0,5.0,2
1984900,5.0,5.0,2
1984950,5.0,5.0,2
1985000,5.0,5.0,2
1985050,5.0,5.0,2
1985100,5.0,5.0,2
1985150,5.0,5.0,2
1985200,5.0,5.0,2
1985250,5.0,5.0,2
1985300,5.0,5.0,2
1985350,5.0,5.0,2
1985400,5.0,5.0,2
1985450,5.0,5.0,2
1985500,5.0,5.0,2
1985550,5.0,5.0,2
1985600,5.0,5.0,2
1985650,5.0,5.0,2
1985700,5.0,5.0,2
1985750,5.0,5.0,2
1985800,5.0,5.0,2
1985850,5.0,5.0,2
1985900,5.0,5.0,2
1985950,5.0,5.0,2
1986000,5.0,5.0,2
1986050,5.0,5.0,2
1986100,5.0,5.0,2
1986150,5.0,5.0,2
1986200,5.0,5.0,2
1986250,5.0,5.0,2
1986300,5.0,5.0,2
1986350,5.0,5.0,2
1986400,5.0,5.0,2
1986450,5.0,5.0,2
1986500,5.0,5.0,2
1986550,5.0,5.0,2
1986600,5.0,5.0,2
1986650,5.0,5.0,2
1986700,5.0,5.0,2
1986750,5.0,5.0,2
1986800,5.0,5.0,2
1986850,5.0,5.0,2
1986900,5.0,5.0,2
1986950,5.0,5.0,2
1987000,5.0,5.0,2
1987050,5.0,5.0,2
1987100,5.0,5.0,2
1987150,5.0,5.0,2
1987200,5.0,5.0,2
1987250,5.0,5.0,2
1987300,5.0,5.0,2
1987350,5.0,5.0,2
1987400,5.0,5.0,2
1987450,5.0,5.0,2
1987500,5.0,5.0,2
1987550,5.0,5.0,2
1987600,5.0,5.0,2
1987650,5.0,5.0,2
1987700,5.0,5.0,2
1987750,5.0,5.0,2
1987800,5.0,5.0,2
1987850,5.0,5.0,2
1987900,5.0,5.0,2
1987950,5.0,5.0,2
1988000,5.0,5.0,2
1988050,5.0,5.0,2
1988100,5.0,5.0,2
1988150,5.0,5.0,2
1988200,5.0,5.0,2
1988250,5.0,5.0,2
1988300,5.0,5.0,2
1988350,5.0,5.0,2
1988400,5.0,5.0,2
1988450,5.0,5.0,2
1988500,5.0,5.0,2
1988550,5.0,5.0,2
1988600,5.0,5.0,2
1988650,5.0,5.0,2
1988700,5.0,5.0,2
1988750,5.0,5.0,2
1988800,5.0,5.0,2
1988850,5.0,5.0,2
1988900,5.0,5.0,2
1988950,5.0,5.0,2
1989000,5.0,5.0,2
1989050,5.0,5.0,2
1989100,5.0,5.0,2
1989150,5.0,5.0,2
1989200,5.0,5.0,2
1989250,5.0,5.0,2
1989300,5.0,5.0,2
1989350,5.0,5.0,2
1989400,5.0,5.0,2
1989450,5.0,5.0,2
1989500,5.0,5.0,2
1989550,5.0,5.0,2
1989600,5.0,5.0,2
1989650,5.0,5.0,2
1989700,5.0,5.0,2
1989750,5.0,5.0,2
1989800,5.0,5.0,2
1989850,5.0,5.0,2
1989900,5.0,5.0,2
1989950,5.0,5.0,2
1990000,5.0,5.0,2
1990050,5.0,5.0,2
1990100,5.0,5.0,2
1990150,5.0,5.0,2
1990200,5.0,5.0,2
1990250,5.0,5.0,2
1990300,5.0,5.0,2
1990350,5.0,5.0,2
1990400,5.0,5.0,2
1990450,5.0,5.0,2
1990500,5.0,5.0,2
1990550,5.0,5.0,2
1990600,5.0,5.0,2
1990650,5.0,5.0,2
1990700,5.0,5.0,2
1990750,5.0,5.0,2
1990800,5.0,5.0,2
1990850,5.0,5.0,2
1990900,5.0,5.0,2
1990950,5.0,5.0,2
1991000,5.0,5.0,2
1991050,5.0,5.0,2
1991100,5.0,5.0,2
1991150,5.0,5.0,2
1991200,5.0,5.0,2
1991250,5.0,5.0,2
1991300,5.0,5.0,2
1991350,5.0,5.0,2
1991400,5.0,5.0,2
1991450,5.0,5.0,2
1991500,5.0,5.0,2
1991550,5.0,5.0,2
1991600,5.0,5.0,2
1991650,5.0,5.0,2
1991700,5.0,5.0,2
1991750,5.0,5.0,2
1991800,5.0,5.0,2
1991850,5.0,5.0,2
1991900,5.0,5.0,2
1991950,5.0,5.0,2
1992000,5.0,5.0,2
1992050,5.0,5.0,2
1992100,5.0,5.0,2
1992150,5.0,5.0,2
1992200,5.0,5.0,2
1992250,5.0,5.0,2
1992300,5.0,5.0,2
1992350,5.0,5.0,2
1992400,5.0,5.0,2
1992450,5.0,5.0,2
1992500,5.0,5.0,2
1992550,5.0,5.0,2
1992600,5.0,5.0,2
1992650,5.0,5.0,2
1992700,5.0,5.0,2
1992750,5.0,5.0,2
1992800,5.0,5.0,2
1992850,5.0,5.0,2
1992900,5.0,5.0,2
1992950,5.0,5.0,2
1993000,5.0,5.0,2
1993050,5.0,5.0,2
1993100,5.0,5.0,2
1993150,5.0,5.0,2
1993200,5.0,5.0,2
1993250,5.0,5.0,2
1993300,5.0,5.0,2
1993350,5.0,5.0,2
1993400,5.0,5.0,2
1993450,5.0,5.0,2
1993500,5.0,5.0,2
1993550,5.0,5.0,2
1993600,5.0,5.0,2
1993650,5.0,5.0,2
1993700,5.0,5.0,2
1993750,5.0,5.0,2
1993800,5.0,5.0,2
1993850,5.0,5.0,2
1993900,5.0,5.0,2
1993950,5.0,5.0,2
1994000,5.0,5.0,2
1994050,5.0,5.0,2
1994100,5.0,5.0,2
1994150,5.0,5.0,2
1994200,5.0,5.0,2
1994250,5.0,5.0,2
1994300,5.0,5.0,2
1994350,5.0,5.0,2
1994400,5.0,5.0,2
1994450,5.0,5.0,2
1994500,5.0,5.0,2
1994550,5.0,5.0,2
1994600,5.0,5.0,2
1994650,5.0,5.0,2
1994700,5.0,5.0,2
1994750,5.0,5.0,2
1994800,5.0,5.0,2
1994850,5.0,5.0,2
1994900,5.0,5.0,2
1994950,5.0,5.0,2
1995000,5.0,5.0,2
1995050,5.0,5.0,2
1995100,5.0,5.0,2
1995150,5.0,5.0,2
1995200,5.0,5.0,2
1995250,5.0,5.0,2
1995300,5.0,5.0,2
1995350,5.0,5.0,2
1995400,5.0,5.0,2
1995450,5.0,5.0,2
1995500,5.0,5.0,2
1995550,5.0,5.0,2
1995600,5.0,5.0,2
1995650,5.0,5.0,2
1995700,5.0,5.0,2
1995750,5.0,5.0,2
1995800,5.0,5.0,2
1995850,5.0,5.0,2
1995900,5.0,5.0,2
1995950,5.0,5.0,2
1996000,5.0,5.0,2
1996050,5.0,5.0,2
1996100,5.0,5.0,2
1996150,5.0,5.0,2
1996200,5.0,5.0,2
1996250,5.0,5.0,2
1996300,5.0,5.0,2
1996350,5.0,5.0,2
1996400,5.0,5.0,2
1996450,5.0,5.0,2
1996500,5.0,5.0,2
1996550,5.0,5.0,2
1996600,5.0,5.0,2
1996650,5.0,5.0,2
1996700,5.0,5.0,2
1996750,5.0,5.0,2
1996800,5.0,5.0,2
1996850,5.0,5.0,2
1996900,5.0,5.0,2
1996950,5.0,5.0,2
1997000,5.0,5.0,2
1997050,5.0,5.0,2
1997100,5.0,5.0,2
1997150,5.0,5.0,2
1997200,5.0,5.0,2
1997250,5.0,5.0,2
1997300,5.0,5.0,2
1997350,5.0,5.0,2
1997400,5.0,5.0,2
1997450,5.0,5.0,2
1997500,5.0,5.0,2
1997550,5.0,5.0,2
1997600,5.0,5.0,2
1997650,5.0,5.0,2
1997700,5.0,5.0,2
1997750,5.0,5.0,2
1997800,5.0,5.0,2
1997850,5.0,5.0,2
1997900,5.0,5.0,2
1997950,5.0,5.0,2
1998000,5.0,5.0,2
1998050,5.0,5.0,2
1998100,5.0,5.0,2
1998150,5.0,5.0,2
1998200,5.0,5.0,2
1998250,5.0,5.0,2
1998300,5.0,5.0,2
1998350,5.0,5.0,2
1998400,5.0,5.0,2
1998450,5.0,5.0,2
1998500,5.0,5.0,2
1998550,5.0,5.0,2
1998600,5.0,5.0,2
1998650,5.0,5.0,2
1998700,5.0,5.0,2
1998750,5.0,5.0,2
1998800,5.0,5.0,2
1998850,5.0,5.0,2
1998900,5.0,5.0,2
1998950,5.0,5.0,2
1999000,5.0,5.0,2
1999050,5.0,5.0,2
1999100,5.0,5.0,2
1999150,5.0,5.0,2
1999200,5.0,5.0,2
1999250,5.0,5.0,2
1999300,5.0,5.0,2
1999350,5.0,5.0,2
1999400,5.0,5.0,2
1999450,5.0,5.0,2
1999500,5.0,5.0,2
1999550,5.0,5.0,2
1999600,5.0,5.0,2
1999650,5.0,5.0,2
1999700,5.0,5.0,2
1999750,5.0,5.0,2
1999800,5.0,5.0,2
1999850,5.0,5.0,2
1999900,5.0,5.0,2
1999950,5.0,5.0,2
2000000,5.0,5.0,2
2000050,5.0,5.0,2
2000100,5.0,5.0,2
2000150,5.0,5.0,2
2000200,5.0,5.0,2
2000250,5.0,5.0,2
2000300,5.0,5.0,2
2000350,5.0,5.0,2
2000400,5.0,5.0,2
2000450,5.0,5.0,2
2000500,5.0,5.0,2
2000550,5.0,5.0,2
2000600,5.0,5.0,2
2000650,5.0,5.0,2
2000700,5.0,5.0,2
2000750,5.0,5.0,2
2000800,5.0,5.0,2
2000850,5.0,5.0,2
2000900,5.0,5.0,2
2000950,5.0,5.0,2
2001000,5.0,5.0,2
2001050,5.0,5.0,2
2001100,5.0,5.0,2
2001150,5.0,5.0,2
2001200,5.0,5.0,2
2001250,5.0,5.0,2
2001300,5.0,5.0,2
2001350,5.0,5.0,2
2001400,5.0,5.0,2
2001450,5.0,5.0,2
2001500,5.0,5.0,2
2001550,5.0,5.0,2
2001600,5.0,5.0,2
2001650,5.0,5.0,2
2001700,5.0,5.0,2
2001750,5.0,5.0,2
2001800,5.0,5.0,2
2001850,5.0,5.0,2
2001900,5.0,5.0,2
2001950,5.0,5.0,2
2002000,5.0,5.0,2
2002050,5.0,5.0,2
2002100,5.0,5.0,2
2002150,5.0,5.0,2
2002200,5.0,5.0,2
2002250,5.0,5.0,2
2002300,5.0,5.0,2
2002350,5.0,5.0,2
2002400,5.0,5.0,2
2002450,5.0,5.0,2
2002500,5.0,5.0,2
2002550,5.0,5.0,2
2002600,5.0,5.0,2
2002650,5.0,5.0,2
2002700,5.0,5.0,2
2002750,5.0,5.0,2
2002800,5.0,5.0,2
2002850,5.0,5.0,2
2002900,5.0,5.0,2
2002950,5.0,5.0,2
2003000,5.0,5.0,2
2003050,5.0,5.0,2
2003100,5.0,5.0,2
2003150,5.0,5.0,2
2003200,5.0,5.0,2
2003250,5.0,5.0,2
2003300,5.0,5.0,2
2003350,5.0,5.0,2
2003400,5.0,5.0,2
2003450,5.0,5.0,2
2003500,5.0,5.0,2
2003550,5.0,5.0,2
2003600,5.0,5.0,2
2003650,5.0,5.0,2
2003700,5.0,5.0,2
2003750,5.0,5.0,2
2003800,5.0,5.0,2
2003850,5.0,5.0,2
2003900,5.0,5.0,2
2003950,5.0,5.0,2
2004000,5.0,5.0,2
2004050,5.0,5.0,2
2004100,5.0,5.0,2
2004150,5.0,5.0,2
2004200,5.0,5.0,2
2004250,5.0,5.0,2
2004300,5.0,5.0,2
2004350,5.0,5.0,2
2004400,5.0,5.0,2
2004450,5.0,5.0,2
2004500,5.0,5.0,2
2004550,5.0,5.0,2
2004600,5.0,5.0,2
2004650,5.0,5.0,2
2004700,5.0,5.0,2
2004750,5.0,5.0,2
2004800,5.0,5.0,2
2004850,5.0,5.0,2
2004900,5.0,5.0,2
2004950,5.0,5.0,2
2005000,5.0,5.0,2
2005050,5.0,5.0,2
2005100,5.0,5.0,2
2005150,5.0,5.0,2
2005200,5.0,5.0,2
2005250,5.0,5.0,2
2005300,5.0,5.0,2
2005350,5.0,5.0,2
2005400,5.0,5.0,2
2005450,5.0,5.0,2
2005500,5.0,5.0,2
2005550,5.0,5.0,2
2005600,5.0,5.0,2
2005650,5.0,5.0,2
2005700,5.0,5.0,2
2005750,5.0,5.0,2
2005800,5.0,5.0,2
2005850,5.0,5.0,2
2005900,5.0,5.0,2
2005950,5.0,5.0,2
2006000,5.0,5.0,2
2006050,5.0,5.0,2
2006100,5.0,5.0,2
2006150,5.0,5.0,2
2006200,5.0,5.0,2
2006250,5.0,5.0,2
2006300,5.0,5.0,2
2006350,5.0,5.0,2
2006400,5.0,5.0,2
2006450,5.0,5.0,2
2006500,5.0,5.0,2
2006550,5.0,5.0,2
2006600,5.0,5.0,2
2006650,5.0,5.0,2
2006700,5.0,5.0,2
2006750,5.0,5.0,2
2006800,5.0,5.0,2
2006850,5.0,5.0,2
2006900,5.0,5.0,2
2006950,5.0,5.0,2
2007000,5.0,5.0,2
2007050,5.0,5.0,2
2007100,5.0,5.0,2
2007150,5.0,5.0,2
2007200,5.0,5.0,2
2007250,5.0,5.0,2
2007300,5.0,5.0,2
2007350,5.0,5.0,2
2007400,5.0,5.0,2
2007450,5.0,5.0,2
2007500,5.0,5.0,2
2007550,5.0,5.0,2
2007600,5.0,5.0,2
2007650,5.0,5.0,2
2007700,5.0,5.0,2
2007750,5.0,5.0,2
2007800,5.0,5.0,2
2007850,5.0,5.0,2
2007900,5.0,5.0,2
2007950,5.0,5.0,2
2008000,5.0,5.0,2
2008050,5.0,5.0,2
2008100,5.0,5.0,2
2008150,5.0,5.0,2
2008200,5.0,5.0,2
2008250,5.0,5.0,2
2008300,5.0,5.0,2
2008350,5.0,5.0,2
2008400,5.0,5.0,2
2008450,5.0,5.0,2
2008500,5.0,5.0,2
2008550,5.0,5.0,2
2008600,5.0,5.0,2
2008650,5.0,5.0,2
2008700,5.0,5.0,2
2008750,5.0,5.0,2
2008800,5.0,5.0,2
2008850,5.0,5.0,2
2008900,5.0,5.0,2
2008950,5.0,5.0,2
2009000,5.0,5.0,2
2009050,5.0,5.0,2
2009100,5.0,5.0,2
2009150,5.0,5.0,2
2009200,5.0,5.0,2
2009250,5.0,5.0,2
2009300,5.0,5.0,2
2009350,5.0,5.0,2
2009400,5.0,5.0,2
2009450,5.0,5.0,2
2009500,5.0,5.0,2
2009550,5.0,5.0,2
2009600,5.0,5.0,2
2009650,5.0,5.0,2
2009700,5.0,5.0,2
2009750,5.0,5.0,2
2009800,5.0,5.0,2
2009850,5.0,5.0,2
2009900,5.0,5.0,2
2009950,5.0,5.0,2
2010000,5.0,5.0,2
2010050,5.0,5.0,2
2010100,5.0,5.0,2
2010150,5.0,5.0,2
2010200,5.0,5.0,2
2010250,5.0,5.0,2
2010300,5.0,5.0,2
2010350,5.0,5.0,2
2010400,5.0,5.0,2
2010450,5.0,5.0,2
2010500,5.0,5.0,2
2010550,5.0,5.0,2
2010600,5.0,5.0,2
2010650,5.0,5.0,2
2010700,5.0,5.0,2
2010750,5.0,5.0,2
2010800,5.0,5.0,2
2010850,5.0,5.0,2
2010900,5.0,5.0,2
2010950,5.0,5.0,2
2011000,5.0,5.0,2
2011050,5.0,5.0,2
2011100,5.0,5.0,2
2011150,5.0,5.0,2
2011200,5.0,5.0,2
2011250,5.0,5.0,2
2011300,5.0,5.0,2
2011350,5.0,5.0,2
2011400,5.0,5.0,2
2011450,5.0,5.0,2
2011500,5.0,5.0,2
2011550,5.0,5.0,2
2011600,5.0,5.0,2
2011650,5.0,5.0,2
2011700,5.0,5.0,2
2011750,5.0,5.0,2
2011800,5.0,5.0,2
2011850,5.0,5.0,2
2011900,5.0,5.0,2
2011950,5.0,5.0,2
2012000,5.0,5.0,2
2012050,5.0,5.0,2
2012100,5.0,5.0,2
2012150,5.0,5.0,2
2012200,5.0,5.0,2
2012250,5.0,5.0,2
2012300,5.0,5.0,2
2012350,5.0,5.0,2
2012400,5.0,5.0,2
2012450,5.0,5.0,2
2012500,5.0,5.0,2
2012550,5.0,5.0,2
2012600,5.0,5.0,2
2012650,5.0,5.0,2
2012700,5.0,5.0,2
2012750,5.0,5.0,2
2012800,5.0,5.0,2
2012850,5.0,5.0,2
2012900,5.0,5.0,2
2012950,5.0,5.0,2
2013000,5.0,5.0,2
2013050,5.0,5.0,2
2013100,5.0,5.0,2
2013150,5.0,5.0,2
2013200,5.0,5.0,2
2013250,5.0,5.0,2
2013300,5.0,5.0,2
2013350,5.0,5.0,2
2013400,5.0,5.0,2
2013450,5.0,5.0,2
2013500,5.0,5.0,2
2013550,5.0,5.0,2
2013600,5.0,5.0,2
2013650,5.0,5.0,2
2013700,5.0,5.0,2
2013750,5.0,5.0,2
2013800,5.0,5.0,2
2013850,5.0,5.0,2
2013900,5.0,5.0,2
2013950,5.0,5.0,2
2014000,5.0,5.0,2
2014050,5.0,5.0,2
2014100,5.0,5.0,2
2014150,5.0,5.0,2
2014200,5.0,5.0,2
2014250,5.0,5.0,2
2014300,5.0,5.0,2
2014350,5.0,5.0,2
2014400,5.0,5.0,2
2014450,5.0,5.0,2
2014500,5.0,5.0,2
2014550,5.0,5.0,2
2014600,5.0,5.0,2
2014650,5.0,5.0,2
2014700,5.0,5.0,2
2014750,5.0,5.0,2
2014800,5.0,5.0,2
2014850,5.0,5.0,2
2014900,5.0,5.0,2
2014950,5.0,5.0,2
2015000,5.0,5.0,2
2015050,5.0,5.0,2
2015100,5.0,5.0,2
2015150,5.0,5.0,2
2015200,5.0,5.0,2
2015250,5.0,5.0,2
2015300,5.0,5.0,2
2015350,5.0,5.0,2
2015400,5.0,5.0,2
2015450,5.0,5.0,2
2015500,5.0,5.0,2
2015550,5.0,5.0,2
2015600,5.0,5.0,2
2015650,5.0,5.0,2
2015700,5.0,5.0,2
2015750,5.0,5.0,2
2015800,5.0,5.0,2
2015850,5.0,5.0,2
2015900,5.0,5.0,2
2015950,5.0,5.0,2
2016000,5.0,5.0,2
2016050,5.0,5.0,2
2016100,5.0,5.0,2
2016150,5.0,5.0,2
2016200,5.0,5.0,2
2016250,5.0,5.0,2
2016300,5.0,5.0,2
2016350,5.0,5.0,2
2016400,5.0,5.0,2
2016450,5.0,5.0,2
2016500,5.0,5.0,2
2016550,5.0,5.0,2
2016600,5.0,5.0,2
2016650,5.0,5.0,2
2016700,5.0,5.0,2
2016750,5.0,5.0,2
2016800,5.0,5.0,2
2016850,5.0,5.0,2
2016900,5.0,5.0,2
2016950,5.0,5.0,2
2017000,5.0,5.0,2
2017050,5.0,5.0,2
2017100,5.0,5.0,2
2017150,5.0,5.0,2
2017200,5.0,5.0,2
2017250,5.0,5.0,2
2017300,5.0,5.0,2
2017350,5.0,5.0,2
2017400,5.0,5.0,2
2017450,5.0,5.0,2
2017500,5.0,5.0,2
2017550,5.0,5.0,2
2017600,5.0,5.0,2
2017650,5.0,5.0,2
2017700,5.0,5.0,2
2017750,5.0,5.0,2
2017800,5.0,5.0,2
2017850,5.0,5.0,2
2017900,5.0,5.0,2
2017950,5.0,5.0,2
2018000,5.0,5.0,2
2018050,5.0,5.0,2
2018100,5.0,5.0,2
2018150,5.0,5.0,2
2018200,5.0,5.0,2
2018250,5.0,5.0,2
2018300,5.0,5.0,2
2018350,5.0,5.0,2
2018400,5.0,5.0,2
2018450,5.0,5.0,2
2018500,5.0,5.0,2
2018550,5.0,5.0,2
2018600,5.0,5.0,2
2018650,5.0,5.0,2
2018700,5.0,5.0,2
2018750,5.0,5.0,2
2018800,5.0,5.0,2
2018850,5.0,5.0,2
2018900,5.0,5.0,2
2018950,5.0,5.0,2
2019000,5.0,5.0,2
2019050,5.0,5.0,2
2019100,5.0,5.0,2
2019150,5.0,5.0,2
2019200,5.0,5.0,2
2019250,5.0,5.0,2
2019300,5.0,5.0,2
2019350,5.0,5.0,2
2019400,5.0,5.0,2
2019450,5.0,5.0,2
2019500,5.0,5.0,2
2019550,5.0,5.0,2
2019600,5.0,5.0,2
2019650,5.0,5.0,2
2019700,5.0,5.0,2
2019750,5.0,5.0,2
2019800,5.0,5.0,2
2019850,5.0,5.0,2
2019900,5.0,5.0,2
2019950,5.0,5.0,2
2020000,5.0,5.0,2
2020050,5.0,5.0,2
2020100,5.0,5.0,2
2020150,5.0,5.0,2
2020200,5.0,5.0,2
2020250,5.0,5.0,2
2020300,5.0,5.0,2
2020350,5.0,5.0,2
2020400,5.0,5.0,2
2020450,5.0,5.0,2
2020500,5.0,5.0,2
2020550,5.0,5.0,2
2020600,5.0,5.0,2
2020650,5.0,5.0,2
2020700,5.0,5.0,2
2020750,5.0,5.0,2
2020800,5.0,5.0,2
2020850,5.0,5.0,2
2020900,5.0,5.0,2
2020950,5.0,5.0,2
2021000,5.0,5.0,2
2021050,5.0,5.0,2
2021100,5.0,5.0,2
2021150,5.0,5.0,2
2021200,5.0,5.0,2
2021250,5.0,5.0,2
2021300,5.0,5.0,2
2021350,5.0,5.0,2
2021400,5.0,5.0,2
2021450,5.0,5.0,2
2021500,5.0,5.0,2
2021550,5.0,5.0,2
2021600,5.0,5.0,2
2021650,5.0,5.0,2
2021700,5.0,5.0,2
2021750,5.0,5.0,2
2021800,5.0,5.0,2
2021850,5.0,5.0,2
2021900,5.0,5.0,2
2021950,5.0,5.0,2
2022000,5.0,5.0,2
2022050,5.0,5.0,2
2022100,5.0,5.0,2
2022150,5.0,5.0,2
2022200,5.0,5.0,2
2022250,5.0,5.0,2
2022300,5.0,5.0,2
2022350,5.0,5.0,2
2022400,5.0,5.0,2
2022450,5.0,5.0,2
2022500,5.0,5.0,2
2022550,5.0,5.0,2
2022600,5.0,5.0,2
2022650,5.0,5.0,2
2022700,5.0,5.0,2
2022750,5.0,5.0,2
2022800,5.0,5.0,2
2022850,5.0,5.0,2
2022900,5.0,5.0,2
2022950,5.0,5.0,2
2023000,5.0,5.0,2
2023050,5.0,5.0,2
2023100,5.0,5.0,2
2023150,5.0,5.0,2
2023200,5.0,5.0,2
2023250,5.0,5.0,2
2023300,5.0,5.0,2
2023350,5.0,5.0,2
2023400,5.0,5.0,2
2023450,5.0,5.0,2
2023500,5.0,5.0,2
2023550,5.0,5.0,2
2023600,5.0,5.0,2
2023650,5.0,5.0,2
2023700,5.0,5.0,2
2023750,5.0,5.0,2
2023800,5.0,5.0,2
2023850,5.0,5.0,2
2023900,5.0,5.0,2
2023950,5.0,5.0,2
2024000,5.0,5.0,2
2024050,5.0,5.0,2
2024100,5.0,5.0,2
2024150,5.0,5.0,2
2024200,5.0,5.0,2
2024250,5.0,5.0,2
2024300,5.0,5.0,2
2024350,5.0,5.0,2
2024400,5.0,5.0,2
2024450,5.0,5.0,2
2024500,5.0,5.0,2
2024550,5.0,5.0,2
2024600,5.0,5.0,2
2024650,5.0,5.0,2
2024700,5.0,5.0,2
2024750,5.0,5.0,2
2024800,5.0,5.0,2
2024850,5.0,5.0,2
2024900,5.0,5.0,2
2024950,5.0,5.0,2
2025000,5.0,5.0,2
2025050,5.0,5.0,2
2025100,5.0,5.0,2
2025150,5.0,5.0,2
2025200,5.0,5.0,2
2025250,5.0,5.0,2
2025300,5.0,5.0,2
2025350,5.0,5.0,2
2025400,5.0,5.0,2
2025450,5.0,5.0,2
2025500,5.0,5.0,2
2025550,5.0,5.0,2
2025600,5.0,5.0,2
2025650,5.0,5.0,2
2025700,5.0,5.0,2
2025750,5.0,5.0,2
2025800,5.0,5.0,2
2025850,5.0,5.0,2
2025900,5.0,5.0,2
2025950,5.0,5.0,2
2026000,5.0,5.0,2
2026050,5.0,5.0,2
2026100,5.0,5.0,2
2026150,5.0,5.0,2
2026200,5.0,5.0,2
2026250,5.0,5.0,2
2026300,5.0,5.0,2
2026350,5.0,5.0,2
2026400,5.0,5.0,2
2026450,5.0,5.0,2
2026500,5.0,5.0,2
2026550,5.0,5.0,2
2026600,5.0,5.0,2
2026650,5.0,5.0,2
2026700,5.0,5.0,2
2026750,5.0,5.0,2
2026800,5.0,5.0,2
2026850,5.0,5.0,2
2026900,5.0,5.0,2
2026950,5.0,5.0,2
2027000,5.0,5.0,2
2027050,5.0,5.0,2
2027100,5.0,5.0,2
2027150,5.0,5.0,2
2027200,5.0,5.0,2
2027250,5.0,5.0,2
2027300,5.0,5.0,2
2027350,5.0,5.0,2
2027400,5.0,5.0,2
2027450,5.0,5.0,2
2027500,5.0,5.0,2
2027550,5.0,5.0,2
2027600,5.0,5.0,2
2027650,5.0,5.0,2
2027700,5.0,5.0,2
2027750,5.0,5.0,2
2027800,5.0,5.0,2
2027850,5.0,5.0,2
2027900,5.0,5.0,2
2027950,5.0,5.0,2
2028000,5.0,5.0,2
2028050,5.0,5.0,2
2028100,5.0,5.0,2
2028150,5.0,5.0,2
2028200,5.0,5.0,2
2028250,5.0,5.0,2
2028300,5.0,5.0,2
2028350,5.0,5.0,2
2028400,5.0,5.0,2
2028450,5.0,5.0,2
2028500,5.0,5.0,2
2028550,5.0,5.0,2
2028600,5.0,5.0,2
2028650,5.0,5.0,2
2028700,5.0,5.0,2
2028750,5.0,5.0,2
2028800,5.0,5.0,2
2028850,5.0,5.0,2
2028900,5.006,5.0,2
2028950,5.025,5.0,2
2029000,5.046,5.0,2
2029050,5.065,5.0,2
2029100,5.069,5.0,2
2029150,5.069,5.0,2
2029200,5.069,5.0,2
2029250,5.069,5.0,2
2029300,5.069,5.0,2
2029350,5.069,5.0,2
2029400,5.069,5.0,2
2029450,5.069,5.0,2
2029500,5.069,5.0,2
2029550,5.075,5.0,2
2029600,5.088,5.0,2
2029650,5.101,5.0,2
2029700,5.117,5.0,2
2029750,5.117,5.0,2
2029800,5.117,5.0,2
2029850,5.117,5.0,2
2029900,5.117,5.0,2
2029950,5.117,5.0,2
2030000,5.117,5.0,2
2030050,5.117,5.0,2
2030100,5.117,5.0,2
2030150,5.117,5.0,2
2030200,5.117,5.0,2
2030250,5.117,5.0,2
2030300,5.117,5.0,2
2030350,5.125,5.0,2
2030400,5.156,5.0,2
2030450,5.209,5.0,2
2030500,5.279,4.986,2
2030550,5.352,4.96,2
2030600,5.411,4.959,2
2030650,5.429,4.956,2
2030700,5.438,4.956,2
2030750,5.444,4.956,2
2030800,5.444,4.956,2
2030850,5.444,4.956,2
2030900,5.444,4.956,2
2030950,5.444,4.956,2
2031000,5.445,4.955,2
2031050,5.449,4.953,2
2031100,5.452,4.953,2
2031150,5.458,4.953,2
2031200,5.461,4.953,2
2031250,5.475,4.953,2
2031300,5.499,4.953,2
2031350,5.544,4.953,2
2031400,5.598,4.953,2
2031450,5.626,4.953,2
2031500,5.632,4.953,2
2031550,5.633,4.953,2
2031600,5.634,4.953,2
2031650,5.634,4.953,2
2031700,5.634,4.953,2
2031750,5.635,4.953,2
2031800,5.635,4.953,2
2031850,5.635,4.953,2
2031900,5.635,4.954,2
2031950,5.635,4.956,2
2032000,5.635,4.958,2
2032050,5.636,4.964,2
2032100,5.638,4.968,2
2032150,5.641,4.972,2
2032200,5.645,4.976,2
2032250,5.648,4.978,2
2032300,5.651,4.978,2
2032350,5.653,4.978,2
2032400,5.658,4.978,2
2032450,5.662,4.978,2
2032500,5.663,4.978,2
2032550,5.664,4.978,2
2032600,5.665,4.978,2
2032650,5.669,4.978,2
2032700,5.67,4.978,2
2032750,5.673,4.979,2
2032800,5.675,4.98,2
2032850,5.675,4.982,2
2032900,5.675,4.986,2
2032950,5.675,4.986,2
2033000,5.675,4.987,2
2033050,5.675,4.99,2
2033100,5.675,4.99,2
2033150,5.675,4.992,2
2033200,5.675,4.997,2
2033250,5.675,4.997,2
2033300,5.676,4.997,2
2033350,5.682,4.997,2
2033400,5.695,4.997,2
2033450,5.718,4.997,2
2033500,5.76,4.999,2
2033550,5.806,5.006,2
2033600,5.833,5.013,2
2033650,5.837,5.018,2
2033700,5.838,5.024,2
2033750,5.84,5.027,2
2033800,5.84,5.027,2
2033850,5.84,5.027,2
2033900,5.84,5.028,2
2033950,5.84,5.029,2
2034000,5.84,5.031,2
2034050,5.84,5.035,2
2034100,5.84,5.043,2
2034150,5.84,5.053,2
2034200,5.841,5.057,2
2034250,5.848,5.058,2
2034300,5.863,5.058,2
2034350,5.883,5.058,2
2034400,5.918,5.058,2
2034450,5.961,5.058,2
2034500,6.001,5.062,2
2034550,6.024,5.075,2
2034600,6.032,5.086,2
2034650,6.032,5.092,2
2034700,6.032,5.098,2
2034750,6.032,5.105,2
2034800,6.032,5.113,2
2034850,6.032,5.124,2
2034900,6.032,5.141,2
2034950,6.032,5.16,2
2035000,6.032,5.179,2
2035050,6.032,5.193,2
2035100,6.032,5.208,2
2035150,6.032,5.222,2
2035200,6.032,5.235,2
2035250,6.032,5.243,2
2035300,6.032,5.255,2
2035350,6.032,5.267,2
2035400,6.032,5.269,2
2035450,6.032,5.273,2
2035500,6.032,5.275,2
2035550,6.032,5.279,2
2035600,6.032,5.281,2
2035650,6.032,5.282,2
2035700,6.032,5.282,2
2035750,6.032,5.282,2
2035800,6.032,5.282,2
2035850,6.032,5.282,2
2035900,6.032,5.282,2
2035950,6.032,5.282,2
2036000,6.032,5.283,2
2036050,6.032,5.283,2
2036100,6.032,5.283,2
2036150,6.032,5.283,2
2036200,6.032,5.283,2
2036250,6.032,5.283,2
2036300,6.032,5.283,2
2036350,6.032,5.283,2
2036400,6.031,5.283,2
2036450,6.03,5.283,2
2036500,6.029,5.284,2
2036550,6.029,5.286,2
2036600,6.029,5.288,2
2036650,6.029,5.291,2
2036700,6.029,5.297,2
2036750,6.029,5.297,2
2036800,6.029,5.298,2
2036850,6.029,5.299,2
2036900,6.029,5.302,2
2036950,6.029,5.302,2
2037000,6.028,5.304,2
2037050,6.026,5.307,2
2037100,6.026,5.307,2
2037150,6.026,5.307,2
2037200,6.026,5.307,2
2037250,6.026,5.307,2
2037300,6.026,5.307,2
2037350,6.026,5.308,2
2037400,6.026,5.31,2
2037450,6.026,5.311,2
2037500,6.024,5.313,2
2037550,6.024,5.314,2
2037600,6.024,5.315,2
2037650,6.024,5.315,2
2037700,6.024,5.315,2
2037750,6.023,5.315,2
2037800,6.02,5.315,2
2037850,6.018,5.315,2
2037900,6.018,5.315,2
2037950,6.018,5.315,2
2038000,6.018,5.315,2
2038050,6.017,5.315,2
2038100,6.016,5.316,2
2038150,6.016,5.318,2
2038200,6.013,5.319,2
2038250,6.011,5.32,2
2038300,6.011,5.322,2
2038350,6.011,5.323,2
2038400,6.01,5.324,2
2038450,6.009,5.326,2
2038500,6.009,5.328,2
2038550,6.007,5.33,2
2038600,6.007,5.33,2
2038650,6.006,5.33,2
2038700,6.005,5.33,2
2038750,6.004,5.33,2
2038800,6.004,5.331,2
2038850,6.003,5.332,2
2038900,6.003,5.332,2
2038950,6.002,5.332,2
2039000,6.0,5.332,2
2039050,6.0,5.332,2
2039100,6.0,5.332,2
2039150,5.997,5.332,2
2039200,5.992,5.332,2
2039250,5.992,5.333,2
2039300,5.992,5.333,2
2039350,5.992,5.333,2
2039400,5.991,5.333,2
2039450,5.991,5.333,2
2039500,5.991,5.334,2
2039550,5.991,5.334,2
2039600,5.991,5.334,2
2039650,5.991,5.334,2
2039700,5.99,5.334,2
2039750,5.99,5.334,2
2039800,5.99,5.334,2
2039850,5.989,5.334,2
2039900,5.988,5.334,2
2039950,5.985,5.334,2
2040000,5.985,5.334,2
2040050,5.985,5.334,2
2040100,5.985,5.334,2
2040150,5.985,5.334,2
2040200,5.985,5.334,2
2040250,5.985,5.334,2
2040300,5.985,5.335,2
2040350,5.985,5.338,2
2040400,5.985,5.338,2
2040450,5.985,5.338,2
2040500,5.985,5.338,2
2040550,5.985,5.338,2
2040600,5.985,5.338,2
2040650,5.985,5.339,2
2040700,5.985,5.339,2
2040750,5.985,5.34,2
2040800,5.985,5.34,2
2040850,5.985,5.34,2
2040900,5.985,5.341,2
2040950,5.985,5.344,2
2041000,5.985,5.346,2
2041050,5.985,5.346,2
2041100,5.985,5.347,2
2041150,5.985,5.35,2
2041200,5.985,5.355,2
2041250,5.985,5.356,2
2041300,5.985,5.356,2
2041350,5.985,5.356,2
2041400,5.985,5.356,2
2041450,5.985,5.356,2
2041500,5.985,5.356,2
2041550,5.985,5.357,2
2041600,5.985,5.359,2
2041650,5.985,5.36,2
2041700,5.985,5.36,2
2041750,5.985,5.361,2
2041800,5.985,5.363,2
2041850,5.985,5.363,2
2041900,5.985,5.363,2
2041950,5.984,5.363,2
2042000,5.983,5.363,2
2042050,5.983,5.363,2
2042100,5.983,5.363,2
2042150,5.983,5.363,2
2042200,5.983,5.363,2
2042250,5.983,5.363,2
2042300,5.983,5.363,2
2042350,5.983,5.363,2
2042400,5.983,5.363,2
2042450,5.983,5.363,2
2042500,5.982,5.363,2
2042550,5.981,5.364,2
2042600,5.98,5.364,2
2042650,5.978,5.365,2
2042700,5.978,5.367,2
2042750,5.978,5.367,2
2042800,5.977,5.367,2
2042850,5.977,5.367,2
2042900,5.977,5.367,2
2042950,5.976,5.367,2
2043000,5.975,5.367,2
2043050,5.974,5.367,2
2043100,5.972,5.367,2
2043150,5.972,5.368,2
2043200,5.972,5.369,2
2043250,5.972,5.369,2
2043300,5.972,5.369,2
2043350,5.972,5.37,2
2043400,5.972,5.371,2
2043450,5.972,5.371,2
2043500,5.971,5.371,2
2043550,5.969,5.371,2
2043600,5.969,5.371,2
2043650,5.969,5.371,2
2043700,5.969,5.371,2
2043750,5.969,5.372,2
2043800,5.969,5.373,2
2043850,5.969,5.375,2
2043900,5.969,5.377,2
2043950,5.969,5.379,2
2044000,5.969,5.382,2
2044050,5.968,5.384,2
2044100,5.968,5.388,2
2044150,5.967,5.391,2
2044200,5.966,5.392,2
2044250,5.964,5.392,2
2044300,5.964,5.392,2
2044350,5.964,5.392,2
2044400,5.964,5.392,2
2044450,5.964,5.392,2
2044500,5.964,5.392,2
2044550,5.964,5.392,2
2044600,5.964,5.392,2
2044650,5.964,5.392,2
2044700,5.964,5.392,2
2044750,5.964,5.392,2
2044800,5.964,5.392,2
2044850,5.964,5.392,2
2044900,5.964,5.392,2
2044950,5.964,5.392,2
2045000,5.964,5.392,2
2045050,5.964,5.392,2
2045100,5.964,5.393,2
2045150,5.964,5.393,2
2045200,5.964,5.393,2
2045250,5.964,5.393,2
2045300,5.964,5.394,2
2045350,5.964,5.397,2
2045400,5.964,5.398,2
2045450,5.964,5.398,2
2045500,5.964,5.398,2
2045550,5.964,5.398,2
2045600,5.964,5.398,2
2045650,5.964,5.398,2
2045700,5.964,5.398,2
2045750,5.962,5.398,2
2045800,5.959,5.398,2
2045850,5.959,5.398,2
2045900,5.959,5.399,2
2045950,5.959,5.4,2
2046000,5.959,5.4,2
2046050,5.959,5.401,2
2046100,5.959,5.403,2
2046150,5.958,5.404,2
2046200,5.956,5.405,2
2046250,5.956,5.408,2
2046300,5.956,5.408,2
2046350,5.956,5.408,2
2046400,5.956,5.408,2
2046450,5.955,5.408,2
2046500,5.955,5.408,2
2046550,5.955,5.408,2
2046600,5.954,5.408,2
2046650,5.952,5.41,2
2046700,5.952,5.415,2
2046750,5.952,5.416,2
2046800,5.952,5.419,2
2046850,5.952,5.423,2
2046900,5.952,5.428,2
2046950,5.952,5.428,2
2047000,5.952,5.428,2
2047050,5.952,5.428,2
2047100,5.952,5.428,2
2047150,5.952,5.428,2
2047200,5.952,5.428,2
2047250,5.952,5.428,2
2047300,5.952,5.428,2
2047350,5.953,5.428,2
2047400,5.955,5.426,2
2047450,5.96,5.421,2
2047500,5.969,5.416,2
2047550,5.974,5.411,2
2047600,5.978,5.409,2
2047650,5.985,5.398,2
2047700,5.99,5.386,2
2047750,5.998,5.383,2
2047800,6.017,5.377,2
2047850,6.031,5.369,2
2047900,6.042,5.363,2
2047950,6.047,5.358,2
2048000,6.055,5.353,2
2048050,6.067,5.352,2
2048100,6.086,5.348,2
2048150,6.105,5.343,2
2048200,6.108,5.34,2
2048250,6.109,5.34,2
2048300,6.109,5.34,2
2048350,6.109,5.34,2
2048400,6.109,5.34,2
2048450,6.109,5.34,2
2048500,6.109,5.34,2
2048550,6.109,5.34,2
2048600,6.109,5.339,2
2048650,6.109,5.336,2
2048700,6.109,5.333,2
2048750,6.109,5.331,2
2048800,6.109,5.329,2
2048850,6.109,5.329,2
2048900,6.109,5.329,2
2048950,6.109,5.329,2
2049000,6.109,5.329,2
2049050,6.109,5.329,2
2049100,6.109,5.329,2
2049150,6.109,5.329,2
2049200,6.109,5.329,2
2049250,6.109,5.329,2
2049300,6.109,5.329,2
2049350,6.109,5.329,2
2049400,6.109,5.329,2
2049450,6.109,5.329,2
2049500,6.109,5.329,2
2049550,6.109,5.329,2
2049600,6.109,5.329,2
2049650,6.109,5.329,2
2049700,6.109,5.329,2
2049750,6.109,5.329,2
2049800,6.109,5.329,2
2049850,6.109,5.329,2
2049900,6.109,5.329,2
2049950,6.109,5.329,2
2050000,6.109,5.329,2
2050050,6.109,5.329,2
2050100,6.109,5.329,2
2050150,6.109,5.329,2
2050200,6.109,5.329,2
2050250,6.109,5.329,2
2050300,6.109,5.329,2
2050350,6.109,5.329,2
2050400,6.109,5.329,2
2050450,6.109,5.329,2
2050500,6.109,5.329,2
2050550,6.109,5.329,2
2050600,6.109,5.329,2
2050650,6.109,5.329,2
2050700,6.109,5.329,2
2050750,6.109,5.329,2
2050800,6.109,5.329,2
2050850,6.109,5.329,2
2050900,6.109,5.329,2
2050950,6.109,5.329,2
2051000,6.109,5.329,2
2051050,6.109,5.329,2
2051100,6.109,5.329,2
2051150,6.109,5.329,2
2051200,6.109,5.329,2
2051250,6.109,5.329,2
2051300,6.109,5.329,2
2051350,6.109,5.329,2
2051400,6.109,5.329,2
2051450,6.109,5.329,2
2051500,6.109,5.329,2
2051550,6.109,5.329,2
2051600,6.109,5.329,2
2051650,6.109,5.329,2
2051700,6.109,5.329,2
2051750,6.109,5.329,2
2051800,6.109,5.329,2
2051850,6.109,5.329,2
2051900,6.109,5.329,2
2051950,6.109,5.329,2
2052000,6.109,5.329,2
2052050,6.109,5.329,2
2052100,6.109,5.329,2
2052150,6.109,5.329,2
2052200,6.109,5.329,2
2052250,6.109,5.329,2
2052300,6.109,5.329,2
2052350,6.109,5.329,2
2052400,6.109,5.329,2
2052450,6.109,5.329,2
2052500,6.109,5.329,2
2052550,6.109,5.329,2
2052600,6.109,5.329,2
2052650,6.109,5.329,2
2052700,6.109,5.329,2
2052750,6.109,5.329,2
2052800,6.109,5.329,2
2052850,6.109,5.329,2
2052900,6.109,5.329,2
2052950,6.109,5.329,2
2053000,6.109,5.329,2
2053050,6.109,5.329,2
2053100,6.109,5.329,2
2053150,6.109,5.329,2
2053200,6.109,5.33,2
2053250,6.109,5.33,2
2053300,6.109,5.33,2
2053350,6.109,5.33,2
2053400,6.109,5.33,2
2053450,6.109,5.33,2
2053500,6.109,5.33,2
2053550,6.109,5.331,2
2053600,6.109,5.333,2
2053650,6.109,5.334,2
2053700,6.109,5.336,2
2053750,6.109,5.336,2
2053800,6.109,5.337,2
2053850,6.109,5.337,2
2053900,6.109,5.337,2
2053950,6.109,5.337,2
2054000,6.109,5.337,2
2054050,6.109,5.337,2
2054100,6.109,5.337,2
2054150,6.109,5.337,2
2054200,6.109,5.338,2
2054250,6.109,5.338,2
2054300,6.109,5.338,2
2054350,6.109,5.338,2
2054400,6.109,5.338,2
2054450,6.109,5.339,2
2054500,6.109,5.34,2
2054550,6.109,5.341,2
2054600,6.109,5.342,2
2054650,6.109,5.342,2
2054700,6.109,5.342,2
2054750,6.109,5.342,2
2054800,6.109,5.342,2
2054850,6.109,5.342,2
2054900,6.109,5.343,2
2054950,6.109,5.343,2
2055000,6.109,5.343,2
2055050,6.109,5.343,2
2055100,6.109,5.344,2
2055150,6.109,5.345,2
2055200,6.109,5.345,2
2055250,6.109,5.345,2
2055300,6.109,5.345,2
2055350,6.109,5.345,2
2055400,6.109,5.345,2
2055450,6.109,5.345,2
2055500,6.109,5.345,2
2055550,6.109,5.345,2
2055600,6.109,5.345,2
2055650,6.109,5.345,2
2055700,6.109,5.345,2
2055750,6.109,5.345,2
2055800,6.109,5.345,2
2055850,6.109,5.345,2
2055900,6.109,5.345,2
2055950,6.109,5.345,2
2056000,6.109,5.345,2
2056050,6.109,5.345,2
2056100,6.109,5.345,2
2056150,6.109,5.345,2
2056200,6.109,5.345,2
2056250,6.109,5.345,2
2056300,6.109,5.345,2
2056350,6.109,5.346,2
2056400,6.109,5.347,2
2056450,6.109,5.347,2
2056500,6.109,5.347,2
2056550,6.109,5.347,2
2056600,6.109,5.347,2
2056650,6.109,5.347,2
2056700,6.109,5.347,2
2056750,6.109,5.347,2
2056800,6.109,5.347,2
2056850,6.109,5.347,2
2056900,6.109,5.347,2
2056950,6.109,5.347,2
2057000,6.109,5.347,2
2057050,6.109,5.347,2
2057100,6.109,5.347,2
2057150,6.109,5.347,2
2057200,6.109,5.347,2
2057250,6.109,5.347,2
2057300,6.109,5.347,2
2057350,6.109,5.347,2
2057400,6.109,5.347,2
2057450,6.109,5.347,2
2057500,6.109,5.347,2
2057550,6.109,5.347,2
2057600,6.109,5.347,2
2057650,6.109,5.347,2
2057700,6.109,5.347,2
2057750,6.109,5.347,2
2057800,6.109,5.347,2
2057850,6.109,5.347,2
2057900,6.109,5.347,2
2057950,6.109,5.347,2
2058000,6.109,5.347,2
2058050,6.109,5.347,2
2058100,6.109,5.347,2
2058150,6.109,5.347,2
2058200,6.109,5.347,2
2058250,6.109,5.347,2
2058300,6.109,5.347,2
2058350,6.109,5.347,2
2058400,6.109,5.347,2
2058450,6.109,5.347,2
2058500,6.109,5.347,2
2058550,6.109,5.347,2
2058600,6.109,5.347,2
2058650,6.109,5.347,2
2058700,6.109,5.347,2
2058750,6.109,5.347,2
2058800,6.109,5.347,2
2058850,6.109,5.347,2
2058900,6.109,5.347,2
2058950,6.109,5.347,2
2059000,6.109,5.347,2
2059050,6.109,5.347,2
2059100,6.109,5.347,2
2059150,6.109,5.347,2
2059200,6.109,5.347,2
2059250,6.109,5.347,2
2059300,6.109,5.347,2
2059350,6.109,5.347,2
2059400,6.109,5.347,2
2059450,6.109,5.347,2
2059500,6.109,5.347,2
2059550,6.109,5.347,2
2059600,6.109,5.347,2
2059650,6.109,5.347,2
2059700,6.109,5.347,2
2059750,6.109,5.347,2
2059800,6.109,5.347,2
2059850,6.109,5.347,2
2059900,6.109,5.347,2
2059950,6.109,5.347,2
2060000,6.109,5.347,2
2060050,6.109,5.347,2
2060100,6.109,5.347,2
2060150,6.109,5.347,2
2060200,6.109,5.347,2
2060250,6.109,5.347,2
2060300,6.109,5.347,2
2060350,6.109,5.347,2
2060400,6.109,5.347,2
2060450,6.109,5.347,2
2060500,6.109,5.347,2
2060550,6.109,5.347,2
2060600,6.109,5.347,2
2060650,6.109,5.347,2
2060700,6.109,5.347,2
2060750,6.109,5.347,2
2060800,6.109,5.347,2
2060850,6.109,5.347,2
2060900,6.109,5.347,2
2060950,6.109,5.347,2
2061000,6.109,5.347,2
2061050,6.109,5.347,2
2061100,6.109,5.347,2
2061150,6.109,5.347,2
2061200,6.109,5.347,2
2061250,6.109,5.347,2
2061300,6.109,5.347,2
2061350,6.109,5.347,2
2061400,6.109,5.347,2
2061450,6.109,5.347,2
2061500,6.108,5.347,2
2061550,6.107,5.347,2
2061600,6.107,5.347,2
2061650,6.107,5.347,2
2061700,6.107,5.347,2
2061750,6.107,5.347,2
2061800,6.107,5.348,2
2061850,6.107,5.35,2
2061900,6.107,5.35,2
2061950,6.107,5.35,2
2062000,6.107,5.35,2
2062050,6.107,5.35,2
2062100,6.107,5.35,2
2062150,6.107,5.35,2
2062200,6.107,5.35,2
2062250,6.107,5.35,2
2062300,6.107,5.35,2
2062350,6.107,5.35,2
2062400,6.107,5.35,2
2062450,6.107,5.35,2
2062500,6.107,5.35,2
2062550,6.107,5.35,2
2062600,6.107,5.35,2
2062650,6.107,5.35,2
2062700,6.107,5.35,2
2062750,6.107,5.35,2
2062800,6.107,5.35,2
2062850,6.107,5.35,2
2062900,6.107,5.35,2
2062950,6.107,5.35,2
2063000,6.107,5.35,2
2063050,6.107,5.35,2
2063100,6.107,5.35,2
2063150,6.107,5.35,2
2063200,6.107,5.35,2
2063250,6.107,5.35,2
2063300,6.107,5.35,2
2063350,6.107,5.35,2
2063400,6.107,5.35,2
2063450,6.107,5.35,2
2063500,6.107,5.35,2
2063550,6.107,5.35,2
2063600,6.107,5.35,2
2063650,6.107,5.35,2
2063700,6.107,5.35,2
2063750,6.107,5.35,2
2063800,6.107,5.35,2
2063850,6.107,5.35,2
2063900,6.107,5.35,2
2063950,6.107,5.35,2
2064000,6.107,5.35,2
2064050,6.107,5.35,2
2064100,6.107,5.35,2
2064150,6.107,5.35,2
2064200,6.107,5.35,2
2064250,6.107,5.35,2
2064300,6.107,5.35,2
2064350,6.107,5.35,2
2064400,6.107,5.35,2
2064450,6.107,5.35,2
2064500,6.107,5.35,2
2064550,6.107,5.35,2
2064600,6.107,5.35,2
2064650,6.107,5.35,2
2064700,6.107,5.35,2
2064750,6.107,5.35,2
2064800,6.107,5.35,2
2064850,6.107,5.35,2
2064900,6.107,5.35,2
2064950,6.107,5.35,2
2065000,6.107,5.35,2
2065050,6.107,5.35,2
2065100,6.107,5.35,2
2065150,6.107,5.35,2
2065200,6.107,5.35,2
2065250,6.107,5.35,2
2065300,6.107,5.35,2
2065350,6.107,5.35,2
2065400,6.107,5.35,2
2065450,6.107,5.35,2
2065500,6.107,5.35,2
2065550,6.107,5.35,2
2065600,6.107,5.35,2
2065650,6.107,5.35,2
2065700,6.107,5.35,2
2065750,6.107,5.35,2
2065800,6.107,5.35,2
2065850,6.107,5.35,2
2065900,6.107,5.35,2
2065950,6.107,5.35,2
2066000,6.107,5.35,2
2066050,6.107,5.35,2
2066100,6.107,5.35,2
2066150,6.107,5.35,2
2066200,6.107,5.35,2
2066250,6.107,5.35,2
2066300,6.107,5.35,2
2066350,6.107,5.35,2
2066400,6.107,5.35,2
2066450,6.107,5.35,2
2066500,6.107,5.35,2
2066550,6.107,5.35,2
2066600,6.107,5.35,2
2066650,6.107,5.35,2
2066700,6.107,5.35,2
2066750,6.107,5.35,2
2066800,6.107,5.35,2
2066850,6.107,5.35,2
2066900,6.107,5.35,2
2066950,6.107,5.35,2
2067000,6.107,5.35,2
2067050,6.107,5.35,2
2067100,6.107,5.35,2
2067150,6.107,5.35,2
2067200,6.107,5.35,2
2067250,6.107,5.35,2
2067300,6.107,5.35,2
2067350,6.107,5.35,2
2067400,6.107,5.35,2
2067450,6.107,5.35,2
2067500,6.107,5.35,2
2067550,6.107,5.35,2
2067600,6.107,5.35,2
2067650,6.107,5.35,2
2067700,6.107,5.35,2
2067750,6.107,5.35,2
2067800,6.107,5.35,2
2067850,6.107,5.35,11
2067900,6.107,5.35,11
2067950,6.107,5.35,11
2068000,6.107,5.35,11
2068050,6.107,5.349,11
2068100,6.107,5.336,11
2068150,6.107,5.303,11
2068200,6.107,5.283,11
2068250,6.107,5.277,11
2068300,6.107,5.277,11
2068350,6.093,5.266,11
2068400,6.028,5.241,11
2068450,5.9,5.24,11
2068500,5.729,5.235,11
2068550,5.544,5.226,11
2068600,5.427,5.219,11
2068650,5.413,5.2,11
2068700,5.408,5.16,11
2068750,5.385,5.156,11
2068800,5.346,5.156,11
2068850,5.301,5.118,11
2068900,5.233,5.022,11
2068950,5.097,5.0,11
2069000,5.041,5.0,11
2069050,5.041,5.0,11
2069100,5.036,5.0,11
2069150,5.026,5.0,11
2069200,5.026,5.0,11
2069250,5.026,5.0,11
2069300,5.026,5.0,11
2069350,5.026,5.0,11
2069400,5.026,5.0,11
2069450,5.026,5.0,11
2069500,5.026,5.0,11
2069550,5.063,5.0,11
2069600,5.184,5.0,11
2069650,5.315,5.007,11
2069700,5.495,5.025,11
2069750,5.737,5.033,11
2069800,5.948,5.053,11
2069850,5.984,5.056,11
2069900,5.984,5.068,11
2069950,5.984,5.097,11
2070000,5.984,5.104,11
2070050,5.984,5.104,11
2070100,5.984,5.104,11
2070150,5.989,5.104,11
2070200,6.004,5.104,11
2070250,6.014,5.104,11
2070300,6.02,5.106,11
2070350,6.02,5.108,11
2070400,6.02,5.101,11
2070450,6.02,5.082,11
2070500,6.02,5.079,11
2070550,6.018,5.081,11
2070600,6.013,5.087,11
2070650,6.005,5.087,11
2070700,5.974,5.086,11
2070750,5.921,5.084,11
2070800,5.868,5.084,11
2070850,5.814,5.084,11
2070900,5.728,5.084,11
2070950,5.588,5.08,11
2071000,5.429,5.067,11
2071050,5.334,5.058,11
2071100,5.297,5.058,11
2071150,5.271,5.041,11
2071200,5.216,5.0,11
2071250,5.165,5.0,11
2071300,5.136,5.0,11
2071350,5.082,5.0,11
2071400,5.017,5.0,11
2071450,5.0,5.0,11
2071500,5.0,5.0,11
2071550,5.0,5.0,11
2071600,5.0,5.0,11
2071650,5.0,5.0,11
2071700,5.0,5.0,11
2071750,5.0,5.0,11
2071800,5.0,5.0,11
2071850,5.0,5.0,11
2071900,5.0,5.0,11
2071950,5.0,5.0,11
2072000,5.0,5.0,11
2072050,5.0,5.0,11
2072100,5.0,5.0,11
2072150,5.0,5.0,11
2072200,5.0,5.0,11
2072250,5.0,5.0,11
2072300,5.0,5.0,11
2072350,5.0,5.0,11
2072400,5.0,5.0,11
2072450,5.0,5.0,11
2072500,5.0,5.0,11
2072550,5.0,5.0,11
2072600,5.0,5.0,11
2072650,5.0,5.0,11
2072700,5.0,5.0,11
2072750,5.0,5.0,11
2072800,5.0,5.0,11
2072850,5.0,5.0,11
2072900,5.0,5.0,11
2072950,5.0,5.0,11
2073000,5.0,5.0,11
2073050,5.0,5.0,11
2073100,5.0,5.0,11
2073150,5.0,5.0,11
2073200,5.0,5.0,11
2073250,5.0,5.0,11
2073300,5.0,5.0,11
2073350,5.0,5.0,11
2073400,5.0,5.0,11
2073450,5.0,5.0,11
2073500,5.0,5.0,11
2073550,5.0,5.0,11
2073600,5.0,5.0,11
2073650,5.0,5.0,11
2073700,5.0,5.0,11
2073750,5.0,5.0,11
2073800,5.0,5.0,11
2073850,5.0,5.0,11
2073900,5.0,5.0,11
2073950,5.0,5.0,11
2074000,5.0,5.0,11
2074050,5.0,5.0,11
2074100,5.0,5.0,11
2074150,5.0,5.0,11
2074200,5.0,5.0,11
2074250,5.0,5.0,11
2074300,5.0,5.0,11
2074350,5.0,5.0,11
2074400,5.0,5.0,11
2074450,5.0,5.0,11
2074500,5.0,5.0,11
2074550,5.0,5.0,11
2074600,5.0,5.0,11
2074650,5.0,5.0,11
2074700,5.0,5.0,11
2074750,5.0,5.0,11
2074800,5.0,5.0,11
2074850,5.0,5.0,11
2074900,5.0,5.0,11
2074950,5.0,5.0,11
2075000,5.0,5.0,11
2075050,5.0,5.0,11
2075100,5.0,5.0,11
2075150,5.0,5.0,11
2075200,5.0,5.0,11
2075250,5.0,5.0,11
2075300,5.0,5.0,11
2075350,5.0,5.0,11
2075400,5.0,5.0,11
2075450,5.0,5.0,11
2075500,5.0,5.0,11
2075550,5.0,5.0,11
2075600,5.0,5.0,11
2075650,5.0,5.0,11
2075700,5.0,5.0,11
2075750,5.0,5.0,11
2075800,5.0,5.0,11
2075850,5.0,5.0,11
2075900,5.0,5.0,11
2075950,5.0,5.0,11
2076000,5.0,5.0,11
2076050,5.0,5.0,11
2076100,5.0,5.0,11
2076150,5.0,5.0,11
2076200,5.0,5.0,11
2076250,5.0,5.0,11
2076300,5.0,5.0,11
2076350,5.0,5.0,11
2076400,5.0,5.0,11
2076450,5.0,5.0,11
2076500,5.0,5.0,11
2076550,5.0,5.0,11
2076600,5.0,5.0,11
2076650,5.0,5.0,11
2076700,5.0,5.0,11
2076750,5.0,5.0,11
2076800,5.0,5.0,11
2076850,5.0,5.0,11
2076900,5.0,5.0,11
2076950,5.0,5.0,11
2077000,5.0,5.0,11
2077050,5.0,5.0,11
2077100,5.0,5.0,11
2077150,5.0,5.0,11
2077200,5.0,5.0,11
2077250,5.0,5.0,11
2077300,5.0,5.0,11
2077350,5.0,5.0,11
2077400,5.0,5.0,11
2077450,5.0,5.0,11
2077500,5.0,5.0,11
2077550,5.0,5.0,11
2077600,5.0,5.0,11
2077650,5.0,5.0,11
2077700,5.0,5.0,11
2077750,5.0,5.0,11
2077800,5.0,5.0,11
2077850,5.0,5.0,11
2077900,5.0,5.0,11
2077950,5.0,5.0,11
2078000,5.0,5.0,11
2078050,5.0,5.0,11
2078100,5.0,5.0,11
2078150,5.0,5.0,11
2078200,5.0,5.0,11
2078250,5.0,5.0,11
2078300,5.0,5.0,11
2078350,5.0,5.0,11
2078400,5.0,5.0,11
2078450,5.0,5.0,11
2078500,5.0,5.0,11
2078550,5.0,5.0,11
2078600,5.0,5.0,11
2078650,5.0,5.0,11
2078700,5.0,5.0,11
2078750,5.0,5.0,11
2078800,5.0,5.0,11
2078850,5.0,5.0,11
2078900,5.0,5.0,11
2078950,5.0,5.0,11
2079000,5.0,5.0,11
2079050,5.0,5.0,11
2079100,5.0,5.0,11
2079150,5.0,5.0,11
2079200,5.0,5.0,11
2079250,5.0,5.0,11
2079300,5.0,5.0,11
2079350,5.0,5.0,11
2079400,5.0,5.0,11
2079450,5.0,5.0,11
2079500,5.0,5.0,11
2079550,5.0,5.0,11
2079600,5.0,5.0,11
2079650,5.0,5.0,11
2079700,5.0,5.0,11
2079750,5.0,5.0,11
2079800,5.0,5.0,11
2079850,5.0,5.0,11
2079900,5.0,5.0,11
2079950,5.0,5.0,11
2080000,5.0,5.0,11
2080050,5.0,5.0,11
2080100,5.0,5.0,11
2080150,5.0,5.0,11
2080200,5.0,5.0,11
2080250,5.0,5.0,11
2080300,5.0,5.0,11
2080350,5.0,5.0,11
2080400,5.0,5.0,11
2080450,5.0,5.0,11
2080500,5.0,5.0,11
2080550,5.0,5.0,11
2080600,5.0,5.0,11
2080650,5.0,5.0,11
2080700,5.0,5.0,11
2080750,5.0,5.0,11
2080800,5.0,5.0,11
2080850,5.0,5.0,11
2080900,5.0,5.0,11
2080950,5.0,5.0,11
2081000,5.0,5.0,11
2081050,5.0,5.0,11
2081100,5.0,5.0,11
2081150,5.0,5.0,11
2081200,5.0,5.0,11
2081250,5.0,5.0,11
2081300,5.0,5.0,11
2081350,5.0,5.0,11
2081400,5.0,5.0,11
2081450,5.0,5.0,11
2081500,5.0,5.0,11
2081550,5.0,5.0,11
2081600,5.0,5.0,11
2081650,5.0,5.0,11
2081700,5.0,5.0,11
2081750,5.0,5.0,11
2081800,5.0,5.0,11
2081850,5.0,5.0,11
2081900,5.0,5.0,11
2081950,5.0,5.0,11
2082000,5.0,5.0,11
2082050,5.0,5.0,11
2082100,5.0,5.0,11
2082150,5.0,5.0,11
2082200,5.0,5.0,11
2082250,5.0,5.0,11
2082300,5.0,5.0,11
2082350,5.0,5.0,11
2082400,5.0,5.0,11
2082450,5.0,5.0,11
2082500,5.0,5.0,11
2082550,5.0,5.0,11
2082600,5.0,5.0,11
2082650,5.0,5.0,11
2082700,5.0,5.0,11
2082750,5.0,5.0,11
2082800,5.0,5.0,11
2082850,5.0,5.0,11
2082900,5.0,5.0,11
2082950,5.0,5.0,11
2083000,5.0,5.0,11
2083050,5.0,5.0,11
2083100,5.0,5.0,11
2083150,5.0,5.0,11
2083200,5.0,5.0,11
2083250,5.0,5.0,11
2083300,5.0,5.0,11
2083350,5.0,5.0,11
2083400,5.0,5.0,11
2083450,5.0,5.0,11
2083500,5.0,5.0,11
2083550,5.0,5.0,11
2083600,5.0,5.0,11
2083650,5.0,5.0,11
2083700,5.0,5.0,11
2083750,5.0,5.0,11
2083800,5.0,5.0,11
2083850,5.0,5.0,11
2083900,5.0,5.0,11
2083950,5.0,5.0,11
2084000,5.0,5.0,11
2084050,5.0,5.0,11
2084100,5.0,5.0,11
2084150,5.0,5.0,11
2084200,5.0,5.0,11
2084250,5.0,5.0,11
2084300,5.0,5.0,11
2084350,5.0,5.0,11
2084400,5.0,5.0,11
2084450,5.0,5.0,11
2084500,5.0,5.0,11
2084550,5.0,5.0,11
2084600,5.0,5.0,11
2084650,5.0,5.0,11
2084700,5.0,5.0,11
2084750,5.0,5.0,11
2084800,5.0,5.0,11
2084850,5.0,5.0,11
2084900,5.0,5.0,11
2084950,5.0,5.0,11
2085000,5.0,5.0,11
2085050,5.0,5.0,11
2085100,5.0,5.0,11
2085150,5.0,5.0,11
2085200,5.0,5.0,11
2085250,5.0,5.0,11
2085300,5.0,5.0,11
2085350,5.0,5.0,11
2085400,5.0,5.0,11
2085450,5.0,5.0,11
2085500,5.0,5.0,11
2085550,5.0,5.0,11
2085600,5.0,5.0,11
2085650,5.0,5.0,11
2085700,5.0,5.0,11
2085750,5.0,5.0,11
2085800,5.0,5.0,11
2085850,5.0,5.0,11
2085900,5.0,5.0,11
2085950,5.0,5.0,11
2086000,5.0,5.0,11
2086050,5.0,5.0,11
2086100,5.0,5.0,11
2086150,5.0,5.0,11
2086200,5.0,5.0,11
2086250,5.0,5.0,11
2086300,5.0,5.0,11
2086350,5.0,5.0,11
2086400,5.0,5.0,11
2086450,5.0,5.0,11
2086500,5.0,5.0,11
2086550,5.0,5.0,11
2086600,5.0,5.0,11
2086650,5.0,5.0,11
2086700,5.0,5.0,11
2086750,5.0,5.0,11
2086800,5.0,5.0,11
2086850,5.0,5.0,11
2086900,5.0,5.0,11
2086950,5.0,5.0,11
2087000,5.0,5.0,11
2087050,5.0,5.0,11
2087100,5.0,5.0,11
2087150,5.0,5.0,11
2087200,5.0,5.0,11
2087250,5.0,5.0,11
2087300,5.0,5.0,11
2087350,5.0,5.0,11
2087400,5.0,5.0,11
2087450,5.0,5.0,11
2087500,5.0,5.0,11
2087550,5.0,5.0,11
2087600,5.0,5.0,11
2087650,5.0,5.0,11
2087700,5.0,5.0,11
2087750,5.0,5.0,11
2087800,5.0,5.0,11
2087850,5.0,5.0,11
2087900,5.0,5.0,11
2087950,5.0,5.0,11
2088000,5.0,5.0,11
2088050,5.0,5.0,11
2088100,5.0,5.0,11
2088150,5.0,5.0,11
2088200,5.0,5.0,11
2088250,5.0,5.0,11
2088300,5.0,5.0,11
2088350,5.0,5.0,11
2088400,5.0,5.0,11
2088450,5.0,5.0,11
2088500,5.0,5.0,11
2088550,5.0,5.0,11
2088600,5.0,5.0,11
2088650,5.0,5.0,11
2088700,5.0,5.0,11
2088750,5.0,5.0,11
2088800,5.0,5.0,11
2088850,5.0,5.0,11
2088900,5.0,5.0,11
2088950,5.0,5.0,11
2089000,5.0,5.0,11
2089050,5.0,5.0,11
2089100,5.0,5.0,11
2089150,5.0,5.0,11
2089200,5.0,5.0,11
2089250,5.0,5.0,11
2089300,5.0,5.0,11
2089350,5.0,5.0,11
2089400,5.0,5.0,11
2089450,5.0,5.0,11
2089500,5.0,5.0,11
2089550,5.0,5.0,11
2089600,5.0,5.0,11
2089650,5.0,5.0,11
2089700,5.0,5.0,11
2089750,5.0,5.0,11
2089800,5.0,5.0,11
2089850,5.0,5.0,11
2089900,5.0,5.0,11
2089950,5.0,5.0,11
2090000,5.0,5.0,11
2090050,5.0,5.0,11
2090100,5.0,5.0,11
2090150,5.0,5.0,11
2090200,5.0,5.0,11
2090250,5.0,5.0,11
2090300,5.0,5.0,11
2090350,5.0,5.0,11
2090400,5.0,5.0,11
2090450,5.0,5.0,11
2090500,5.0,5.0,11
2090550,5.0,5.0,11
2090600,5.0,5.0,11
2090650,5.0,5.0,11
2090700,5.0,5.0,11
2090750,5.0,5.0,11
2090800,5.0,5.0,11
2090850,5.0,5.0,11
2090900,5.0,5.0,11
2090950,5.0,5.0,11
2091000,5.0,5.0,11
2091050,5.0,5.0,11
2091100,5.0,5.0,11
2091150,5.0,5.0,11
2091200,5.0,5.0,11
2091250,5.0,5.0,11
2091300,5.0,5.0,11
2091350,5.0,5.0,11
2091400,5.0,5.0,11
2091450,5.0,5.0,11
2091500,5.0,5.0,11
2091550,5.0,5.0,11
2091600,5.0,5.0,11
2091650,5.0,5.0,11
2091700,5.0,5.0,11
2091750,5.0,5.0,11
2091800,5.0,5.0,11
2091850,5.0,5.0,11
2091900,5.0,5.0,11
2091950,5.0,5.0,11
2092000,5.0,5.0,11
2092050,5.0,5.0,11
2092100,5.0,5.0,11
2092150,5.0,5.0,11
2092200,5.0,5.0,11
2092250,5.0,5.0,11
2092300,5.0,5.0,11
2092350,5.0,5.0,11
2092400,5.0,5.0,11
2092450,5.0,5.0,11
2092500,5.0,5.0,11
2092550,5.0,5.0,11
2092600,5.0,5.0,11
2092650,5.0,5.0,11
2092700,5.0,5.0,11
2092750,5.0,5.0,11
2092800,5.0,5.0,11
2092850,5.0,5.0,11
2092900,5.0,5.0,11
2092950,5.0,5.0,11
2093000,5.0,5.0,11
2093050,5.0,5.0,11
2093100,5.0,5.0,11
2093150,5.0,5.0,11
2093200,5.0,5.0,11
2093250,5.0,5.0,11
2093300,5.0,5.0,11
2093350,5.0,5.0,11
2093400,5.0,5.0,11
2093450,5.0,5.0,11
2093500,5.0,5.0,11
2093550,5.0,5.0,11
2093600,5.0,5.0,11
2093650,5.0,5.0,11
2093700,5.0,5.0,11
2093750,5.0,5.0,11
2093800,5.0,5.0,11
2093850,5.0,5.0,11
2093900,5.0,5.0,11
2093950,5.0,5.0,11
2094000,5.0,5.0,11
2094050,5.0,5.0,11
2094100,5.0,5.0,11
2094150,5.0,5.0,11
2094200,5.0,5.0,11
2094250,5.0,5.0,11
2094300,5.0,5.0,11
2094350,5.0,5.0,11
2094400,5.0,5.0,11
2094450,5.0,5.0,11
2094500,5.0,5.0,11
2094550,5.0,5.0,11
2094600,5.0,5.0,11
2094650,5.0,5.0,11
2094700,5.0,5.0,11
2094750,5.0,5.0,11
2094800,5.0,5.0,11
2094850,5.0,5.0,11
2094900,5.0,5.0,11
2094950,5.0,5.0,11
2095000,5.0,5.0,11
2095050,5.0,5.0,11
2095100,5.0,5.0,11
2095150,5.0,5.0,11
2095200,5.0,5.0,11
2095250,5.0,5.0,11
2095300,5.0,5.0,11
2095350,5.0,5.0,11
2095400,5.0,5.0,11
2095450,5.0,5.0,11
2095500,5.0,5.0,11
2095550,5.0,5.0,11
2095600,5.0,5.0,11
2095650,5.0,5.0,11
2095700,5.0,5.0,11
2095750,5.0,5.0,11
2095800,5.0,5.0,11
2095850,5.0,5.0,11
2095900,5.0,5.0,11
2095950,5.0,5.0,11
2096000,5.0,5.0,11
2096050,5.0,5.0,11
2096100,5.0,5.0,11
2096150,5.0,5.0,11
2096200,5.0,5.0,11
2096250,5.0,5.0,11
2096300,5.0,5.0,11
2096350,5.0,5.0,11
2096400,5.0,5.0,11
2096450,5.0,5.0,11
2096500,5.0,5.0,11
2096550,5.0,5.0,11
2096600,5.0,5.0,11
2096650,5.0,5.0,11
2096700,5.0,5.0,11
2096750,5.0,5.0,11
2096800,5.0,5.0,11
2096850,5.0,5.0,11
2096900,5.0,5.0,11
2096950,5.0,5.0,11
2097000,5.0,5.0,11
2097050,5.0,5.0,11
2097100,5.0,5.0,11
2097150,5.0,5.0,11
2097200,5.0,5.0,11
2097250,5.0,5.0,11
2097300,5.0,5.0,11
2097350,5.0,5.0,11
2097400,5.0,5.0,11
2097450,5.0,5.0,11
2097500,5.0,5.0,11
2097550,5.0,5.0,11
2097600,5.0,5.0,11
2097650,5.0,5.0,11
2097700,5.0,5.0,11
2097750,5.0,5.0,11
2097800,5.0,5.0,11
2097850,5.0,5.0,11
2097900,5.0,5.0,11
2097950,5.0,5.0,11
2098000,5.0,5.0,11
2098050,5.0,5.0,11
2098100,5.0,5.0,11
2098150,5.0,5.0,11
2098200,5.0,5.0,11
2098250,5.0,5.0,11
2098300,5.0,5.0,11
2098350,5.0,5.0,11
2098400,5.0,5.0,11
2098450,5.0,5.0,11
2098500,5.0,5.0,11
2098550,5.0,5.0,11
2098600,5.0,5.0,11
2098650,5.0,5.0,11
2098700,5.0,5.0,11
2098750,5.0,5.0,11
2098800,5.0,5.0,11
2098850,5.0,5.0,11
2098900,5.0,5.0,11
2098950,5.0,5.0,11
2099000,5.0,5.0,11
2099050,5.0,5.0,11
2099100,5.0,5.0,11
2099150,5.0,5.0,11
2099200,5.0,5.0,11
2099250,5.0,5.0,11
2099300,5.0,5.0,11
2099350,5.0,5.0,11
2099400,5.0,5.0,11
2099450,5.0,5.0,11
2099500,5.0,5.0,11
2099550,5.0,5.0,11
2099600,5.0,5.0,11
2099650,5.0,5.0,11
2099700,5.0,5.0,11
2099750,5.0,5.0,11
2099800,5.0,5.0,11
2099850,5.0,5.0,11
2099900,5.0,5.0,11
2099950,5.0,5.0,11
2100000,5.0,5.0,11
2100050,5.0,5.0,11
2100100,5.0,5.0,11
2100150,5.0,5.0,11
2100200,5.0,5.0,11
2100250,5.0,5.0,11
2100300,5.0,5.0,11
2100350,5.0,5.0,11
2100400,5.0,5.0,11
2100450,5.0,5.0,11
2100500,5.0,5.0,11
2100550,5.0,5.0,11
2100600,5.0,5.0,11
2100650,5.0,5.0,11
2100700,5.0,5.0,11
2100750,5.0,5.0,11
2100800,5.0,5.0,11
2100850,5.0,5.0,11
2100900,5.0,5.0,11
2100950,5.0,5.0,11
2101000,5.0,5.0,11
2101050,5.0,5.0,11
2101100,5.0,5.0,11
2101150,5.0,5.0,11
2101200,5.0,5.0,11
2101250,5.0,5.0,11
2101300,5.0,5.0,11
2101350,5.0,5.0,11
2101400,5.0,5.0,11
2101450,5.0,5.0,11
2101500,5.0,5.0,11
2101550,5.0,5.0,11
2101600,5.0,5.0,11
2101650,5.0,5.0,11
2101700,5.0,5.0,11
2101750,5.0,5.0,11
2101800,5.0,5.0,11
2101850,5.0,5.0,11
2101900,5.0,5.0,11
2101950,5.0,5.0,11
2102000,5.0,5.0,11
2102050,5.0,5.0,11
2102100,5.0,5.0,11
2102150,5.0,5.0,11
2102200,5.0,5.0,11
2102250,5.0,5.0,11
2102300,5.0,5.0,11
2102350,5.0,5.0,11
2102400,5.0,5.0,11
2102450,5.0,5.0,11
2102500,5.0,5.0,11
2102550,5.0,5.0,11
2102600,5.0,5.0,11
2102650,5.0,5.0,11
2102700,5.0,5.0,11
2102750,5.0,5.0,11
2102800,5.0,5.0,11
2102850,5.0,5.0,11
2102900,5.0,5.0,11
2102950,5.0,5.0,11
2103000,5.0,5.0,11
2103050,5.0,5.0,11
2103100,5.0,5.0,11
2103150,5.0,5.0,11
2103200,5.0,5.0,11
2103250,5.0,5.0,11
2103300,5.0,5.0,11
2103350,5.0,5.0,11
2103400,5.0,5.0,11
2103450,5.0,5.0,11
2103500,5.0,5.0,11
2103550,5.0,5.0,11
2103600,5.0,5.0,11
2103650,5.0,5.0,11
2103700,5.0,5.0,11
2103750,5.0,5.0,11
2103800,5.0,5.0,11
2103850,5.0,5.0,11
2103900,5.0,5.0,11
2103950,5.0,5.0,11
2104000,5.0,5.0,11
2104050,5.0,5.0,11
2104100,5.0,5.0,11
2104150,5.0,5.0,11
2104200,5.0,5.0,11
2104250,5.0,5.0,11
2104300,5.0,5.0,11
2104350,5.0,5.0,11
2104400,5.0,5.0,11
2104450,5.0,5.0,11
2104500,5.0,5.0,11
2104550,5.0,5.0,11
2104600,5.0,5.0,11
2104650,5.0,5.0,11
2104700,5.0,5.0,11
2104750,5.0,5.0,11
2104800,5.0,5.0,11
2104850,5.0,5.0,11
2104900,5.0,5.0,11
2104950,5.0,5.0,11
2105000,5.0,5.0,11
2105050,5.0,5.0,11
2105100,5.0,5.0,11
2105150,5.0,5.0,11
2105200,5.0,5.0,11
2105250,5.0,5.0,11
2105300,5.0,5.0,11
2105350,5.0,5.0,11
2105400,5.0,5.0,11
2105450,5.0,5.0,11
2105500,5.0,5.0,11
2105550,5.0,5.0,11
2105600,5.0,5.0,11
2105650,5.0,5.0,11
2105700,5.0,5.0,11
2105750,5.0,5.0,11
2105800,5.0,5.0,11
2105850,5.0,5.0,11
2105900,5.0,5.0,11
2105950,5.0,5.0,11
2106000,5.0,5.0,11
2106050,5.0,5.0,11
2106100,5.0,5.0,11
2106150,5.0,5.0,11
2106200,5.0,5.0,11
2106250,5.0,5.0,11
2106300,5.0,5.0,11
2106350,5.0,5.0,11
2106400,5.0,5.0,11
2106450,5.0,5.0,11
2106500,5.0,5.0,11
2106550,5.0,5.0,11
2106600,5.0,5.0,11
2106650,5.0,5.0,11
2106700,5.0,5.0,11
2106750,5.0,5.0,11
2106800,5.0,5.0,11
2106850,5.0,5.0,11
2106900,5.0,5.0,11
2106950,5.0,5.0,11
2107000,5.0,5.0,11
2107050,5.0,5.0,11
2107100,5.0,5.0,11
2107150,5.0,5.0,11
2107200,5.0,5.0,11
2107250,5.0,5.0,11
2107300,5.0,5.0,11
2107350,5.0,5.0,11
2107400,5.0,5.0,11
2107450,5.0,5.0,11
2107500,5.0,5.0,11
2107550,5.0,5.0,11
2107600,5.0,5.0,11
2107650,5.0,5.0,11
2107700,5.0,5.0,11
2107750,5.0,5.0,11
2107800,5.0,5.0,11
2107850,5.0,5.0,11
2107900,5.0,5.0,11
2107950,5.0,5.0,11
2108000,5.0,5.0,11
2108050,5.0,5.0,11
2108100,5.0,5.0,11
2108150,5.0,5.0,11
2108200,5.0,5.0,11
2108250,5.0,5.0,11
2108300,5.0,5.0,11
2108350,5.0,5.0,11
2108400,5.0,5.0,11
2108450,5.0,5.0,11
2108500,5.0,5.0,11
2108550,5.0,5.0,11
2108600,5.0,5.0,11
2108650,5.0,5.0,11
2108700,5.0,5.0,11
2108750,5.0,5.0,11
2108800,5.0,5.0,11
2108850,5.0,5.0,11
2108900,5.0,5.0,11
2108950,5.0,5.0,11
2109000,5.0,5.0,11
2109050,5.0,5.0,11
2109100,5.0,5.0,11
2109150,5.0,5.0,11
2109200,5.0,5.0,11
2109250,5.0,5.0,11
2109300,5.0,5.0,11
2109350,5.0,5.0,11
2109400,5.0,5.0,11
2109450,5.0,5.0,11
2109500,5.0,5.0,11
2109550,5.0,5.0,11
2109600,5.0,5.0,11
2109650,5.0,5.0,11
2109700,5.0,5.0,11
2109750,5.0,5.0,11
2109800,5.0,5.0,11
2109850,5.0,5.0,11
2109900,5.0,5.0,11
2109950,5.0,5.0,11
2110000,5.0,5.0,11
2110050,5.0,5.0,11
2110100,5.0,5.0,11
2110150,5.0,5.0,11
2110200,5.0,5.0,11
2110250,5.0,5.0,11
2110300,5.0,5.0,11
2110350,5.0,5.0,11
2110400,5.0,5.0,11
2110450,5.0,5.0,11
2110500,5.0,5.0,11
2110550,5.0,5.0,11
2110600,5.0,5.0,11
2110650,5.0,5.0,11
2110700,5.0,5.0,11
2110750,5.0,5.0,11
2110800,5.0,5.0,11
2110850,5.0,5.0,11
2110900,5.0,5.0,11
2110950,5.0,5.0,11
2111000,5.0,5.0,11
2111050,5.0,5.0,11
2111100,5.0,5.0,11
2111150,5.0,5.0,11
2111200,5.0,5.0,11
2111250,5.0,5.0,11
2111300,5.0,5.0,11
2111350,5.0,5.0,11
2111400,5.0,5.0,11
2111450,5.0,5.0,11
2111500,5.0,5.0,11
2111550,5.0,5.0,11
2111600,5.0,5.0,11
2111650,5.0,5.0,11
2111700,5.0,5.0,11
2111750,5.0,5.0,11
2111800,5.0,5.0,11
2111850,5.0,5.0,11
2111900,5.0,5.0,11
2111950,5.0,5.0,11
2112000,5.0,5.0,11
2112050,5.0,5.0,11
2112100,5.0,5.0,11
2112150,5.0,5.0,11
2112200,5.0,5.0,11
2112250,5.0,5.0,11
2112300,5.0,5.0,11
2112350,5.0,5.0,11
2112400,5.0,5.0,11
2112450,5.0,5.0,11
2112500,5.0,5.0,11
2112550,5.0,5.0,11
2112600,5.0,5.0,11
2112650,5.0,5.0,11
2112700,5.0,5.0,11
2112750,5.0,5.0,11
2112800,5.0,5.0,11
2112850,5.0,5.0,11
2112900,5.0,5.0,11
2112950,5.0,5.0,11
2113000,5.0,5.0,11
2113050,5.0,5.0,11
2113100,5.0,5.0,11
2113150,5.0,5.0,11
2113200,5.0,5.0,11
2113250,5.0,5.0,11
2113300,5.0,5.0,11
2113350,5.0,5.0,11
2113400,5.0,5.0,11
2113450,5.0,5.0,11
2113500,5.0,5.0,11
2113550,5.0,5.0,11
2113600,5.0,5.0,11
2113650,5.0,5.0,11
2113700,5.0,5.0,11
2113750,5.0,5.0,11
2113800,5.0,5.0,11
2113850,5.0,5.0,11
2113900,5.0,5.0,11
2113950,5.0,5.0,11
2114000,5.0,5.0,11
2114050,5.0,5.0,11
2114100,5.0,5.0,11
2114150,5.0,5.0,11
2114200,5.0,5.0,11
2114250,5.0,5.0,11
2114300,5.0,5.0,11
2114350,5.0,5.0,11
2114400,5.0,5.0,11
2114450,5.0,5.0,11
2114500,5.0,5.0,11
2114550,5.0,5.0,11
2114600,5.0,5.0,11
2114650,5.0,5.0,11
2114700,5.0,5.0,11
2114750,5.0,5.0,11
2114800,5.0,5.0,11
2114850,5.0,5.0,11
2114900,5.0,5.0,11
2114950,5.0,5.0,11
2115000,5.0,5.0,11
2115050,5.0,5.0,11
2115100,5.0,5.0,11
2115150,5.0,5.0,11
2115200,5.0,5.0,11
2115250,5.0,5.0,11
2115300,5.0,5.0,11
2115350,5.0,5.0,11
2115400,5.0,5.0,11
2115450,5.0,5.0,11
2115500,5.0,5.0,11
2115550,5.0,5.0,11
2115600,5.0,5.0,11
2115650,5.0,5.0,11
2115700,5.0,5.0,11
2115750,5.0,5.0,11
2115800,5.0,5.0,11
2115850,5.0,5.0,11
2115900,5.0,5.0,11
2115950,5.0,5.0,11
2116000,5.0,5.0,11
2116050,5.0,5.0,11
2116100,5.0,5.0,11
2116150,5.0,5.0,11
2116200,5.0,5.0,11
2116250,5.0,5.0,11
2116300,5.0,5.0,11
2116350,5.0,5.0,11
2116400,5.0,5.0,11
2116450,5.0,5.0,11
2116500,5.0,5.0,11
2116550,5.0,5.0,11
2116600,5.0,5.0,11
2116650,5.0,5.0,11
2116700,5.0,5.0,11
2116750,5.0,5.0,11
2116800,5.0,5.0,11
2116850,5.0,5.0,11
2116900,5.0,5.0,11
2116950,5.0,5.0,11
2117000,5.0,5.0,11
2117050,5.0,5.0,11
2117100,5.0,5.0,11
2117150,5.0,5.0,11
2117200,5.0,5.0,11
2117250,5.0,5.0,11
2117300,5.0,5.0,11
2117350,5.0,5.0,11
2117400,5.0,5.0,11
2117450,5.0,5.0,11
2117500,5.0,5.0,11
2117550,5.0,5.0,11
2117600,5.0,5.0,11
2117650,5.0,5.0,11
2117700,5.0,5.0,11
2117750,5.0,5.0,11
2117800,5.0,5.0,11
2117850,5.0,5.0,11
2117900,5.0,5.0,11
2117950,5.0,5.0,11
2118000,5.0,5.0,11
2118050,5.0,5.0,11
2118100,5.0,5.0,11
2118150,5.0,5.0,11
2118200,5.0,5.0,11
2118250,5.0,5.0,11
2118300,5.0,5.0,11
2118350,5.0,5.0,11
2118400,5.0,5.0,11
2118450,5.0,5.0,11
2118500,5.0,5.0,11
2118550,5.0,5.0,11
2118600,5.0,5.0,11
2118650,5.0,5.0,11
2118700,5.0,5.0,11
2118750,5.0,5.0,11
2118800,5.0,5.0,11
2118850,5.0,5.0,11
2118900,5.0,5.0,11
2118950,5.0,5.0,11
2119000,5.0,5.0,11
2119050,5.0,5.0,11
2119100,5.0,5.0,11
2119150,5.0,5.0,11
2119200,5.0,5.0,11
2119250,5.0,5.0,11
2119300,5.0,5.0,11
2119350,5.0,5.0,11
2119400,5.0,5.0,11
2119450,5.0,5.0,11
2119500,5.0,5.0,11
2119550,5.0,5.0,11
2119600,5.0,5.0,11
2119650,5.0,5.0,11
2119700,5.0,5.0,11
2119750,5.0,5.0,11
2119800,5.0,5.0,11
2119850,5.0,5.0,11
2119900,5.0,5.0,11
2119950,5.0,5.0,11
2120000,5.0,5.0,11
2120050,5.0,5.0,11
2120100,5.0,5.0,11
2120150,5.0,5.0,11
2120200,5.0,5.0,11
2120250,5.0,5.0,11
2120300,5.0,5.0,11
2120350,5.0,5.0,11
2120400,5.0,5.0,11
2120450,5.0,5.0,11
2120500,5.0,5.0,11
2120550,5.0,5.0,11
2120600,5.0,5.0,11
2120650,5.0,5.0,11
2120700,5.0,5.0,11
2120750,5.0,5.0,11
2120800,5.0,5.0,11
2120850,5.0,5.0,11
2120900,5.0,5.0,11
2120950,5.0,5.0,11
2121000,5.0,5.0,11
2121050,5.0,5.0,11
2121100,5.0,5.0,11
2121150,5.0,5.0,11
2121200,5.0,5.0,11
2121250,5.0,5.0,11
2121300,5.0,5.0,11
2121350,5.0,5.0,11
2121400,5.0,5.0,11
2121450,5.0,5.0,11
2121500,5.0,5.0,11
2121550,5.0,5.0,11
2121600,5.0,5.0,11
2121650,5.0,5.0,11
2121700,5.0,5.0,11
2121750,5.0,5.0,11
2121800,5.0,5.0,11
2121850,5.0,5.0,11
2121900,5.0,5.0,11
2121950,5.0,5.0,11
2122000,5.0,5.0,11
2122050,5.0,5.0,11
2122100,5.0,5.0,11
2122150,5.0,5.0,11
2122200,5.0,5.0,11
2122250,5.0,5.0,11
2122300,5.0,5.0,11
2122350,5.0,5.0,11
2122400,5.0,5.0,11
2122450,5.0,5.0,11
2122500,5.0,5.0,11
2122550,5.0,5.0,11
2122600,5.0,5.0,11
2122650,5.0,5.0,11
2122700,5.0,5.0,11
2122750,5.0,5.0,11
2122800,5.0,5.0,11
2122850,5.0,5.0,11
2122900,5.0,5.0,11
2122950,5.0,5.0,11
2123000,5.0,5.0,11
2123050,5.0,5.0,11
2123100,5.0,5.0,11
2123150,5.0,5.0,11
2123200,5.0,5.0,11
2123250,5.0,5.0,11
2123300,5.0,5.0,11
2123350,5.0,5.0,11
2123400,5.0,5.0,11
2123450,5.0,5.0,11
2123500,5.0,5.0,11
2123550,5.0,5.0,11
2123600,5.0,5.0,11
2123650,5.0,5.0,11
2123700,5.0,5.0,11
2123750,5.0,5.0,11
2123800,5.0,5.0,11
2123850,5.0,5.0,11
2123900,5.0,5.0,11
2123950,5.0,5.0,11
2124000,5.0,5.0,11
2124050,5.0,5.0,11
2124100,5.0,5.0,11
2124150,5.0,5.0,11
2124200,5.0,5.0,11
2124250,5.0,5.0,11
2124300,5.0,5.0,11
2124350,5.0,5.0,11
2124400,5.0,5.0,11
2124450,5.0,5.0,11
2124500,5.0,5.0,11
2124550,5.0,5.0,11
2124600,5.0,5.0,11
2124650,5.0,5.0,11
2124700,5.0,5.0,11
2124750,5.0,5.0,11
2124800,5.0,5.0,11
2124850,5.0,5.0,11
2124900,5.0,5.0,11
2124950,5.0,5.0,11
2125000,5.0,5.0,11
2125050,5.0,5.0,11
2125100,5.0,5.0,11
2125150,5.0,5.0,11
2125200,5.0,5.0,11
2125250,5.0,5.0,11
2125300,5.0,5.0,11
2125350,5.0,5.0,11
2125400,5.0,5.0,11
2125450,5.0,5.0,11
2125500,5.0,5.0,11
2125550,5.0,5.0,11
2125600,5.0,5.0,11
2125650,5.0,5.0,11
2125700,5.0,5.0,11
2125750,5.0,5.0,11
2125800,5.0,5.0,11
2125850,5.0,5.0,11
2125900,5.0,5.0,11
2125950,5.0,5.0,11
2126000,5.0,5.0,11
2126050,5.0,5.0,11
2126100,5.0,5.0,11
2126150,5.0,5.0,11
2126200,5.0,5.0,11
2126250,5.0,5.0,11
2126300,5.0,5.0,11
2126350,5.0,5.0,11
2126400,5.0,5.0,11
2126450,5.0,5.0,11
2126500,5.0,5.0,11
2126550,5.0,5.0,11
2126600,5.0,5.0,11
2126650,5.0,5.0,11
2126700,5.0,5.0,11
2126750,5.0,5.0,11
2126800,5.0,5.0,11
2126850,5.0,5.0,11
2126900,5.0,5.0,11
2126950,5.0,5.0,11
2127000,5.0,5.0,11
2127050,5.0,5.0,11
2127100,5.0,5.0,11
2127150,5.0,5.0,11
2127200,5.0,5.0,11
2127250,5.0,5.0,11
2127300,5.0,5.0,11
2127350,5.0,5.0,11
2127400,5.0,5.0,11
2127450,5.0,5.0,11
2127500,5.0,5.0,11
2127550,5.0,5.0,11
2127600,5.0,5.0,11
2127650,5.0,5.0,11
2127700,5.0,5.0,11
2127750,5.0,5.0,11
2127800,5.0,5.0,11
2127850,5.0,5.0,11
2127900,5.0,5.0,11
2127950,5.0,5.0,11
2128000,5.0,5.0,11
2128050,5.0,5.0,11
2128100,5.0,5.0,11
2128150,5.0,5.0,11
2128200,5.0,5.0,11
2128250,5.0,5.0,11
2128300,5.0,5.0,11
2128350,5.0,5.0,11
2128400,5.0,5.0,11
2128450,5.0,5.0,11
2128500,5.0,5.0,11
2128550,5.0,5.0,11
2128600,5.0,5.0,11
2128650,5.0,5.0,11
2128700,5.0,5.0,11
2128750,5.0,5.0,11
2128800,5.0,5.0,11
2128850,5.0,5.0,11
2128900,5.0,5.0,11
2128950,5.0,5.0,11
2129000,5.0,5.0,11
2129050,5.0,5.0,11
2129100,5.0,5.0,11
2129150,5.0,5.0,11
2129200,5.0,5.0,11
2129250,5.0,5.0,11
2129300,5.0,5.0,11
2129350,5.0,5.0,11
2129400,5.0,5.0,11
2129450,5.0,5.0,11
2129500,5.0,5.0,11
2129550,5.0,5.0,11
2129600,5.0,5.0,11
2129650,5.0,5.0,11
2129700,5.0,5.0,11
2129750,5.0,5.0,11
2129800,5.0,5.0,11
2129850,5.0,5.0,11
2129900,5.0,5.0,11
2129950,5.0,5.0,11
2130000,5.0,5.0,11
2130050,5.0,5.0,11
2130100,5.0,5.0,11
2130150,5.0,5.0,11
2130200,5.0,5.0,11
2130250,5.0,5.0,11
2130300,5.0,5.0,11
2130350,5.0,5.0,11
2130400,5.0,5.0,11
2130450,5.0,5.0,11
2130500,5.0,5.0,11
2130550,5.0,5.0,11
2130600,5.0,5.0,11
2130650,5.0,5.0,11
2130700,5.0,5.0,11
2130750,5.0,5.0,11
2130800,5.0,5.0,11
2130850,5.0,5.0,11
2130900,5.0,5.0,11
2130950,5.0,5.0,11
2131000,5.0,5.0,11
2131050,5.0,5.0,11
2131100,5.0,5.0,11
2131150,5.0,5.0,11
2131200,5.0,5.0,11
2131250,5.0,5.0,11
2131300,5.0,5.0,11
2131350,5.0,5.0,11
2131400,5.0,5.0,11
2131450,5.0,5.0,11
2131500,5.0,5.0,11
2131550,5.0,5.0,11
2131600,5.0,5.0,11
2131650,5.0,5.0,11
2131700,5.0,5.0,11
2131750,5.0,5.0,11
2131800,5.0,5.0,11
2131850,5.0,5.0,11
2131900,5.0,5.0,11
2131950,5.0,5.0,11
2132000,5.0,5.0,11
2132050,5.0,5.0,11
2132100,5.0,5.0,11
2132150,5.0,5.0,11
2132200,5.0,5.0,11
2132250,5.0,5.0,11
2132300,5.0,5.0,11
2132350,5.0,5.0,11
2132400,5.0,5.0,11
2132450,5.0,5.0,11
2132500,5.0,5.0,11
2132550,5.0,5.0,11
2132600,5.0,5.0,11
2132650,5.0,5.0,11
2132700,5.0,5.0,11
2132750,5.0,5.0,11
2132800,5.0,5.0,11
2132850,5.0,5.0,11
2132900,5.0,5.0,11
2132950,5.0,5.0,11
2133000,5.0,5.0,11
2133050,5.0,5.0,11
2133100,5.0,5.0,11
2133150,5.0,5.0,11
2133200,5.0,5.0,11
2133250,5.0,5.0,11
2133300,5.0,5.0,11
2133350,5.0,5.0,11
2133400,5.0,5.0,11
2133450,5.0,5.0,11
2133500,5.0,5.0,11
2133550,5.0,5.0,11
2133600,5.0,5.0,11
2133650,5.0,5.0,11
2133700,5.0,5.0,11
2133750,5.0,5.0,11
2133800,5.0,5.0,11
2133850,5.0,5.0,11
2133900,5.0,5.0,11
2133950,5.0,5.0,11
2134000,5.0,5.0,11
2134050,5.0,5.0,11
2134100,5.0,5.0,11
2134150,5.0,5.0,11
2134200,5.0,5.0,11
2134250,5.0,5.0,11
2134300,5.0,5.0,11
2134350,5.0,5.0,11
2134400,5.0,5.0,11
2134450,5.0,5.0,11
2134500,5.0,5.0,11
2134550,5.0,5.0,11
2134600,5.0,5.0,11
2134650,5.0,5.0,11
2134700,5.0,5.0,11
2134750,5.0,5.0,11
2134800,5.0,5.0,11
2134850,5.0,5.0,11
2134900,5.0,5.0,11
2134950,5.0,5.0,11
2135000,5.0,5.0,11
2135050,5.0,5.0,11
2135100,5.0,5.0,11
2135150,5.0,5.0,11
2135200,5.0,5.0,11
2135250,5.0,5.0,11
2135300,5.0,5.0,11
2135350,5.0,5.0,11
2135400,5.0,5.0,11
2135450,5.0,5.0,11
2135500,5.0,5.0,11
2135550,5.0,5.0,11
2135600,5.0,5.0,11
2135650,5.0,5.0,11
2135700,5.0,5.0,11
2135750,5.0,5.0,11
2135800,5.0,5.0,11
2135850,5.0,5.0,11
2135900,5.0,5.0,11
2135950,5.0,5.0,11
2136000,5.0,5.0,11
2136050,5.0,5.0,11
2136100,5.0,5.0,11
2136150,5.0,5.0,11
2136200,5.0,5.0,11
2136250,5.0,5.0,11
2136300,5.0,5.0,11
2136350,5.0,5.0,11
2136400,5.0,5.0,11
2136450,5.0,5.0,11
2136500,5.0,5.0,11
2136550,5.0,5.0,11
2136600,5.0,5.0,11
2136650,5.0,5.0,11
2136700,5.0,5.0,11
2136750,5.0,5.0,11
2136800,5.0,5.0,11
2136850,5.0,5.0,11
2136900,5.0,5.0,11
2136950,5.0,5.0,11
2137000,5.0,5.0,11
2137050,5.0,5.0,11
2137100,5.0,5.0,11
2137150,5.0,5.0,11
2137200,5.0,5.0,11
2137250,5.0,5.0,11
2137300,5.0,5.0,11
2137350,5.0,5.0,11
2137400,5.0,5.0,11
2137450,5.0,5.0,11
2137500,5.0,5.0,11
2137550,5.0,5.0,11
2137600,5.0,5.0,11
2137650,5.0,5.0,11
2137700,5.0,5.0,11
2137750,5.0,5.0,11
2137800,5.0,5.0,11
2137850,5.0,5.0,11
2137900,5.0,5.0,11
2137950,5.0,5.0,11
2138000,5.0,5.0,11
2138050,5.0,5.0,11
2138100,5.0,5.0,11
2138150,5.0,5.0,11
2138200,5.0,5.0,11
2138250,5.0,5.0,11
2138300,5.0,5.0,11
2138350,5.0,5.0,11
2138400,5.0,5.0,11
2138450,5.0,5.0,11
2138500,5.0,5.0,11
2138550,5.0,5.0,11
2138600,5.0,5.0,11
2138650,5.0,5.0,11
2138700,5.0,5.0,11
2138750,5.0,5.0,11
2138800,5.0,5.0,11
2138850,5.0,5.0,11
2138900,5.0,5.0,11
2138950,5.0,5.0,11
2139000,5.0,5.0,11
2139050,5.0,5.0,11
2139100,5.0,5.0,11
2139150,5.0,5.0,11
2139200,5.0,5.0,11
2139250,5.0,5.0,11
2139300,5.0,5.0,11
2139350,5.0,5.0,11
2139400,5.0,5.0,11
2139450,5.0,5.0,11
2139500,5.0,5.0,11
2139550,5.0,5.0,11
2139600,5.0,5.0,11
2139650,5.0,5.0,11
2139700,5.0,5.0,11
2139750,5.0,5.0,11
2139800,5.0,5.0,11
2139850,5.0,5.0,11
2139900,5.0,5.0,11
2139950,5.0,5.0,11
2140000,5.0,5.0,11
2140050,5.0,5.0,11
2140100,5.0,5.0,11
2140150,5.0,5.0,11
2140200,5.0,5.0,11
2140250,5.0,5.0,11
2140300,5.0,5.0,11
2140350,5.0,5.0,11
2140400,5.0,5.0,11
2140450,5.0,5.0,11
2140500,5.0,5.0,11
2140550,5.0,5.0,11
2140600,5.0,5.0,11
2140650,5.0,5.0,11
2140700,5.0,5.0,11
2140750,5.0,5.0,11
2140800,5.0,5.0,11
2140850,5.0,5.0,11
2140900,5.0,5.0,11
2140950,5.0,5.0,11
2141000,5.0,5.0,11
2141050,5.0,5.0,11
2141100,5.0,5.0,11
2141150,5.0,5.0,11
2141200,5.0,5.0,11
2141250,5.0,5.0,11
2141300,5.0,5.0,11
2141350,5.0,5.0,11
2141400,5.0,5.0,11
2141450,5.0,5.0,11
2141500,5.0,5.0,11
2141550,5.0,5.0,11
2141600,5.0,5.0,11
2141650,5.0,5.0,11
2141700,5.0,5.0,11
2141750,5.0,5.0,11
2141800,5.0,5.0,11
2141850,5.0,5.0,11
2141900,5.0,5.0,11
2141950,5.0,5.0,11
2142000,5.0,5.0,11
2142050,5.0,5.0,11
2142100,5.0,5.0,11
2142150,5.0,5.0,11
2142200,5.0,5.0,11
2142250,5.0,5.0,11
2142300,5.0,5.0,11
2142350,5.0,5.0,11
2142400,5.0,5.0,11
2142450,5.0,5.0,11
2142500,5.0,5.0,11
2142550,5.0,5.0,11
2142600,5.0,5.0,11
2142650,5.0,5.0,11
2142700,5.0,5.0,11
2142750,5.0,5.0,11
2142800,5.0,5.0,11
2142850,5.0,5.0,11
2142900,5.0,5.0,11
2142950,5.0,5.0,11
2143000,5.0,5.0,11
2143050,5.0,5.0,11
2143100,5.0,5.0,11
2143150,5.0,5.0,11
2143200,5.0,5.0,11
2143250,5.0,5.0,11
2143300,5.0,5.0,11
2143350,5.0,5.0,11
2143400,5.0,5.0,11
2143450,5.0,5.0,11
2143500,5.0,5.0,11
2143550,5.0,5.0,11
2143600,5.0,5.0,11
2143650,5.0,5.0,11
2143700,5.0,5.0,11
2143750,5.0,5.0,11
2143800,5.0,5.0,11
2143850,5.0,5.0,11
2143900,5.0,5.0,11
2143950,5.0,5.0,11
2144000,5.0,5.0,11
2144050,5.0,5.0,11
2144100,5.0,5.0,11
2144150,5.0,5.0,11
2144200,5.0,5.0,11
2144250,5.0,5.0,11
2144300,5.0,5.0,11
2144350,5.0,5.0,11
2144400,5.0,5.0,11
2144450,5.0,5.0,11
2144500,5.0,5.0,11
2144550,5.0,5.0,11
2144600,5.0,5.0,11
2144650,5.0,5.0,11
2144700,5.0,5.0,11
2144750,5.0,5.0,11
2144800,5.0,5.0,11
2144850,5.0,5.0,11
2144900,5.0,5.0,11
2144950,5.0,5.0,11
2145000,5.0,5.0,11
2145050,5.0,5.0,11
2145100,5.0,5.0,11
2145150,5.0,5.0,11
2145200,5.0,5.0,11
2145250,5.0,5.0,11
2145300,5.0,5.0,11
2145350,5.0,5.0,11
2145400,5.0,5.0,11
2145450,5.0,5.0,11
2145500,5.0,5.0,11
2145550,5.0,5.0,11
2145600,5.0,5.0,11
2145650,5.0,5.0,11
2145700,5.0,5.0,11
2145750,5.0,5.0,11
2145800,5.0,5.0,11
2145850,5.0,5.0,11
2145900,5.0,5.0,11
2145950,5.0,5.0,11
2146000,5.0,5.0,11
2146050,5.0,5.0,11
2146100,5.0,5.0,11
2146150,5.0,5.0,11
2146200,5.0,5.0,11
2146250,5.0,5.0,11
2146300,5.0,5.0,11
2146350,5.0,5.0,11
2146400,5.0,5.0,11
2146450,5.0,5.0,11
2146500,5.0,5.0,11
2146550,5.0,5.0,11
2146600,5.0,5.0,11
2146650,5.0,5.0,11
2146700,5.0,5.0,11
2146750,5.0,5.0,11
2146800,5.0,5.0,11
2146850,5.0,5.0,11
2146900,5.0,5.0,11
2146950,5.0,5.0,11
2147000,5.0,5.0,11
2147050,5.0,5.0,11
2147100,5.0,5.0,11
2147150,5.0,5.0,11
2147200,5.0,5.0,11
2147250,5.0,5.0,11
2147300,5.0,5.0,11
2147350,5.0,5.0,11
2147400,5.0,5.0,11
2147450,5.0,5.0,11
2147500,5.0,5.0,11
2147550,5.0,5.0,11
2147600,5.0,5.0,11
2147650,5.0,5.0,11
2147700,5.0,5.0,11
2147750,5.0,5.0,11
2147800,5.0,5.0,11
2147850,5.0,5.0,11
2147900,5.0,5.0,11
2147950,5.0,5.0,11
2148000,5.0,5.0,11
2148050,5.0,5.0,11
2148100,5.0,5.0,11
2148150,5.0,5.0,11
2148200,5.0,5.0,11
2148250,5.0,5.0,11
2148300,5.0,5.0,11
2148350,5.0,5.0,11
2148400,5.0,5.0,11
2148450,5.0,5.0,11
2148500,5.0,5.0,11
2148550,5.0,5.0,11
2148600,5.0,5.0,11
2148650,5.0,5.0,11
2148700,5.0,5.0,11
2148750,5.0,5.0,11
2148800,5.0,5.0,11
2148850,5.0,5.0,11
2148900,5.0,5.0,11
2148950,5.0,5.0,11
2149000,5.0,5.0,11
2149050,5.0,5.0,11
2149100,5.0,5.0,11
2149150,5.0,5.0,11
2149200,5.0,5.0,11
2149250,5.0,5.0,11
2149300,5.0,5.0,11
2149350,5.0,5.0,11
2149400,5.0,5.0,11
2149450,5.0,5.0,11
2149500,5.0,5.0,11
2149550,5.0,5.0,11
2149600,5.0,5.0,11
2149650,5.0,5.0,11
2149700,5.0,5.0,11
2149750,5.0,5.0,11
2149800,5.0,5.0,11
2149850,5.0,5.0,11
2149900,5.0,5.0,11
2149950,5.0,5.0,11
2150000,5.0,5.0,11
2150050,5.0,5.0,11
2150100,5.0,5.0,11
2150150,5.0,5.0,11
2150200,5.0,5.0,11
2150250,5.0,5.0,11
2150300,5.0,5.0,11
2150350,5.0,5.0,11
2150400,5.0,5.0,11
2150450,5.0,5.0,11
2150500,5.0,5.0,11
2150550,5.0,5.0,11
2150600,5.0,5.0,11
2150650,5.0,5.0,11
2150700,5.0,5.0,11
2150750,5.0,5.0,11
2150800,5.0,5.0,11
2150850,5.0,5.0,11
2150900,5.0,5.0,11
2150950,5.0,5.0,11
2151000,5.0,5.0,11
2151050,5.0,5.0,11
2151100,5.0,5.0,11
2151150,5.0,5.0,11
2151200,5.0,5.0,11
2151250,5.0,5.0,11
2151300,5.0,5.0,11
2151350,5.0,5.0,11
2151400,5.0,5.0,11
2151450,5.0,5.0,11
2151500,5.0,5.0,11
2151550,5.0,5.0,11
2151600,5.0,5.0,11
2151650,5.0,5.0,11
2151700,5.0,5.0,11
2151750,5.0,5.0,11
2151800,5.0,5.0,11
2151850,5.0,5.0,11
2151900,5.0,5.0,11
2151950,5.0,5.0,11
2152000,5.0,5.0,11
2152050,5.0,5.0,11
2152100,5.0,5.0,11
2152150,5.0,5.0,11
2152200,5.0,5.0,11
2152250,5.0,5.0,11
2152300,5.0,5.0,11
2152350,5.0,5.0,11
2152400,5.0,5.0,11
2152450,5.0,5.0,11
2152500,5.0,5.0,11
2152550,5.0,5.0,11
2152600,5.0,5.0,11
2152650,5.0,5.0,11
2152700,5.0,5.0,11
2152750,5.0,5.0,11
2152800,5.0,5.0,11
2152850,5.0,5.0,11
2152900,5.0,5.0,11
2152950,5.0,5.0,11
2153000,5.0,5.0,11
2153050,5.0,5.0,11
2153100,5.0,5.0,11
2153150,5.0,5.0,11
2153200,5.0,5.0,11
2153250,5.0,5.0,11
2153300,5.0,5.0,11
2153350,5.0,5.0,11
2153400,5.0,5.0,11
2153450,5.0,5.0,11
2153500,5.0,5.0,11
2153550,5.0,5.0,11
2153600,5.0,5.0,11
2153650,5.0,5.0,11
2153700,5.0,5.0,11
2153750,5.0,5.0,11
2153800,5.0,5.0,11
2153850,5.0,5.0,11
2153900,5.0,5.0,11
2153950,5.0,5.0,11
2154000,5.0,5.0,11
2154050,5.0,5.0,11
2154100,5.0,5.0,11
2154150,5.0,5.0,11
2154200,5.0,5.0,11
2154250,5.0,5.0,11
2154300,5.0,5.0,11
2154350,5.0,5.0,11
2154400,5.0,5.0,11
2154450,5.0,5.0,11
2154500,5.0,5.0,11
2154550,5.0,5.0,11
2154600,5.0,5.0,11
2154650,5.0,5.0,11
2154700,5.0,5.0,11
2154750,5.0,5.0,11
2154800,5.0,5.0,11
2154850,5.0,5.0,11
2154900,5.0,5.0,11
2154950,5.0,5.0,11
2155000,5.0,5.0,11
2155050,5.0,5.0,11
2155100,5.0,5.0,11
2155150,5.0,5.0,11
2155200,5.0,5.0,11
2155250,5.0,5.0,11
2155300,5.0,5.0,11
2155350,5.0,5.0,11
2155400,5.0,5.0,11
2155450,5.0,5.0,11
2155500,5.0,5.0,11
2155550,5.0,5.0,11
2155600,5.0,5.0,11
2155650,5.0,5.0,11
2155700,5.0,5.0,11
2155750,5.0,5.0,11
2155800,5.0,5.0,11
2155850,5.0,5.0,11
2155900,5.0,5.0,11
2155950,5.0,5.0,11
2156000,5.0,5.0,11
2156050,5.0,5.0,11
2156100,5.0,5.0,11
2156150,5.0,5.0,11
2156200,5.0,5.0,11
2156250,5.0,5.0,11
2156300,5.0,5.0,11
2156350,5.0,5.0,11
2156400,5.0,5.0,11
2156450,5.0,5.0,11
2156500,5.0,5.0,11
2156550,5.0,5.0,11
2156600,5.0,5.0,11
2156650,5.0,5.0,11
2156700,5.0,5.0,11
2156750,5.0,5.0,11
2156800,5.0,5.0,11
2156850,5.0,5.0,11
2156900,5.0,5.0,11
2156950,5.0,5.0,11
2157000,5.0,5.0,11
2157050,5.0,5.0,11
2157100,5.0,5.0,11
2157150,5.0,5.0,11
2157200,5.0,5.0,11
2157250,5.0,5.0,11
2157300,5.0,5.0,11
2157350,5.0,5.0,11
2157400,5.0,5.0,11
2157450,5.0,5.0,11
2157500,5.0,5.0,11
2157550,5.0,5.0,11
2157600,5.0,5.0,11
2157650,5.0,5.0,11
2157700,5.0,5.0,11
2157750,5.0,5.0,11
2157800,5.0,5.0,11
2157850,5.0,5.0,11
2157900,5.0,5.0,11
2157950,5.0,5.0,11
2158000,5.0,5.0,11
2158050,5.0,5.0,11
2158100,5.0,5.0,11
2158150,5.0,5.0,11
2158200,5.0,5.0,11
2158250,5.0,5.0,11
2158300,5.0,5.0,11
2158350,5.0,5.0,11
2158400,5.0,5.0,11
2158450,5.0,5.0,11
2158500,5.0,5.0,11
2158550,5.0,5.0,11
2158600,5.0,5.0,11
2158650,5.0,5.0,11
2158700,5.0,5.0,11
2158750,5.0,5.0,11
2158800,5.0,5.0,11
2158850,5.0,5.0,11
2158900,5.0,5.0,11
2158950,5.0,5.0,11
2159000,5.0,5.0,11
2159050,5.0,5.0,11
2159100,5.0,5.0,11
2159150,5.0,5.0,11
2159200,5.0,5.0,11
2159250,5.0,5.0,11
2159300,5.0,5.0,11
2159350,5.0,5.0,11
2159400,5.0,5.0,11
2159450,5.0,5.0,11
2159500,5.0,5.0,11
2159550,5.0,5.0,11
2159600,5.0,5.0,11
2159650,5.0,5.0,11
2159700,5.0,5.0,11
2159750,5.0,5.0,11
2159800,5.0,5.0,11
2159850,5.0,5.0,11
2159900,5.0,5.0,11
2159950,5.0,5.0,11
2160000,5.0,5.0,11
2160050,5.0,5.0,11
2160100,5.0,5.0,11
2160150,5.0,5.0,11
2160200,5.0,5.0,11
2160250,5.0,5.0,11
2160300,5.0,5.0,11
2160350,5.0,5.0,11
2160400,5.0,5.0,11
2160450,5.0,5.0,11
2160500,5.0,5.0,11
2160550,5.0,5.0,11
2160600,5.0,5.0,11
2160650,5.0,5.0,11
2160700,5.0,5.0,11
2160750,5.0,5.0,11
2160800,5.0,5.0,11
2160850,5.0,5.0,11
2160900,5.0,5.0,11
2160950,5.0,5.0,11
2161000,5.0,5.0,11
2161050,5.0,5.0,11
2161100,5.0,5.0,11
2161150,5.0,5.0,11
2161200,5.0,5.0,11
2161250,5.0,5.0,11
2161300,5.0,5.0,11
2161350,5.0,5.0,11
2161400,5.0,5.0,11
2161450,5.0,5.0,11
2161500,5.0,5.0,11
2161550,5.0,5.0,11
2161600,5.0,5.0,11
2161650,5.0,5.0,11
2161700,5.0,5.0,11
2161750,5.0,5.0,11
2161800,5.0,5.0,11
2161850,5.0,5.0,11
2161900,5.0,5.0,11
2161950,5.0,5.0,11
2162000,5.0,5.0,11
2162050,5.0,5.0,11
2162100,5.0,5.0,11
2162150,5.0,5.0,11
2162200,5.0,5.0,11
2162250,5.0,5.0,11
2162300,5.0,5.0,11
2162350,5.0,5.0,11
2162400,5.0,5.0,11
2162450,5.0,5.0,11
2162500,5.0,5.0,11
2162550,5.0,5.0,11
2162600,5.0,5.0,11
2162650,5.0,5.0,11
2162700,5.0,5.0,11
2162750,5.0,5.0,11
2162800,5.0,5.0,11
2162850,5.0,5.0,11
2162900,5.0,5.0,11
2162950,5.0,5.0,11
2163000,5.0,5.0,11
2163050,5.0,5.0,11
2163100,5.0,5.0,11
2163150,5.0,5.0,11
2163200,5.0,5.0,11
2163250,5.0,5.0,11
2163300,5.0,5.0,11
2163350,5.0,5.0,11
2163400,5.0,5.0,11
2163450,5.0,5.0,11
2163500,5.0,5.0,11
2163550,5.0,5.0,11
2163600,5.0,5.0,11
2163650,5.0,5.0,11
2163700,5.0,5.0,11
2163750,5.0,5.0,11
2163800,5.0,5.0,11
2163850,5.0,5.0,11
2163900,5.0,5.0,11
2163950,5.0,5.0,11
2164000,5.0,5.0,11
2164050,5.0,5.0,11
2164100,5.0,5.0,11
2164150,5.0,5.0,11
2164200,5.0,5.0,11
2164250,5.0,5.0,11
2164300,5.0,5.0,11
2164350,5.0,5.0,11
2164400,5.0,5.0,11
2164450,5.0,5.0,11
2164500,5.0,5.0,11
2164550,5.0,5.0,11
2164600,5.0,5.0,11
2164650,5.0,5.0,11
2164700,5.0,5.0,11
2164750,5.0,5.0,11
2164800,5.0,5.0,11
2164850,5.0,5.0,11
2164900,5.0,5.0,11
2164950,5.0,5.0,11
2165000,5.0,5.0,11
2165050,5.0,5.0,11
2165100,5.0,5.0,11
2165150,5.0,5.0,11
2165200,5.0,5.0,11
2165250,5.0,5.0,11
2165300,5.0,5.0,11
2165350,5.0,5.0,11
2165400,5.0,5.0,11
2165450,5.0,5.0,11
2165500,5.0,5.0,11
2165550,5.0,5.0,11
2165600,5.0,5.0,11
2165650,5.0,5.0,11
2165700,5.0,5.0,11
2165750,5.0,5.0,11
2165800,5.0,5.0,11
2165850,5.0,5.0,11
2165900,5.0,5.0,11
2165950,5.0,5.0,11
2166000,5.0,5.0,11
2166050,5.0,5.0,11
2166100,5.0,5.0,11
2166150,5.0,5.0,11
2166200,5.0,5.0,11
2166250,5.0,5.0,11
2166300,5.0,5.0,11
2166350,5.0,5.0,11
2166400,5.0,5.0,11
2166450,5.0,5.0,11
2166500,5.0,5.0,11
2166550,5.0,5.0,11
2166600,5.0,5.0,11
2166650,5.0,5.0,11
2166700,5.0,5.0,11
2166750,5.0,5.0,11
2166800,5.0,5.0,11
2166850,5.0,5.0,11
2166900,5.0,5.0,11
2166950,5.0,5.0,11
2167000,5.0,5.0,11
2167050,5.0,5.0,11
2167100,5.0,5.0,11
2167150,5.0,5.0,11
2167200,5.0,5.0,11
2167250,5.0,5.0,11
2167300,5.0,5.0,11
2167350,5.0,5.0,11
2167400,5.0,5.0,11
2167450,5.0,5.0,11
2167500,5.0,5.0,11
2167550,5.0,5.0,11
2167600,5.0,5.0,11
2167650,5.0,5.0,11
2167700,5.0,5.0,11
2167750,5.0,5.0,11
2167800,5.0,5.0,11
2167850,5.0,5.0,11
2167900,5.0,5.0,11
2167950,5.0,5.0,11
2168000,5.0,5.0,11
2168050,5.0,5.0,11
2168100,5.0,5.0,11
2168150,5.0,5.0,11
2168200,5.0,5.0,11
2168250,5.0,5.0,11
2168300,5.0,5.0,11
2168350,5.0,5.0,11
2168400,5.0,5.0,11
2168450,5.0,5.0,11
2168500,5.0,5.0,11
2168550,5.0,5.0,11
2168600,5.0,5.0,11
2168650,5.0,5.0,11
2168700,5.0,5.0,11
2168750,5.0,5.0,11
2168800,5.0,5.0,11
2168850,5.0,5.0,11
2168900,5.0,5.0,11
2168950,5.0,5.0,11
2169000,5.0,5.0,11
2169050,5.0,5.0,11
2169100,5.0,5.0,11
2169150,5.0,5.0,11
2169200,5.0,5.0,11
2169250,5.0,5.0,11
2169300,5.0,5.0,11
2169350,5.0,5.0,11
2169400,5.0,5.0,11
2169450,5.0,5.0,11
2169500,5.0,5.0,11
2169550,5.0,5.0,11
2169600,5.0,5.0,11
2169650,5.0,5.0,11
2169700,5.0,5.0,11
2169750,5.0,5.0,11
2169800,5.0,5.0,11
2169850,5.0,5.0,11
2169900,5.0,5.0,11
2169950,5.0,5.0,11
2170000,5.0,5.0,11
2170050,5.0,5.0,11
2170100,5.0,5.0,11
2170150,5.0,5.0,11
2170200,5.0,5.0,11
2170250,5.0,5.0,11
2170300,5.0,5.0,11
2170350,5.0,5.0,11
2170400,5.0,5.0,11
2170450,5.0,5.0,11
2170500,5.0,5.0,11
2170550,5.0,5.0,11
2170600,5.0,5.0,11
2170650,5.0,5.0,11
2170700,5.0,5.0,11
2170750,5.0,5.0,11
2170800,5.0,5.0,11
2170850,5.0,5.0,11
2170900,5.0,5.0,11
2170950,5.0,5.0,11
2171000,5.0,5.0,11
2171050,5.0,5.0,11
2171100,5.0,5.0,11
2171150,5.0,5.0,11
2171200,5.0,5.0,11
2171250,5.0,5.0,11
2171300,5.0,5.0,11
2171350,5.0,5.0,11
2171400,5.0,5.0,11
2171450,5.0,5.0,11
2171500,5.0,5.0,11
2171550,5.0,5.0,11
2171600,5.0,5.0,11
2171650,5.0,5.0,11
2171700,5.0,5.0,11
2171750,5.0,5.0,11
2171800,5.0,5.0,11
2171850,5.0,5.0,11
2171900,5.0,5.0,11
2171950,5.0,5.0,11
2172000,5.0,5.0,11
2172050,5.0,5.0,11
2172100,5.0,5.0,11
2172150,5.0,5.0,11
2172200,5.0,5.0,11
2172250,5.0,5.0,11
2172300,5.0,5.0,11
2172350,5.0,5.0,11
2172400,5.0,5.0,11
2172450,5.0,5.0,11
2172500,5.0,5.0,11
2172550,5.0,5.0,11
2172600,5.0,5.0,11
2172650,5.0,5.0,11
2172700,5.0,5.0,11
2172750,5.0,5.0,11
2172800,5.0,5.0,11
2172850,5.0,5.0,11
2172900,5.0,5.0,11
2172950,5.0,5.0,11
2173000,5.0,5.0,11
2173050,5.0,5.0,11
2173100,5.0,5.0,11
2173150,5.0,5.0,11
2173200,5.0,5.0,11
2173250,5.0,5.0,11
2173300,5.0,5.0,11
2173350,5.0,5.0,11
2173400,5.0,5.0,11
2173450,5.0,5.0,11
2173500,5.0,5.0,11
2173550,5.0,5.0,11
2173600,5.0,5.0,11
2173650,5.0,5.0,11
2173700,5.0,5.0,11
2173750,5.0,5.0,11
2173800,5.0,5.0,11
2173850,5.0,5.0,11
2173900,5.0,5.0,11
2173950,5.0,5.0,11
2174000,5.0,5.0,11
2174050,5.0,5.0,11
2174100,5.0,5.0,11
2174150,5.0,5.0,11
2174200,5.0,5.0,11
2174250,5.0,5.0,11
2174300,5.0,5.0,11
2174350,5.0,5.0,11
2174400,5.0,5.0,11
2174450,5.0,5.0,11
2174500,5.0,5.0,11
2174550,5.0,5.0,11
2174600,5.0,5.0,11
2174650,5.0,5.0,11
2174700,5.0,5.0,11
2174750,5.0,5.0,11
2174800,5.0,5.0,11
2174850,5.0,5.0,11
2174900,5.0,5.0,11
2174950,5.0,5.0,11
2175000,5.0,5.0,11
2175050,5.0,5.0,11
2175100,5.0,5.0,11
2175150,5.0,5.0,11
2175200,5.0,5.0,11
2175250,5.0,5.0,11
2175300,5.0,5.0,11
2175350,5.0,5.0,11
2175400,5.0,5.0,11
2175450,5.0,5.0,11
2175500,5.0,5.0,11
2175550,5.0,5.0,11
2175600,5.0,5.0,11
2175650,5.0,5.0,11
2175700,5.0,5.0,11
2175750,5.0,5.0,11
2175800,5.0,5.0,11
2175850,5.0,5.0,11
2175900,5.0,5.0,11
2175950,5.0,5.0,11
2176000,5.0,5.0,11
2176050,5.0,5.0,11
2176100,5.0,5.0,11
2176150,5.0,5.0,11
2176200,5.0,5.0,11
2176250,5.0,5.0,11
2176300,5.0,5.0,11
2176350,5.0,5.0,11
2176400,5.0,5.0,11
2176450,5.0,5.0,11
2176500,5.0,5.0,11
2176550,5.0,5.0,11
2176600,5.0,5.0,11
2176650,5.0,5.0,11
2176700,5.0,5.0,11
2176750,5.0,5.0,11
2176800,5.0,5.0,11
2176850,5.0,5.0,11
2176900,5.0,5.0,11
2176950,5.0,5.0,11
2177000,5.0,5.0,11
2177050,5.0,5.0,11
2177100,5.0,5.0,11
2177150,5.0,5.0,11
2177200,5.0,5.0,11
2177250,5.0,5.0,11
2177300,5.0,5.0,11
2177350,5.0,5.0,11
2177400,5.0,5.0,11
2177450,5.0,5.0,11
2177500,5.0,5.0,11
2177550,5.0,5.0,11
2177600,5.0,5.0,11
2177650,5.0,5.0,11
2177700,5.0,5.0,11
2177750,5.0,5.0,11
2177800,5.0,5.0,11
2177850,5.0,5.0,11
2177900,5.0,5.0,11
2177950,5.0,5.0,11
2178000,5.0,5.0,11
2178050,5.0,5.0,11
2178100,5.0,5.0,11
2178150,5.0,5.0,11
2178200,5.0,5.0,11
2178250,5.0,5.0,11
2178300,5.0,5.0,11
2178350,5.0,5.0,11
2178400,5.0,5.0,11
2178450,5.0,5.0,11
2178500,5.0,5.0,11
2178550,5.0,5.0,11
2178600,5.0,5.0,11
2178650,5.0,5.0,11
2178700,5.0,5.0,11
2178750,5.0,5.0,11
2178800,5.0,5.0,11
2178850,5.0,5.0,11
2178900,5.0,5.0,11
2178950,5.0,5.0,11
2179000,5.0,5.0,11
2179050,5.0,5.0,11
2179100,5.0,5.0,11
2179150,5.0,5.0,11
2179200,5.0,5.0,11
2179250,5.0,5.0,11
2179300,5.0,5.0,11
2179350,5.0,5.0,11
2179400,5.0,5.0,11
2179450,5.0,5.0,11
2179500,5.0,5.0,11
2179550,5.0,5.0,11
2179600,5.0,5.0,11
2179650,5.0,5.0,11
2179700,5.0,5.0,11
2179750,5.0,5.0,11
2179800,5.0,5.0,11
2179850,5.0,5.0,11
2179900,5.0,5.0,11
2179950,5.0,5.0,11
2180000,5.0,5.0,11
2180050,5.0,5.0,11
2180100,5.0,5.0,11
2180150,5.0,5.0,11
2180200,5.0,5.0,11
2180250,5.0,5.0,11
2180300,5.0,5.0,11
2180350,5.0,5.0,11
2180400,5.0,5.0,11
2180450,5.0,5.0,11
2180500,5.0,5.0,11
2180550,5.0,5.0,11
2180600,5.0,5.0,11
2180650,5.0,5.0,11
2180700,5.0,5.0,11
2180750,5.0,5.0,11
2180800,5.0,5.0,11
2180850,5.0,5.0,11
2180900,5.0,5.0,11
2180950,5.0,5.0,11
2181000,5.0,5.0,11
2181050,5.0,5.0,11
2181100,5.0,5.0,11
2181150,5.0,5.0,11
2181200,5.0,5.0,11
2181250,5.0,5.0,11
2181300,5.0,5.0,11
2181350,5.0,5.0,11
2181400,5.0,5.0,11
2181450,5.0,5.0,11
2181500,5.0,5.0,11
2181550,5.0,5.0,11
2181600,5.0,5.0,11
2181650,5.0,5.0,11
2181700,5.0,5.0,11
2181750,5.0,5.0,11
2181800,5.0,5.0,11
2181850,5.0,5.0,11
2181900,5.0,5.0,11
2181950,5.0,5.0,11
2182000,5.0,5.0,11
2182050,5.0,5.0,11
2182100,5.0,5.0,11
2182150,5.0,5.0,11
2182200,5.0,5.0,11
2182250,5.0,5.0,11
2182300,5.0,5.0,11
2182350,5.0,5.0,11
2182400,5.0,5.0,11
2182450,5.0,5.0,11
2182500,5.0,5.0,11
2182550,5.0,5.0,11
2182600,5.0,5.0,11
2182650,5.0,5.0,11
2182700,5.0,5.0,11
2182750,5.0,5.0,11
2182800,5.0,5.0,11
2182850,5.0,5.0,11
2182900,5.0,5.0,11
2182950,5.0,5.0,11
2183000,5.0,5.0,11
2183050,5.0,5.0,11
2183100,5.0,5.0,11
2183150,5.0,5.0,11
2183200,5.0,5.0,11
2183250,5.0,5.0,11
2183300,5.0,5.0,11
2183350,5.0,5.0,11
2183400,5.0,5.0,11
2183450,5.0,5.0,11
2183500,5.0,5.0,11
2183550,5.0,5.0,11
2183600,5.0,5.0,11
2183650,5.0,5.0,11
2183700,5.0,5.0,11
2183750,5.0,5.0,11
2183800,5.0,5.0,11
2183850,5.0,5.0,11
2183900,5.0,5.0,11
2183950,5.0,5.0,11
2184000,5.0,5.0,11
2184050,5.0,5.0,11
2184100,5.0,5.0,11
2184150,5.0,5.0,11
2184200,5.0,5.0,11
2184250,5.0,5.0,11
2184300,5.0,5.0,11
2184350,5.0,5.0,11
2184400,5.0,5.0,11
2184450,5.0,5.0,11
2184500,5.0,5.0,11
2184550,5.0,5.0,11
2184600,5.0,5.0,11
2184650,5.0,5.0,11
2184700,5.0,5.0,11
2184750,5.0,5.0,11
2184800,5.0,5.0,11
2184850,5.0,5.0,11
2184900,5.0,5.0,11
2184950,5.0,5.0,11
2185000,5.0,5.0,11
2185050,5.0,5.0,11
2185100,5.0,5.0,11
2185150,5.0,5.0,11
2185200,5.0,5.0,11
2185250,5.0,5.0,11
2185300,5.0,5.0,11
2185350,5.0,5.0,11
2185400,5.0,5.0,11
2185450,5.0,5.0,11
2185500,5.0,5.0,11
2185550,5.0,5.0,11
2185600,5.0,5.0,11
2185650,5.0,5.0,11
2185700,5.0,5.0,11
2185750,5.0,5.0,11
2185800,5.0,5.0,11
2185850,5.0,5.0,11
2185900,5.0,5.0,11
2185950,5.0,5.0,11
2186000,5.0,5.0,11
2186050,5.0,5.0,11
2186100,5.0,5.0,11
2186150,5.0,5.0,11
2186200,5.0,5.0,11
2186250,5.0,5.0,11
2186300,5.0,5.0,11
2186350,5.0,5.0,11
2186400,5.0,5.0,11
2186450,5.0,5.0,11
2186500,5.0,5.0,11
2186550,5.0,5.0,11
2186600,5.0,5.0,11
2186650,5.0,5.0,11
2186700,5.0,5.0,11
2186750,5.0,5.0,11
2186800,5.0,5.0,11
2186850,5.0,5.0,11
2186900,5.0,5.0,11
2186950,5.0,5.0,11
2187000,5.0,5.0,11
2187050,5.0,5.0,11
2187100,5.0,5.0,11
2187150,5.0,5.0,11
2187200,5.0,5.0,11
2187250,5.0,5.0,11
2187300,5.0,5.0,11
2187350,5.0,5.0,11
2187400,5.0,5.0,11
2187450,5.0,5.0,11
2187500,5.0,5.0,11
2187550,5.0,5.0,11
2187600,5.0,5.0,11
2187650,5.0,5.0,11
2187700,5.0,5.0,11
2187750,5.0,5.0,11
2187800,5.0,5.0,11
2187850,5.0,5.0,8
2187900,5.0,5.0,8
2187950,5.0,5.0,8
2188000,5.0,5.0,8
2188050,5.0,5.0,8
2188100,5.0,5.0,8
2188150,5.0,5.0,8
2188200,5.0,5.0,8
2188250,5.0,5.0,8
2188300,5.0,5.0,8
2188350,5.0,5.0,8
2188400,5.0,5.0,8
2188450,5.0,5.0,8
2188500,5.0,5.0,8
2188550,5.0,5.0,8
2188600,5.0,5.0,8
2188650,5.0,5.0,8
2188700,5.0,5.0,8
2188750,5.0,5.0,8
2188800,5.0,5.0,8
2188850,5.0,5.0,8
2188900,5.0,5.0,8
2188950,5.0,5.0,8
2189000,5.0,5.0,8
2189050,5.0,5.0,8
2189100,5.0,5.0,8
2189150,5.0,5.0,8
2189200,5.0,5.0,8
2189250,5.0,5.0,8
2189300,5.0,5.0,8
2189350,5.0,5.0,8
2189400,5.0,5.0,8
2189450,5.0,5.0,8
2189500,5.0,5.0,8
2189550,5.0,5.0,8
2189600,5.0,5.0,8
2189650,5.0,5.0,8
2189700,5.0,5.0,8
2189750,5.0,5.0,8
2189800,5.0,5.0,8
2189850,5.0,5.0,8
2189900,5.0,5.0,8
2189950,5.0,5.0,8
2190000,5.0,5.0,8
2190050,5.0,5.0,8
2190100,5.0,5.0,8
2190150,5.0,5.0,8
2190200,5.0,5.0,8
2190250,5.0,5.0,8
2190300,5.0,5.0,8
2190350,5.0,5.0,8
2190400,5.0,5.0,8
2190450,5.0,5.0,8
2190500,5.0,5.0,8
2190550,5.0,5.0,8
2190600,5.0,5.0,8
2190650,5.0,5.0,8
2190700,5.0,5.0,8
2190750,5.0,5.0,8
2190800,5.0,5.0,8
2190850,5.0,5.0,8
2190900,5.0,5.0,8
2190950,5.0,5.0,8
2191000,5.0,5.0,8
2191050,5.0,5.0,8
2191100,5.0,5.0,8
2191150,5.0,5.0,8
2191200,5.0,5.0,8
2191250,5.0,5.0,8
2191300,5.0,5.0,8
2191350,5.0,5.0,8
2191400,5.0,5.0,8
2191450,5.0,5.0,8
2191500,5.0,5.0,8
2191550,5.0,5.0,8
2191600,5.0,5.0,8
2191650,5.0,5.0,8
2191700,5.0,5.0,8
2191750,5.0,5.0,8
2191800,5.0,5.0,8
2191850,5.0,5.0,8
2191900,5.0,5.0,8
2191950,5.0,5.0,8
2192000,5.0,5.0,8
2192050,5.0,5.0,8
2192100,5.0,5.0,8
2192150,5.0,5.0,8
2192200,5.0,5.0,8
2192250,5.0,5.0,8
2192300,5.0,5.0,8
2192350,5.0,5.0,8
2192400,5.0,5.0,8
2192450,5.0,5.0,8
2192500,5.0,5.0,8
2192550,5.0,5.0,8
2192600,5.0,5.0,8
2192650,5.0,5.0,8
2192700,5.0,5.0,8
2192750,5.0,5.0,8
2192800,5.0,5.0,8
2192850,5.0,5.0,8
2192900,5.0,5.0,8
2192950,5.0,5.0,8
2193000,5.0,5.0,8
2193050,5.0,5.0,8
2193100,5.0,5.0,8
2193150,5.0,5.0,8
2193200,5.0,5.0,8
2193250,5.0,5.0,8
2193300,5.0,5.0,8
2193350,5.0,5.0,8
2193400,5.0,5.0,8
2193450,5.0,5.0,8
2193500,5.0,5.0,8
2193550,5.0,5.0,8
2193600,5.0,5.0,8
2193650,5.0,5.0,8
2193700,5.0,5.0,8
2193750,5.0,5.0,8
2193800,5.0,5.0,8
2193850,5.0,5.0,8
2193900,5.0,5.0,8
2193950,5.0,5.0,8
2194000,5.0,5.0,8
2194050,5.0,5.0,8
2194100,5.0,5.0,8
2194150,5.0,5.0,8
2194200,5.0,5.0,8
2194250,5.0,5.0,8
2194300,5.0,5.0,8
2194350,5.0,5.0,8
2194400,5.0,5.0,8
2194450,5.0,5.0,8
2194500,5.0,5.0,8
2194550,5.0,5.0,8
2194600,5.0,5.0,8
2194650,5.0,5.0,8
2194700,5.0,5.0,8
2194750,5.0,5.0,8
2194800,5.0,5.0,8
2194850,5.0,5.0,8
2194900,5.0,5.0,8
2194950,5.0,5.0,8
2195000,5.0,5.0,8
2195050,5.0,5.0,8
2195100,5.0,5.0,8
2195150,5.0,5.0,8
2195200,5.0,5.0,8
2195250,5.0,5.0,8
2195300,5.0,5.0,8
2195350,5.0,5.0,8
2195400,5.0,5.0,8
2195450,5.0,5.0,8
2195500,5.0,5.0,8
2195550,5.0,5.0,8
2195600,5.0,5.0,8
2195650,5.0,5.0,8
2195700,5.0,5.0,8
2195750,5.0,5.0,8
2195800,5.0,5.0,8
2195850,5.0,5.0,8
2195900,5.0,5.0,8
2195950,5.0,5.0,8
2196000,5.0,5.0,8
2196050,5.0,5.0,8
2196100,5.0,5.0,8
2196150,5.0,5.0,8
2196200,5.0,5.0,8
2196250,5.0,5.0,8
2196300,5.0,5.0,8
2196350,5.0,5.0,8
2196400,5.0,5.0,8
2196450,5.0,5.0,8
2196500,5.0,5.0,8
2196550,5.0,5.0,8
2196600,5.0,5.0,8
2196650,5.0,5.0,8
2196700,5.0,5.0,8
2196750,5.0,5.0,8
2196800,5.0,5.0,8
2196850,5.0,5.0,8
2196900,5.0,5.0,8
2196950,5.0,5.0,8
2197000,5.0,5.0,8
2197050,5.0,5.0,8
2197100,5.0,5.0,8
2197150,5.0,5.0,8
2197200,5.0,5.0,8
2197250,5.0,5.0,8
2197300,5.0,5.0,8
2197350,5.0,5.0,8
2197400,5.0,5.0,8
2197450,5.0,5.0,8
2197500,5.0,5.0,8
2197550,5.0,5.0,8
2197600,5.0,5.0,8
2197650,5.0,5.0,8
2197700,5.0,5.0,8
2197750,5.0,5.0,8
2197800,5.0,5.0,8
2197850,5.0,5.0,8
2197900,5.0,5.0,8
2197950,5.0,5.0,8
2198000,5.0,5.0,8
2198050,5.0,5.0,8
2198100,5.0,5.0,8
2198150,5.0,5.0,8
2198200,5.0,5.0,8
2198250,5.0,5.0,8
2198300,5.0,5.0,8
2198350,5.0,5.0,8
2198400,5.0,5.0,8
2198450,5.0,5.0,8
2198500,5.0,5.0,8
2198550,5.0,5.0,8
2198600,5.0,5.0,8
2198650,5.0,5.0,8
2198700,5.0,5.0,8
2198750,5.0,5.0,8
2198800,5.0,5.0,8
2198850,5.0,5.0,8
2198900,5.0,5.0,8
2198950,5.0,5.0,8
2199000,5.0,5.0,8
2199050,5.0,5.0,8
2199100,5.0,5.0,8
2199150,5.0,5.0,8
2199200,5.0,5.0,8
2199250,5.0,5.0,8
2199300,5.0,5.0,8
2199350,5.0,5.0,8
2199400,5.0,5.0,8
2199450,5.0,5.0,8
2199500,5.0,5.0,8
2199550,5.0,5.0,8
2199600,5.0,5.0,8
2199650,5.0,5.0,8
2199700,5.0,5.0,8
2199750,5.0,5.0,8
2199800,5.0,5.0,8
2199850,5.0,5.0,8
2199900,5.0,5.0,8
2199950,5.0,5.0,8
2200000,5.0,5.0,8
2200050,5.0,5.0,8
2200100,5.0,5.0,8
2200150,5.0,5.0,8
2200200,5.0,5.0,8
2200250,5.0,5.0,8
2200300,5.0,5.0,8
2200350,5.0,5.0,8
2200400,5.0,5.0,8
2200450,5.0,5.0,8
2200500,5.0,5.0,8
2200550,5.0,5.0,8
2200600,5.0,5.0,8
2200650,5.0,5.0,8
2200700,5.0,5.0,8
2200750,5.0,5.0,8
2200800,5.0,5.0,8
2200850,5.0,5.0,8
2200900,5.0,5.0,8
2200950,5.0,5.0,8
2201000,5.0,5.0,8
2201050,5.0,5.0,8
2201100,5.0,5.0,8
2201150,5.0,5.0,8
2201200,5.0,5.0,8
2201250,5.0,5.0,8
2201300,5.0,5.0,8
2201350,5.0,5.0,8
2201400,5.0,5.0,8
2201450,5.0,5.0,8
2201500,5.0,5.0,8
2201550,5.0,5.0,8
2201600,5.0,5.0,8
2201650,5.0,5.0,8
2201700,5.0,5.0,8
2201750,5.0,5.0,8
2201800,5.0,5.0,8
2201850,5.0,5.0,8
2201900,5.0,5.0,8
2201950,5.0,5.0,8
2202000,5.0,5.0,8
2202050,5.0,5.0,8
2202100,5.0,5.0,8
2202150,5.0,5.0,8
2202200,5.0,5.0,8
2202250,5.0,5.0,8
2202300,5.0,5.0,8
2202350,5.0,5.0,8
2202400,5.0,5.0,8
2202450,5.0,5.0,8
2202500,5.0,5.0,8
2202550,5.0,5.0,8
2202600,5.0,5.0,8
2202650,5.0,5.0,8
2202700,5.0,5.0,8
2202750,5.0,5.0,8
2202800,5.0,5.0,8
2202850,5.0,5.0,8
2202900,5.0,5.0,8
2202950,5.0,5.0,8
2203000,5.0,5.0,8
2203050,5.0,5.0,8
2203100,5.0,5.0,8
2203150,5.0,5.0,8
2203200,5.0,5.0,8
2203250,5.0,5.0,8
2203300,5.0,5.0,8
2203350,5.0,5.0,8
2203400,5.0,5.0,8
2203450,5.0,5.0,8
2203500,5.0,5.0,8
2203550,5.0,5.0,8
2203600,5.0,5.0,8
2203650,5.0,5.0,8
2203700,5.0,5.0,8
2203750,5.0,5.0,8
2203800,5.0,5.0,8
2203850,5.0,5.0,8
2203900,5.0,5.0,8
2203950,5.0,5.0,8
2204000,5.0,5.0,8
2204050,5.0,5.0,8
2204100,5.0,5.0,8
2204150,5.0,5.0,8
2204200,5.0,5.0,8
2204250,5.0,5.0,8
2204300,5.0,5.0,8
2204350,5.0,5.0,8
2204400,5.0,5.0,8
2204450,5.0,5.0,8
2204500,5.0,5.0,8
2204550,5.0,5.0,8
2204600,5.0,5.0,8
2204650,5.0,5.0,8
2204700,5.0,5.0,8
2204750,5.0,5.0,8
2204800,5.0,5.0,8
2204850,5.0,5.0,8
2204900,5.0,5.0,8
2204950,5.0,5.0,8
2205000,5.0,5.0,8
2205050,5.0,5.0,8
2205100,5.0,5.0,8
2205150,5.0,5.0,8
2205200,5.0,5.0,8
2205250,5.0,5.0,8
2205300,5.0,5.0,8
2205350,5.0,5.0,8
2205400,5.0,5.0,8
2205450,5.0,5.0,8
2205500,5.0,5.0,8
2205550,5.0,5.0,8
2205600,5.0,5.0,8
2205650,5.0,5.0,8
2205700,5.0,5.0,8
2205750,5.0,5.0,8
2205800,5.0,5.0,8
2205850,5.0,5.0,8
2205900,5.0,5.0,8
2205950,5.0,5.0,8
2206000,5.0,5.0,8
2206050,5.0,5.0,8
2206100,5.0,5.0,8
2206150,5.0,5.0,8
2206200,5.0,5.0,8
2206250,5.0,5.0,8
2206300,5.0,5.0,8
2206350,5.0,5.0,8
2206400,5.0,5.0,8
2206450,5.0,5.0,8
2206500,5.0,5.0,8
2206550,5.0,5.0,8
2206600,5.0,5.0,8
2206650,5.0,5.0,8
2206700,5.0,5.0,8
2206750,5.0,5.0,8
2206800,5.0,5.0,8
2206850,5.0,5.0,8
2206900,5.0,5.0,8
2206950,5.0,5.0,8
2207000,5.0,5.0,8
2207050,5.0,5.0,8
2207100,5.0,5.0,8
2207150,5.0,5.0,8
2207200,5.0,5.0,8
2207250,5.0,5.0,8
2207300,5.0,5.0,8
2207350,5.0,5.0,8
2207400,5.0,5.0,8
2207450,5.0,5.0,8
2207500,5.0,5.0,8
2207550,5.0,5.0,8
2207600,5.0,5.0,8
2207650,5.0,5.0,8
2207700,5.0,5.0,8
2207750,5.0,5.0,8
2207800,5.0,5.0,8
2207850,5.0,5.0,8
2207900,5.0,5.0,8
2207950,5.0,5.0,8
2208000,5.0,5.0,8
2208050,5.0,5.0,8
2208100,5.0,5.0,8
2208150,5.0,5.0,8
2208200,5.0,5.0,8
2208250,5.0,5.0,8
2208300,5.0,5.0,8
2208350,5.0,5.0,8
2208400,5.0,5.0,8
2208450,5.0,5.0,8
2208500,5.0,5.0,8
2208550,5.0,5.0,8
2208600,5.0,5.0,8
2208650,5.0,5.0,8
2208700,5.0,5.0,8
2208750,5.0,5.0,8
2208800,5.0,5.0,8
2208850,5.0,5.0,8
2208900,5.0,5.0,8
2208950,5.0,5.0,8
2209000,5.0,5.0,8
2209050,5.0,5.0,8
2209100,5.0,5.0,8
2209150,5.0,5.0,8
2209200,5.0,5.0,8
2209250,5.0,5.0,8
2209300,5.0,5.0,8
2209350,5.0,5.0,8
2209400,5.0,5.0,8
2209450,5.0,5.0,8
2209500,5.0,5.0,8
2209550,5.0,5.0,8
2209600,5.0,5.0,8
2209650,5.0,5.0,8
2209700,5.0,5.0,8
2209750,5.0,5.0,8
2209800,5.0,5.0,8
2209850,5.0,5.0,8
2209900,5.0,5.0,8
2209950,5.0,5.0,8
2210000,5.0,5.0,8
2210050,5.0,5.0,8
2210100,5.0,5.0,8
2210150,5.0,5.0,8
2210200,5.0,5.0,8
2210250,5.0,5.0,8
2210300,5.0,5.0,8
2210350,5.0,5.0,8
2210400,5.0,5.0,8
2210450,5.0,5.0,8
2210500,5.0,5.0,8
2210550,5.0,5.0,8
2210600,5.0,5.0,8
2210650,5.0,5.0,8
2210700,5.0,5.0,8
2210750,5.0,5.0,8
2210800,5.0,5.0,8
2210850,5.0,5.0,8
2210900,5.0,5.0,8
2210950,5.0,5.0,8
2211000,5.0,5.0,8
2211050,5.0,5.0,8
2211100,5.0,5.0,8
2211150,5.0,5.0,8
2211200,5.0,5.0,8
2211250,5.0,5.0,8
2211300,5.0,5.0,8
2211350,5.0,5.0,8
2211400,5.0,5.0,8
2211450,5.0,5.0,8
2211500,5.0,5.0,8
2211550,5.0,5.0,8
2211600,5.0,5.0,8
2211650,5.0,5.0,8
2211700,5.0,5.0,8
2211750,5.0,5.0,8
2211800,5.0,5.0,8
2211850,5.0,5.0,8
2211900,5.0,5.0,8
2211950,5.0,5.0,8
2212000,5.0,5.0,8
2212050,5.0,5.0,8
2212100,5.0,5.0,8
2212150,5.0,5.0,8
2212200,5.0,5.0,8
2212250,5.0,5.0,8
2212300,5.0,5.0,8
2212350,5.0,5.0,8
2212400,5.0,5.0,8
2212450,5.0,5.0,8
2212500,5.0,5.0,8
2212550,5.0,5.0,8
2212600,5.0,5.0,8
2212650,5.0,5.0,8
2212700,5.0,5.0,8
2212750,5.0,5.0,8
2212800,5.0,5.0,8
2212850,5.0,5.0,8
2212900,5.0,5.0,8
2212950,5.0,5.0,8
2213000,5.0,5.0,8
2213050,5.0,5.0,8
2213100,5.0,5.0,8
2213150,5.0,5.0,8
2213200,5.0,5.0,8
2213250,5.0,5.0,8
2213300,5.0,5.0,8
2213350,5.0,5.0,8
2213400,5.0,5.0,8
2213450,5.0,5.0,8
2213500,5.0,5.0,8
2213550,5.0,5.0,8
2213600,5.0,5.0,8
2213650,5.0,5.0,8
2213700,5.0,5.0,8
2213750,5.0,5.0,8
2213800,5.0,5.0,8
2213850,5.0,5.0,8
2213900,5.0,5.0,8
2213950,5.0,5.0,8
2214000,5.0,5.0,8
2214050,5.0,5.0,8
2214100,5.0,5.0,8
2214150,5.0,5.0,8
2214200,5.0,5.0,8
2214250,5.0,5.0,8
2214300,5.0,5.0,8
2214350,5.0,5.0,8
2214400,5.0,5.0,8
2214450,5.0,5.0,8
2214500,5.0,5.0,8
2214550,5.0,5.0,8
2214600,5.0,5.0,8
2214650,5.0,5.0,8
2214700,5.0,5.0,8
2214750,5.0,5.0,8
2214800,5.0,5.0,8
2214850,5.0,5.0,8
2214900,5.0,5.0,8
2214950,5.0,5.0,8
2215000,5.0,5.0,8
2215050,5.0,5.0,8
2215100,5.0,5.0,8
2215150,5.0,5.0,8
2215200,5.0,5.0,8
2215250,5.0,5.0,8
2215300,5.0,5.0,8
2215350,5.0,5.0,8
2215400,5.0,5.0,8
2215450,5.0,5.0,8
2215500,5.0,5.0,8
2215550,5.0,5.0,8
2215600,5.0,5.0,8
2215650,5.0,5.0,8
2215700,5.0,5.0,8
2215750,5.0,5.0,8
2215800,5.0,5.0,8
2215850,5.0,5.0,8
2215900,5.0,5.0,8
2215950,5.0,5.0,8
2216000,5.0,5.0,8
2216050,5.0,5.0,8
2216100,5.0,5.0,8
2216150,5.0,5.0,8
2216200,5.0,5.0,8
2216250,5.0,5.0,8
2216300,5.0,5.0,8
2216350,5.0,5.0,8
2216400,5.0,5.0,8
2216450,5.0,5.0,8
2216500,5.0,5.0,8
2216550,5.0,5.0,8
2216600,5.0,5.0,8
2216650,5.0,5.0,8
2216700,5.0,5.0,8
2216750,5.0,5.0,8
2216800,5.0,5.0,8
2216850,5.0,5.0,8
2216900,5.0,5.0,8
2216950,5.0,5.0,8
2217000,5.0,5.0,8
2217050,5.0,5.0,8
2217100,5.0,5.0,8
2217150,5.0,5.0,8
2217200,5.0,5.0,8
2217250,5.0,5.0,8
2217300,5.0,5.0,8
2217350,5.0,5.0,8
2217400,5.0,5.0,8
2217450,5.0,5.0,8
2217500,5.0,5.0,8
2217550,5.0,5.0,8
2217600,5.0,5.0,8
2217650,5.0,5.0,8
2217700,5.0,5.0,8
2217750,5.0,5.0,8
2217800,5.0,5.0,8
2217850,5.0,5.0,8
2217900,5.0,5.0,8
2217950,5.0,5.0,8
2218000,5.0,5.0,8
2218050,5.0,5.0,8
2218100,5.0,5.0,8
2218150,5.0,5.0,8
2218200,5.0,5.0,8
2218250,5.0,5.0,8
2218300,5.0,5.0,8
2218350,5.0,5.0,8
2218400,5.0,5.0,8
2218450,5.0,5.0,8
2218500,5.0,5.0,8
2218550,5.0,5.0,8
2218600,5.0,5.0,8
2218650,5.0,5.0,8
2218700,5.0,5.0,8
2218750,5.0,5.0,8
2218800,5.0,5.0,8
2218850,5.0,5.0,8
2218900,5.0,5.0,8
2218950,5.0,5.0,8
2219000,5.0,5.0,8
2219050,5.0,5.0,8
2219100,5.0,5.0,8
2219150,5.0,5.0,8
2219200,5.0,5.0,8
2219250,5.0,5.0,8
2219300,5.0,5.0,8
2219350,5.0,5.0,8
2219400,5.0,5.0,8
2219450,5.0,5.0,8
2219500,5.0,5.0,8
2219550,5.0,5.0,8
2219600,5.0,5.0,8
2219650,5.0,5.0,8
2219700,5.0,5.0,8
2219750,5.0,5.0,8
2219800,5.0,5.0,8
2219850,5.0,5.0,8
2219900,5.0,5.0,8
2219950,5.0,5.0,8
2220000,5.0,5.0,8
2220050,5.0,5.0,8
2220100,5.0,5.0,8
2220150,5.0,5.0,8
2220200,5.0,5.0,8
2220250,5.0,5.0,8
2220300,5.0,5.0,8
2220350,5.0,5.0,8
2220400,5.0,5.0,8
2220450,5.0,5.0,8
2220500,5.0,5.0,8
2220550,5.0,5.0,8
2220600,5.0,5.0,8
2220650,5.0,5.0,8
2220700,5.0,5.0,8
2220750,5.0,5.0,8
2220800,5.0,5.0,8
2220850,5.0,5.0,8
2220900,5.0,5.0,8
2220950,5.0,5.0,8
2221000,5.0,5.0,8
2221050,5.0,5.0,8
2221100,5.0,5.0,8
2221150,5.0,5.0,8
2221200,5.0,5.0,8
2221250,5.0,5.0,8
2221300,5.0,5.0,8
2221350,5.0,5.0,8
2221400,5.0,5.0,8
2221450,5.0,5.0,8
2221500,5.0,5.0,8
2221550,5.0,5.0,8
2221600,5.0,5.0,8
2221650,5.0,5.0,8
2221700,5.0,5.0,8
2221750,5.0,5.0,8
2221800,5.0,5.0,8
2221850,5.0,5.0,8
2221900,5.0,5.0,8
2221950,5.0,5.0,8
2222000,5.0,5.0,8
2222050,5.0,5.0,8
2222100,5.0,5.0,8
2222150,5.0,5.0,8
2222200,5.0,5.0,8
2222250,5.0,5.0,8
2222300,5.0,5.0,8
2222350,5.0,5.0,8
2222400,5.0,5.0,8
2222450,5.0,5.0,8
2222500,5.0,5.0,8
2222550,5.0,5.0,8
2222600,5.0,5.0,8
2222650,5.0,5.0,8
2222700,5.0,5.0,8
2222750,5.0,5.0,8
2222800,5.0,5.0,8
2222850,5.0,5.0,8
2222900,5.0,5.0,8
2222950,5.0,5.0,8
2223000,5.0,5.0,8
2223050,5.0,5.0,8
2223100,5.0,5.0,8
2223150,5.0,5.0,8
2223200,5.0,5.0,8
2223250,5.0,5.0,8
2223300,5.0,5.0,8
2223350,5.0,5.0,8
2223400,5.0,5.0,8
2223450,5.0,5.0,8
2223500,5.0,5.0,8
2223550,5.0,5.0,8
2223600,5.0,5.0,8
2223650,5.0,5.0,8
2223700,5.0,5.0,8
2223750,5.0,5.0,8
2223800,5.0,5.0,8
2223850,5.0,5.0,8
2223900,5.0,5.0,8
2223950,5.0,5.0,8
2224000,5.0,5.0,8
2224050,5.0,5.0,8
2224100,5.0,5.0,8
2224150,5.0,5.0,8
2224200,5.0,5.0,8
2224250,5.0,5.0,8
2224300,5.0,5.0,8
2224350,5.0,5.0,8
2224400,5.0,5.0,8
2224450,5.0,5.0,8
2224500,5.0,5.0,8
2224550,5.0,5.0,8
2224600,5.0,5.0,8
2224650,5.0,5.0,8
2224700,5.0,5.0,8
2224750,5.0,5.0,8
2224800,5.0,5.0,8
2224850,5.0,5.0,8
2224900,5.0,5.0,8
2224950,5.0,5.0,8
2225000,5.0,5.0,8
2225050,5.0,5.0,8
2225100,5.0,5.0,8
2225150,5.0,5.0,8
2225200,5.0,5.0,8
2225250,5.0,5.0,8
2225300,5.0,5.0,8
2225350,5.0,5.0,8
2225400,5.0,5.0,8
2225450,5.0,5.0,8
2225500,5.0,5.0,8
2225550,5.0,5.0,8
2225600,5.0,5.0,8
2225650,5.0,5.0,8
2225700,5.0,5.0,8
2225750,5.0,5.0,8
2225800,5.0,5.0,8
2225850,5.0,5.0,8
2225900,5.0,5.0,8
2225950,5.0,5.0,8
2226000,5.0,5.0,8
2226050,5.0,5.0,8
2226100,5.0,5.0,8
2226150,5.0,5.0,8
2226200,5.0,5.0,8
2226250,5.0,5.0,8
2226300,5.0,5.0,8
2226350,5.0,5.0,8
2226400,5.0,5.0,8
2226450,5.0,5.0,8
2226500,5.0,5.0,8
2226550,5.0,5.0,8
2226600,5.0,5.0,8
2226650,5.0,5.0,8
2226700,5.0,5.0,8
2226750,5.0,5.0,8
2226800,5.0,5.0,8
2226850,5.0,5.0,8
2226900,5.0,5.0,8
2226950,5.0,5.0,8
2227000,5.0,5.0,8
2227050,5.0,5.0,8
2227100,5.0,5.0,8
2227150,5.0,5.0,8
2227200,5.0,5.0,8
2227250,5.0,5.0,8
2227300,5.0,5.0,8
2227350,5.0,5.0,8
2227400,5.0,5.0,8
2227450,5.0,5.0,8
2227500,5.0,5.0,8
2227550,5.0,5.0,8
2227600,5.0,5.0,8
2227650,5.0,5.0,8
2227700,5.0,5.0,8
2227750,5.0,5.0,8
2227800,5.0,5.0,8
2227850,5.0,5.0,8
2227900,5.0,5.0,8
2227950,5.0,5.0,8
2228000,5.0,5.0,8
2228050,5.0,5.0,8
2228100,5.0,5.0,8
2228150,5.0,5.0,8
2228200,5.0,5.0,8
2228250,5.0,5.0,8
2228300,5.0,5.0,8
2228350,5.0,5.0,8
2228400,5.0,5.0,8
2228450,5.0,5.0,8
2228500,5.0,5.0,8
2228550,5.0,5.0,8
2228600,5.0,5.0,8
2228650,5.0,5.0,8
2228700,5.0,5.0,8
2228750,5.0,5.0,8
2228800,5.0,5.0,8
2228850,5.0,5.0,8
2228900,5.0,5.0,8
2228950,5.0,5.0,8
2229000,5.0,5.0,8
2229050,5.0,5.0,8
2229100,5.0,5.0,8
2229150,5.0,5.0,8
2229200,5.0,5.0,8
2229250,5.0,5.0,8
2229300,5.0,5.0,8
2229350,5.0,5.0,8
2229400,5.0,5.0,8
2229450,5.0,5.0,8
2229500,5.0,5.0,8
2229550,5.0,5.0,8
2229600,5.0,5.0,8
2229650,5.0,5.0,8
2229700,5.0,5.0,8
2229750,5.0,5.0,8
2229800,5.0,5.0,8
2229850,5.0,5.0,8
2229900,5.0,5.0,8
2229950,5.0,5.0,8
2230000,5.0,5.0,8
2230050,5.0,5.0,8
2230100,5.0,5.0,8
2230150,5.0,5.0,8
2230200,5.0,5.0,8
2230250,5.0,5.0,8
2230300,5.0,5.0,8
2230350,5.0,5.0,8
2230400,5.0,5.0,8
2230450,5.0,5.0,8
2230500,5.0,5.0,8
2230550,5.0,5.0,8
2230600,5.0,5.0,8
2230650,5.0,5.0,8
2230700,5.0,5.0,8
2230750,5.0,5.0,8
2230800,5.0,5.0,8
2230850,5.0,5.0,8
2230900,5.0,5.0,8
2230950,5.0,5.0,8
2231000,5.0,5.0,8
2231050,5.0,5.0,8
2231100,5.0,5.0,8
2231150,5.0,5.0,8
2231200,5.0,5.0,8
2231250,5.0,5.0,8
2231300,5.0,5.0,8
2231350,5.0,5.0,8
2231400,5.0,5.0,8
2231450,5.0,5.0,8
2231500,5.0,5.0,8
2231550,5.0,5.0,8
2231600,5.0,5.0,8
2231650,5.0,5.0,8
2231700,5.0,5.0,8
2231750,5.0,5.0,8
2231800,5.0,5.0,8
2231850,5.0,5.0,8
2231900,5.0,5.0,8
2231950,5.0,5.0,8
2232000,5.0,5.0,8
2232050,5.0,5.0,8
2232100,5.0,5.0,8
2232150,5.0,5.0,8
2232200,5.0,5.0,8
2232250,5.0,5.0,8
2232300,5.0,5.0,8
2232350,5.0,5.0,8
2232400,5.0,5.0,8
2232450,5.0,5.0,8
2232500,5.0,5.0,8
2232550,5.0,5.0,8
2232600,5.0,5.0,8
2232650,5.0,5.0,8
2232700,5.0,5.0,8
2232750,5.0,5.0,8
2232800,5.0,5.0,8
2232850,5.0,5.0,8
2232900,5.0,5.0,8
2232950,5.0,5.0,8
2233000,5.0,5.0,8
2233050,5.0,5.0,8
2233100,5.0,5.0,8
2233150,5.0,5.0,8
2233200,5.0,5.0,8
2233250,5.0,5.0,8
2233300,5.0,5.0,8
2233350,5.0,5.0,8
2233400,5.0,5.0,8
2233450,5.0,5.0,8
2233500,5.0,5.0,8
2233550,5.0,5.0,8
2233600,5.0,5.0,8
2233650,5.0,5.0,8
2233700,5.0,5.0,8
2233750,5.0,5.0,8
2233800,5.0,5.0,8
2233850,5.0,5.0,8
2233900,5.0,5.0,8
2233950,5.0,5.0,8
2234000,5.0,5.0,8
2234050,5.0,5.0,8
2234100,5.0,5.0,8
2234150,5.0,5.0,8
2234200,5.0,5.0,8
2234250,5.0,5.0,8
2234300,5.0,5.0,8
2234350,5.0,5.0,8
2234400,5.0,5.0,8
2234450,5.0,5.0,8
2234500,5.0,5.0,8
2234550,5.0,5.0,8
2234600,5.0,5.0,8
2234650,5.0,5.0,8
2234700,5.0,5.0,8
2234750,5.0,5.0,8
2234800,5.0,5.0,8
2234850,5.0,5.0,8
2234900,5.0,5.0,8
2234950,5.0,5.0,8
2235000,5.0,5.0,8
2235050,5.0,5.0,8
2235100,5.0,5.0,8
2235150,5.0,5.0,8
2235200,5.0,5.0,8
2235250,5.0,5.0,8
2235300,5.0,5.0,8
2235350,5.0,5.0,8
2235400,5.0,5.0,8
2235450,5.0,5.0,8
2235500,5.0,5.0,8
2235550,5.0,5.0,8
2235600,5.0,5.0,8
2235650,5.0,5.0,8
2235700,5.0,5.0,8
2235750,5.0,5.0,8
2235800,5.0,5.0,8
2235850,5.0,5.0,8
2235900,5.0,5.0,8
2235950,5.0,5.0,8
2236000,5.0,5.0,8
2236050,5.0,5.0,8
2236100,5.0,5.0,8
2236150,5.0,5.0,8
2236200,5.0,5.0,8
2236250,5.0,5.0,8
2236300,5.0,5.0,8
2236350,5.0,5.0,8
2236400,5.0,5.0,8
2236450,5.0,5.0,8
2236500,5.0,5.0,8
2236550,5.0,5.0,8
2236600,5.0,5.0,8
2236650,5.0,5.0,8
2236700,5.0,5.0,8
2236750,5.0,5.0,8
2236800,5.0,5.0,8
2236850,5.0,5.0,8
2236900,5.0,5.0,8
2236950,5.0,5.0,8
2237000,5.0,5.0,8
2237050,5.0,5.0,8
2237100,5.0,5.0,8
2237150,5.0,5.0,8
2237200,5.0,5.0,8
2237250,5.0,5.0,8
2237300,5.0,5.0,8
2237350,5.0,5.0,8
2237400,5.0,5.0,8
2237450,5.0,5.0,8
2237500,5.0,5.0,8
2237550,5.0,5.0,8
2237600,5.0,5.0,8
2237650,5.0,5.0,8
2237700,5.0,5.0,8
2237750,5.0,5.0,8
2237800,5.0,5.0,8
2237850,5.0,5.0,8
2237900,5.0,5.0,8
2237950,5.0,5.0,8
2238000,5.0,5.0,8
2238050,5.0,5.0,8
2238100,5.0,5.0,8
2238150,5.0,5.0,8
2238200,5.0,5.0,8
2238250,5.0,5.0,8
2238300,5.0,5.0,8
2238350,5.0,5.0,8
2238400,5.0,5.0,8
2238450,5.0,5.0,8
2238500,5.0,5.0,8
2238550,5.0,5.0,8
2238600,5.0,5.0,8
2238650,5.0,5.0,8
2238700,5.0,5.0,8
2238750,5.0,5.0,8
2238800,5.0,5.0,8
2238850,5.0,5.0,8
2238900,5.0,5.0,8
2238950,5.0,5.0,8
2239000,5.0,5.0,8
2239050,5.0,5.0,8
2239100,5.0,5.0,8
2239150,5.0,5.0,8
2239200,5.0,5.0,8
2239250,5.0,5.0,8
2239300,5.0,5.0,8
2239350,5.0,5.0,8
2239400,5.0,5.0,8
2239450,5.0,5.0,8
2239500,5.0,5.0,8
2239550,5.0,5.0,8
2239600,5.0,5.0,8
2239650,5.0,5.0,8
2239700,5.0,5.0,8
2239750,5.0,5.0,8
2239800,5.0,5.0,8
2239850,5.0,5.0,8
2239900,5.0,5.0,8
2239950,5.0,5.0,8
2240000,5.0,5.0,8
2240050,5.0,5.0,8
2240100,5.0,5.0,8
2240150,5.0,5.0,8
2240200,5.0,5.0,8
2240250,5.0,5.0,8
2240300,5.0,5.0,8
2240350,5.0,5.0,8
2240400,5.0,5.0,8
2240450,5.0,5.0,8
2240500,5.0,5.0,8
2240550,5.0,5.0,8
2240600,5.0,5.0,8
2240650,5.0,5.0,8
2240700,5.0,5.0,8
2240750,5.0,5.0,8
2240800,5.0,5.0,8
2240850,5.0,5.0,8
2240900,5.0,5.0,8
2240950,5.0,5.0,8
2241000,5.0,5.0,8
2241050,5.0,5.0,8
2241100,5.0,5.0,8
2241150,5.0,5.0,8
2241200,5.0,5.0,8
2241250,5.0,5.0,8
2241300,5.0,5.0,8
2241350,5.0,5.0,8
2241400,5.0,5.0,8
2241450,5.0,5.0,8
2241500,5.0,5.0,8
2241550,5.0,5.0,8
2241600,5.0,5.0,8
2241650,5.0,5.0,8
2241700,5.0,5.0,8
2241750,5.0,5.0,8
2241800,5.0,5.0,8
2241850,5.0,5.0,8
2241900,5.0,5.0,8
2241950,5.0,5.0,8
2242000,5.0,5.0,8
2242050,5.0,5.0,8
2242100,5.0,5.0,8
2242150,5.0,5.0,8
2242200,5.0,5.0,8
2242250,5.0,5.0,8
2242300,5.0,5.0,8
2242350,5.0,5.0,8
2242400,5.0,5.0,8
2242450,5.0,5.0,8
2242500,5.0,5.0,8
2242550,5.0,5.0,8
2242600,5.0,5.0,8
2242650,5.0,5.0,8
2242700,5.0,5.0,8
2242750,5.0,5.0,8
2242800,5.0,5.0,8
2242850,5.0,5.0,8
2242900,5.0,5.0,8
2242950,5.0,5.0,8
2243000,5.0,5.0,8
2243050,5.0,5.0,8
2243100,5.0,5.0,8
2243150,5.0,5.0,8
2243200,5.0,5.0,8
2243250,5.0,5.0,8
2243300,5.0,5.0,8
2243350,5.0,5.0,8
2243400,5.0,5.0,8
2243450,5.0,5.0,8
2243500,5.0,5.0,8
2243550,5.0,5.0,8
2243600,5.0,5.0,8
2243650,5.0,5.0,8
2243700,5.0,5.0,8
2243750,5.0,5.0,8
2243800,5.0,5.0,8
2243850,5.0,5.0,8
2243900,5.0,5.0,8
2243950,5.0,5.0,8
2244000,5.0,5.0,8
2244050,5.0,5.0,8
2244100,5.0,5.0,8
2244150,5.0,5.0,8
2244200,5.0,5.0,8
2244250,5.0,5.0,8
2244300,5.0,5.0,8
2244350,5.0,5.0,8
2244400,5.0,5.0,8
2244450,5.0,5.0,8
2244500,5.0,5.0,8
2244550,5.0,5.0,8
2244600,5.0,5.0,8
2244650,5.0,5.0,8
2244700,5.0,5.0,8
2244750,5.0,5.0,8
2244800,5.0,5.0,8
2244850,5.0,5.0,8
2244900,5.0,5.0,8
2244950,5.0,5.0,8
2245000,5.0,5.0,8
2245050,5.0,5.0,8
2245100,5.0,5.0,8
2245150,5.0,5.0,8
2245200,5.0,5.0,8
2245250,5.0,5.0,8
2245300,5.0,5.0,8
2245350,5.0,5.0,8
2245400,5.0,5.0,8
2245450,5.0,5.0,8
2245500,5.0,5.0,8
2245550,5.0,5.0,8
2245600,5.0,5.0,8
2245650,5.0,5.0,8
2245700,5.0,5.0,8
2245750,5.0,5.0,8
2245800,5.0,5.0,8
2245850,5.0,5.0,8
2245900,5.0,5.0,8
2245950,5.0,5.0,8
2246000,5.0,5.0,8
2246050,5.0,5.0,8
2246100,5.0,5.0,8
2246150,5.0,5.0,8
2246200,5.0,5.0,8
2246250,5.0,5.0,8
2246300,5.0,5.0,8
2246350,5.0,5.0,8
2246400,5.0,5.0,8
2246450,5.0,5.0,8
2246500,5.0,5.0,8
2246550,5.0,5.0,8
2246600,5.0,5.0,8
2246650,5.0,5.0,8
2246700,5.0,5.0,8
2246750,5.0,5.0,8
2246800,5.0,5.0,8
2246850,5.0,5.0,8
2246900,5.0,5.0,8
2246950,5.0,5.0,8
2247000,5.0,5.0,8
2247050,5.0,5.0,8
2247100,5.0,5.0,8
2247150,5.0,5.0,8
2247200,5.0,5.0,8
2247250,5.0,5.0,8
2247300,5.0,5.0,8
2247350,5.0,5.0,8
2247400,5.0,5.0,8
2247450,5.0,5.0,8
2247500,5.0,5.0,8
2247550,5.0,5.0,8
2247600,5.0,5.0,8
2247650,5.0,5.0,8
2247700,5.0,5.0,8
2247750,5.0,5.0,8
2247800,5.0,5.0,8
2247850,5.0,5.0,8
2247900,5.0,5.0,8
2247950,5.0,5.0,8
2248000,5.0,5.0,8
2248050,5.0,5.0,8
2248100,5.0,5.0,8
2248150,5.0,5.0,8
2248200,5.0,5.0,8
2248250,5.0,5.0,8
2248300,5.0,5.0,8
2248350,5.0,5.0,8
2248400,5.0,5.0,8
2248450,5.0,5.0,8
2248500,5.0,5.0,8
2248550,5.0,5.0,8
2248600,5.0,5.0,8
2248650,5.0,5.0,8
2248700,5.0,5.0,8
2248750,5.0,5.0,8
2248800,5.0,5.0,8
2248850,5.0,5.0,8
2248900,5.0,5.0,8
2248950,5.0,5.0,8
2249000,5.0,5.0,8
2249050,5.0,5.0,8
2249100,5.0,5.0,8
2249150,5.0,5.0,8
2249200,5.0,5.0,8
2249250,5.0,5.0,8
2249300,5.0,5.0,8
2249350,5.0,5.0,8
2249400,5.0,5.0,8
2249450,5.0,5.0,8
2249500,5.0,5.0,8
2249550,5.0,5.0,8
2249600,5.0,5.0,8
2249650,5.0,5.0,8
2249700,5.0,5.0,8
2249750,5.0,5.0,8
2249800,5.0,5.0,8
2249850,5.0,5.0,8
2249900,5.0,5.0,8
2249950,5.0,5.0,8
2250000,5.0,5.0,8
2250050,5.0,5.0,8
2250100,5.0,5.0,8
2250150,5.0,5.0,8
2250200,5.0,5.0,8
2250250,5.0,5.0,8
2250300,5.0,5.0,8
2250350,5.0,5.0,8
2250400,5.0,5.0,8
2250450,5.0,5.0,8
2250500,5.0,5.0,8
2250550,5.0,5.0,8
2250600,5.0,5.0,8
2250650,5.0,5.0,8
2250700,5.0,5.0,8
2250750,5.0,5.0,8
2250800,5.0,5.0,8
2250850,5.0,5.0,8
2250900,5.0,5.0,8
2250950,5.0,5.0,8
2251000,5.0,5.0,8
2251050,5.0,5.0,8
2251100,5.0,5.0,8
2251150,5.0,5.0,8
2251200,5.0,5.0,8
2251250,5.0,5.0,8
2251300,5.0,5.0,8
2251350,5.0,5.0,8
2251400,5.0,5.0,8
2251450,5.0,5.0,8
2251500,5.0,5.0,8
2251550,5.0,5.0,8
2251600,5.0,5.0,8
2251650,5.0,5.0,8
2251700,5.0,5.0,8
2251750,5.0,5.0,8
2251800,5.0,5.0,8
2251850,5.0,5.0,8
2251900,5.0,5.0,8
2251950,5.0,5.0,8
2252000,5.0,5.0,8
2252050,5.0,5.0,8
2252100,5.0,5.0,8
2252150,5.0,5.0,8
2252200,5.0,5.0,8
2252250,5.0,5.0,8
2252300,5.0,5.0,8
2252350,5.0,5.0,8
2252400,5.0,5.0,8
2252450,5.0,5.0,8
2252500,5.0,5.0,8
2252550,5.0,5.0,8
2252600,5.0,5.0,8
2252650,5.0,5.0,8
2252700,5.0,5.0,8
2252750,5.0,5.0,8
2252800,5.0,5.0,8
2252850,5.0,5.0,8
2252900,5.0,5.0,8
2252950,5.0,5.0,8
2253000,5.0,5.0,8
2253050,5.0,5.0,8
2253100,5.0,5.0,8
2253150,5.0,5.0,8
2253200,5.0,5.0,8
2253250,5.0,5.0,8
2253300,5.0,5.0,8
2253350,5.0,5.0,8
2253400,5.0,5.0,8
2253450,5.0,5.0,8
2253500,5.0,5.0,8
2253550,5.0,5.0,8
2253600,5.0,5.0,8
2253650,5.0,5.0,8
2253700,5.0,5.0,8
2253750,5.0,5.0,8
2253800,5.0,5.0,8
2253850,5.0,5.0,8
2253900,5.0,5.0,8
2253950,5.0,5.0,8
2254000,5.0,5.0,8
2254050,5.0,5.0,8
2254100,5.0,5.0,8
2254150,5.0,5.0,8
2254200,5.0,5.0,8
2254250,5.0,5.0,8
2254300,5.0,5.0,8
2254350,5.0,5.0,8
2254400,5.0,5.0,8
2254450,5.0,5.0,8
2254500,5.0,5.0,8
2254550,5.0,5.0,8
2254600,5.0,5.0,8
2254650,5.0,5.0,8
2254700,5.0,5.0,8
2254750,5.0,5.0,8
2254800,5.0,5.0,8
2254850,5.0,5.0,8
2254900,5.0,5.0,8
2254950,5.0,5.0,8
2255000,5.0,5.0,8
2255050,5.0,5.0,8
2255100,5.0,5.0,8
2255150,5.0,5.0,8
2255200,5.0,5.0,8
2255250,5.0,5.0,8
2255300,5.0,5.0,8
2255350,5.0,5.0,8
2255400,5.0,5.0,8
2255450,5.0,5.0,8
2255500,5.0,5.0,8
2255550,5.0,5.0,8
2255600,5.0,5.0,8
2255650,5.0,5.0,8
2255700,5.0,5.0,8
2255750,5.0,5.0,8
2255800,5.0,5.0,8
2255850,5.0,5.0,8
2255900,5.0,5.0,8
2255950,5.0,5.0,8
2256000,5.0,5.0,8
2256050,5.0,5.0,8
2256100,5.0,5.0,8
2256150,5.0,5.0,8
2256200,5.0,5.0,8
2256250,5.0,5.0,8
2256300,5.0,5.0,8
2256350,5.0,5.0,8
2256400,5.0,5.0,8
2256450,5.0,5.0,8
2256500,5.0,5.0,8
2256550,5.0,5.0,8
2256600,5.0,5.0,8
2256650,5.0,5.0,8
2256700,5.0,5.0,8
2256750,5.0,5.0,8
2256800,5.0,5.0,8
2256850,5.0,5.0,8
2256900,5.0,5.0,8
2256950,5.0,5.0,8
2257000,5.0,5.0,8
2257050,5.0,5.0,8
2257100,5.0,5.0,8
2257150,5.0,5.0,8
2257200,5.0,5.0,8
2257250,5.0,5.0,8
2257300,5.0,5.0,8
2257350,5.0,5.0,8
2257400,5.0,5.0,8
2257450,5.0,5.0,8
2257500,5.0,5.0,8
2257550,5.0,5.0,8
2257600,5.0,5.0,8
2257650,5.0,5.0,8
2257700,5.0,5.0,8
2257750,5.0,5.0,8
2257800,5.0,5.0,8
2257850,5.0,5.0,8
2257900,5.0,5.0,8
2257950,5.0,5.0,8
2258000,5.0,5.0,8
2258050,5.0,5.0,8
2258100,5.0,5.0,8
2258150,5.0,5.0,8
2258200,5.0,5.0,8
2258250,5.0,5.0,8
2258300,5.0,5.0,8
2258350,5.0,5.0,8
2258400,5.0,5.0,8
2258450,5.0,5.0,8
2258500,5.0,5.0,8
2258550,5.0,5.0,8
2258600,5.0,5.0,8
2258650,5.0,5.0,8
2258700,5.0,5.0,8
2258750,5.0,5.0,8
2258800,5.0,5.0,8
2258850,5.0,5.0,8
2258900,5.0,5.0,8
2258950,5.0,5.0,8
2259000,5.0,5.0,8
2259050,5.0,5.0,8
2259100,5.0,5.0,8
2259150,5.0,5.0,8
2259200,5.0,5.0,8
2259250,5.0,5.0,8
2259300,5.0,5.0,8
2259350,5.0,5.0,8
2259400,5.0,5.0,8
2259450,5.0,5.0,8
2259500,5.0,5.0,8
2259550,5.0,5.0,8
2259600,5.0,5.0,8
2259650,5.0,5.0,8
2259700,5.0,5.0,8
2259750,5.0,5.0,8
2259800,5.0,5.0,8
2259850,5.0,5.0,8
2259900,5.0,5.0,8
2259950,5.0,5.0,8
2260000,5.0,5.0,8
2260050,5.0,5.0,8
2260100,5.0,5.0,8
2260150,5.0,5.0,8
2260200,5.0,5.0,8
2260250,5.0,5.0,8
2260300,5.0,5.0,8
2260350,5.0,5.0,8
2260400,5.0,5.0,8
2260450,5.0,5.0,8
2260500,5.0,5.0,8
2260550,5.0,5.0,8
2260600,5.0,5.0,8
2260650,5.0,5.0,8
2260700,5.0,5.0,8
2260750,5.0,5.0,8
2260800,5.0,5.0,8
2260850,5.0,5.0,8
2260900,5.0,5.0,8
2260950,5.0,5.0,8
2261000,5.0,5.0,8
2261050,5.0,5.0,8
2261100,5.0,5.0,8
2261150,5.0,5.0,8
2261200,5.0,5.0,8
2261250,5.0,5.0,8
2261300,5.0,5.0,8
2261350,5.0,5.0,8
2261400,5.0,5.0,8
2261450,5.0,5.0,8
2261500,5.0,5.0,8
2261550,5.0,5.0,8
2261600,5.0,5.0,8
2261650,5.0,5.0,8
2261700,5.0,5.0,8
2261750,5.0,5.0,8
2261800,5.0,5.0,8
2261850,5.0,5.0,8
2261900,5.0,5.0,8
2261950,5.0,5.0,8
2262000,5.0,5.0,8
2262050,5.0,5.0,8
2262100,5.0,5.0,8
2262150,5.0,5.0,8
2262200,5.0,5.0,8
2262250,5.0,5.0,8
2262300,5.0,5.0,8
2262350,5.0,5.0,8
2262400,5.0,5.0,8
2262450,5.0,5.0,8
2262500,5.0,5.0,8
2262550,5.0,5.0,8
2262600,5.0,5.0,8
2262650,5.0,5.0,8
2262700,5.0,5.0,8
2262750,5.0,5.0,8
2262800,5.0,5.0,8
2262850,5.0,5.0,8
2262900,5.0,5.0,8
2262950,5.0,5.0,8
2263000,5.0,5.0,8
2263050,5.0,5.0,8
2263100,5.0,5.0,8
2263150,5.0,5.0,8
2263200,5.0,5.0,8
2263250,5.0,5.0,8
2263300,5.0,5.0,8
2263350,5.0,5.0,8
2263400,5.0,5.0,8
2263450,5.0,5.0,8
2263500,5.0,5.0,8
2263550,5.0,5.0,8
2263600,5.0,5.0,8
2263650,5.0,5.0,8
2263700,5.0,5.0,8
2263750,5.0,5.0,8
2263800,5.0,5.0,8
2263850,5.0,5.0,8
2263900,5.0,5.0,8
2263950,5.0,5.0,8
2264000,5.0,5.0,8
2264050,5.0,5.0,8
2264100,5.0,5.0,8
2264150,5.0,5.0,8
2264200,5.0,5.0,8
2264250,5.0,5.0,8
2264300,5.0,5.0,8
2264350,5.0,5.0,8
2264400,5.0,5.0,8
2264450,5.0,5.0,8
2264500,5.0,5.0,8
2264550,5.0,5.0,8
2264600,5.0,5.0,8
2264650,5.0,5.0,8
2264700,5.0,5.0,8
2264750,5.0,5.0,8
2264800,5.0,5.0,8
2264850,5.0,5.0,8
2264900,5.0,5.0,8
2264950,5.0,5.0,8
2265000,5.0,5.0,8
2265050,5.0,5.0,8
2265100,5.0,5.0,8
2265150,5.0,5.0,8
2265200,5.0,5.0,8
2265250,5.0,5.0,8
2265300,5.0,5.0,8
2265350,5.0,5.0,8
2265400,5.0,5.0,8
2265450,5.0,5.0,8
2265500,5.0,5.0,8
2265550,5.0,5.0,8
2265600,5.0,5.0,8
2265650,5.0,5.0,8
2265700,5.0,5.0,8
2265750,5.0,5.0,8
2265800,5.0,5.0,8
2265850,5.0,5.0,8
2265900,5.0,5.0,8
2265950,5.0,5.0,8
2266000,5.0,5.0,8
2266050,5.0,5.0,8
2266100,5.0,5.0,8
2266150,5.0,5.0,8
2266200,5.0,5.0,8
2266250,5.0,5.0,8
2266300,5.0,5.0,8
2266350,5.0,5.0,8
2266400,5.0,5.0,8
2266450,5.0,5.0,8
2266500,5.0,5.0,8
2266550,5.0,5.0,8
2266600,5.0,5.0,8
2266650,5.0,5.0,8
2266700,5.0,5.0,8
2266750,5.0,5.0,8
2266800,5.0,5.0,8
2266850,5.0,5.0,8
2266900,5.0,5.0,8
2266950,5.0,5.0,8
2267000,5.0,5.0,8
2267050,5.0,5.0,8
2267100,5.0,5.0,8
2267150,5.0,5.0,8
2267200,5.0,5.0,8
2267250,5.0,5.0,8
2267300,5.0,5.0,8
2267350,5.0,5.0,8
2267400,5.0,5.0,8
2267450,5.0,5.0,8
2267500,5.0,5.0,8
2267550,5.0,5.0,8
2267600,5.0,5.0,8
2267650,5.0,5.0,8
2267700,5.0,5.0,8
2267750,5.0,5.0,8
2267800,5.0,5.0,8
2267850,5.0,5.0,8
2267900,5.0,5.0,8
2267950,5.0,5.0,8
2268000,5.0,5.0,8
2268050,5.0,5.0,8
2268100,5.0,5.0,8
2268150,5.0,5.0,8
2268200,5.0,5.0,8
2268250,5.0,5.0,8
2268300,5.0,5.0,8
2268350,5.0,5.0,8
2268400,5.0,5.0,8
2268450,5.0,5.0,8
2268500,5.0,5.0,8
2268550,5.0,5.0,8
2268600,5.0,5.0,8
2268650,5.0,5.0,8
2268700,5.0,5.0,8
2268750,5.0,5.0,8
2268800,5.0,5.0,8
2268850,5.0,5.0,8
2268900,5.0,5.0,8
2268950,5.0,5.0,8
2269000,5.0,5.0,8
2269050,5.0,5.0,8
2269100,5.0,5.0,8
2269150,5.0,5.0,8
2269200,5.0,5.0,8
2269250,5.0,5.0,8
2269300,5.0,5.0,8
2269350,5.0,5.0,8
2269400,5.0,5.0,8
2269450,5.0,5.0,8
2269500,5.0,5.0,8
2269550,5.0,5.0,8
2269600,5.0,5.0,8
2269650,5.0,5.0,8
2269700,5.0,5.0,8
2269750,5.0,5.0,8
2269800,5.0,5.0,8
2269850,5.0,5.0,8
2269900,5.0,5.0,8
2269950,5.0,5.0,8
2270000,5.0,5.0,8
2270050,5.0,5.0,8
2270100,5.0,5.0,8
2270150,5.0,5.0,8
2270200,5.0,5.0,8
2270250,5.0,5.0,8
2270300,5.0,5.0,8
2270350,5.0,5.0,8
2270400,5.0,5.0,8
2270450,5.0,5.0,8
2270500,5.0,5.0,8
2270550,5.0,5.0,8
2270600,5.0,5.0,8
2270650,5.0,5.0,8
2270700,5.0,5.0,8
2270750,5.0,5.0,8
2270800,5.0,5.0,8
2270850,5.0,5.0,8
2270900,5.0,5.0,8
2270950,5.0,5.0,8
2271000,5.0,5.0,8
2271050,5.0,5.0,8
2271100,5.0,5.0,8
2271150,5.0,5.0,8
2271200,5.0,5.0,8
2271250,5.0,5.0,8
2271300,5.0,5.0,8
2271350,5.0,5.0,8
2271400,5.0,5.0,8
2271450,5.0,5.0,8
2271500,5.0,5.0,8
2271550,5.0,5.0,8
2271600,5.0,5.0,8
2271650,5.0,5.0,8
2271700,5.0,5.0,8
2271750,5.0,5.0,8
2271800,5.0,5.0,8
2271850,5.0,5.0,8
2271900,5.0,5.0,8
2271950,5.0,5.0,8
2272000,5.0,5.0,8
2272050,5.0,5.0,8
2272100,5.0,5.0,8
2272150,5.0,5.0,8
2272200,5.0,5.0,8
2272250,5.0,5.0,8
2272300,5.0,5.0,8
2272350,5.0,5.0,8
2272400,5.0,5.0,8
2272450,5.0,5.0,8
2272500,5.0,5.0,8
2272550,5.0,5.0,8
2272600,5.0,5.0,8
2272650,5.0,5.0,8
2272700,5.0,5.0,8
2272750,5.0,5.0,8
2272800,5.0,5.0,8
2272850,5.0,5.0,8
2272900,5.0,5.0,8
2272950,5.0,5.0,8
2273000,5.0,5.0,8
2273050,5.0,5.0,8
2273100,5.0,5.0,8
2273150,5.0,5.0,8
2273200,5.0,5.0,8
2273250,5.0,5.0,8
2273300,5.0,5.0,8
2273350,5.0,5.0,8
2273400,5.0,5.0,8
2273450,5.0,5.0,8
2273500,5.0,5.0,8
2273550,5.0,5.0,8
2273600,5.0,5.0,8
2273650,5.0,5.0,8
2273700,5.0,5.0,8
2273750,5.0,5.0,8
2273800,5.0,5.0,8
2273850,5.0,5.0,8
2273900,5.0,5.0,8
2273950,5.0,5.0,8
2274000,5.0,5.0,8
2274050,5.0,5.0,8
2274100,5.0,5.0,8
2274150,5.0,5.0,8
2274200,5.0,5.0,8
2274250,5.0,5.0,8
2274300,5.0,5.0,8
2274350,5.0,5.0,8
2274400,5.0,5.0,8
2274450,5.0,5.0,8
2274500,5.0,5.0,8
2274550,5.0,5.0,8
2274600,5.0,5.0,8
2274650,5.0,5.0,8
2274700,5.0,5.0,8
2274750,5.0,5.0,8
2274800,5.0,5.0,8
2274850,5.0,5.0,8
2274900,5.0,5.0,8
2274950,5.0,5.0,8
2275000,5.0,5.0,8
2275050,5.0,5.0,8
2275100,5.0,5.0,8
2275150,5.0,5.0,8
2275200,5.0,5.0,8
2275250,5.0,5.0,8
2275300,5.0,5.0,8
2275350,5.0,5.0,8
2275400,5.0,5.0,8
2275450,5.0,5.0,8
2275500,5.0,5.0,8
2275550,5.0,5.0,8
2275600,5.0,5.0,8
2275650,5.0,5.0,8
2275700,5.0,5.0,8
2275750,5.0,5.0,8
2275800,5.0,5.0,8
2275850,5.0,5.0,8
2275900,5.0,5.0,8
2275950,5.0,5.0,8
2276000,5.0,5.0,8
2276050,5.0,5.0,8
2276100,5.0,5.0,8
2276150,5.0,5.0,8
2276200,5.0,5.0,8
2276250,5.0,5.0,8
2276300,5.0,5.0,8
2276350,5.0,5.0,8
2276400,5.0,5.0,8
2276450,5.0,5.0,8
2276500,5.0,5.0,8
2276550,5.0,5.0,8
2276600,5.0,5.0,8
2276650,5.0,5.0,8
2276700,5.0,5.0,8
2276750,5.0,5.0,8
2276800,5.0,5.0,8
2276850,5.0,5.0,8
2276900,5.0,5.0,8
2276950,5.0,5.0,8
2277000,5.0,5.0,8
2277050,5.0,5.0,8
2277100,5.0,5.0,8
2277150,5.0,5.0,8
2277200,5.0,5.0,8
2277250,5.0,5.0,8
2277300,5.0,5.0,8
2277350,5.0,5.0,8
2277400,5.0,5.0,8
2277450,5.0,5.0,8
2277500,5.0,5.0,8
2277550,5.0,5.0,8
2277600,5.0,5.0,8
2277650,5.0,5.0,8
2277700,5.0,5.0,8
2277750,5.0,5.0,8
2277800,5.0,5.0,8
2277850,5.0,5.0,8
2277900,5.0,5.0,8
2277950,5.0,5.0,8
2278000,5.0,5.0,8
2278050,5.0,5.0,8
2278100,5.0,5.0,8
2278150,5.0,5.0,8
2278200,5.0,5.0,8
2278250,5.0,5.0,8
2278300,5.0,5.0,8
2278350,5.0,5.0,8
2278400,5.0,5.0,8
2278450,5.0,5.0,8
2278500,5.0,5.0,8
2278550,5.0,5.0,8
2278600,5.0,5.0,8
2278650,5.0,5.0,8
2278700,5.0,5.0,8
2278750,5.0,5.0,8
2278800,5.0,5.0,8
2278850,5.0,5.0,8
2278900,5.0,5.0,8
2278950,5.0,5.0,8
2279000,5.0,5.0,8
2279050,5.0,5.0,8
2279100,5.0,5.0,8
2279150,5.0,5.0,8
2279200,5.0,5.0,8
2279250,5.0,5.0,8
2279300,5.0,5.0,8
2279350,5.0,5.0,8
2279400,5.0,5.0,8
2279450,5.0,5.0,8
2279500,5.0,5.0,8
2279550,5.0,5.0,8
2279600,5.0,5.0,8
2279650,5.0,5.0,8
2279700,5.0,5.0,8
2279750,5.0,5.0,8
2279800,5.0,5.0,8
2279850,5.0,5.0,8
2279900,5.0,5.0,8
2279950,5.0,5.0,8
2280000,5.0,5.0,8
2280050,5.0,5.0,8
2280100,5.0,5.0,8
2280150,5.0,5.0,8
2280200,5.0,5.0,8
2280250,5.0,5.0,8
2280300,5.0,5.0,8
2280350,5.0,5.0,8
2280400,5.0,5.0,8
2280450,5.0,5.0,8
2280500,5.0,5.0,8
2280550,5.0,5.0,8
2280600,5.0,5.0,8
2280650,5.0,5.0,8
2280700,5.0,5.0,8
2280750,5.0,5.0,8
2280800,5.0,5.0,8
2280850,5.0,5.0,8
2280900,5.0,5.0,8
2280950,5.0,5.0,8
2281000,5.0,5.0,8
2281050,5.0,5.0,8
2281100,5.0,5.0,8
2281150,5.0,5.0,8
2281200,5.0,5.0,8
2281250,5.0,5.0,8
2281300,5.0,5.0,8
2281350,5.0,5.0,8
2281400,5.0,5.0,8
2281450,5.0,5.0,8
2281500,5.0,5.0,8
2281550,5.0,5.0,8
2281600,5.0,5.0,8
2281650,5.0,5.0,8
2281700,5.0,5.0,8
2281750,5.0,5.0,8
2281800,5.0,5.0,8
2281850,5.0,5.0,8
2281900,5.0,5.0,8
2281950,5.0,5.0,8
2282000,5.0,5.0,8
2282050,5.0,5.0,8
2282100,5.0,5.0,8
2282150,5.0,5.0,8
2282200,5.0,5.0,8
2282250,5.0,5.0,8
2282300,5.0,5.0,8
2282350,5.0,5.0,8
2282400,5.0,5.0,8
2282450,5.0,5.0,8
2282500,5.0,5.0,8
2282550,5.0,5.0,8
2282600,5.0,5.0,8
2282650,5.0,5.0,8
2282700,5.0,5.0,8
2282750,5.0,5.0,8
2282800,5.0,5.0,8
2282850,5.0,5.0,8
2282900,5.0,5.0,8
2282950,5.0,5.0,8
2283000,5.0,5.0,8
2283050,5.0,5.0,8
2283100,5.0,5.0,8
2283150,5.0,5.0,8
2283200,5.0,5.0,8
2283250,5.0,5.0,8
2283300,5.0,5.0,8
2283350,5.0,5.0,8
2283400,5.0,5.0,8
2283450,5.0,5.0,8
2283500,5.0,5.0,8
2283550,5.0,5.0,8
2283600,5.0,5.0,8
2283650,5.0,5.0,8
2283700,5.0,5.0,8
2283750,5.0,5.0,8
2283800,5.0,5.0,8
2283850,5.0,5.0,8
2283900,5.0,5.0,8
2283950,5.0,5.0,8
2284000,5.0,5.0,8
2284050,5.0,5.0,8
2284100,5.0,5.0,8
2284150,5.0,5.0,8
2284200,5.0,5.0,8
2284250,5.0,5.0,8
2284300,5.0,5.0,8
2284350,5.0,5.0,8
2284400,5.0,5.0,8
2284450,5.0,5.0,8
2284500,5.0,5.0,8
2284550,5.0,5.0,8
2284600,5.0,5.0,8
2284650,5.0,5.0,8
2284700,5.0,5.0,8
2284750,5.0,5.0,8
2284800,5.0,5.0,8
2284850,5.0,5.0,8
2284900,5.0,5.0,8
2284950,5.0,5.0,8
2285000,5.0,5.0,8
2285050,5.0,5.0,8
2285100,5.0,5.0,8
2285150,5.0,5.0,8
2285200,5.0,5.0,8
2285250,5.0,5.0,8
2285300,5.0,5.0,8
2285350,5.0,5.0,8
2285400,5.0,5.0,8
2285450,5.0,5.0,8
2285500,5.0,5.0,8
2285550,5.0,5.0,8
2285600,5.0,5.0,8
2285650,5.0,5.0,8
2285700,5.0,5.0,8
2285750,5.0,5.0,8
2285800,5.0,5.0,8
2285850,5.0,5.0,8
2285900,5.0,5.0,8
2285950,5.0,5.0,8
2286000,5.0,5.0,8
2286050,5.0,5.0,8
2286100,5.0,5.0,8
2286150,5.0,5.0,8
2286200,5.0,5.0,8
2286250,5.0,5.0,8
2286300,5.0,5.0,8
2286350,5.0,5.0,8
2286400,5.0,5.0,8
2286450,5.0,5.0,8
2286500,5.0,5.0,8
2286550,5.0,5.0,8
2286600,5.0,5.0,8
2286650,5.0,5.0,8
2286700,5.0,5.0,8
2286750,5.0,5.0,8
2286800,5.0,5.0,8
2286850,5.0,5.0,8
2286900,5.0,5.0,8
2286950,5.0,5.0,8
2287000,5.0,5.0,8
2287050,5.0,5.0,8
2287100,5.0,5.0,8
2287150,5.0,5.0,8
2287200,5.0,5.0,8
2287250,5.0,5.0,8
2287300,5.0,5.0,8
2287350,5.0,5.0,8
2287400,5.0,5.0,8
2287450,5.0,5.0,8
2287500,5.0,5.0,8
2287550,5.0,5.0,8
2287600,5.0,5.0,8
2287650,5.0,5.0,8
2287700,5.0,5.0,8
2287750,5.0,5.0,8
2287800,5.0,5.0,8
2287850,5.0,5.0,8
2287900,5.0,5.0,8
2287950,5.0,5.0,8
2288000,4.997,5.0,8
2288050,4.994,5.0,8
2288100,4.98,5.0,8
2288150,4.965,5.0,8
2288200,4.961,5.0,8
2288250,4.955,5.0,8
2288300,4.937,5.0,8
2288350,4.935,5.0,8
2288400,4.92,5.0,8
2288450,4.916,5.0,8
2288500,4.916,5.0,8
2288550,4.916,5.0,8
2288600,4.916,5.0,8
2288650,4.916,5.0,8
2288700,4.916,5.0,8
2288750,4.916,5.0,8
2288800,4.916,5.0,8
2288850,4.916,5.0,8
2288900,4.916,5.0,8
2288950,4.916,5.0,8
2289000,4.916,5.0,8
2289050,4.916,5.0,8
2289100,4.916,5.0,8
2289150,4.916,5.0,8
2289200,4.916,5.0,8
2289250,4.916,5.0,8
2289300,4.916,5.0,8
2289350,4.916,5.0,8
2289400,4.916,5.0,8
2289450,4.916,5.0,8
2289500,4.916,5.0,8
2289550,4.916,5.0,8
2289600,4.916,5.0,8
2289650,4.916,5.0,8
2289700,4.916,5.0,8
2289750,4.916,5.0,8
2289800,4.916,5.0,8
2289850,4.916,5.0,8
2289900,4.916,5.0,8
2289950,4.916,5.0,8
2290000,4.916,5.0,8
2290050,4.916,5.0,8
2290100,4.916,5.0,8
2290150,4.916,5.0,8
2290200,4.916,5.0,8
2290250,4.916,5.0,8
2290300,4.916,5.0,8
2290350,4.916,5.0,8
2290400,4.916,5.0,8
2290450,4.912,5.0,8
2290500,4.912,5.0,8
2290550,4.912,5.0,8
2290600,4.912,5.0,8
2290650,4.912,5.0,8
2290700,4.912,5.0,8
2290750,4.912,5.0,8
2290800,4.908,5.0,8
2290850,4.875,5.0,8
2290900,4.82,5.009,8
2290950,4.708,5.09,8
2291000,4.695,5.1,8
2291050,4.689,5.103,8
2291100,4.675,5.103,8
2291150,4.657,5.106,8
2291200,4.635,5.119,8
2291250,4.602,5.12,8
2291300,4.562,5.132,8
2291350,4.528,5.152,8
2291400,4.5,5.157,8
2291450,4.474,5.167,8
2291500,4.461,5.172,8
2291550,4.44,5.183,8
2291600,4.425,5.183,8
2291650,4.408,5.183,8
2291700,4.394,5.183,8
2291750,4.384,5.183,8
2291800,4.378,5.183,8
2291850,4.366,5.187,8
2291900,4.342,5.187,8
2291950,4.324,5.188,8
2292000,4.3,5.191,8
2292050,4.272,5.198,8
2292100,4.243,5.204,8
2292150,4.213,5.21,8
2292200,4.208,5.219,8
2292250,4.204,5.221,8
2292300,4.204,5.222,8
2292350,4.204,5.223,8
2292400,4.204,5.225,8
2292450,4.204,5.232,8
2292500,4.204,5.232,8
2292550,4.204,5.232,8
2292600,4.204,5.234,8
2292650,4.204,5.234,8
2292700,4.204,5.234,8
2292750,4.204,5.234,8
2292800,4.204,5.235,8
2292850,4.204,5.235,8
2292900,4.204,5.235,8
2292950,4.204,5.235,8
2293000,4.204,5.235,8
2293050,4.204,5.235,8
2293100,4.204,5.235,8
2293150,4.204,5.235,8
2293200,4.204,5.235,8
2293250,4.204,5.235,8
2293300,4.204,5.235,8
2293350,4.204,5.235,8
2293400,4.204,5.235,8
2293450,4.204,5.235,8
2293500,4.204,5.235,8
2293550,4.204,5.235,8
2293600,4.204,5.235,8
2293650,4.204,5.235,8
2293700,4.204,5.235,8
2293750,4.204,5.235,8
2293800,4.204,5.235,8
2293850,4.204,5.235,8
2293900,4.204,5.235,8
2293950,4.204,5.235,8
2294000,4.204,5.235,8
2294050,4.204,5.235,8
2294100,4.204,5.235,8
2294150,4.204,5.235,8
2294200,4.204,5.235,8
2294250,4.204,5.235,8
2294300,4.204,5.235,8
2294350,4.204,5.235,8
2294400,4.204,5.235,8
2294450,4.204,5.235,8
2294500,4.204,5.235,8
2294550,4.204,5.235,8
2294600,4.204,5.235,8
2294650,4.204,5.235,8
2294700,4.204,5.235,8
2294750,4.204,5.235,8
2294800,4.204,5.235,8
2294850,4.204,5.235,8
2294900,4.204,5.235,8
2294950,4.204,5.235,8
2295000,4.204,5.235,8
2295050,4.204,5.235,8
2295100,4.204,5.235,8
2295150,4.204,5.235,8
2295200,4.204,5.235,8
2295250,4.204,5.235,8
2295300,4.204,5.235,8
2295350,4.204,5.235,8
2295400,4.204,5.235,8
2295450,4.204,5.235,8
2295500,4.204,5.235,8
2295550,4.204,5.235,8
2295600,4.204,5.235,8
2295650,4.204,5.235,8
2295700,4.204,5.235,8
2295750,4.204,5.235,8
2295800,4.204,5.235,8
2295850,4.204,5.235,8
2295900,4.204,5.235,8
2295950,4.204,5.235,8
2296000,4.204,5.235,8
2296050,4.204,5.235,8
2296100,4.204,5.235,8
2296150,4.204,5.235,8
2296200,4.204,5.235,8
2296250,4.204,5.235,8
2296300,4.204,5.235,8
2296350,4.204,5.235,8
2296400,4.204,5.235,8
2296450,4.204,5.235,8
2296500,4.204,5.235,8
2296550,4.204,5.235,8
2296600,4.204,5.235,8
2296650,4.204,5.235,8
2296700,4.204,5.235,8
2296750,4.204,5.235,8
2296800,4.204,5.235,8
2296850,4.204,5.235,8
2296900,4.204,5.235,8
2296950,4.204,5.235,8
2297000,4.204,5.235,8
2297050,4.204,5.235,8
2297100,4.204,5.235,8
2297150,4.204,5.235,8
2297200,4.204,5.235,8
2297250,4.204,5.235,8
2297300,4.204,5.235,8
2297350,4.204,5.235,8
2297400,4.204,5.235,8
2297450,4.204,5.235,8
2297500,4.204,5.235,8
2297550,4.204,5.235,8
2297600,4.204,5.235,8
2297650,4.204,5.235,8
2297700,4.204,5.235,8
2297750,4.204,5.235,8
2297800,4.204,5.235,8
2297850,4.204,5.235,8
2297900,4.204,5.235,8
2297950,4.204,5.235,8
2298000,4.204,5.235,8
2298050,4.204,5.235,8
2298100,4.204,5.235,8
2298150,4.204,5.235,8
2298200,4.204,5.235,8
2298250,4.204,5.235,8
2298300,4.204,5.235,8
2298350,4.204,5.235,8
2298400,4.204,5.235,8
2298450,4.204,5.235,8
2298500,4.204,5.235,8
2298550,4.204,5.235,8
2298600,4.204,5.235,8
2298650,4.204,5.235,8
2298700,4.204,5.235,8
2298750,4.204,5.235,8
2298800,4.204,5.235,8
2298850,4.204,5.235,8
2298900,4.204,5.235,8
2298950,4.204,5.235,8
2299000,4.204,5.235,8
2299050,4.204,5.235,8
2299100,4.204,5.235,8
2299150,4.204,5.235,8
2299200,4.204,5.235,8
2299250,4.204,5.235,8
2299300,4.204,5.235,8
2299350,4.204,5.235,8
2299400,4.204,5.235,8
2299450,4.204,5.235,8
2299500,4.204,5.235,8
2299550,4.204,5.237,8
2299600,4.202,5.257,8
2299650,4.193,5.283,8
2299700,4.176,5.318,8
2299750,4.135,5.364,8
2299800,4.067,5.382,8
2299850,3.961,5.401,8
2299900,3.801,5.453,8
2299950,3.587,5.525,8
2300000,3.4,5.607,8
2300050,3.34,5.629,8
2300100,3.34,5.663,8
2300150,3.34,5.687,8
2300200,3.34,5.725,8
2300250,3.339,5.762,8
2300300,3.329,5.792,8
2300350,3.293,5.824,8
2300400,3.265,5.843,8
2300450,3.239,5.857,8
2300500,3.216,5.875,8
2300550,3.151,5.897,8
2300600,3.087,5.917,8
2300650,3.05,5.943,8
2300700,2.997,5.957,8
2300750,2.943,5.973,8
2300800,2.941,5.979,8
2300850,2.938,5.979,8
2300900,2.928,5.988,8
2300950,2.909,6.002,8
2301000,2.881,6.003,8
2301050,2.828,6.018,8
2301100,2.761,6.036,8
2301150,2.711,6.045,8
2301200,2.688,6.053,8
2301250,2.67,6.058,8
2301300,2.654,6.058,8
2301350,2.64,6.067,8
2301400,2.631,6.076,8
2301450,2.615,6.076,8
2301500,2.608,6.084,8
2301550,2.597,6.084,8
2301600,2.592,6.084,8
2301650,2.591,6.084,8
2301700,2.587,6.084,8
2301750,2.583,6.084,8
2301800,2.583,6.084,8
2301850,2.583,6.084,8
2301900,2.583,6.084,8
2301950,2.583,6.084,8
2302000,2.583,6.084,8
2302050,2.583,6.084,8
2302100,2.583,6.084,8
2302150,2.583,6.084,8
2302200,2.583,6.084,8
2302250,2.583,6.084,8
2302300,2.583,6.084,8
2302350,2.583,6.084,8
2302400,2.583,6.084,8
2302450,2.583,6.084,8
2302500,2.583,6.084,8
2302550,2.583,6.084,8
2302600,2.583,6.084,8
2302650,2.583,6.084,8
2302700,2.583,6.084,8
2302750,2.583,6.084,8
2302800,2.583,6.084,8
2302850,2.583,6.084,8
2302900,2.583,6.084,8
2302950,2.583,6.084,8
2303000,2.583,6.084,8
2303050,2.583,6.084,8
2303100,2.583,6.084,8
2303150,2.583,6.084,8
2303200,2.583,6.084,8
2303250,2.583,6.084,8
2303300,2.583,6.084,8
2303350,2.583,6.084,8
2303400,2.583,6.084,8
2303450,2.583,6.084,8
2303500,2.583,6.084,8
2303550,2.583,6.084,8
2303600,2.583,6.084,8
2303650,2.583,6.084,8
2303700,2.583,6.084,8
2303750,2.583,6.084,8
2303800,2.583,6.081,8
2303850,2.583,6.065,8
2303900,2.583,6.053,8
2303950,2.583,6.045,8
2304000,2.583,6.024,8
2304050,2.583,6.023,8
2304100,2.583,6.019,8
2304150,2.583,6.019,8
2304200,2.583,6.019,8
2304250,2.583,6.019,8
2304300,2.583,6.019,8
2304350,2.583,6.019,8
2304400,2.583,6.019,8
2304450,2.583,6.019,8
2304500,2.583,6.019,8
2304550,2.583,6.019,8
2304600,2.583,6.019,8
2304650,2.583,6.019,8
2304700,2.583,6.019,8
2304750,2.583,6.019,8
2304800,2.583,6.019,8
2304850,2.582,6.019,8
2304900,2.581,6.019,8
2304950,2.581,6.019,8
2305000,2.581,6.019,8
2305050,2.578,6.019,8
2305100,2.578,6.019,8
2305150,2.572,6.019,8
2305200,2.571,6.019,8
2305250,2.567,6.019,8
2305300,2.567,6.019,8
2305350,2.563,6.022,8
2305400,2.555,6.042,8
2305450,2.547,6.061,8
2305500,2.535,6.079,8
2305550,2.52,6.089,8
2305600,2.508,6.1,8
2305650,2.494,6.107,8
2305700,2.493,6.112,8
2305750,2.488,6.117,8
2305800,2.487,6.119,8
2305850,2.482,6.122,8
2305900,2.482,6.125,8
2305950,2.482,6.125,8
2306000,2.482,6.125,8
2306050,2.482,6.126,8
2306100,2.482,6.126,8
2306150,2.482,6.126,8
2306200,2.482,6.126,8
2306250,2.482,6.126,8
2306300,2.482,6.126,8
2306350,2.482,6.126,8
2306400,2.482,6.126,8
2306450,2.482,6.126,8
2306500,2.482,6.126,8
2306550,2.482,6.126,8
2306600,2.482,6.126,8
2306650,2.482,6.126,8
2306700,2.482,6.126,8
2306750,2.482,6.126,8
2306800,2.482,6.126,8
2306850,2.482,6.126,8
2306900,2.482,6.126,8
2306950,2.482,6.126,8
2307000,2.482,6.126,8
2307050,2.482,6.126,8
2307100,2.482,6.126,8
2307150,2.482,6.126,8
2307200,2.482,6.126,8
2307250,2.482,6.126,8
2307300,2.482,6.126,8
2307350,2.482,6.126,8
2307400,2.482,6.126,8
2307450,2.482,6.126,8
2307500,2.482,6.126,8
2307550,2.482,6.126,8
2307600,2.482,6.126,8
2307650,2.482,6.126,8
2307700,2.482,6.127,8
2307750,2.482,6.13,8
2307800,2.482,6.138,8
2307850,2.482,6.14,8
2307900,2.482,6.142,8
2307950,2.482,6.143,8
2308000,2.482,6.143,8
2308050,2.482,6.144,8
2308100,2.482,6.144,8
2308150,2.482,6.144,8
2308200,2.482,6.145,8
2308250,2.482,6.148,8
2308300,2.482,6.149,8
2308350,2.482,6.149,8
2308400,2.482,6.149,8
2308450,2.482,6.149,8
2308500,2.482,6.149,8
2308550,2.482,6.149,8
2308600,2.482,6.149,8
2308650,2.482,6.149,8
2308700,2.482,6.15,8
2308750,2.482,6.15,8
2308800,2.482,6.15,8
2308850,2.482,6.151,8
2308900,2.482,6.153,8
2308950,2.482,6.153,8
2309000,2.482,6.155,8
2309050,2.482,6.159,8
2309100,2.482,6.161,8
2309150,2.48,6.167,8
2309200,2.473,6.167,8
2309250,2.473,6.167,8
2309300,2.473,6.167,8
2309350,2.473,6.167,8
2309400,2.473,6.167,8
2309450,2.473,6.167,8
2309500,2.473,6.167,8
2309550,2.473,6.167,8
2309600,2.473,6.167,8
2309650,2.473,6.167,8
2309700,2.473,6.166,8
2309750,2.473,6.166,8
2309800,2.473,6.166,8
2309850,2.473,6.166,8
2309900,2.473,6.166,8
2309950,2.473,6.166,8
2310000,2.473,6.166,8
2310050,2.473,6.166,8
2310100,2.473,6.166,8
2310150,2.473,6.166,8
2310200,2.473,6.166,8
2310250,2.473,6.166,8
2310300,2.473,6.166,8
2310350,2.473,6.166,8
2310400,2.473,6.165,8
2310450,2.473,6.165,8
2310500,2.473,6.165,8
2310550,2.473,6.165,8
2310600,2.473,6.165,8
2310650,2.473,6.165,8
2310700,2.473,6.165,8
2310750,2.473,6.165,8
2310800,2.473,6.165,8
2310850,2.473,6.165,8
2310900,2.473,6.165,8
2310950,2.473,6.164,8
2311000,2.473,6.164,8
2311050,2.473,6.164,8
2311100,2.473,6.164,8
2311150,2.473,6.164,8
2311200,2.473,6.164,8
2311250,2.473,6.164,8
2311300,2.473,6.164,8
2311350,2.473,6.164,8
2311400,2.473,6.164,8
2311450,2.473,6.164,8
2311500,2.473,6.164,8
2311550,2.473,6.164,8
2311600,2.473,6.164,8
2311650,2.473,6.164,8
2311700,2.473,6.164,8
2311750,2.473,6.164,8
2311800,2.473,6.164,8
2311850,2.473,6.164,8
2311900,2.473,6.164,8
2311950,2.473,6.164,8
2312000,2.473,6.164,8
2312050,2.473,6.164,8
2312100,2.473,6.164,8
2312150,2.473,6.164,8
2312200,2.473,6.164,8
2312250,2.473,6.164,8
2312300,2.473,6.164,8
2312350,2.473,6.164,8
2312400,2.473,6.164,8
2312450,2.473,6.164,8
2312500,2.473,6.164,8
2312550,2.473,6.164,8
2312600,2.473,6.164,8
2312650,2.473,6.164,8
2312700,2.473,6.164,8
2312750,2.473,6.164,8
2312800,2.473,6.164,8
2312850,2.473,6.164,8
2312900,2.473,6.164,8
2312950,2.473,6.164,8
2313000,2.473,6.164,8
2313050,2.473,6.164,8
2313100,2.473,6.164,8
2313150,2.473,6.164,8
2313200,2.473,6.164,8
2313250,2.473,6.164,8
2313300,2.473,6.164,8
2313350,2.473,6.164,8
2313400,2.473,6.164,8
2313450,2.473,6.164,8
2313500,2.473,6.164,8
2313550,2.473,6.164,8
2313600,2.473,6.164,8
2313650,2.473,6.164,8
2313700,2.473,6.164,8
2313750,2.473,6.164,8
2313800,2.473,6.164,8
2313850,2.473,6.164,8
2313900,2.473,6.164,8
2313950,2.473,6.164,8
2314000,2.473,6.164,8
2314050,2.473,6.164,8
2314100,2.473,6.164,8
2314150,2.473,6.164,8
2314200,2.473,6.164,8
2314250,2.473,6.164,8
2314300,2.473,6.164,8
2314350,2.473,6.164,8
2314400,2.473,6.164,8
2314450,2.473,6.164,8
2314500,2.473,6.164,8
2314550,2.473,6.164,8
2314600,2.473,6.164,8
2314650,2.473,6.164,8
2314700,2.473,6.164,8
2314750,2.473,6.164,8
2314800,2.473,6.164,8
2314850,2.473,6.164,8
2314900,2.473,6.164,8
2314950,2.473,6.164,8
2315000,2.473,6.164,8
2315050,2.473,6.164,8
2315100,2.473,6.164,8
2315150,2.473,6.164,8
2315200,2.473,6.164,8
2315250,2.473,6.164,8
2315300,2.473,6.164,8
2315350,2.473,6.164,8
2315400,2.473,6.164,8
2315450,2.473,6.164,8
2315500,2.473,6.164,8
2315550,2.473,6.164,8
2315600,2.473,6.164,8
2315650,2.473,6.164,8
2315700,2.473,6.164,8
2315750,2.473,6.164,8
2315800,2.473,6.164,8
2315850,2.473,6.164,8
2315900,2.473,6.164,8
2315950,2.473,6.164,8
2316000,2.473,6.164,8
2316050,2.473,6.164,8
2316100,2.473,6.161,8
2316150,2.473,6.161,8
2316200,2.473,6.161,8
2316250,2.473,6.161,8
2316300,2.473,6.161,8
2316350,2.473,6.161,8
2316400,2.473,6.161,8
2316450,2.473,6.161,8
2316500,2.473,6.161,8
2316550,2.473,6.161,8
2316600,2.473,6.159,8
2316650,2.473,6.159,8
2316700,2.473,6.159,8
2316750,2.473,6.159,8
2316800,2.473,6.159,8
2316850,2.473,6.159,8
2316900,2.473,6.159,8
2316950,2.473,6.159,8
2317000,2.473,6.159,8
2317050,2.473,6.159,8
2317100,2.473,6.159,8
2317150,2.473,6.159,8
2317200,2.473,6.159,8
2317250,2.473,6.159,8
2317300,2.473,6.159,8
2317350,2.473,6.159,8
2317400,2.473,6.157,8
2317450,2.473,6.152,8
2317500,2.473,6.152,8
2317550,2.473,6.152,8
2317600,2.473,6.152,8
2317650,2.473,6.152,8
2317700,2.473,6.152,8
2317750,2.473,6.152,8
2317800,2.473,6.152,8
2317850,2.473,6.152,8
2317900,2.473,6.152,8
2317950,2.473,6.152,8
2318000,2.473,6.152,8
2318050,2.473,6.15,8
2318100,2.473,6.15,8
2318150,2.473,6.148,8
2318200,2.473,6.148,8
2318250,2.473,6.148,8
2318300,2.473,6.143,8
2318350,2.473,6.143,8
2318400,2.473,6.143,8
2318450,2.473,6.143,8
2318500,2.473,6.143,8
2318550,2.473,6.143,8
2318600,2.473,6.143,8
2318650,2.473,6.143,8
2318700,2.473,6.143,8
2318750,2.473,6.143,8
2318800,2.473,6.143,8
2318850,2.473,6.141,8
2318900,2.473,6.141,8
2318950,2.473,6.141,8
2319000,2.473,6.14,8
2319050,2.473,6.14,8
2319100,2.473,6.14,8
2319150,2.473,6.14,8
2319200,2.473,6.14,8
2319250,2.473,6.14,8
2319300,2.473,6.14,8
2319350,2.473,6.14,8
2319400,2.473,6.14,8
2319450,2.473,6.14,8
2319500,2.473,6.14,8
2319550,2.473,6.14,8
2319600,2.473,6.14,8
2319650,2.473,6.14,8
2319700,2.473,6.14,8
2319750,2.473,6.137,8
2319800,2.473,6.137,8
2319850,2.473,6.137,8
2319900,2.473,6.137,8
2319950,2.473,6.137,8
2320000,2.473,6.137,8
2320050,2.473,6.137,8
2320100,2.473,6.137,8
2320150,2.473,6.137,8
2320200,2.473,6.136,8
2320250,2.473,6.133,8
2320300,2.473,6.133,8
2320350,2.473,6.133,8
2320400,2.473,6.133,8
2320450,2.473,6.133,8
2320500,2.473,6.133,8
2320550,2.473,6.133,8
2320600,2.473,6.133,8
2320650,2.473,6.133,8
2320700,2.473,6.133,8
2320750,2.473,6.133,8
2320800,2.473,6.133,8
2320850,2.473,6.133,8
2320900,2.473,6.133,8
2320950,2.473,6.133,8
2321000,2.473,6.128,8
2321050,2.475,6.124,8
2321100,2.476,6.115,8
2321150,2.486,6.095,8
2321200,2.511,6.053,8
2321250,2.52,6.01,8
2321300,2.529,5.995,8
2321350,2.535,5.964,8
2321400,2.547,5.944,8
2321450,2.561,5.926,8
2321500,2.582,5.917,8
2321550,2.59,5.909,8
2321600,2.601,5.901,8
2321650,2.623,5.889,8
2321700,2.652,5.875,8
2321750,2.684,5.866,8
2321800,2.713,5.861,8
2321850,2.731,5.856,8
2321900,2.734,5.856,8
2321950,2.735,5.856,8
2322000,2.738,5.856,8
2322050,2.738,5.856,8
2322100,2.739,5.856,8
2322150,2.742,5.856,8
2322200,2.742,5.856,8
2322250,2.742,5.856,8
2322300,2.743,5.856,8
2322350,2.743,5.856,8
2322400,2.743,5.856,8
2322450,2.743,5.856,8
2322500,2.743,5.856,8
2322550,2.743,5.856,8
2322600,2.743,5.856,8
2322650,2.745,5.856,8
2322700,2.746,5.856,8
2322750,2.751,5.853,8
2322800,2.754,5.85,8
2322850,2.76,5.85,8
2322900,2.77,5.849,8
2322950,2.783,5.845,8
2323000,2.805,5.841,8
2323050,2.847,5.841,8
2323100,2.879,5.841,8
2323150,2.901,5.841,8
2323200,2.903,5.841,8
2323250,2.904,5.837,8
2323300,2.904,5.834,8
2323350,2.906,5.831,8
2323400,2.906,5.831,8
2323450,2.906,5.831,8
2323500,2.906,5.83,8
2323550,2.906,5.83,8
2323600,2.906,5.83,8
2323650,2.906,5.828,8
2323700,2.906,5.828,8
2323750,2.906,5.828,8
2323800,2.906,5.826,8
2323850,2.906,5.826,8
2323900,2.906,5.826,8
2323950,2.906,5.826,8
2324000,2.906,5.826,8
2324050,2.906,5.826,8
2324100,2.906,5.826,8
2324150,2.906,5.826,8
2324200,2.906,5.826,8
2324250,2.906,5.826,8
2324300,2.906,5.826,8
2324350,2.906,5.826,8
2324400,2.906,5.826,8
2324450,2.906,5.826,8
2324500,2.906,5.826,8
2324550,2.906,5.826,8
2324600,2.906,5.826,8
2324650,2.906,5.826,8
2324700,2.906,5.826,8
2324750,2.906,5.826,8
2324800,2.906,5.826,8
2324850,2.906,5.826,8
2324900,2.906,5.826,8
2324950,2.906,5.826,8
2325000,2.906,5.826,8
2325050,2.906,5.826,8
2325100,2.906,5.826,8
2325150,2.906,5.826,8
2325200,2.906,5.826,8
2325250,2.906,5.826,8
2325300,2.906,5.826,8
2325350,2.906,5.826,8
2325400,2.906,5.826,8
2325450,2.906,5.826,8
2325500,2.906,5.826,8
2325550,2.906,5.826,8
2325600,2.906,5.826,8
2325650,2.906,5.826,8
2325700,2.906,5.826,8
2325750,2.906,5.826,8
2325800,2.906,5.826,8
2325850,2.906,5.826,8
2325900,2.906,5.826,8
2325950,2.906,5.826,8
2326000,2.906,5.826,8
2326050,2.906,5.826,8
2326100,2.906,5.826,8
2326150,2.906,5.826,8
2326200,2.906,5.826,8
2326250,2.906,5.826,8
2326300,2.906,5.826,8
2326350,2.906,5.826,8
2326400,2.906,5.826,8
2326450,2.906,5.828,8
2326500,2.906,5.828,8
2326550,2.906,5.828,8
2326600,2.906,5.828,8
2326650,2.906,5.828,8
2326700,2.906,5.828,8
2326750,2.906,5.828,8
2326800,2.906,5.828,8
2326850,2.906,5.828,8
2326900,2.906,5.828,8
2326950,2.906,5.828,8
2327000,2.906,5.828,8
2327050,2.906,5.828,8
2327100,2.906,5.829,8
2327150,2.906,5.832,8
2327200,2.906,5.832,8
2327250,2.906,5.832,8
2327300,2.906,5.832,8
2327350,2.906,5.832,8
2327400,2.906,5.832,8
2327450,2.906,5.833,8
2327500,2.906,5.833,8
2327550,2.906,5.833,8
2327600,2.906,5.833,8
2327650,2.906,5.833,8
2327700,2.906,5.833,8
2327750,2.906,5.833,8
2327800,2.906,5.833,8
2327850,2.906,5.833,8
2327900,2.906,5.833,8
2327950,2.906,5.833,8
2328000,2.906,5.833,8
2328050,2.906,5.836,8
2328100,2.906,5.836,8
2328150,2.906,5.836,8
2328200,2.906,5.839,8
2328250,2.906,5.839,8
2328300,2.906,5.839,8
2328350,2.906,5.839,8
2328400,2.906,5.839,8
2328450,2.906,5.839,8
2328500,2.906,5.839,8
2328550,2.906,5.839,8
2328600,2.906,5.839,8
2328650,2.906,5.839,8
2328700,2.906,5.839,8
2328750,2.906,5.84,8
2328800,2.906,5.844,8
2328850,2.906,5.844,8
2328900,2.906,5.844,8
2328950,2.906,5.847,8
2329000,2.906,5.847,8
2329050,2.906,5.847,8
2329100,2.906,5.847,8
2329150,2.906,5.848,8
2329200,2.906,5.848,8
2329250,2.906,5.852,8
2329300,2.906,5.852,8
2329350,2.906,5.852,8
2329400,2.906,5.854,8
2329450,2.906,5.855,8
2329500,2.906,5.855,8
2329550,2.906,5.855,8
2329600,2.906,5.856,8
2329650,2.906,5.861,8
2329700,2.906,5.861,8
2329750,2.906,5.861,8
2329800,2.906,5.861,8
2329850,2.906,5.861,8
2329900,2.906,5.861,8
2329950,2.906,5.862,8
2330000,2.906,5.864,8
2330050,2.906,5.866,8
2330100,2.906,5.871,8
2330150,2.906,5.877,8
2330200,2.906,5.887,8
2330250,2.902,5.893,8
2330300,2.901,5.903,8
2330350,2.901,5.912,8
2330400,2.897,5.912,8
2330450,2.893,5.917,8
2330500,2.892,5.919,8
2330550,2.892,5.925,8
2330600,2.892,5.926,8
2330650,2.89,5.928,8
2330700,2.89,5.931,8
2330750,2.889,5.932,8
2330800,2.889,5.934,8
2330850,2.889,5.934,8
2330900,2.889,5.934,8
2330950,2.889,5.934,8
2331000,2.889,5.934,8
2331050,2.889,5.934,8
2331100,2.889,5.934,8
2331150,2.889,5.934,8
2331200,2.889,5.934,8
2331250,2.889,5.934,8
2331300,2.889,5.934,8
2331350,2.889,5.934,8
2331400,2.889,5.934,8
2331450,2.889,5.934,8
2331500,2.889,5.934,8
2331550,2.889,5.934,8
2331600,2.889,5.934,12
2331650,2.889,5.934,12
2331700,2.889,5.934,12
2331750,2.889,5.934,12
2331800,2.889,5.934,12
2331850,2.889,5.934,12
2331900,2.889,5.934,12
2331950,2.889,5.934,12
2332000,2.889,5.934,12
2332050,2.889,5.934,12
2332100,2.889,5.933,12
2332150,2.889,5.903,12
2332200,2.891,5.852,12
2332250,2.915,5.813,12
2332300,2.951,5.801,12
2332350,3.021,5.798,12
2332400,3.17,5.794,12
2332450,3.395,5.77,12
2332500,3.611,5.727,12
2332550,3.729,5.678,12
2332600,3.732,5.662,12
2332650,3.733,5.652,12
2332700,3.753,5.634,12
2332750,3.796,5.599,12
2332800,3.838,5.577,12
2332850,3.864,5.566,12
2332900,3.864,5.566,12
2332950,3.864,5.566,12
2333000,3.864,5.566,12
2333050,3.864,5.566,12
2333100,3.864,5.566,12
2333150,3.865,5.566,12
2333200,3.875,5.565,12
2333250,3.908,5.547,12
2333300,3.982,5.528,12
2333350,4.166,5.462,12
2333400,4.358,5.403,12
2333450,4.512,5.345,12
2333500,4.569,5.31,12
2333550,4.592,5.297,12
2333600,4.633,5.275,12
2333650,4.705,5.237,12
2333700,4.835,5.13,12
2333750,4.932,5.044,12
2333800,4.986,5.009,12
2333850,5.0,5.0,12
2333900,5.0,5.0,12
2333950,5.0,5.0,12
2334000,5.0,5.0,12
2334050,5.0,5.0,12
2334100,5.0,5.0,12
2334150,5.0,5.0,12
2334200,5.0,5.0,12
2334250,5.0,5.0,12
2334300,5.0,5.0,12
2334350,5.0,5.0,12
2334400,5.0,5.0,12
2334450,5.0,5.0,12
2334500,5.0,5.0,12
2334550,5.0,5.0,12
2334600,5.0,5.0,12
2334650,5.0,5.0,12
2334700,5.0,5.0,12
2334750,5.0,5.0,12
2334800,5.0,5.0,12
2334850,5.0,5.0,12
2334900,5.0,5.0,12
2334950,5.0,5.0,12
2335000,5.0,5.0,12
2335050,5.0,5.0,12
2335100,5.0,5.0,12
2335150,5.0,5.0,12
2335200,5.0,5.0,12
2335250,5.0,5.0,12
2335300,5.0,5.0,12
2335350,5.0,5.0,12
2335400,5.0,5.0,12
2335450,5.0,5.0,12
2335500,5.0,5.0,12
2335550,5.0,5.0,12
2335600,5.0,5.0,12
2335650,5.0,5.0,12
2335700,5.0,5.0,12
2335750,5.0,5.0,12
2335800,5.0,5.0,12
2335850,5.0,5.0,12
2335900,5.0,5.0,12
2335950,5.0,5.0,12
2336000,5.0,5.0,12
2336050,5.0,5.0,12
2336100,5.0,5.0,12
2336150,5.0,5.0,12
2336200,5.0,5.0,12
2336250,5.0,5.0,12
2336300,5.0,5.0,12
2336350,5.0,5.0,12
2336400,5.0,5.0,12
2336450,5.0,5.0,12
2336500,5.0,5.0,12
2336550,5.0,5.0,12
2336600,5.0,5.0,12
2336650,5.0,5.0,12
2336700,5.0,5.0,12
2336750,5.0,5.0,12
2336800,5.0,5.0,12
2336850,5.0,5.0,12
2336900,5.0,5.0,12
2336950,5.0,5.0,12
2337000,5.0,5.0,12
2337050,5.0,5.0,12
2337100,5.0,5.0,12
2337150,5.0,5.0,12
2337200,5.0,5.0,12
2337250,5.0,5.0,12
2337300,5.0,5.0,12
2337350,5.0,5.0,12
2337400,5.0,5.0,12
2337450,5.0,5.0,12
2337500,5.0,5.0,12
2337550,5.0,5.0,12
2337600,5.0,5.0,12
2337650,5.0,5.0,12
2337700,5.0,5.0,12
2337750,5.0,5.0,12
2337800,5.0,5.0,12
2337850,5.0,5.0,12
2337900,5.0,5.0,12
2337950,5.0,5.0,12
2338000,5.0,5.0,12
2338050,5.0,5.0,12
2338100,5.0,5.0,12
2338150,5.0,5.0,12
2338200,5.0,5.0,12
2338250,5.0,5.0,12
2338300,5.0,5.0,12
2338350,5.0,5.0,12
2338400,5.0,5.0,12
2338450,5.0,5.0,12
2338500,5.0,5.0,12
2338550,5.0,5.0,12
2338600,5.0,5.0,12
2338650,5.0,5.0,12
2338700,5.0,5.0,12
2338750,5.0,5.0,12
2338800,5.0,5.0,12
2338850,5.0,5.0,12
2338900,5.0,5.0,12
2338950,5.0,5.0,12
2339000,5.0,5.0,12
2339050,5.0,5.0,12
2339100,5.0,5.0,12
2339150,5.0,5.0,12
2339200,5.0,5.0,12
2339250,5.0,5.0,12
2339300,5.0,5.0,12
2339350,5.0,5.0,12
2339400,5.0,5.0,12
2339450,5.0,5.0,12
2339500,5.0,5.0,12
2339550,5.0,5.0,12
2339600,5.0,5.0,12
2339650,5.0,5.0,12
2339700,5.0,5.0,12
2339750,5.0,5.0,12
2339800,5.0,5.0,12
2339850,5.0,5.0,12
2339900,5.0,5.0,12
2339950,5.0,5.0,12
2340000,5.0,5.0,12
2340050,5.0,5.0,12
2340100,5.0,5.0,12
2340150,5.0,5.0,12
2340200,5.0,5.0,12
2340250,5.0,5.0,12
2340300,5.0,5.0,12
2340350,5.0,5.0,12
2340400,5.0,5.0,12
2340450,5.0,5.0,12
2340500,5.0,5.0,12
2340550,5.0,5.0,12
2340600,5.0,5.0,12
2340650,5.0,5.0,12
2340700,5.0,5.0,12
2340750,5.0,5.0,12
2340800,5.0,5.0,12
2340850,5.0,5.0,12
2340900,5.0,5.0,12
2340950,5.0,5.0,12
2341000,5.0,5.0,12
2341050,5.0,5.0,12
2341100,5.0,5.0,12
2341150,5.0,5.0,12
2341200,5.0,5.0,12
2341250,5.0,5.0,12
2341300,5.0,5.0,12
2341350,5.0,5.0,12
2341400,5.0,5.0,12
2341450,5.0,5.0,12
2341500,5.0,5.0,12
2341550,5.0,5.0,12
2341600,5.0,5.0,12
2341650,5.0,5.0,12
2341700,5.0,5.0,12
2341750,5.0,5.0,12
2341800,5.0,5.0,12
2341850,5.0,5.0,12
2341900,5.0,5.0,12
2341950,5.0,5.0,12
2342000,5.0,5.0,12
2342050,5.0,5.0,12
2342100,5.0,5.0,12
2342150,5.0,5.0,12
2342200,5.0,5.0,12
2342250,5.0,5.0,12
2342300,5.0,5.0,12
2342350,5.0,5.0,12
2342400,5.0,5.0,12
2342450,5.0,5.0,12
2342500,5.0,5.0,12
2342550,5.0,5.0,12
2342600,5.0,5.0,12
2342650,5.0,5.0,12
2342700,5.0,5.0,12
2342750,5.0,5.0,12
2342800,5.0,5.0,12
2342850,5.0,5.0,12
2342900,5.0,5.0,12
2342950,5.0,5.0,12
2343000,5.0,5.0,12
2343050,5.0,5.0,12
2343100,5.0,5.0,12
2343150,5.0,5.0,12
2343200,5.0,5.0,12
2343250,5.0,5.0,12
2343300,5.0,5.0,12
2343350,5.0,5.0,12
2343400,5.0,5.0,12
2343450,5.0,5.0,12
2343500,5.0,5.0,12
2343550,5.0,5.0,12
2343600,5.0,5.0,12
2343650,5.0,5.0,12
2343700,5.0,5.0,12
2343750,5.0,5.0,12
2343800,5.0,5.0,12
2343850,5.0,5.0,12
2343900,5.0,5.0,12
2343950,5.0,5.0,12
2344000,5.0,5.0,12
2344050,5.0,5.0,12
2344100,5.0,5.0,12
2344150,5.0,5.0,12
2344200,5.0,5.0,12
2344250,5.0,5.0,12
2344300,5.0,5.0,12
2344350,5.0,5.0,12
2344400,5.0,5.0,12
2344450,5.0,5.0,12
2344500,5.0,5.0,12
2344550,5.0,5.0,12
2344600,5.0,5.0,12
2344650,5.0,5.0,12
2344700,5.0,5.0,12
2344750,5.0,5.0,12
2344800,5.0,5.0,12
2344850,5.0,5.0,12
2344900,5.0,5.0,12
2344950,5.0,5.0,12
2345000,5.0,5.0,12
2345050,5.0,5.0,12
2345100,5.0,5.0,12
2345150,5.0,5.0,12
2345200,5.0,5.0,12
2345250,5.0,5.0,12
2345300,5.0,5.0,12
2345350,5.0,5.0,12
2345400,5.0,5.0,12
2345450,5.0,5.0,12
2345500,5.0,5.0,12
2345550,5.0,5.0,12
2345600,5.0,5.0,12
2345650,5.0,5.0,12
2345700,5.0,5.0,12
2345750,5.0,5.0,12
2345800,5.0,5.0,12
2345850,5.0,5.0,12
2345900,5.0,5.0,12
2345950,5.0,5.0,12
2346000,5.0,5.0,12
2346050,5.0,5.0,12
2346100,5.0,5.0,12
2346150,5.0,5.0,12
2346200,5.0,5.0,12
2346250,5.0,5.0,12
2346300,5.0,5.0,12
2346350,5.0,5.0,12
2346400,5.0,5.0,12
2346450,5.0,5.0,12
2346500,5.0,5.0,12
2346550,5.0,5.0,12
2346600,5.0,5.0,12
2346650,5.0,5.0,12
2346700,5.0,5.0,12
2346750,5.0,5.0,12
2346800,5.0,5.0,12
2346850,5.0,5.0,12
2346900,5.0,5.0,12
2346950,5.0,5.0,12
2347000,5.0,5.0,12
2347050,5.0,5.0,12
2347100,5.0,5.0,12
2347150,5.0,5.0,12
2347200,5.0,5.0,12
2347250,5.0,5.0,12
2347300,5.0,5.0,12
2347350,5.0,5.0,12
2347400,5.0,5.0,12
2347450,5.0,5.0,12
2347500,5.0,5.0,12
2347550,5.0,5.0,12
2347600,5.0,5.0,12
2347650,5.0,5.0,12
2347700,5.0,5.0,12
2347750,5.0,5.0,12
2347800,5.0,5.0,12
2347850,5.0,5.0,12
2347900,5.0,5.0,12
2347950,5.0,5.0,12
2348000,5.0,5.0,12
2348050,5.0,5.0,12
2348100,5.0,5.0,12
2348150,5.0,5.0,12
2348200,5.0,5.0,12
2348250,5.0,5.0,12
2348300,5.0,5.0,12
2348350,5.0,5.0,12
2348400,5.0,5.0,12
2348450,5.0,5.0,12
2348500,5.0,5.0,12
2348550,5.0,5.0,12
2348600,5.0,5.0,12
2348650,5.0,5.0,12
2348700,5.0,5.0,12
2348750,5.0,5.0,12
2348800,5.0,5.0,12
2348850,5.0,5.0,12
2348900,5.0,5.0,12
2348950,5.0,5.0,12
2349000,5.0,5.0,12
2349050,5.0,5.0,12
2349100,5.0,5.0,12
2349150,5.0,5.0,12
2349200,5.0,5.0,12
2349250,5.0,5.0,12
2349300,5.0,5.0,12
2349350,5.0,5.0,12
2349400,5.0,5.0,12
2349450,5.0,5.0,12
2349500,5.0,5.0,12
2349550,5.0,5.0,12
2349600,5.0,5.0,12
2349650,5.0,5.0,12
2349700,5.0,5.0,12
2349750,5.0,5.0,12
2349800,5.0,5.0,12
2349850,5.0,5.0,12
2349900,5.0,5.0,12
2349950,5.0,5.0,12
2350000,5.0,5.0,12
2350050,5.0,5.0,12
2350100,5.0,5.0,12
2350150,5.0,5.0,12
2350200,5.0,5.0,12
2350250,5.0,5.0,12
2350300,5.0,5.0,12
2350350,5.0,5.0,12
2350400,5.0,5.0,12
2350450,5.0,5.0,12
2350500,5.0,5.0,12
2350550,5.0,5.0,12
2350600,5.0,5.0,12
2350650,5.0,5.0,12
2350700,5.0,5.0,12
2350750,5.0,5.0,12
2350800,5.0,5.0,12
2350850,5.0,5.0,12
2350900,5.0,5.0,12
2350950,5.0,5.0,12
2351000,5.0,5.0,12
2351050,5.0,5.0,12
2351100,5.0,5.0,12
2351150,5.0,5.0,12
2351200,5.0,5.0,12
2351250,5.0,5.0,12
2351300,5.0,5.0,12
2351350,5.0,5.0,12
2351400,5.0,5.0,12
2351450,5.0,5.0,12
2351500,5.0,5.0,12
2351550,5.0,5.0,12
2351600,5.0,5.0,12
2351650,5.0,5.0,12
2351700,5.0,5.0,12
2351750,5.0,5.0,12
2351800,5.0,5.0,12
2351850,5.0,5.0,12
2351900,5.0,5.0,12
2351950,5.0,5.0,12
2352000,5.0,5.0,12
2352050,5.0,5.0,12
2352100,5.0,5.0,12
2352150,5.0,5.0,12
2352200,5.0,5.0,12
2352250,5.0,5.0,12
2352300,5.0,5.0,12
2352350,5.0,5.0,12
2352400,5.0,5.0,12
2352450,5.0,5.0,12
2352500,5.0,5.0,12
2352550,5.0,5.0,12
2352600,5.0,5.0,12
2352650,5.0,5.0,12
2352700,5.0,5.0,12
2352750,5.0,5.0,12
2352800,5.0,5.0,12
2352850,5.0,5.0,12
2352900,5.0,5.0,12
2352950,5.0,5.0,12
2353000,5.0,5.0,12
2353050,5.0,5.0,12
2353100,5.0,5.0,12
2353150,5.0,5.0,12
2353200,5.0,5.0,12
2353250,5.0,5.0,12
2353300,5.0,5.0,12
2353350,5.0,5.0,12
2353400,5.0,5.0,12
2353450,5.0,5.0,12
2353500,5.0,5.0,12
2353550,5.0,5.0,12
2353600,5.0,5.0,12
2353650,5.0,5.0,12
2353700,5.0,5.0,12
2353750,5.0,5.0,12
2353800,5.0,5.0,12
2353850,5.0,5.0,12
2353900,5.0,5.0,12
2353950,5.0,5.0,12
2354000,5.0,5.0,12
2354050,5.0,5.0,12
2354100,5.0,5.0,12
2354150,5.0,5.0,12
2354200,5.0,5.0,12
2354250,5.0,5.0,12
2354300,5.0,5.0,12
2354350,5.0,5.0,12
2354400,5.0,5.0,12
2354450,5.0,5.0,12
2354500,5.0,5.0,12
2354550,5.0,5.0,12
2354600,5.0,5.0,12
2354650,5.0,5.0,12
2354700,5.0,5.0,12
2354750,5.0,5.0,12
2354800,5.0,5.0,12
2354850,5.0,5.0,12
2354900,5.0,5.0,12
2354950,5.0,5.0,12
2355000,5.0,5.0,12
2355050,5.0,5.0,12
2355100,5.0,5.0,12
2355150,5.0,5.0,12
2355200,5.0,5.0,12
2355250,5.0,5.0,12
2355300,5.0,5.0,12
2355350,5.0,5.0,12
2355400,5.0,5.0,12
2355450,5.0,5.0,12
2355500,5.0,5.0,12
2355550,5.0,5.0,12
2355600,5.0,5.0,12
2355650,5.0,5.0,12
2355700,5.0,5.0,12
2355750,5.0,5.0,12
2355800,5.0,5.0,12
2355850,5.0,5.0,12
2355900,5.0,5.0,12
2355950,5.0,5.0,12
2356000,5.0,5.0,12
2356050,5.0,5.0,12
2356100,5.0,5.0,12
2356150,5.0,5.0,12
2356200,5.0,5.0,12
2356250,5.0,5.0,12
2356300,5.0,5.0,12
2356350,5.0,5.0,12
2356400,5.0,5.0,12
2356450,5.0,5.0,12
2356500,5.0,5.0,12
2356550,5.0,5.0,12
2356600,5.0,5.0,12
2356650,5.0,5.0,12
2356700,5.0,5.0,12
2356750,5.0,5.0,12
2356800,5.0,5.0,12
2356850,5.0,5.0,12
2356900,5.0,5.0,12
2356950,5.0,5.0,12
2357000,5.0,5.0,12
2357050,5.0,5.0,12
2357100,5.0,5.0,12
2357150,5.0,5.0,12
2357200,5.0,5.0,12
2357250,5.0,5.0,12
2357300,5.0,5.0,12
2357350,5.0,5.0,12
2357400,5.0,5.0,12
2357450,5.0,5.0,12
2357500,5.0,5.0,12
2357550,5.0,5.0,12
2357600,5.0,5.0,12
2357650,5.0,5.0,12
2357700,5.0,5.0,12
2357750,5.0,5.0,12
2357800,5.0,5.0,12
2357850,5.0,5.0,12
2357900,5.0,5.0,12
2357950,5.0,5.0,12
2358000,5.0,5.0,12
2358050,5.0,5.0,12
2358100,5.0,5.0,12
2358150,5.0,5.0,12
2358200,5.0,5.0,12
2358250,5.0,5.0,12
2358300,5.0,5.0,12
2358350,5.0,5.0,12
2358400,5.0,5.0,12
2358450,5.0,5.0,12
2358500,5.0,5.0,12
2358550,5.0,5.0,12
2358600,5.0,5.0,12
2358650,5.0,5.0,12
2358700,5.0,5.0,12
2358750,5.0,5.0,12
2358800,5.0,5.0,12
2358850,5.0,5.0,12
2358900,5.0,5.0,12
2358950,5.0,5.0,12
2359000,5.0,5.0,12
2359050,5.0,5.0,12
2359100,5.0,5.0,12
2359150,5.0,5.0,12
2359200,5.0,5.0,12
2359250,5.0,5.0,12
2359300,5.0,5.0,12
2359350,5.0,5.0,12
2359400,5.0,5.0,12
2359450,5.0,5.0,12
2359500,5.0,5.0,12
2359550,5.0,5.0,12
2359600,5.0,5.0,12
2359650,5.0,5.0,12
2359700,5.0,5.0,12
2359750,5.0,5.0,12
2359800,5.0,5.0,12
2359850,5.0,5.0,12
2359900,5.0,5.0,12
2359950,5.0,5.0,12
2360000,5.0,5.0,12
2360050,5.0,5.0,12
2360100,5.0,5.0,12
2360150,5.0,5.0,12
2360200,5.0,5.0,12
2360250,5.0,5.0,12
2360300,5.0,5.0,12
2360350,5.0,5.0,12
2360400,5.0,5.0,12
2360450,5.0,5.0,12
2360500,5.0,5.0,12
2360550,5.0,5.0,12
2360600,5.0,5.0,12
2360650,5.0,5.0,12
2360700,5.0,5.0,12
2360750,5.0,5.0,12
2360800,5.0,5.0,12
2360850,5.0,5.0,12
2360900,5.0,5.0,12
2360950,5.0,5.0,12
2361000,5.0,5.0,12
2361050,5.0,5.0,12
2361100,5.0,5.0,12
2361150,5.0,5.0,12
2361200,5.0,5.0,12
2361250,5.0,5.0,12
2361300,5.0,5.0,12
2361350,5.0,5.0,12
2361400,5.0,5.0,12
2361450,5.0,5.0,12
2361500,5.0,5.0,12
2361550,5.0,5.0,12
2361600,5.0,5.0,12
2361650,5.0,5.0,12
2361700,5.0,5.0,12
2361750,5.0,5.0,12
2361800,5.0,5.0,12
2361850,5.0,5.0,12
2361900,5.0,5.0,12
2361950,5.0,5.0,12
2362000,5.0,5.0,12
2362050,5.0,5.0,12
2362100,5.0,5.0,12
2362150,5.0,5.0,12
2362200,5.0,5.0,12
2362250,5.0,5.0,12
2362300,5.0,5.0,12
2362350,5.0,5.0,12
2362400,5.0,5.0,12
2362450,5.0,5.0,12
2362500,5.0,5.0,12
2362550,5.0,5.0,12
2362600,5.0,5.0,12
2362650,5.0,5.0,12
2362700,5.0,5.0,12
2362750,5.0,5.0,12
2362800,5.0,5.0,12
2362850,5.0,5.0,12
2362900,5.0,5.0,12
2362950,5.0,5.0,12
2363000,5.0,5.0,12
2363050,5.0,5.0,12
2363100,5.0,5.0,12
2363150,5.0,5.0,12
2363200,5.0,5.0,12
2363250,5.0,5.0,12
2363300,5.0,5.0,12
2363350,5.0,5.0,12
2363400,5.0,5.0,12
2363450,5.0,5.0,12
2363500,5.0,5.0,12
2363550,5.0,5.0,12
2363600,5.0,5.0,12
2363650,5.0,5.0,12
2363700,5.0,5.0,12
2363750,5.0,5.0,12
2363800,5.0,5.0,12
2363850,5.0,5.0,12
2363900,5.0,5.0,12
2363950,5.0,5.0,12
2364000,5.0,5.0,12
2364050,5.0,5.0,12
2364100,5.0,5.0,12
2364150,5.0,5.0,12
2364200,5.0,5.0,12
2364250,5.0,5.0,12
2364300,5.0,5.0,12
2364350,5.0,5.0,12
2364400,5.0,5.0,12
2364450,5.0,5.0,12
2364500,5.0,5.0,12
2364550,5.0,5.0,12
2364600,5.0,5.0,12
2364650,5.0,5.0,12
2364700,5.0,5.0,12
2364750,5.0,5.0,12
2364800,5.0,5.0,12
2364850,5.0,5.0,12
2364900,5.0,5.0,12
2364950,5.0,5.0,12
2365000,5.0,5.0,12
2365050,5.0,5.0,12
2365100,5.0,5.0,12
2365150,5.0,5.0,12
2365200,5.0,5.0,12
2365250,5.0,5.0,12
2365300,5.0,5.0,12
2365350,5.0,5.0,12
2365400,5.0,5.0,12
2365450,5.0,5.0,12
2365500,5.0,5.0,12
2365550,5.0,5.0,12
2365600,5.0,5.0,12
2365650,5.0,5.0,12
2365700,5.0,5.0,12
2365750,5.0,5.0,12
2365800,5.0,5.0,12
2365850,5.0,5.0,12
2365900,5.0,5.0,12
2365950,5.0,5.0,12
2366000,5.0,5.0,12
2366050,5.0,5.0,12
2366100,5.0,5.0,12
2366150,5.0,5.0,12
2366200,5.0,5.0,12
2366250,5.0,5.0,12
2366300,5.0,5.0,12
2366350,5.0,5.0,12
2366400,5.0,5.0,12
2366450,5.0,5.0,12
2366500,5.0,5.0,12
2366550,5.0,5.0,12
2366600,5.0,5.0,12
2366650,5.0,5.0,12
2366700,5.0,5.0,12
2366750,5.0,5.0,12
2366800,5.0,5.0,12
2366850,5.0,5.0,12
2366900,5.0,5.0,12
2366950,5.0,5.0,12
2367000,5.0,5.0,12
2367050,5.0,5.0,12
2367100,5.0,5.0,12
2367150,5.0,5.0,12
2367200,5.0,5.0,12
2367250,5.0,5.0,12
2367300,5.0,5.0,12
2367350,5.0,5.0,12
2367400,5.0,5.0,12
2367450,5.0,5.0,12
2367500,5.0,5.0,12
2367550,5.0,5.0,12
2367600,5.0,5.0,12
2367650,5.0,5.0,12
2367700,5.0,5.0,12
2367750,5.0,5.0,12
2367800,5.0,5.0,12
2367850,5.0,5.0,12
2367900,5.0,5.0,12
2367950,5.0,5.0,12
2368000,5.0,5.0,12
2368050,5.0,5.0,12
2368100,5.0,5.0,12
2368150,5.0,5.0,12
2368200,5.0,5.0,12
2368250,5.0,5.0,12
2368300,5.0,5.0,12
2368350,5.0,5.0,12
2368400,5.0,5.0,12
2368450,5.0,5.0,12
2368500,5.0,5.0,12
2368550,5.0,5.0,12
2368600,5.0,5.0,12
2368650,5.0,5.0,12
2368700,5.0,5.0,12
2368750,5.0,5.0,12
2368800,5.0,5.0,12
2368850,5.0,5.0,12
2368900,5.0,5.0,12
2368950,5.0,5.0,12
2369000,5.0,5.0,12
2369050,5.0,5.0,12
2369100,5.0,5.0,12
2369150,5.0,5.0,12
2369200,5.0,5.0,12
2369250,5.0,5.0,12
2369300,5.0,5.0,12
2369350,5.0,5.0,12
2369400,5.0,5.0,12
2369450,5.0,5.0,12
2369500,5.0,5.0,12
2369550,5.0,5.0,12
2369600,5.0,5.0,12
2369650,5.0,5.0,12
2369700,5.0,5.0,12
2369750,5.0,5.0,12
2369800,5.0,5.0,12
2369850,5.0,5.0,12
2369900,5.0,5.0,12
2369950,5.0,5.0,12
2370000,5.0,5.0,12
2370050,5.0,5.0,12
2370100,5.0,5.0,12
2370150,5.0,5.0,12
2370200,5.0,5.0,12
2370250,5.0,5.0,12
2370300,5.0,5.0,12
2370350,5.0,5.0,12
2370400,5.0,5.0,12
2370450,5.0,5.0,12
2370500,5.0,5.0,12
2370550,5.0,5.0,12
2370600,5.0,5.0,12
2370650,5.0,5.0,12
2370700,5.0,5.0,12
2370750,5.0,5.0,12
2370800,5.0,5.0,12
2370850,5.0,5.0,12
2370900,5.0,5.0,12
2370950,5.0,5.0,12
2371000,5.0,5.0,12
2371050,5.0,5.0,12
2371100,5.0,5.0,12
2371150,5.0,5.0,12
2371200,5.0,5.0,12
2371250,5.0,5.0,12
2371300,5.0,5.0,12
2371350,5.0,5.0,12
2371400,5.0,5.0,12
2371450,5.0,5.0,12
2371500,5.0,5.0,12
2371550,5.0,5.0,12
2371600,5.0,5.0,12
2371650,5.0,5.0,12
2371700,5.0,5.0,12
2371750,5.0,5.0,12
2371800,5.0,5.0,12
2371850,5.0,5.0,12
2371900,5.0,5.0,12
2371950,5.0,5.0,12
2372000,5.0,5.0,12
2372050,5.0,5.0,12
2372100,5.0,5.0,12
2372150,5.0,5.0,12
2372200,5.0,5.0,12
2372250,5.0,5.0,12
2372300,5.0,5.0,12
2372350,5.0,5.0,12
2372400,5.0,5.0,12
2372450,5.0,5.0,12
2372500,5.0,5.0,12
2372550,5.0,5.0,12
2372600,5.0,5.0,12
2372650,5.0,5.0,12
2372700,5.0,5.0,12
2372750,5.0,5.0,12
2372800,5.0,5.0,12
2372850,5.0,5.0,12
2372900,5.0,5.0,12
2372950,5.0,5.0,12
2373000,5.0,5.0,12
2373050,5.0,5.0,12
2373100,5.0,5.0,12
2373150,5.0,5.0,12
2373200,5.0,5.0,12
2373250,5.0,5.0,12
2373300,5.0,5.0,12
2373350,5.0,5.0,12
2373400,5.0,5.0,12
2373450,5.0,5.0,12
2373500,5.0,5.0,12
2373550,5.0,5.0,12
2373600,5.0,5.0,12
2373650,5.0,5.0,12
2373700,5.0,5.0,12
2373750,5.0,5.0,12
2373800,5.0,5.0,12
2373850,5.0,5.0,12
2373900,5.0,5.0,12
2373950,5.0,5.0,12
2374000,5.0,5.0,12
2374050,5.0,5.0,12
2374100,5.0,5.0,12
2374150,5.0,5.0,12
2374200,5.0,5.0,12
2374250,5.0,5.0,12
2374300,5.0,5.0,12
2374350,5.0,5.0,12
2374400,5.0,5.0,12
2374450,5.0,5.0,12
2374500,5.0,5.0,12
2374550,5.0,5.0,12
2374600,5.0,5.0,12
2374650,5.0,5.0,12
2374700,5.0,5.0,12
2374750,5.0,5.0,12
2374800,5.0,5.0,12
2374850,5.0,5.0,12
2374900,5.0,5.0,12
2374950,5.0,5.0,12
2375000,5.0,5.0,12
2375050,5.0,5.0,12
2375100,5.0,5.0,12
2375150,5.0,5.0,12
2375200,5.0,5.0,12
2375250,5.0,5.0,12
2375300,5.0,5.0,12
2375350,5.0,5.0,12
2375400,5.0,5.0,12
2375450,5.0,5.0,12
2375500,5.0,5.0,12
2375550,5.0,5.0,12
2375600,5.0,5.0,12
2375650,5.0,5.0,12
2375700,5.0,5.0,12
2375750,5.0,5.0,12
2375800,5.0,5.0,12
2375850,5.0,5.0,12
2375900,5.0,5.0,12
2375950,5.0,5.0,12
2376000,5.0,5.0,12
2376050,5.0,5.0,12
2376100,5.0,5.0,12
2376150,5.0,5.0,12
2376200,5.0,5.0,12
2376250,5.0,5.0,12
2376300,5.0,5.0,12
2376350,5.0,5.0,12
2376400,5.0,5.0,12
2376450,5.0,5.0,12
2376500,5.0,5.0,12
2376550,5.0,5.0,12
2376600,5.0,5.0,12
2376650,5.0,5.0,12
2376700,5.0,5.0,12
2376750,5.0,5.0,12
2376800,5.0,5.0,12
2376850,5.0,5.0,12
2376900,5.0,5.0,12
2376950,5.0,5.0,12
2377000,5.0,5.0,12
2377050,5.0,5.0,12
2377100,5.0,5.0,12
2377150,5.0,5.0,12
2377200,5.0,5.0,12
2377250,5.0,5.0,12
2377300,5.0,5.0,12
2377350,5.0,5.0,12
2377400,5.0,5.0,12
2377450,5.0,5.0,12
2377500,5.0,5.0,12
2377550,5.0,5.0,12
2377600,5.0,5.0,12
2377650,5.0,5.0,12
2377700,5.0,5.0,12
2377750,5.0,5.0,12
2377800,5.0,5.0,12
2377850,5.0,5.0,12
2377900,5.0,5.0,12
2377950,5.0,5.0,12
2378000,5.0,5.0,12
2378050,5.0,5.0,12
2378100,5.0,5.0,12
2378150,5.0,5.0,12
2378200,5.0,5.0,12
2378250,5.0,5.0,12
2378300,5.0,5.0,12
2378350,5.0,5.0,12
2378400,5.0,5.0,12
2378450,5.0,5.0,12
2378500,5.0,5.0,12
2378550,5.0,5.0,12
2378600,5.0,5.0,12
2378650,5.0,5.0,12
2378700,5.0,5.0,12
2378750,5.0,5.0,12
2378800,5.0,5.0,12
2378850,5.0,5.0,12
2378900,5.0,5.0,12
2378950,5.0,5.0,12
2379000,5.0,5.0,12
2379050,5.0,5.0,12
2379100,5.0,5.0,12
2379150,5.0,5.0,12
2379200,5.0,5.0,12
2379250,5.0,5.0,12
2379300,5.0,5.0,12
2379350,5.0,5.0,12
2379400,5.0,5.0,12
2379450,5.0,5.0,12
2379500,5.0,5.0,12
2379550,5.0,5.0,12
2379600,5.0,5.0,12
2379650,5.0,5.0,12
2379700,5.0,5.0,12
2379750,5.0,5.0,12
2379800,5.0,5.0,12
2379850,5.0,5.0,12
2379900,5.0,5.0,12
2379950,5.0,5.0,12
2380000,5.0,5.0,12
2380050,5.0,5.0,12
2380100,5.0,5.0,12
2380150,5.0,5.0,12
2380200,5.0,5.0,12
2380250,5.0,5.0,12
2380300,5.0,5.0,12
2380350,5.0,5.0,12
2380400,5.0,5.0,12
2380450,5.0,5.0,12
2380500,5.0,5.0,12
2380550,5.0,5.0,12
2380600,5.0,5.0,12
2380650,5.0,5.0,12
2380700,5.0,5.0,12
2380750,5.0,5.0,12
2380800,5.0,5.0,12
2380850,5.0,5.0,12
2380900,5.0,5.0,12
2380950,5.0,5.0,12
2381000,5.0,5.0,12
2381050,5.0,5.0,12
2381100,5.0,5.0,12
2381150,5.0,5.0,12
2381200,5.0,5.0,12
2381250,5.0,5.0,12
2381300,5.0,5.0,12
2381350,5.0,5.0,12
2381400,5.0,5.0,12
2381450,5.0,5.0,12
2381500,5.0,5.0,12
2381550,5.0,5.0,12
2381600,5.0,5.0,12
2381650,5.0,5.0,12
2381700,5.0,5.0,12
2381750,5.0,5.0,12
2381800,5.0,5.0,12
2381850,5.0,5.0,12
2381900,5.0,5.0,12
2381950,5.0,5.0,12
2382000,5.0,5.0,12
2382050,5.0,5.0,12
2382100,5.0,5.0,12
2382150,5.0,5.0,12
2382200,5.0,5.0,12
2382250,5.0,5.0,12
2382300,5.0,5.0,12
2382350,5.0,5.0,12
2382400,5.0,5.0,12
2382450,5.0,5.0,12
2382500,5.0,5.0,12
2382550,5.0,5.0,12
2382600,5.0,5.0,12
2382650,5.0,5.0,12
2382700,5.0,5.0,12
2382750,5.0,5.0,12
2382800,5.0,5.0,12
2382850,5.0,5.0,12
2382900,5.0,5.0,12
2382950,5.0,5.0,12
2383000,5.0,5.0,12
2383050,5.0,5.0,12
2383100,5.0,5.0,12
2383150,5.0,5.0,12
2383200,5.0,5.0,12
2383250,5.0,5.0,12
2383300,5.0,5.0,12
2383350,5.0,5.0,12
2383400,5.0,5.0,12
2383450,5.0,5.0,12
2383500,5.0,5.0,12
2383550,5.0,5.0,12
2383600,5.0,5.0,12
2383650,5.0,5.0,12
2383700,5.0,5.0,12
2383750,5.0,5.0,12
2383800,5.0,5.0,12
2383850,5.0,5.0,12
2383900,5.0,5.0,12
2383950,5.0,5.0,12
2384000,5.0,5.0,12
2384050,5.0,5.0,12
2384100,5.0,5.0,12
2384150,5.0,5.0,12
2384200,5.0,5.0,12
2384250,5.0,5.0,12
2384300,5.0,5.0,12
2384350,5.0,5.0,12
2384400,5.0,5.0,12
2384450,5.0,5.0,12
2384500,5.0,5.0,12
2384550,5.0,5.0,12
2384600,5.0,5.0,12
2384650,5.0,5.0,12
2384700,5.0,5.0,12
2384750,5.0,5.0,12
2384800,5.0,5.0,12
2384850,5.0,5.0,12
2384900,5.0,5.0,12
2384950,5.0,5.0,12
2385000,5.0,5.0,12
2385050,5.0,5.0,12
2385100,5.0,5.0,12
2385150,5.0,5.0,12
2385200,5.0,5.0,12
2385250,5.0,5.0,12
2385300,5.0,5.0,12
2385350,5.0,5.0,12
2385400,5.0,5.0,12
2385450,5.0,5.0,12
2385500,5.0,5.0,12
2385550,5.0,5.0,12
2385600,5.0,5.0,12
2385650,5.0,5.0,12
2385700,5.0,5.0,12
2385750,5.0,5.0,12
2385800,5.0,5.0,12
2385850,5.0,5.0,12
2385900,5.0,5.0,12
2385950,5.0,5.0,12
2386000,5.0,5.0,12
2386050,5.0,5.0,12
2386100,5.0,5.0,12
2386150,5.0,5.0,12
2386200,5.0,5.0,12
2386250,5.0,5.0,12
2386300,5.0,5.0,12
2386350,5.0,5.0,12
2386400,5.0,5.0,12
2386450,5.0,5.0,12
2386500,5.0,5.0,12
2386550,5.0,5.0,12
2386600,5.0,5.0,12
2386650,5.0,5.0,12
2386700,5.0,5.0,12
2386750,5.0,5.0,12
2386800,5.0,5.0,12
2386850,5.0,5.0,12
2386900,5.0,5.0,12
2386950,5.0,5.0,12
2387000,5.0,5.0,12
2387050,5.0,5.0,12
2387100,5.0,5.0,12
2387150,5.0,5.0,12
2387200,5.0,5.0,12
2387250,5.0,5.0,12
2387300,5.0,5.0,12
2387350,5.0,5.0,12
2387400,5.0,5.0,12
2387450,5.0,5.0,12
2387500,5.0,5.0,12
2387550,5.0,5.0,12
2387600,5.0,5.0,12
2387650,5.0,5.0,12
2387700,5.0,5.0,12
2387750,5.0,5.0,12
2387800,5.0,5.0,12
2387850,5.0,5.0,12
2387900,5.0,5.0,12
2387950,5.0,5.0,12
2388000,5.0,5.0,12
2388050,5.0,5.0,12
2388100,5.0,5.0,12
2388150,5.0,5.0,12
2388200,5.0,5.0,12
2388250,5.0,5.0,12
2388300,5.0,5.0,12
2388350,5.0,5.0,12
2388400,5.0,5.0,12
2388450,5.0,5.0,12
2388500,5.0,5.0,12
2388550,5.0,5.0,12
2388600,5.0,5.0,12
2388650,5.0,5.0,12
2388700,5.0,5.0,12
2388750,5.0,5.0,12
2388800,5.0,5.0,12
2388850,5.0,5.0,12
2388900,5.0,5.0,12
2388950,5.0,5.0,12
2389000,5.0,5.0,12
2389050,5.0,5.0,12
2389100,5.0,5.0,12
2389150,5.0,5.0,12
2389200,5.0,5.0,12
2389250,5.0,5.0,12
2389300,5.0,5.0,12
2389350,5.0,5.0,12
2389400,5.0,5.0,12
2389450,5.0,5.0,12
2389500,5.0,5.0,12
2389550,5.0,5.0,12
2389600,5.0,5.0,12
2389650,5.0,5.0,12
2389700,5.0,5.0,12
2389750,5.0,5.0,12
2389800,5.0,5.0,12
2389850,5.0,5.0,12
2389900,5.0,5.0,12
2389950,5.0,5.0,12
2390000,5.0,5.0,12
2390050,5.0,5.0,12
2390100,5.0,5.0,12
2390150,5.0,5.0,12
2390200,5.0,5.0,12
2390250,5.0,5.0,12
2390300,5.0,5.0,12
2390350,5.0,5.0,12
2390400,5.0,5.0,12
2390450,5.0,5.0,12
2390500,5.0,5.0,12
2390550,5.0,5.0,12
2390600,5.0,5.0,12
2390650,5.0,5.0,12
2390700,5.0,5.0,12
2390750,5.0,5.0,12
2390800,5.0,5.0,12
2390850,5.0,5.0,12
2390900,5.0,5.0,12
2390950,5.0,5.0,12
2391000,5.0,5.0,12
2391050,5.0,5.0,12
2391100,5.0,5.0,12
2391150,5.0,5.0,12
2391200,5.0,5.0,12
2391250,5.0,5.0,12
2391300,5.0,5.0,12
2391350,5.0,5.0,12
2391400,5.0,5.0,12
2391450,5.0,5.0,12
2391500,5.0,5.0,12
2391550,5.0,5.0,12
2391600,5.0,5.0,12
2391650,5.0,5.0,12
2391700,5.0,5.0,12
2391750,5.0,5.0,12
2391800,5.0,5.0,12
2391850,5.0,5.0,12
2391900,5.0,5.0,12
2391950,5.0,5.0,12
2392000,5.0,5.0,12
2392050,5.0,5.0,12
2392100,5.0,5.0,12
2392150,5.0,5.0,12
2392200,5.0,5.0,12
2392250,5.0,5.0,12
2392300,5.0,5.0,12
2392350,5.0,5.0,12
2392400,5.0,5.0,12
2392450,5.0,5.0,12
2392500,5.0,5.0,12
2392550,5.0,5.0,12
2392600,5.0,5.0,12
2392650,5.0,5.0,12
2392700,5.0,5.0,12
2392750,5.0,5.0,12
2392800,5.0,5.0,12
2392850,5.0,5.0,12
2392900,5.0,5.0,12
2392950,5.0,5.0,12
2393000,5.0,5.0,12
2393050,5.0,5.0,12
2393100,5.0,5.0,12
2393150,5.0,5.0,12
2393200,5.0,5.0,12
2393250,5.0,5.0,12
2393300,5.0,5.0,12
2393350,5.0,5.0,12
2393400,5.0,5.0,12
2393450,5.0,5.0,12
2393500,5.0,5.0,12
2393550,5.0,5.0,12
2393600,5.0,5.0,12
2393650,5.0,5.0,12
2393700,5.0,5.0,12
2393750,5.0,5.0,12
2393800,5.0,5.0,12
2393850,5.0,5.0,12
2393900,5.0,5.0,12
2393950,5.0,5.0,12
2394000,5.0,5.0,12
2394050,5.0,5.0,12
2394100,5.0,5.0,12
2394150,5.0,5.0,12
2394200,5.0,5.0,12
2394250,5.0,5.0,12
2394300,5.0,5.0,12
2394350,5.0,5.0,12
2394400,5.0,5.0,12
2394450,5.0,5.0,12
2394500,5.0,5.0,12
2394550,5.0,5.0,12
2394600,5.0,5.0,12
2394650,5.0,5.0,12
2394700,5.0,5.0,12
2394750,5.0,5.0,12
2394800,5.0,5.0,12
2394850,5.0,5.0,12
2394900,5.0,5.0,12
2394950,5.0,5.0,12
2395000,5.0,5.0,12
2395050,5.0,5.0,12
2395100,5.0,5.0,12
2395150,5.0,5.0,12
2395200,5.0,5.0,12
2395250,5.0,5.0,12
2395300,5.0,5.0,12
2395350,5.0,5.0,12
2395400,5.0,5.0,12
2395450,5.0,5.0,12
2395500,5.0,5.0,12
2395550,5.0,5.0,12
2395600,5.0,5.0,12
2395650,5.0,5.0,12
2395700,5.0,5.0,12
2395750,5.0,5.0,12
2395800,5.0,5.0,12
2395850,5.0,5.0,12
2395900,5.0,5.0,12
2395950,5.0,5.0,12
2396000,5.0,5.0,12
2396050,5.0,5.0,12
2396100,5.0,5.0,12
2396150,5.0,5.0,12
2396200,5.0,5.0,12
2396250,5.0,5.0,12
2396300,5.0,5.0,12
2396350,5.0,5.0,12
2396400,5.0,5.0,12
2396450,5.0,5.0,12
2396500,5.0,5.0,12
2396550,5.0,5.0,12
2396600,5.0,5.0,12
2396650,5.0,5.0,12
2396700,5.0,5.0,12
2396750,5.0,5.0,12
2396800,5.0,5.0,12
2396850,5.0,5.0,12
2396900,5.0,5.0,12
2396950,5.0,5.0,12
2397000,5.0,5.0,12
2397050,5.0,5.0,12
2397100,5.0,5.0,12
2397150,5.0,5.0,12
2397200,5.0,5.0,12
2397250,5.0,5.0,12
2397300,5.0,5.0,12
2397350,5.0,5.0,12
2397400,5.0,5.0,12
2397450,5.0,5.0,12
2397500,5.0,5.0,12
2397550,5.0,5.0,12
2397600,5.0,5.0,12
2397650,5.0,5.0,12
2397700,5.0,5.0,12
2397750,5.0,5.0,12
2397800,5.0,5.0,12
2397850,5.0,5.0,12
2397900,5.0,5.0,12
2397950,5.0,5.0,12
2398000,5.0,5.0,12
2398050,5.0,5.0,12
2398100,5.0,5.0,12
2398150,5.0,5.0,12
2398200,5.0,5.0,12
2398250,5.0,5.0,12
2398300,5.0,5.0,12
2398350,5.0,5.0,12
2398400,5.0,5.0,12
2398450,5.0,5.0,12
2398500,5.0,5.0,12
2398550,5.0,5.0,12
2398600,5.0,5.0,12
2398650,5.0,5.0,12
2398700,5.0,5.0,12
2398750,5.0,5.0,12
2398800,5.0,5.0,12
2398850,5.0,5.0,12
2398900,5.0,5.0,12
2398950,5.0,5.0,12
2399000,5.0,5.0,12
2399050,5.0,5.0,12
2399100,5.0,5.0,12
2399150,5.0,5.0,12
2399200,5.0,5.0,12
2399250,5.0,5.0,12
2399300,5.0,5.0,12
2399350,5.0,5.0,12
2399400,5.0,5.0,12
2399450,5.0,5.0,12
2399500,5.0,5.0,12
2399550,5.0,5.0,12
2399600,5.0,5.0,12
2399650,5.0,5.0,12
2399700,5.0,5.0,12
2399750,5.0,5.0,12
2399800,5.0,5.0,12
2399850,5.0,5.0,12
2399900,5.0,5.0,12
2399950,5.0,5.0,12
2400000,5.0,5.0,12
2400050,5.0,5.0,12
2400100,5.0,5.0,12
2400150,5.0,5.0,12
2400200,5.0,5.0,12
2400250,5.0,5.0,12
2400300,5.0,5.0,12
2400350,5.0,5.0,12
2400400,5.0,5.0,12
2400450,5.0,5.0,12
2400500,5.0,5.0,12
2400550,5.0,5.0,12
2400600,5.0,5.0,12
2400650,5.0,5.0,12
2400700,5.0,5.0,12
2400750,5.0,5.0,12
2400800,5.0,5.0,12
2400850,5.0,5.0,12
2400900,5.0,5.0,12
2400950,5.0,5.0,12
2401000,5.0,5.0,12
2401050,5.0,5.0,12
2401100,5.0,5.0,12
2401150,5.0,5.0,12
2401200,5.0,5.0,12
2401250,5.0,5.0,12
2401300,5.0,5.0,12
2401350,5.0,5.0,12
2401400,5.0,5.0,12
2401450,5.0,5.0,12
2401500,5.0,5.0,12
2401550,5.0,5.0,12
2401600,5.0,5.0,12
2401650,5.0,5.0,12
2401700,5.0,5.0,12
2401750,5.0,5.0,12
2401800,5.0,5.0,12
2401850,5.0,5.0,12
2401900,5.0,5.0,12
2401950,5.0,5.0,12
2402000,5.0,5.0,12
2402050,5.0,5.0,12
2402100,5.0,5.0,12
2402150,5.0,5.0,12
2402200,5.0,5.0,12
2402250,5.0,5.0,12
2402300,5.0,5.0,12
2402350,5.0,5.0,12
2402400,5.0,5.0,12
2402450,5.0,5.0,12
2402500,5.0,5.0,12
2402550,5.0,5.0,12
2402600,5.0,5.0,12
2402650,5.0,5.0,12
2402700,5.0,5.0,12
2402750,5.0,5.0,12
2402800,5.0,5.0,12
2402850,5.0,5.0,12
2402900,5.0,5.0,12
2402950,5.0,5.0,12
2403000,5.0,5.0,12
2403050,5.0,5.0,12
2403100,5.0,5.0,12
2403150,5.0,5.0,12
2403200,5.0,5.0,12
2403250,5.0,5.0,12
2403300,5.0,5.0,12
2403350,5.0,5.0,12
2403400,5.0,5.0,12
2403450,5.0,5.0,12
2403500,5.0,5.0,12
2403550,5.0,5.0,12
2403600,5.0,5.0,12
2403650,5.0,5.0,12
2403700,5.0,5.0,12
2403750,5.0,5.0,12
2403800,5.0,5.0,12
2403850,5.0,5.0,12
2403900,5.0,5.0,12
2403950,5.0,5.0,12
2404000,5.0,5.0,12
2404050,5.0,5.0,12
2404100,5.0,5.0,12
2404150,5.0,5.0,12
2404200,5.0,5.0,12
2404250,5.0,5.0,12
2404300,5.0,5.0,12
2404350,5.0,5.0,12
2404400,5.0,5.0,12
2404450,5.0,5.0,12
2404500,5.0,5.0,12
2404550,5.0,5.0,12
2404600,5.0,5.0,12
2404650,5.0,5.0,12
2404700,5.0,5.0,12
2404750,5.0,5.004,12
2404800,5.0,5.014,12
2404850,5.0,5.014,12
2404900,5.0,5.014,12
2404950,5.0,5.014,12
2405000,5.0,5.014,12
2405050,5.0,5.014,12
2405100,5.0,5.014,12
2405150,5.0,5.014,12
2405200,5.0,5.014,12
2405250,5.0,5.014,12
2405300,5.0,5.014,12
2405350,5.0,5.014,12
2405400,5.0,5.014,12
2405450,5.0,5.014,12
2405500,5.0,5.014,12
2405550,5.0,5.014,12
2405600,5.0,5.014,12
2405650,5.0,5.014,12
2405700,5.0,5.014,12
2405750,5.0,5.014,12
2405800,5.0,5.014,12
2405850,5.0,5.014,12
2405900,5.0,5.014,12
2405950,5.0,5.014,12
2406000,5.0,5.0,12
2406050,5.0,5.0,12
2406100,5.0,5.0,12
2406150,5.0,5.0,12
2406200,5.0,5.0,12
2406250,5.0,5.0,12
2406300,5.0,5.0,12
2406350,5.0,5.0,12
2406400,5.0,5.0,12
2406450,5.0,5.0,12
2406500,5.0,5.0,12
2406550,5.0,5.0,12
2406600,5.0,5.0,12
2406650,5.0,5.0,12
2406700,5.0,5.0,12
2406750,5.0,5.0,12
2406800,5.0,5.0,12
2406850,5.0,5.0,12
2406900,5.0,5.0,12
2406950,5.0,5.0,12
2407000,5.0,5.0,12
2407050,5.0,5.0,12
2407100,5.0,5.0,12
2407150,5.0,5.0,12
2407200,5.0,5.0,12
2407250,5.0,5.0,12
2407300,5.0,5.0,12
2407350,5.0,5.0,12
2407400,5.0,5.0,12
2407450,5.0,5.0,12
2407500,5.0,5.0,12
2407550,5.0,5.0,12
2407600,5.0,5.0,12
2407650,5.0,5.0,12
2407700,5.0,5.0,12
2407750,5.0,5.0,12
2407800,5.0,5.0,12
2407850,5.0,5.0,12
2407900,5.0,5.0,12
2407950,5.0,5.0,12
2408000,5.0,5.0,12
2408050,5.0,5.0,12
2408100,5.0,5.0,12
2408150,5.0,5.0,12
2408200,5.0,5.0,12
2408250,5.0,5.0,12
2408300,5.0,5.0,12
2408350,5.0,5.0,12
2408400,5.0,5.0,12
2408450,5.0,5.0,12
2408500,5.0,5.0,12
2408550,5.0,5.0,12
2408600,5.0,5.0,12
2408650,5.0,5.0,12
2408700,5.0,5.0,12
2408750,5.0,5.0,12
2408800,5.0,5.0,12
2408850,5.0,5.0,12
2408900,5.0,5.0,12
2408950,5.0,5.0,12
2409000,5.0,5.0,12
2409050,5.0,5.0,12
2409100,5.0,5.0,12
2409150,5.0,5.0,12
2409200,5.0,5.0,12
2409250,5.0,5.0,12
2409300,5.0,5.0,12
2409350,5.0,5.0,12
2409400,5.0,5.0,12
2409450,5.0,5.0,12
2409500,5.0,5.0,12
2409550,5.0,5.0,12
2409600,5.0,5.0,12
2409650,5.0,5.0,12
2409700,5.0,5.0,12
2409750,5.0,5.0,12
2409800,5.0,5.0,12
2409850,5.0,5.0,12
2409900,5.0,5.0,12
2409950,5.0,5.0,12
2410000,5.0,5.0,12
2410050,5.0,5.0,12
2410100,5.0,5.0,12
2410150,5.0,5.0,12
2410200,5.0,5.0,12
2410250,5.0,5.0,12
2410300,5.0,5.0,12
2410350,5.0,5.0,12
2410400,5.0,5.0,12
2410450,5.0,5.0,12
2410500,5.0,5.0,12
2410550,5.0,5.0,12
2410600,5.0,5.0,12
2410650,5.0,5.0,12
2410700,5.0,5.0,12
2410750,5.0,5.0,12
2410800,5.0,5.0,12
2410850,5.0,5.0,12
2410900,5.0,5.0,12
2410950,5.0,5.0,12
2411000,5.0,5.0,12
2411050,5.0,5.0,12
2411100,5.0,5.0,12
2411150,5.0,5.0,12
2411200,5.0,5.0,12
2411250,5.0,5.0,12
2411300,5.0,5.0,12
2411350,5.0,5.0,12
2411400,5.0,5.0,12
2411450,5.0,5.0,12
2411500,5.0,5.0,12
2411550,5.0,5.0,12
2411600,5.0,5.0,12
2411650,5.0,5.0,12
2411700,5.0,5.0,12
2411750,5.0,5.0,12
2411800,5.0,5.0,12
2411850,5.0,5.0,12
2411900,5.0,5.0,12
2411950,5.0,5.0,12
2412000,5.0,5.0,12
2412050,5.0,5.0,12
2412100,5.0,5.0,12
2412150,5.0,5.0,12
2412200,5.0,5.0,12
2412250,5.0,5.0,12
2412300,5.0,5.0,12
2412350,5.0,5.0,12
2412400,5.0,5.0,12
2412450,5.0,5.0,12
2412500,5.0,5.0,12
2412550,5.0,5.0,12
2412600,5.0,5.0,12
2412650,5.0,5.0,12
2412700,5.0,5.0,12
2412750,5.0,5.0,12
2412800,5.0,5.0,12
2412850,5.0,5.0,12
2412900,5.0,5.0,12
2412950,5.0,5.0,12
2413000,5.0,5.0,12
2413050,5.0,5.0,12
2413100,5.0,5.0,12
2413150,5.0,5.0,12
2413200,5.0,5.0,12
2413250,5.0,5.0,12
2413300,5.0,5.0,12
2413350,5.0,5.0,12
2413400,5.0,5.0,12
2413450,5.0,5.0,12
2413500,5.0,5.0,12
2413550,5.0,5.0,12
2413600,5.0,5.0,12
2413650,5.0,5.0,12
2413700,5.0,5.0,12
2413750,5.0,5.0,12
2413800,5.0,5.0,12
2413850,5.0,5.0,12
2413900,5.0,5.0,12
2413950,5.0,5.0,12
2414000,5.0,5.0,12
2414050,5.0,5.0,12
2414100,5.0,5.0,12
2414150,5.0,5.0,12
2414200,5.0,5.0,12
2414250,5.0,5.0,12
2414300,5.0,5.0,12
2414350,5.0,5.0,12
2414400,5.0,5.0,12
2414450,5.0,5.0,12
2414500,5.0,5.0,12
2414550,5.0,5.0,12
2414600,5.0,5.0,12
2414650,5.0,5.0,12
2414700,5.0,5.0,12
2414750,5.0,5.0,12
2414800,5.0,5.0,12
2414850,5.0,5.0,12
2414900,5.0,5.0,12
2414950,5.0,5.0,12
2415000,5.0,5.0,12
2415050,5.0,5.0,12
2415100,5.0,5.0,12
2415150,5.0,5.0,12
2415200,5.0,5.0,12
2415250,5.0,5.0,12
2415300,5.0,5.0,12
2415350,5.0,5.0,12
2415400,5.0,5.0,12
2415450,5.0,5.0,12
2415500,5.0,5.0,12
2415550,5.0,5.0,12
2415600,5.0,5.0,12
2415650,5.0,5.0,12
2415700,5.0,5.0,12
2415750,5.0,5.0,12
2415800,5.0,5.0,12
2415850,5.0,5.0,12
2415900,5.0,5.0,12
2415950,5.0,5.0,12
2416000,5.0,5.0,12
2416050,5.0,5.0,12
2416100,5.0,5.0,12
2416150,5.0,5.0,12
2416200,5.0,5.0,12
2416250,5.0,5.0,12
2416300,5.0,5.0,12
2416350,5.0,5.0,12
2416400,5.0,5.0,12
2416450,5.0,5.0,12
2416500,5.0,5.0,12
2416550,5.0,5.0,12
2416600,5.0,5.0,12
2416650,5.0,5.0,12
2416700,5.0,5.0,12
2416750,5.0,5.0,12
2416800,5.0,5.0,12
2416850,5.0,5.0,12
2416900,5.0,5.0,12
2416950,5.0,5.0,12
2417000,5.0,5.0,12
2417050,5.0,5.0,12
2417100,5.0,5.0,12
2417150,5.0,5.0,12
2417200,5.0,5.0,12
2417250,5.0,5.0,12
2417300,5.0,5.0,12
2417350,5.0,5.0,12
2417400,5.0,5.0,12
2417450,5.0,5.0,12
2417500,5.0,5.0,12
2417550,5.0,5.0,12
2417600,5.0,5.0,12
2417650,5.0,5.0,12
2417700,5.0,5.0,12
2417750,5.0,5.0,12
2417800,5.0,5.0,12
2417850,5.0,5.0,12
2417900,5.0,5.0,12
2417950,5.0,5.0,12
2418000,5.0,5.0,12
2418050,5.0,5.0,12
2418100,5.0,5.0,12
2418150,5.0,5.0,12
2418200,5.0,5.0,12
2418250,5.0,5.0,12
2418300,5.0,5.0,12
2418350,5.0,5.0,12
2418400,5.0,5.0,12
2418450,5.0,5.0,12
2418500,5.0,5.0,12
2418550,5.0,5.0,12
2418600,5.0,5.0,12
2418650,5.0,5.0,12
2418700,5.0,5.0,12
2418750,5.0,5.0,12
2418800,5.0,5.0,12
2418850,5.0,5.0,12
2418900,5.0,5.0,12
2418950,5.0,5.0,12
2419000,5.0,5.0,12
2419050,5.0,5.0,12
2419100,5.0,5.0,12
2419150,5.0,5.0,12
2419200,5.0,5.0,12
2419250,5.0,5.0,12
2419300,5.0,5.0,12
2419350,5.0,5.0,12
2419400,5.0,5.0,12
2419450,5.0,5.0,12
2419500,5.0,5.0,12
2419550,5.0,5.0,12
2419600,5.0,5.0,12
2419650,5.0,5.0,12
2419700,5.0,5.0,12
2419750,5.0,5.0,12
2419800,5.0,5.0,12
2419850,5.0,5.0,12
2419900,5.0,5.0,12
2419950,5.0,5.0,12
2420000,5.0,5.0,12
2420050,5.0,5.0,12
2420100,5.0,5.0,12
2420150,5.0,5.0,12
2420200,5.0,5.0,12
2420250,5.0,5.0,12
2420300,5.0,5.0,12
2420350,5.0,5.0,12
2420400,5.0,5.0,12
2420450,5.0,5.0,12
2420500,5.0,5.0,12
2420550,5.0,5.0,12
2420600,5.0,5.0,12
2420650,5.0,5.0,12
2420700,5.0,5.0,12
2420750,5.0,5.0,12
2420800,5.0,5.0,12
2420850,5.0,5.0,12
2420900,5.0,5.0,12
2420950,5.0,5.0,12
2421000,5.0,5.0,12
2421050,5.0,5.0,12
2421100,5.0,5.0,12
2421150,5.0,5.0,12
2421200,5.0,5.0,12
2421250,5.0,5.0,12
2421300,5.0,5.0,12
2421350,5.0,5.0,12
2421400,5.0,5.0,12
2421450,5.0,5.0,12
2421500,5.0,5.0,12
2421550,5.0,5.0,12
2421600,5.0,5.0,12
2421650,5.0,5.0,12
2421700,5.0,5.0,12
2421750,5.0,5.0,12
2421800,5.0,5.0,12
2421850,5.0,5.0,12
2421900,5.0,5.0,12
2421950,5.0,5.0,12
2422000,5.0,5.0,12
2422050,5.0,5.0,12
2422100,5.0,5.0,12
2422150,5.0,5.0,12
2422200,5.0,5.0,12
2422250,5.0,5.0,12
2422300,5.0,5.0,12
2422350,5.0,5.0,12
2422400,5.0,5.0,12
2422450,5.0,5.0,12
2422500,5.0,5.0,12
2422550,5.0,5.0,12
2422600,5.0,5.0,12
2422650,5.0,5.0,12
2422700,5.0,5.0,12
2422750,5.0,5.0,12
2422800,5.0,5.0,12
2422850,5.0,5.0,12
2422900,5.0,5.0,12
2422950,5.0,5.0,12
2423000,5.0,5.0,12
2423050,5.0,5.0,12
2423100,5.0,5.0,12
2423150,5.0,5.0,12
2423200,5.0,5.0,12
2423250,5.0,5.0,12
2423300,5.0,5.0,12
2423350,5.0,5.0,12
2423400,5.0,5.0,12
2423450,5.0,5.0,12
2423500,5.0,5.0,12
2423550,5.0,5.0,12
2423600,5.0,5.0,12
2423650,5.0,5.0,12
2423700,5.0,5.0,12
2423750,5.0,5.0,12
2423800,5.0,5.0,12
2423850,5.0,5.0,12
2423900,5.0,5.0,12
2423950,5.0,5.0,12
2424000,5.0,5.0,12
2424050,5.0,5.0,12
2424100,5.0,5.0,12
2424150,5.0,5.0,12
2424200,5.0,5.0,12
2424250,5.0,5.0,12
2424300,5.0,5.0,12
2424350,5.0,5.0,12
2424400,5.0,5.0,12
2424450,5.0,5.0,12
2424500,5.0,5.0,12
2424550,5.0,5.0,12
2424600,5.0,5.0,12
2424650,5.0,5.0,12
2424700,5.0,5.0,12
2424750,5.0,5.0,12
2424800,5.0,5.0,12
2424850,5.0,5.0,12
2424900,5.0,5.0,12
2424950,5.0,5.0,12
2425000,5.0,5.0,12
2425050,5.0,5.0,12
2425100,5.0,5.0,12
2425150,5.0,5.0,12
2425200,5.0,5.0,12
2425250,5.0,5.0,12
2425300,5.0,5.0,12
2425350,5.0,5.0,12
2425400,5.0,5.0,12
2425450,5.0,5.0,12
2425500,5.0,5.0,12
2425550,5.0,5.0,12
2425600,5.0,5.0,12
2425650,5.0,5.0,12
2425700,5.0,5.0,12
2425750,5.0,5.0,12
2425800,5.0,5.0,12
2425850,5.0,5.0,12
2425900,5.0,5.0,12
2425950,5.0,5.0,12
2426000,5.0,5.0,12
2426050,5.0,5.0,12
2426100,5.0,5.0,12
2426150,5.0,5.0,12
2426200,5.0,5.0,12
2426250,5.0,5.0,12
2426300,5.0,5.0,12
2426350,5.0,5.0,12
2426400,5.0,5.0,12
2426450,5.0,5.0,12
2426500,5.0,5.0,12
2426550,5.0,5.0,12
2426600,5.0,5.0,12
2426650,5.0,5.0,12
2426700,5.0,5.0,12
2426750,5.0,5.0,12
2426800,5.0,5.0,12
2426850,5.0,5.0,12
2426900,5.0,5.0,12
2426950,5.0,5.0,12
2427000,5.0,5.0,12
2427050,5.0,5.0,12
2427100,5.0,5.0,12
2427150,5.0,5.0,12
2427200,5.0,5.0,12
2427250,5.0,5.0,12
2427300,5.0,5.0,12
2427350,5.0,5.0,12
2427400,5.0,5.0,12
2427450,5.0,5.0,12
2427500,5.0,5.0,12
2427550,5.0,5.0,12
2427600,5.0,5.0,12
2427650,5.0,5.0,12
2427700,5.0,5.0,12
2427750,5.0,5.0,12
2427800,5.0,5.0,12
2427850,5.0,5.0,12
2427900,5.0,5.0,12
2427950,5.0,5.0,12
2428000,5.0,5.0,12
2428050,5.0,5.0,12
2428100,5.0,5.0,12
2428150,5.0,5.0,12
2428200,5.0,5.0,12
2428250,5.0,5.0,12
2428300,5.0,5.0,12
2428350,5.0,5.0,12
2428400,5.0,5.0,12
2428450,5.0,5.0,12
2428500,5.0,5.0,12
2428550,5.0,5.0,12
2428600,5.0,5.0,12
2428650,5.0,5.0,12
2428700,5.0,5.0,12
2428750,5.0,5.0,12
2428800,5.0,5.0,12
2428850,5.0,5.0,12
2428900,5.0,5.0,12
2428950,5.0,5.0,12
2429000,5.0,5.0,12
2429050,5.0,5.0,12
2429100,5.0,5.0,12
2429150,5.0,5.0,12
2429200,5.0,5.0,12
2429250,5.0,5.0,12
2429300,5.0,5.0,12
2429350,5.0,5.0,12
2429400,5.0,5.0,12
2429450,5.0,5.0,12
2429500,5.0,5.0,12
2429550,5.0,5.0,12
2429600,5.0,5.0,12
2429650,5.0,5.0,12
2429700,5.0,5.0,12
2429750,5.0,5.0,12
2429800,5.0,5.0,12
2429850,5.0,5.0,12
2429900,5.0,5.0,12
2429950,5.0,5.0,12
2430000,5.0,5.0,12
2430050,5.0,5.0,12
2430100,5.0,5.0,12
2430150,5.0,5.0,12
2430200,5.0,5.0,12
2430250,5.0,5.0,12
2430300,5.0,5.0,12
2430350,5.0,5.0,12
2430400,5.0,5.0,12
2430450,5.0,5.0,12
2430500,5.0,5.0,12
2430550,5.0,5.0,12
2430600,5.0,5.0,12
2430650,5.0,5.0,12
2430700,5.0,5.0,12
2430750,5.0,5.0,12
2430800,5.0,5.0,12
2430850,5.0,5.0,12
2430900,5.0,5.0,12
2430950,5.0,5.0,12
2431000,5.0,5.0,12
2431050,5.0,5.0,12
2431100,5.0,5.0,12
2431150,5.0,5.0,12
2431200,5.0,5.0,12
2431250,5.0,5.0,12
2431300,5.0,5.0,12
2431350,5.0,5.0,12
2431400,5.0,5.0,12
2431450,5.0,5.0,12
2431500,5.0,5.0,12
2431550,5.0,5.0,12
2431600,5.0,5.0,12
2431650,5.0,5.0,12
2431700,5.0,5.0,12
2431750,5.0,5.0,12
2431800,5.0,5.0,12
2431850,5.0,5.0,12
2431900,5.0,5.0,12
2431950,5.0,5.0,12
2432000,5.0,5.0,12
2432050,5.0,5.0,12
2432100,5.0,5.0,12
2432150,5.0,5.0,12
2432200,5.0,5.0,12
2432250,5.0,5.0,12
2432300,5.0,5.0,12
2432350,5.0,5.0,12
2432400,5.0,5.0,12
2432450,5.0,5.0,12
2432500,5.0,5.0,12
2432550,5.0,5.0,12
2432600,5.0,5.0,12
2432650,5.0,5.0,12
2432700,5.0,5.0,12
2432750,5.0,5.0,12
2432800,5.0,5.0,12
2432850,5.0,5.0,12
2432900,5.0,5.0,12
2432950,5.0,5.0,12
2433000,5.0,5.0,12
2433050,5.0,5.0,12
2433100,5.0,5.0,12
2433150,5.0,5.0,12
2433200,5.0,5.0,12
2433250,5.0,5.0,12
2433300,5.0,5.0,12
2433350,5.0,5.0,12
2433400,5.0,5.0,12
2433450,5.0,5.0,12
2433500,5.0,5.0,12
2433550,5.0,5.0,12
2433600,5.0,5.0,12
2433650,5.0,5.0,12
2433700,5.0,5.0,12
2433750,5.0,5.0,12
2433800,5.0,5.0,12
2433850,5.0,5.0,12
2433900,5.0,5.0,12
2433950,5.0,5.0,12
2434000,5.0,5.0,12
2434050,5.0,5.0,12
2434100,5.0,5.0,12
2434150,5.0,5.0,12
2434200,5.0,5.0,12
2434250,5.0,5.0,12
2434300,5.0,5.0,12
2434350,5.0,5.0,12
2434400,5.0,5.0,12
2434450,5.0,5.0,12
2434500,5.0,5.0,12
2434550,5.0,5.0,12
2434600,5.0,5.0,12
2434650,5.0,5.0,12
2434700,5.0,5.0,12
2434750,5.0,5.0,12
2434800,5.0,5.0,12
2434850,5.0,5.0,12
2434900,5.0,5.0,12
2434950,5.0,5.0,12
2435000,5.0,5.0,12
2435050,5.0,5.0,12
2435100,5.0,5.0,12
2435150,5.0,5.0,12
2435200,5.0,5.0,12
2435250,5.0,5.0,12
2435300,5.0,5.0,12
2435350,5.0,5.0,12
2435400,5.0,5.0,12
2435450,5.0,5.0,12
2435500,5.0,5.0,12
2435550,5.0,5.0,12
2435600,5.0,5.0,12
2435650,5.0,5.0,12
2435700,5.0,5.0,12
2435750,5.0,5.0,12
2435800,5.0,5.0,12
2435850,5.0,5.0,12
2435900,5.0,5.0,12
2435950,5.0,5.0,12
2436000,5.0,5.0,12
2436050,5.0,5.0,12
2436100,5.0,5.0,12
2436150,5.0,5.0,12
2436200,5.0,5.0,12
2436250,5.0,5.0,12
2436300,5.0,5.0,12
2436350,5.0,5.0,12
2436400,5.0,5.0,12
2436450,5.0,5.0,12
2436500,5.0,5.0,12
2436550,5.0,5.0,12
2436600,5.0,5.0,12
2436650,5.0,5.0,12
2436700,5.0,5.0,12
2436750,5.0,5.0,12
2436800,5.0,5.0,12
2436850,5.0,5.0,12
2436900,5.0,5.0,12
2436950,5.0,5.0,12
2437000,5.0,5.0,12
2437050,5.0,5.0,12
2437100,5.0,5.0,12
2437150,5.0,5.0,12
2437200,5.0,5.0,12
2437250,5.0,5.0,12
2437300,5.0,5.0,12
2437350,5.0,5.0,12
2437400,5.0,5.0,12
2437450,5.0,5.0,12
2437500,5.0,5.0,12
2437550,5.0,5.0,12
2437600,5.0,5.0,12
2437650,5.0,5.0,12
2437700,5.0,5.0,12
2437750,5.0,5.0,12
2437800,5.0,5.0,12
2437850,5.0,5.0,12
2437900,5.0,5.0,12
2437950,5.0,5.0,12
2438000,5.0,5.0,12
2438050,5.0,5.0,12
2438100,5.0,5.0,12
2438150,5.0,5.0,12
2438200,5.0,5.0,12
2438250,5.0,5.0,12
2438300,5.0,5.0,12
2438350,5.0,5.0,12
2438400,5.0,5.0,12
2438450,5.0,5.0,12
2438500,5.0,5.0,12
2438550,5.0,5.0,12
2438600,5.0,5.0,12
2438650,5.0,5.0,12
2438700,5.0,5.0,12
2438750,5.0,5.0,12
2438800,5.0,5.0,12
2438850,5.0,5.0,12
2438900,5.0,5.0,12
2438950,5.0,5.0,12
2439000,5.0,5.0,12
2439050,5.0,5.0,12
2439100,5.0,5.0,12
2439150,5.0,5.0,12
2439200,5.0,5.0,12
2439250,5.0,5.0,12
2439300,5.0,5.0,12
2439350,5.0,5.0,12
2439400,5.0,5.0,12
2439450,5.0,5.0,12
2439500,5.0,5.0,12
2439550,5.0,5.0,12
2439600,5.0,5.0,12
2439650,5.0,5.0,12
2439700,5.0,5.0,12
2439750,5.0,5.0,12
2439800,5.0,5.0,12
2439850,5.0,5.0,12
2439900,5.0,5.0,12
2439950,5.0,5.0,12
2440000,5.0,5.0,12
2440050,5.0,5.0,12
2440100,5.0,5.0,12
2440150,5.0,5.0,12
2440200,5.0,5.0,12
2440250,5.0,5.0,12
2440300,5.0,5.0,12
2440350,5.0,5.0,12
2440400,5.0,5.0,12
2440450,5.0,5.0,12
2440500,5.0,5.0,12
2440550,5.0,5.0,12
2440600,5.0,5.0,12
2440650,5.0,5.0,12
2440700,5.0,5.0,12
2440750,5.0,5.0,12
2440800,5.0,5.0,12
2440850,5.0,5.0,12
2440900,5.0,5.0,12
2440950,5.0,5.0,12
2441000,5.0,5.0,12
2441050,5.0,5.0,12
2441100,5.0,5.0,12
2441150,5.0,5.0,12
2441200,5.0,5.0,12
2441250,5.0,5.0,12
2441300,5.0,5.0,12
2441350,5.0,5.0,12
2441400,5.0,5.0,12
2441450,5.0,5.0,12
2441500,5.0,5.0,12
2441550,5.0,5.0,12
2441600,5.0,5.0,12
2441650,5.0,5.0,12
2441700,5.0,5.0,12
2441750,5.0,5.0,12
2441800,5.0,5.0,12
2441850,5.0,5.0,12
2441900,5.0,5.0,12
2441950,5.0,5.0,12
2442000,5.0,5.0,12
2442050,5.0,5.0,12
2442100,5.0,5.0,12
2442150,5.0,5.0,12
2442200,5.0,5.0,12
2442250,5.0,5.0,12
2442300,5.0,5.0,12
2442350,5.0,5.0,12
2442400,5.0,5.0,12
2442450,5.0,5.0,12
2442500,5.0,5.0,12
2442550,5.0,5.0,12
2442600,5.0,5.0,12
2442650,5.0,5.0,12
2442700,5.0,5.0,12
2442750,5.0,5.0,12
2442800,5.0,5.0,12
2442850,5.0,5.0,12
2442900,5.0,5.0,12
2442950,5.0,5.0,12
2443000,5.0,5.0,12
2443050,5.0,5.0,12
2443100,5.0,5.0,12
2443150,5.0,5.0,12
2443200,5.0,5.0,12
2443250,5.0,5.0,12
2443300,5.0,5.0,12
2443350,5.0,5.0,12
2443400,5.0,5.0,12
2443450,5.0,5.0,12
2443500,5.0,5.0,12
2443550,5.0,5.0,12
2443600,5.0,5.0,12
2443650,5.0,5.0,12
2443700,5.0,5.0,12
2443750,5.0,5.0,12
2443800,5.0,5.0,12
2443850,5.0,5.0,12
2443900,5.0,5.0,12
2443950,5.0,5.0,12
2444000,5.0,5.0,12
2444050,5.0,5.0,12
2444100,5.0,5.0,12
2444150,5.0,5.0,12
2444200,5.0,5.0,12
2444250,5.0,5.0,12
2444300,5.0,5.0,12
2444350,5.0,5.0,12
2444400,5.0,5.0,12
2444450,5.0,5.0,12
2444500,5.0,5.0,12
2444550,5.0,5.0,12
2444600,5.0,5.0,12
2444650,5.0,5.0,12
2444700,5.0,5.0,12
2444750,5.0,5.0,12
2444800,5.0,5.0,12
2444850,5.0,5.0,12
2444900,5.0,5.0,12
2444950,5.0,5.0,12
2445000,5.0,5.0,12
2445050,5.0,5.0,12
2445100,5.0,5.0,12
2445150,5.0,5.0,12
2445200,5.0,5.0,12
2445250,5.0,5.0,12
2445300,5.0,5.0,12
2445350,5.0,5.0,12
2445400,5.0,5.0,12
2445450,5.0,5.0,12
2445500,5.0,5.0,12
2445550,5.0,5.0,12
2445600,5.0,5.0,12
2445650,5.0,5.0,12
2445700,5.0,5.0,12
2445750,5.0,5.0,12
2445800,5.0,5.0,12
2445850,5.0,5.0,12
2445900,5.0,5.0,12
2445950,5.0,5.0,12
2446000,5.0,5.0,12
2446050,5.0,5.0,12
2446100,5.0,5.0,12
2446150,5.0,5.0,12
2446200,5.0,5.0,12
2446250,5.0,5.0,12
2446300,5.0,5.0,12
2446350,5.0,5.0,12
2446400,5.0,5.0,12
2446450,5.0,5.0,12
2446500,5.0,5.0,12
2446550,5.0,5.0,12
2446600,5.0,5.0,12
2446650,5.0,5.0,12
2446700,5.0,5.0,12
2446750,5.0,5.0,12
2446800,5.0,5.0,12
2446850,5.0,5.0,12
2446900,5.0,5.0,12
2446950,5.0,5.0,12
2447000,5.0,5.0,12
2447050,5.0,5.0,12
2447100,5.0,5.0,12
2447150,5.0,5.0,12
2447200,5.0,5.0,12
2447250,5.0,5.0,12
2447300,5.0,5.0,12
2447350,5.0,5.0,12
2447400,5.0,5.0,12
2447450,5.0,5.0,12
2447500,5.0,5.0,12
2447550,5.0,5.0,12
2447600,5.0,5.0,12
2447650,5.0,5.0,12
2447700,5.0,5.0,12
2447750,5.0,5.0,12
2447800,5.0,5.0,12
2447850,5.0,5.0,12
2447900,5.0,5.0,12
2447950,5.0,5.0,12
2448000,5.0,5.0,12
2448050,5.0,5.0,12
2448100,5.0,5.0,12
2448150,5.0,5.0,12
2448200,5.0,5.0,12
2448250,5.0,5.0,12
2448300,5.0,5.0,12
2448350,5.0,5.0,12
2448400,5.0,5.0,12
2448450,5.0,5.0,12
2448500,5.0,5.0,12
2448550,5.0,5.0,12
2448600,5.0,5.0,12
2448650,5.0,5.0,12
2448700,5.0,5.0,12
2448750,5.0,5.0,12
2448800,5.0,5.0,12
2448850,5.0,5.0,12
2448900,5.0,5.0,12
2448950,5.0,5.0,12
2449000,5.0,5.0,12
2449050,5.0,5.0,12
2449100,5.0,5.0,12
2449150,5.0,5.0,12
2449200,5.0,5.0,12
2449250,5.0,5.0,12
2449300,5.0,5.0,12
2449350,5.0,5.0,12
2449400,5.0,5.0,12
2449450,5.0,5.0,12
2449500,5.0,5.0,12
2449550,5.0,5.0,12
2449600,5.0,5.0,12
2449650,5.0,5.0,12
2449700,5.0,5.0,12
2449750,5.0,5.0,12
2449800,5.0,5.0,12
2449850,5.0,5.0,12
2449900,5.0,5.0,12
2449950,5.0,5.0,12
2450000,5.0,5.0,12
2450050,5.0,5.0,12
2450100,5.0,5.0,12
2450150,5.0,5.0,12
2450200,5.0,5.0,12
2450250,5.0,5.0,12
2450300,5.0,5.0,12
2450350,5.0,5.0,12
2450400,5.0,5.0,12
2450450,5.0,5.0,12
2450500,5.0,5.0,12
2450550,5.0,5.0,12
2450600,5.0,5.0,12
2450650,5.0,5.0,12
2450700,5.0,5.0,12
2450750,5.0,5.0,12
2450800,5.0,5.0,12
2450850,5.0,5.0,12
2450900,5.0,5.0,12
2450950,5.0,5.0,12
2451000,5.0,5.0,12
2451050,5.0,5.0,12
2451100,5.0,5.0,12
2451150,5.0,5.0,12
2451200,5.0,5.0,12
2451250,5.0,5.0,12
2451300,5.0,5.0,12
2451350,5.0,5.0,12
2451400,5.0,5.0,12
2451450,5.0,5.0,12
2451500,5.0,5.0,12
2451550,5.0,5.0,12
